# Blender v3.3.21 OBJ File: 'URDF3.blend'
# www.blender.org
v 3.686946 -4.767101 5.347213
v -0.000001 0.716767 7.673782
v -0.000001 -5.202789 5.878104
v -0.000001 -8.118816 0.422606
v 3.686946 0.649452 6.990311
v 3.686945 -7.435343 0.355284
v 3.686944 5.641382 4.322083
v -0.000001 6.172270 4.757768
v -0.000001 7.967961 -1.161795
v 7.392541 -2.398579 2.461166
v 7.392541 0.283508 3.274765
v 7.392539 2.755337 1.953545
v 7.392540 -3.719799 -0.010666
v 8.108670 -0.075427 -0.369606
v 7.392540 -2.906194 -2.692750
v 3.686943 7.284487 -1.094489
v 7.392540 3.568946 -0.728538
v 7.392538 2.247728 -3.200363
v 3.686941 4.616252 -6.086410
v -0.000001 5.051942 -6.617309
v -0.000001 -0.867624 -8.412994
v 7.392539 -0.434362 -4.013977
v 3.686942 -0.800308 -7.729515
v 3.686943 -5.792244 -5.061280
v -0.000001 -6.323132 -5.496964
v -3.686948 -4.767101 5.347213
v -3.686948 0.649452 6.990311
v -3.686947 -7.435343 0.355284
v -3.686946 5.641382 4.322083
v -7.392543 -2.398579 2.461166
v -7.392543 0.283508 3.274765
v -3.686944 7.284487 -1.094489
v -7.392541 2.755337 1.953545
v -8.108672 -0.075427 -0.369606
v -7.392542 -3.719799 -0.010666
v -7.392541 -2.906194 -2.692750
v -3.686945 -5.792244 -5.061280
v -7.392541 -0.434362 -4.013977
v -3.686944 -0.800308 -7.729515
v -3.686943 4.616252 -6.086410
v -7.392540 2.247728 -3.200363
v -7.392541 3.568946 -0.728538
v 1.267516 -10.512156 -2.449381
v -0.000001 -11.277705 -2.619669
v -0.000001 -10.611934 -2.477579
v 1.419936 -11.185298 -2.577799
v -0.000001 -11.495722 -2.071451
v 2.818336 -10.260188 -2.331583
v 1.410644 -11.385126 -2.027506
v 2.919402 -10.922603 -2.427164
v 4.459594 -10.470210 -2.160806
v 4.332824 -9.769282 -2.096720
v 2.888579 -11.127315 -1.889566
v 1.451995 -11.844091 -1.818506
v -0.000001 -11.952488 -1.888086
v 2.929114 -11.585091 -1.623926
v 1.451995 -11.978588 -1.686602
v -0.000001 -12.086985 -1.756182
v -0.000001 -12.220321 2.370916
v 2.929114 -11.719587 -1.492022
v 1.505481 -12.124829 2.501364
v -0.000001 -12.517440 7.865934
v 4.434295 -11.363737 -1.191240
v 1.812269 -12.421966 7.794493
v 4.434295 -11.229240 -1.323145
v 3.432330 -11.779475 2.645132
v 3.320286 -12.148112 7.714987
v 1.993608 -12.905631 13.623388
v -0.000001 -13.016192 13.742277
v 3.734644 -12.651614 13.081709
v 4.956305 -11.716316 7.582388
v 1.224072 -13.561129 20.691183
v -0.000001 -13.563414 20.782232
v 5.086223 -11.271414 2.773535
v 5.995543 -12.012405 12.149443
v 6.158055 -11.281563 7.468473
v 5.431057 -11.010666 -0.974542
v 6.005763 -10.819967 2.846243
v 5.431057 -10.876170 -1.106447
v 6.013597 -10.239766 -0.770235
v 4.432555 -10.727656 -1.594644
v 5.891601 -10.127803 -1.222574
v 5.977103 -9.807933 -1.778360
v 5.778136 -9.176265 -1.719949
v 8.477904 -8.583614 -1.043130
v 8.097655 -8.032222 -0.990945
v 9.509032 -7.128963 -0.479501
v 8.475463 -8.888545 -0.440347
v 9.963164 -7.651027 -0.549295
v 10.827389 -6.116145 0.039313
v 8.438968 -9.053992 -0.135606
v 11.357581 -6.635933 -0.028222
v 12.032564 -4.885979 0.708511
v 9.954162 -7.948482 0.038535
v 12.602694 -5.369682 0.614646
v 11.329903 -6.929701 0.562163
v 9.903193 -8.064871 0.369231
v 13.641662 -3.918087 1.284744
v 13.029418 -3.443416 1.385085
v 12.550466 -5.558279 1.177283
v 14.265716 -2.726352 1.772811
v 13.604957 -2.362283 1.835434
v 13.651122 -4.129512 1.815505
v 11.335482 -7.061897 0.870719
v 12.555431 -5.692743 1.521529
v 14.302085 -2.911649 2.319137
v 14.695233 -1.468735 2.250442
v 13.985961 -1.215268 2.275345
v 13.699321 -4.224713 2.261131
v 14.859008 0.563174 2.911819
v 14.125793 0.569324 2.871048
v 14.758510 -1.627903 2.812324
v 14.459105 2.664553 3.376297
v 13.769958 2.493446 3.314408
v 14.787597 0.391482 3.516495
v 14.360793 -3.033296 2.783424
v 14.812057 -1.708413 3.284034
v 14.356444 2.580325 3.976090
v 14.882983 0.349528 3.931229
v 13.582152 4.746462 3.701371
v 12.998656 4.423100 3.673051
v 11.979857 5.981970 3.808549
v 12.477538 6.435915 3.783097
v 11.137910 6.914885 3.810746
v 13.461181 4.654665 4.344804
v 11.571595 7.458820 3.753289
v 10.062560 7.721178 3.812944
v 12.341308 6.402711 4.428544
v 11.474488 7.400714 4.427354
v 10.432250 8.355103 3.723482
v 8.398681 8.531598 3.796953
v 11.378394 7.332986 4.852136
v 8.571837 9.230301 3.625032
v 10.374267 8.272096 4.426164
v 8.590301 9.173219 4.366655
v 6.168822 9.622009 3.540972
v 6.043212 8.920869 3.741655
v 6.177794 9.609253 4.352251
v 3.838088 9.582764 3.505937
v 3.769835 8.919539 3.653642
v 3.880157 9.608032 4.378129
v 1.655364 9.243958 3.513628
v 1.593699 8.556945 3.626207
v -0.000001 8.485799 3.608354
v -0.000001 9.051514 3.538896
v 1.643523 9.248657 4.391801
v -0.000001 9.041554 4.401262
v -0.000001 9.088651 4.793764
v 1.670592 9.299684 4.758562
v 3.892821 9.638306 4.734148
v 1.817329 9.646697 7.336519
v -0.000001 9.348271 7.480913
v 3.965444 9.758943 7.044282
v 6.199828 9.598999 4.698198
v 1.876558 10.476555 10.092974
v -0.000001 10.121403 10.229265
v 8.585937 9.123902 4.751359
v 4.156692 10.454569 9.639017
v 10.373534 8.217164 4.805681
v 10.337829 8.017032 6.562585
v 6.417103 9.433852 6.828546
v 8.620101 8.832425 6.704164
v 6.645804 9.900206 8.978685
v 8.872798 9.038976 8.353128
v 10.514739 8.024151 7.982378
v 11.395144 7.169119 6.581040
v 12.327991 6.364787 4.875825
v 11.475362 7.192172 7.875070
v 13.483716 4.637950 4.786607
v 12.203090 6.258609 6.561639
v 12.256328 6.246404 7.799111
v 13.409379 4.353521 6.437104
v 14.469142 2.527328 4.391343
v 14.361251 2.181046 6.251839
v 14.784019 0.076941 5.907677
v 13.469706 4.167805 7.792626
v 14.310527 1.934277 7.663865
v 14.678981 -1.974691 5.644134
v 14.670695 -0.184934 7.716377
v 14.370654 1.919296 8.878258
v 13.565957 4.295626 8.803437
v 12.406671 6.442147 8.923982
v 14.433940 1.956768 9.509109
v 13.673580 4.407045 9.401353
v 11.742810 7.401768 9.072160
v 12.592563 6.668605 9.604844
v 13.738952 4.406821 9.932015
v 10.803803 8.420278 9.345056
v 11.976669 7.746336 9.823205
v 9.245860 9.710386 10.028711
v 11.090466 8.825349 10.185617
v 12.730536 6.741224 10.191155
v 12.046504 7.871366 10.434930
v 7.037208 11.022926 11.327089
v 9.657229 10.317135 11.177515
v 4.523135 11.675763 12.369196
v 7.324158 11.584449 12.389772
v 11.264924 9.089681 10.862566
v 2.188544 11.615699 12.935968
v -0.000001 11.148413 13.117319
v -0.000001 11.866256 14.589777
v 4.691567 12.441055 14.146952
v 2.528514 12.322413 14.566317
v 1.402338 12.717472 16.229647
v -0.000001 12.594213 16.287233
v 2.788449 12.945967 16.154421
v 1.379922 12.818525 16.520891
v -0.000001 12.674488 16.564562
v -0.000001 12.715010 17.311853
v 2.799337 12.975494 16.409067
v 3.788972 13.020005 15.993052
v 1.513347 12.834679 17.255213
v 1.462340 12.742582 17.326586
v -0.000001 12.661560 17.411074
v -0.000001 12.152769 17.432497
v 1.437346 12.241413 17.340502
v 2.918400 12.892902 17.199495
v 3.271424 12.404888 17.163233
v 2.937801 12.977621 17.148142
v 3.897963 12.994600 17.012644
v 4.897101 12.388824 16.600565
v 3.877160 13.004423 16.926661
v 4.962965 12.948435 16.611414
v 6.250923 12.146002 15.581903
v 3.863346 13.044519 16.242273
v 4.953119 13.003241 16.498369
v 6.458803 12.625059 15.518244
v 7.532929 11.671294 14.442011
v 4.885924 13.057197 15.825205
v 6.447928 12.703169 15.417879
v 7.745637 12.182195 14.430735
v 4.889929 13.024074 15.597017
v 6.276266 12.742919 14.970240
v 6.137138 12.700908 14.694056
v 7.753177 12.256391 14.361551
v 7.560720 12.270503 13.874346
v 7.456182 12.215471 13.559740
v 8.749543 11.454488 12.548113
v 8.785300 11.438533 12.771532
v 9.876821 10.616905 11.885019
v 9.030363 11.507047 13.269442
v 10.005434 10.738720 12.349916
v 11.393267 9.212897 11.415636
v 8.991308 11.429524 13.313761
v 8.701145 11.017891 13.388124
v 10.006458 10.709888 12.420649
v 9.727579 10.263054 12.497950
v 11.384399 9.167167 11.465158
v 11.005600 8.735274 11.575295
v 12.095999 8.043839 10.997972
v 12.091186 8.026706 11.090310
v 11.630046 7.706804 11.266282
v 12.768638 6.758988 10.739556
v 12.746220 6.740093 10.820848
v 12.298635 6.447730 10.945436
v 13.711392 4.495241 10.478150
v 13.673326 4.491000 10.582536
v 13.136241 4.364384 10.684182
v 13.764575 2.018193 10.687035
v 14.312484 2.150377 10.607536
v 14.360591 2.141492 10.526703
v 14.599517 -0.156684 10.701767
v 13.986518 -0.166625 10.774101
v 14.017537 -2.134649 11.124245
v 14.446685 1.941525 10.042770
v 14.529828 -2.246244 11.065445
v 13.653758 -3.463240 11.542663
v 14.654349 -0.207932 10.574036
v 14.059480 -3.646539 11.498076
v 14.724204 -0.274332 9.586716
v 14.713265 -0.235574 10.139816
v 14.559817 -2.260711 10.966843
v 14.624505 -2.296290 10.511002
v 14.580527 -2.303263 9.864830
v 14.688561 -0.293914 8.997597
v 14.550942 -2.276287 9.293144
v 14.520431 -2.239437 7.762100
v 14.058824 -3.594020 7.774704
v 14.045234 -3.682587 9.540328
v 14.191638 -3.330853 5.271438
v 13.409490 -4.789604 7.774779
v 13.514533 -4.527834 4.900290
v 13.369823 -4.991663 9.846229
v 12.308718 -6.024044 4.375060
v 12.221068 -6.378372 7.704337
v 11.050063 -7.443473 3.951590
v 10.998309 -7.730846 7.577834
v 9.719832 -8.422104 3.629378
v 9.720721 -8.737281 7.490439
v 12.282636 -6.559814 10.108382
v 8.249240 -9.289646 3.368918
v 8.032321 -9.892892 7.453261
v 6.613729 -10.084714 3.025755
v 7.356624 -10.698746 7.391562
v 7.678822 -11.192661 11.266233
v 9.267087 -10.126897 10.694693
v 9.820493 -9.335500 10.621962
v 9.265121 -10.548111 12.737593
v 10.979497 -8.157936 10.449203
v 10.309833 -9.635417 11.844511
v 10.649350 -8.970002 11.650625
v 8.574066 -11.122833 13.384146
v 9.955182 -10.103566 13.483831
v 10.949107 -9.080533 12.555426
v 7.291858 -12.091904 15.244070
v 8.950549 -11.105420 14.671736
v 6.250184 -12.648270 16.970587
v 7.798503 -12.050545 16.547735
v 10.036580 -10.007558 13.593718
v 9.001407 -10.978883 14.782804
v 6.642468 -12.753283 18.271254
v 11.040971 -8.960326 12.652533
v 7.852386 -11.964649 16.689337
v 4.907565 -13.211587 18.529387
v 9.961339 -9.441691 14.101515
v 3.694049 -13.401683 19.541204
v 5.227324 -13.243142 19.798307
v 2.555457 -13.547259 20.227980
v 4.056745 -13.475019 20.865362
v 2.761744 -13.566513 21.761618
v 6.642832 -12.603458 18.421164
v 5.311751 -13.203408 20.021917
v 4.078623 -13.395941 21.130514
v 1.329913 -13.587317 22.177481
v -0.000001 -13.577548 22.323523
v -0.000001 -13.544875 22.513693
v 2.802316 -13.512070 21.924704
v 1.387133 -13.506739 22.387716
v 1.353539 -12.942678 22.652090
v -0.000001 -12.926979 22.805593
v 2.776643 -12.948112 22.206427
v 1.345055 -12.573830 23.183813
v -0.000001 -12.567465 23.338278
v 2.687897 -12.601654 22.799246
v 4.038636 -12.837143 21.481253
v 3.989906 -12.512329 22.033926
v 2.690891 -12.411808 22.839163
v 1.292132 -12.414619 23.279684
v -0.000001 -12.409285 23.425161
v 1.293275 -11.930864 23.196432
v -0.000001 -11.885715 23.345037
v 2.614928 -11.922905 22.789145
v 3.870353 -11.871891 22.043798
v 4.003078 -12.333771 22.089651
v 5.219878 -11.725884 20.943136
v 5.358221 -12.318010 20.944799
v 5.364398 -12.205616 20.984991
v 6.746338 -11.827328 19.285498
v 6.574016 -11.290348 19.248716
v 5.319436 -12.632987 20.359236
v 6.732158 -11.931067 19.208258
v 8.000812 -11.197615 17.547270
v 7.715228 -10.693866 17.567221
v 6.596185 -12.136198 18.817976
v 7.987699 -11.289625 17.472311
v 9.196935 -10.151151 15.799978
v 8.847354 -9.679660 15.746534
v 7.921485 -11.413017 16.930555
v 9.208888 -10.234675 15.730024
v 10.181215 -9.171304 14.543112
v 9.764698 -8.814395 14.607695
v 11.070155 -7.523491 13.320891
v 9.019521 -10.392388 15.254667
v 10.189302 -9.259847 14.478621
v 11.443406 -7.945306 13.228408
v 11.404947 -8.036975 12.703795
v 11.421230 -7.868598 13.330672
v 12.522166 -6.512403 12.502975
v 12.487541 -6.428657 12.609488
v 12.176329 -6.168483 12.628440
v 12.981673 -4.793162 12.023742
v 13.434831 -4.976054 11.990439
v 13.558176 -5.031504 11.920135
v 14.113112 -3.703552 11.407233
v 12.514490 -6.586226 12.013038
v 13.507706 -5.083630 11.424460
v 14.142018 -3.682053 10.932906
v 12.547075 -6.820889 11.691604
v 13.488601 -5.106877 11.071845
v 14.123271 -3.702807 10.566710
v 14.088649 -3.711454 10.195464
v 13.440932 -5.039767 10.555442
v 12.430663 -6.696729 10.954177
v 11.215247 -8.339012 11.473311
v 11.446346 -8.440617 12.247710
v -0.000001 -8.927653 -1.272867
v 1.142565 -8.867119 -1.174249
v -0.000001 -8.183031 -1.312013
v 2.981200 -8.413967 -1.014810
v 1.149091 -8.135017 -1.220422
v -0.000001 -7.970211 1.584807
v 5.653319 -6.934566 -0.100869
v 0.990077 -7.937974 1.632216
v -0.000001 -2.232049 7.476730
v 2.748900 -7.744136 -1.092691
v 2.436054 -7.556812 1.701453
v 5.192809 -6.348079 -0.216592
v 7.626891 -4.749263 0.844314
v 4.578288 -6.366475 2.037330
v 7.002435 -4.312834 0.670257
v 8.561473 -2.419351 1.734375
v 6.168313 -4.542769 2.551925
v 7.818064 -2.202852 1.458465
v 8.740884 -0.653646 2.266800
v 6.884587 -2.648784 3.086341
v 8.040421 -0.563906 1.963203
v 8.487016 1.164382 2.771378
v 7.056733 -0.539429 3.682091
v 7.829784 1.127872 2.440583
v 7.580810 3.464404 3.376908
v 6.168319 2.312123 4.486153
v 6.989745 3.179446 2.963578
v 5.688544 5.723560 3.825112
v 4.578297 4.135830 5.000741
v 5.203002 5.199709 3.349442
v 3.055236 7.423830 3.808427
v 2.749962 6.828856 3.501512
v 1.544211 7.741232 3.777078
v -0.000001 7.842531 3.721757
v 2.436065 5.326171 5.336625
v 1.345228 7.174485 3.469468
v -0.000001 7.327670 3.417848
v 1.225860 5.531544 5.394578
v -0.000001 5.739573 5.453271
v -1.267518 -10.512156 -2.449381
v -1.419938 -11.185298 -2.577799
v -2.818337 -10.260188 -2.331583
v -2.919404 -10.922603 -2.427164
v -1.410645 -11.385126 -2.027506
v -4.459596 -10.470210 -2.160806
v -4.332826 -9.769282 -2.096720
v -2.888581 -11.127315 -1.889566
v -1.451997 -11.844091 -1.818506
v -2.929116 -11.585091 -1.623926
v -1.451997 -11.978588 -1.686602
v -2.929116 -11.719587 -1.492022
v -1.505483 -12.124829 2.501364
v -4.434297 -11.363737 -1.191240
v -1.812271 -12.421966 7.794493
v -4.434297 -11.229240 -1.323145
v -3.432332 -11.779475 2.645132
v -3.320288 -12.148112 7.714987
v -1.993610 -12.905631 13.623388
v -3.734646 -12.651614 13.081709
v -4.956306 -11.716316 7.582388
v -1.224074 -13.561129 20.691183
v -5.086225 -11.271414 2.773535
v -5.995545 -12.012405 12.149443
v -6.158057 -11.281563 7.468473
v -5.431059 -11.010666 -0.974542
v -6.005765 -10.819967 2.846243
v -5.431059 -10.876170 -1.106447
v -6.013598 -10.239766 -0.770235
v -4.432557 -10.727656 -1.594644
v -5.891603 -10.127803 -1.222574
v -5.977105 -9.807933 -1.778360
v -5.778138 -9.176265 -1.719949
v -8.477906 -8.583614 -1.043130
v -8.097657 -8.032222 -0.990945
v -9.509034 -7.128963 -0.479501
v -8.475465 -8.888545 -0.440347
v -9.963166 -7.651027 -0.549295
v -10.827391 -6.116145 0.039313
v -8.438970 -9.053992 -0.135606
v -11.357583 -6.635933 -0.028222
v -12.032566 -4.885979 0.708511
v -9.954164 -7.948482 0.038535
v -12.602695 -5.369682 0.614646
v -11.329905 -6.929701 0.562163
v -9.903195 -8.064871 0.369231
v -13.641664 -3.918087 1.284744
v -13.029420 -3.443416 1.385085
v -12.550467 -5.558279 1.177283
v -14.265717 -2.726352 1.772811
v -13.604959 -2.362283 1.835434
v -13.651124 -4.129512 1.815505
v -11.335484 -7.061897 0.870719
v -12.555433 -5.692743 1.521529
v -14.302086 -2.911649 2.319137
v -14.695235 -1.468735 2.250442
v -13.985963 -1.215268 2.275345
v -13.699323 -4.224713 2.261131
v -14.859010 0.563174 2.911819
v -14.125794 0.569324 2.871048
v -14.758512 -1.627903 2.812324
v -14.459107 2.664553 3.376297
v -13.769959 2.493446 3.314408
v -14.787599 0.391482 3.516495
v -14.360796 -3.033296 2.783424
v -14.812058 -1.708413 3.284034
v -14.356446 2.580325 3.976090
v -13.514535 -4.527834 4.900290
v -14.882985 0.349528 3.931229
v -14.191640 -3.330853 5.271438
v -14.678984 -1.974691 5.644134
v -12.308720 -6.024044 4.375060
v -13.409492 -4.789604 7.774779
v -11.050065 -7.443473 3.951590
v -12.221070 -6.378372 7.704337
v -10.998311 -7.730846 7.577834
v -9.719834 -8.422104 3.629378
v -9.720723 -8.737281 7.490439
v -8.249242 -9.289646 3.368918
v -8.032323 -9.892892 7.453261
v -6.613730 -10.084714 3.025755
v -7.356626 -10.698746 7.391562
v -7.678823 -11.192661 11.266233
v -9.267089 -10.126897 10.694693
v -9.820495 -9.335500 10.621962
v -9.265123 -10.548111 12.737593
v -10.979499 -8.157936 10.449203
v -10.309834 -9.635417 11.844511
v -10.649352 -8.970002 11.650625
v -12.282638 -6.559814 10.108382
v -11.215249 -8.339012 11.473311
v -13.369824 -4.991663 9.846229
v -12.430665 -6.696729 10.954177
v -13.440934 -5.039767 10.555442
v -14.045236 -3.682587 9.540328
v -14.088651 -3.711454 10.195464
v -13.488603 -5.106877 11.071845
v -14.058825 -3.594020 7.774704
v -14.123273 -3.702807 10.566710
v -14.520433 -2.239437 7.762100
v -14.624507 -2.296290 10.511002
v -14.550944 -2.276287 9.293144
v -14.580529 -2.303263 9.864830
v -14.688563 -0.293914 8.997597
v -14.724206 -0.274332 9.586716
v -14.670697 -0.184934 7.716377
v -14.370656 1.919296 8.878258
v -14.713267 -0.235574 10.139816
v -14.784020 0.076941 5.907677
v -14.310529 1.934277 7.663865
v -14.469144 2.527328 4.391343
v -14.361254 2.181046 6.251839
v -13.469707 4.167805 7.792626
v -13.409381 4.353521 6.437104
v -13.461183 4.654665 4.344804
v -13.483718 4.637950 4.786607
v -12.203092 6.258609 6.561639
v -13.582154 4.746462 3.701371
v -12.998658 4.423100 3.673051
v -11.979859 5.981970 3.808549
v -12.327992 6.364787 4.875825
v -12.341310 6.402711 4.428544
v -12.477540 6.435915 3.783097
v -11.137912 6.914885 3.810746
v -11.571597 7.458820 3.753289
v -10.062562 7.721178 3.812944
v -11.474490 7.400714 4.427354
v -10.432252 8.355103 3.723482
v -8.398683 8.531598 3.796953
v -11.378396 7.332986 4.852136
v -10.374269 8.272096 4.426164
v -8.571839 9.230301 3.625032
v -11.395145 7.169119 6.581040
v -8.590302 9.173219 4.366655
v -6.168824 9.622009 3.540972
v -6.043214 8.920869 3.741655
v -6.177796 9.609253 4.352251
v -3.838090 9.582764 3.505937
v -3.769837 8.919539 3.653642
v -3.880158 9.608032 4.378129
v -1.655366 9.243958 3.513628
v -1.593701 8.556945 3.626207
v -1.643525 9.248657 4.391801
v -1.670594 9.299684 4.758562
v -3.892823 9.638306 4.734148
v -1.817331 9.646697 7.336519
v -6.199830 9.598999 4.698198
v -3.965446 9.758943 7.044282
v -8.585938 9.123902 4.751359
v -6.417105 9.433852 6.828546
v -10.373536 8.217164 4.805681
v -10.337831 8.017032 6.562585
v -8.620103 8.832425 6.704164
v -10.514741 8.024151 7.982378
v -8.872800 9.038976 8.353128
v -6.645806 9.900206 8.978685
v -4.156694 10.454569 9.639017
v -9.245862 9.710386 10.028711
v -1.876560 10.476555 10.092974
v -7.037210 11.022926 11.327089
v -4.523137 11.675763 12.369196
v -2.188546 11.615699 12.935968
v -7.324160 11.584449 12.389772
v -2.528516 12.322413 14.566317
v -4.691569 12.441055 14.146952
v -1.402340 12.717472 16.229647
v -2.788451 12.945967 16.154421
v -1.379924 12.818525 16.520891
v -2.799339 12.975494 16.409067
v -3.788974 13.020005 15.993052
v -1.513349 12.834679 17.255213
v -1.462342 12.742582 17.326586
v -1.437348 12.241413 17.340502
v -2.918402 12.892902 17.199495
v -3.271426 12.404888 17.163233
v -2.937803 12.977621 17.148142
v -3.897964 12.994600 17.012644
v -4.897103 12.388824 16.600565
v -3.877162 13.004423 16.926661
v -4.962967 12.948435 16.611414
v -6.250925 12.146002 15.581903
v -3.863348 13.044519 16.242273
v -4.953121 13.003241 16.498369
v -6.458805 12.625059 15.518244
v -7.532931 11.671294 14.442011
v -4.885926 13.057197 15.825205
v -6.447930 12.703169 15.417879
v -7.745639 12.182195 14.430735
v -4.889931 13.024074 15.597017
v -6.276268 12.742919 14.970240
v -6.137140 12.700908 14.694056
v -7.753179 12.256391 14.361551
v -7.560722 12.270503 13.874346
v -7.456183 12.215471 13.559740
v -8.991310 11.429524 13.313761
v -8.701147 11.017891 13.388124
v -9.030365 11.507047 13.269442
v -10.006460 10.709888 12.420649
v -9.727581 10.263054 12.497950
v -8.785302 11.438533 12.771532
v -10.005436 10.738720 12.349916
v -11.384401 9.167167 11.465158
v -11.005602 8.735274 11.575295
v -11.393269 9.212897 11.415636
v -9.876822 10.616905 11.885019
v -8.749545 11.454488 12.548113
v -9.657231 10.317135 11.177515
v -11.264926 9.089681 10.862566
v -11.090468 8.825349 10.185617
v -12.096001 8.043839 10.997972
v -12.046506 7.871366 10.434930
v -10.803805 8.420278 9.345056
v -12.091187 8.026706 11.090310
v -11.630048 7.706804 11.266282
v -12.768640 6.758988 10.739556
v -12.746222 6.740093 10.820848
v -12.298636 6.447730 10.945436
v -12.730538 6.741224 10.191155
v -13.673328 4.491000 10.582536
v -13.136243 4.364384 10.684182
v -13.711394 4.495241 10.478150
v -13.764577 2.018193 10.687035
v -14.312486 2.150377 10.607536
v -14.360592 2.141492 10.526703
v -14.599518 -0.156684 10.701767
v -13.986520 -0.166625 10.774101
v -14.017539 -2.134649 11.124245
v -13.738954 4.406821 9.932015
v -14.529830 -2.246244 11.065445
v -13.653760 -3.463240 11.542663
v -14.654350 -0.207932 10.574036
v -14.059482 -3.646539 11.498076
v -14.446687 1.941525 10.042770
v -14.559818 -2.260711 10.966843
v -14.142020 -3.682053 10.932906
v -14.433942 1.956768 9.509109
v -13.673582 4.407045 9.401353
v -13.565959 4.295626 8.803437
v -12.592565 6.668605 9.604844
v -12.406672 6.442147 8.923982
v -12.256330 6.246404 7.799111
v -11.475364 7.192172 7.875070
v -11.742812 7.401768 9.072160
v -11.976671 7.746336 9.823205
v -14.113115 -3.703552 11.407233
v -13.507708 -5.083630 11.424460
v -13.434833 -4.976054 11.990439
v -12.981675 -4.793162 12.023742
v -13.558178 -5.031504 11.920135
v -12.487543 -6.428657 12.609488
v -12.176331 -6.168483 12.628440
v -11.070157 -7.523491 13.320891
v -12.514492 -6.586226 12.013038
v -11.421232 -7.868598 13.330672
v -12.522168 -6.512403 12.502975
v -10.181217 -9.171304 14.543112
v -9.764700 -8.814395 14.607695
v -8.847356 -9.679660 15.746534
v -11.443408 -7.945306 13.228408
v -11.404949 -8.036975 12.703795
v -12.547077 -6.820889 11.691604
v -11.446348 -8.440617 12.247710
v -11.040973 -8.960326 12.652533
v -10.949109 -9.080533 12.555426
v -9.961341 -9.441691 14.101515
v -10.036582 -10.007558 13.593718
v -9.955184 -10.103566 13.483831
v -10.189304 -9.259847 14.478621
v -8.574068 -11.122833 13.384146
v -8.950551 -11.105420 14.671736
v -7.291860 -12.091904 15.244070
v -6.250186 -12.648270 16.970587
v -7.798505 -12.050545 16.547735
v -9.001409 -10.978883 14.782804
v -6.642470 -12.753283 18.271254
v -9.019523 -10.392388 15.254667
v -7.852388 -11.964649 16.689337
v -9.208890 -10.234675 15.730024
v -7.921487 -11.413017 16.930555
v -9.196937 -10.151151 15.799978
v -7.715230 -10.693866 17.567221
v -7.987700 -11.289625 17.472311
v -8.000813 -11.197615 17.547270
v -6.574018 -11.290348 19.248716
v -6.596187 -12.136198 18.817976
v -6.746340 -11.827328 19.285498
v -5.219880 -11.725884 20.943136
v -6.732160 -11.931067 19.208258
v -5.364400 -12.205616 20.984991
v -5.358223 -12.318010 20.944799
v -4.003080 -12.333771 22.089651
v -3.870355 -11.871891 22.043798
v -5.319438 -12.632987 20.359236
v -2.690893 -12.411808 22.839163
v -2.614930 -11.922905 22.789145
v -3.989908 -12.512329 22.033926
v -4.038638 -12.837143 21.481253
v -5.311753 -13.203408 20.021917
v -6.642834 -12.603458 18.421164
v -5.227325 -13.243142 19.798307
v -4.078625 -13.395941 21.130514
v -4.907567 -13.211587 18.529387
v -4.056746 -13.475019 20.865362
v -3.694051 -13.401683 19.541204
v -2.555459 -13.547259 20.227980
v -2.761746 -13.566513 21.761618
v -1.329915 -13.587317 22.177481
v -2.802318 -13.512070 21.924704
v -1.387135 -13.506739 22.387716
v -2.776645 -12.948112 22.206427
v -1.353541 -12.942678 22.652090
v -2.687899 -12.601654 22.799246
v -1.345057 -12.573830 23.183813
v -1.292134 -12.414619 23.279684
v -1.293277 -11.930864 23.196432
v -1.142566 -8.867119 -1.174249
v -2.981202 -8.413967 -1.014810
v -1.149093 -8.135017 -1.220422
v -5.653321 -6.934566 -0.100869
v -0.990079 -7.937974 1.632216
v -2.748902 -7.744136 -1.092691
v -2.436056 -7.556812 1.701453
v -5.192811 -6.348079 -0.216592
v -7.626893 -4.749263 0.844314
v -4.578290 -6.366475 2.037330
v -7.002437 -4.312834 0.670257
v -8.561475 -2.419351 1.734375
v -6.168315 -4.542769 2.551925
v -7.818066 -2.202852 1.458465
v -8.740886 -0.653646 2.266800
v -6.884589 -2.648784 3.086341
v -8.040423 -0.563906 1.963203
v -8.487018 1.164382 2.771378
v -7.056735 -0.539429 3.682091
v -7.829786 1.127872 2.440583
v -7.580812 3.464404 3.376908
v -6.168321 2.312123 4.486153
v -6.989747 3.179446 2.963578
v -5.688546 5.723560 3.825112
v -4.578299 4.135830 5.000741
v -5.203004 5.199709 3.349442
v -3.055238 7.423830 3.808427
v -2.749964 6.828856 3.501512
v -1.544213 7.741232 3.777078
v -2.436066 5.326171 5.336625
v -1.345230 7.174485 3.469468
v -1.225862 5.531544 5.394578
v 1.213081 -10.657763 22.540854
v -0.000001 -10.600003 22.659872
v -0.000001 -10.173123 22.143133
v 2.288535 -10.668513 22.175924
v 1.195819 -10.238715 22.034445
v -0.000001 -8.443104 18.940321
v 3.343698 -10.612910 21.457464
v 2.194474 -10.230746 21.825262
v 4.448987 -10.450624 20.473944
v 1.525752 -8.353582 18.934797
v -0.000001 -7.274006 18.913916
v 3.204347 -10.200900 21.230322
v 1.407879 -7.080464 18.899260
v -0.000001 -7.104974 18.861799
v 3.147897 -7.889204 18.859526
v 4.341931 -10.014968 20.228949
v 1.395738 -6.918769 18.877302
v -0.000001 -5.672781 15.209022
v 5.748545 -10.081330 18.958815
v 1.827040 -5.350675 15.203277
v -0.000001 -1.428281 11.516556
v 2.708674 -6.614003 18.807791
v 2.812087 -6.756350 18.839537
v 3.936578 -5.920359 18.576139
v 1.098803 -1.146633 11.513641
v -0.000001 1.375349 10.970512
v 4.079540 -4.349678 14.980750
v 2.040700 -0.233277 11.495255
v 4.053930 -6.070886 18.605490
v 5.045490 -4.993086 18.139397
v 4.612928 -7.122680 18.594725
v 5.185868 -5.134074 18.122581
v 5.611125 -9.573581 18.885000
v 5.981734 -5.950430 18.097517
v 6.679194 -9.053681 17.581656
v 6.904759 -9.562264 17.439398
v 7.976071 -8.743326 15.752913
v 7.821631 -8.253934 15.910499
v 8.798028 -8.005539 14.647170
v 7.059846 -4.551011 17.220253
v 8.661593 -7.621122 14.856048
v 10.199151 -6.667999 13.398681
v 9.988261 -6.368506 13.559234
v 11.155977 -5.452947 12.681495
v 7.975956 -2.908971 16.241219
v 6.097116 -3.822549 17.319733
v 11.991744 -4.184492 12.031524
v 5.928790 -3.675971 17.293556
v 6.948210 -2.372749 16.364983
v 8.401704 -1.406985 15.534882
v 12.625760 -3.130392 11.510436
v 12.795340 -1.812083 11.031044
v 8.640251 0.246145 15.001434
v 12.841444 -0.347644 10.676338
v 12.587958 1.610259 10.626640
v 8.649385 1.605042 14.765671
v 11.985838 3.871260 10.518388
v 8.495051 3.231186 14.796716
v 11.175048 5.830172 10.884912
v 8.006469 4.872785 14.994363
v 10.680814 6.856943 11.216996
v 10.112319 7.868211 11.643937
v 7.365437 6.601291 15.276246
v 8.978697 9.303861 12.592432
v 8.063613 10.172005 13.535181
v 6.039377 8.419305 15.956506
v 7.204054 10.813219 14.414469
v 5.863295 11.357265 15.694826
v 4.655381 9.459974 16.445681
v 4.823193 11.673843 16.538576
v 3.180253 11.701262 17.016138
v 3.234526 10.298218 16.897493
v 1.423787 11.690075 17.180880
v -0.000001 11.539570 17.258326
v 1.434441 10.670937 17.081018
v -0.000001 10.763468 17.160501
v -0.000001 9.702793 17.315058
v 1.392700 9.473124 17.216608
v 2.806918 9.087277 17.111399
v 1.330638 9.306375 17.247988
v -0.000001 9.491528 17.308420
v -0.000001 8.570077 14.955102
v 2.720904 8.875859 17.052698
v 1.766676 8.294833 14.959466
v -0.000001 4.196662 11.416284
v 3.845677 8.291505 16.716753
v 1.033117 3.924448 11.421815
v 4.049480 7.298817 14.979287
v 2.401401 2.681023 11.422897
v 4.055758 8.435262 16.632151
v 5.015087 7.329115 16.208727
v 5.271776 7.440696 16.152018
v 5.962895 5.756813 14.598199
v 6.137424 5.773107 15.662957
v 6.369645 5.913696 15.574746
v 6.938064 4.580624 15.341622
v 6.673593 4.497736 15.430253
v 6.747817 3.551739 14.445504
v 7.124238 2.900116 15.182503
v 7.384643 2.937694 15.201333
v 7.084044 1.432843 14.430733
v 7.209667 1.487204 15.209076
v 7.488910 1.464942 15.179268
v 7.206361 0.238970 15.286919
v 7.459687 0.229550 15.324524
v 7.278064 -0.978224 15.766594
v 6.699647 -2.268502 16.351891
v 7.017652 -0.910615 15.806450
v 5.803076 -2.595214 14.740555
v 6.833595 -0.319482 14.439606
v 2.642512 0.894450 11.507156
v -1.213083 -10.657763 22.540854
v -2.288537 -10.668513 22.175924
v -1.195821 -10.238715 22.034445
v -3.343699 -10.612910 21.457464
v -2.194476 -10.230746 21.825262
v -4.448989 -10.450624 20.473944
v -3.204349 -10.200900 21.230322
v -4.341933 -10.014968 20.228949
v -5.748547 -10.081330 18.958815
v -1.525754 -8.353582 18.934797
v -3.147899 -7.889204 18.859526
v -1.407881 -7.080464 18.899260
v -4.612930 -7.122680 18.594725
v -1.395740 -6.918769 18.877302
v -2.812089 -6.756350 18.839537
v -2.708676 -6.614003 18.807791
v -1.827042 -5.350675 15.203277
v -3.936580 -5.920359 18.576139
v -1.098805 -1.146633 11.513641
v -4.079542 -4.349678 14.980750
v -2.040702 -0.233277 11.495255
v -4.053932 -6.070886 18.605490
v -5.045492 -4.993086 18.139397
v -5.803078 -2.595214 14.740555
v -5.185870 -5.134074 18.122581
v -5.928792 -3.675971 17.293556
v -6.097118 -3.822549 17.319733
v -5.981736 -5.950430 18.097517
v -7.059847 -4.551011 17.220253
v -6.948212 -2.372749 16.364983
v -6.679196 -9.053681 17.581656
v -6.699649 -2.268502 16.351891
v -7.975958 -2.908971 16.241219
v -7.278066 -0.978224 15.766594
v -7.821633 -8.253934 15.910499
v -7.017653 -0.910615 15.806450
v -5.611127 -9.573581 18.885000
v -6.904761 -9.562264 17.439398
v -7.976073 -8.743326 15.752913
v -8.798030 -8.005539 14.647170
v -8.661595 -7.621122 14.856048
v -10.199153 -6.667999 13.398681
v -9.988263 -6.368506 13.559234
v -11.155979 -5.452947 12.681495
v -8.401706 -1.406985 15.534882
v -11.991746 -4.184492 12.031524
v -12.625762 -3.130392 11.510436
v -12.795341 -1.812083 11.031044
v -8.640253 0.246145 15.001434
v -12.841446 -0.347644 10.676338
v -12.587960 1.610259 10.626640
v -8.649387 1.605042 14.765671
v -7.459690 0.229550 15.324524
v -11.985840 3.871260 10.518388
v -7.488911 1.464942 15.179268
v -7.206363 0.238970 15.286919
v -8.495053 3.231186 14.796716
v -7.384645 2.937694 15.201333
v -7.209669 1.487204 15.209076
v -6.833597 -0.319482 14.439606
v -7.084046 1.432843 14.430733
v -2.642514 0.894450 11.507156
v -7.124240 2.900116 15.182503
v -2.401403 2.681023 11.422897
v -6.747819 3.551739 14.445504
v -6.938066 4.580624 15.341622
v -6.673594 4.497736 15.430253
v -5.962897 5.756813 14.598199
v -6.137425 5.773107 15.662957
v -8.006471 4.872785 14.994363
v -6.369647 5.913696 15.574746
v -11.175050 5.830172 10.884912
v -10.680816 6.856943 11.216996
v -7.365438 6.601291 15.276246
v -10.112321 7.868211 11.643937
v -8.978699 9.303861 12.592432
v -5.271778 7.440696 16.152018
v -6.039379 8.419305 15.956506
v -8.063615 10.172005 13.535181
v -7.204056 10.813219 14.414469
v -5.863297 11.357265 15.694826
v -4.655383 9.459974 16.445681
v -4.823195 11.673843 16.538576
v -4.055760 8.435262 16.632151
v -3.180255 11.701262 17.016138
v -3.234528 10.298218 16.897493
v -1.423789 11.690075 17.180880
v -1.434443 10.670937 17.081018
v -1.392702 9.473124 17.216608
v -2.806920 9.087277 17.111399
v -1.330640 9.306375 17.247988
v -2.720906 8.875859 17.052698
v -1.766678 8.294833 14.959466
v -3.845679 8.291505 16.716753
v -1.033119 3.924448 11.421815
v -4.049482 7.298817 14.979287
v -5.015089 7.329115 16.208727
vt 0.793836 0.273511
vt 0.756041 0.316268
vt 0.774633 0.257605
vt 0.829261 0.229270
vt 0.780866 0.313937
vt 0.831592 0.254096
vt 0.800281 0.351693
vt 0.784376 0.370896
vt 0.843039 0.389488
vt 0.818737 0.294574
vt 0.813369 0.311223
vt 0.821345 0.326791
vt 0.834306 0.286598
vt 0.836150 0.309379
vt 0.850955 0.291967
vt 0.840708 0.364662
vt 0.837993 0.332160
vt 0.853562 0.324184
vt 0.878464 0.345247
vt 0.897666 0.361153
vt 0.916258 0.302490
vt 0.858931 0.307535
vt 0.891433 0.304821
vt 0.872018 0.267065
vt 0.887924 0.247862
vt 0.793836 0.273511
vt 0.780866 0.313937
vt 0.831592 0.254096
vt 0.800281 0.351693
vt 0.818737 0.294574
vt 0.813369 0.311223
vt 0.840708 0.364662
vt 0.821345 0.326791
vt 0.836150 0.309379
vt 0.834306 0.286598
vt 0.850955 0.291967
vt 0.872018 0.267065
vt 0.858931 0.307535
vt 0.891433 0.304821
vt 0.878464 0.345247
vt 0.853562 0.324184
vt 0.837993 0.332160
vt 0.377897 0.531692
vt 0.368598 0.528898
vt 0.372062 0.525941
vt 0.374913 0.535207
vt 0.365902 0.531539
vt 0.384991 0.539620
vt 0.372304 0.537753
vt 0.381531 0.542264
vt 0.388200 0.550193
vt 0.392037 0.548106
vt 0.378807 0.544720
vt 0.370089 0.539863
vt 0.363565 0.533553
vt 0.376287 0.546820
vt 0.369244 0.540622
vt 0.362698 0.534358
vt 0.346894 0.553034
vt 0.375395 0.547550
vt 0.353307 0.560020
vt 0.325631 0.575372
vt 0.381170 0.555150
vt 0.333325 0.583564
vt 0.382110 0.554489
vt 0.361512 0.568939
vt 0.340065 0.590332
vt 0.307919 0.605739
vt 0.300138 0.595859
vt 0.317110 0.612723
vt 0.347783 0.597601
vt 0.269694 0.624629
vt 0.265073 0.618463
vt 0.368729 0.576751
vt 0.330784 0.620849
vt 0.353822 0.602831
vt 0.385032 0.560283
vt 0.373139 0.581255
vt 0.385932 0.559775
vt 0.389170 0.564356
vt 0.385134 0.552759
vt 0.390828 0.561537
vt 0.394358 0.559269
vt 0.398011 0.557194
vt 0.404258 0.574447
vt 0.407511 0.571623
vt 0.413857 0.580971
vt 0.400854 0.577095
vt 0.410360 0.583947
vt 0.420097 0.590227
vt 0.399016 0.578266
vt 0.416085 0.593325
vt 0.426350 0.600298
vt 0.406935 0.586406
vt 0.422139 0.602965
vt 0.412673 0.595608
vt 0.405095 0.587672
vt 0.428286 0.612629
vt 0.432806 0.610256
vt 0.419053 0.605334
vt 0.433056 0.619675
vt 0.437391 0.617177
vt 0.425296 0.614904
vt 0.411034 0.596903
vt 0.417223 0.606793
vt 0.430155 0.622136
vt 0.437838 0.626472
vt 0.442132 0.623867
vt 0.423334 0.617059
vt 0.445829 0.636214
vt 0.449500 0.632863
vt 0.435091 0.629128
vt 0.455248 0.644918
vt 0.458564 0.641048
vt 0.442989 0.639054
vt 0.428008 0.624312
vt 0.433120 0.631423
vt 0.453101 0.648132
vt 0.441337 0.641189
vt 0.466000 0.652881
vt 0.468451 0.648941
vt 0.478132 0.654272
vt 0.476345 0.658515
vt 0.485074 0.657216
vt 0.463890 0.656581
vt 0.483500 0.661616
vt 0.492895 0.659819
vt 0.474739 0.662545
vt 0.481858 0.665705
vt 0.491217 0.664501
vt 0.503969 0.662859
vt 0.480858 0.668308
vt 0.502668 0.667735
vt 0.489486 0.668761
vt 0.500787 0.672197
vt 0.516768 0.671138
vt 0.518795 0.666140
vt 0.515001 0.676022
vt 0.530710 0.674340
vt 0.533045 0.670004
vt 0.528608 0.679511
vt 0.544134 0.678086
vt 0.546968 0.673973
vt 0.555933 0.678913
vt 0.553618 0.682319
vt 0.542135 0.683165
vt 0.551646 0.686902
vt 0.550704 0.688841
vt 0.541188 0.685237
vt 0.527784 0.681601
vt 0.535440 0.699637
vt 0.546475 0.702661
vt 0.523014 0.695294
vt 0.514137 0.678058
vt 0.532253 0.716041
vt 0.544295 0.717457
vt 0.499867 0.674476
vt 0.518561 0.711445
vt 0.488396 0.670962
vt 0.483758 0.681307
vt 0.508401 0.690620
vt 0.494792 0.686110
vt 0.503852 0.704073
vt 0.490357 0.696128
vt 0.479490 0.689584
vt 0.475744 0.678157
vt 0.473408 0.665069
vt 0.472143 0.685707
vt 0.462468 0.659002
vt 0.468788 0.674805
vt 0.465124 0.681841
vt 0.456464 0.667630
vt 0.451356 0.650194
vt 0.443958 0.659543
vt 0.433557 0.650973
vt 0.451340 0.674601
vt 0.438269 0.666493
vt 0.423582 0.643018
vt 0.426164 0.659849
vt 0.434258 0.672945
vt 0.448693 0.680478
vt 0.462288 0.688612
vt 0.432369 0.676429
vt 0.447157 0.684040
vt 0.468639 0.692934
vt 0.460652 0.693036
vt 0.445354 0.686875
vt 0.476041 0.698382
vt 0.466887 0.698187
vt 0.486392 0.707541
vt 0.473790 0.704332
vt 0.458778 0.696399
vt 0.465389 0.701942
vt 0.499594 0.720465
vt 0.483202 0.715878
vt 0.514764 0.729630
vt 0.497371 0.728101
vt 0.472156 0.708888
vt 0.529297 0.733871
vt 0.543268 0.734418
vt 0.543059 0.743967
vt 0.513392 0.741593
vt 0.527058 0.744451
vt 0.534232 0.755029
vt 0.543066 0.755151
vt 0.525423 0.754746
vt 0.534366 0.756947
vt 0.543079 0.756951
vt 0.543182 0.761643
vt 0.525388 0.756318
vt 0.519168 0.753661
vt 0.533635 0.761547
vt 0.534009 0.762257
vt 0.543226 0.762350
vt 0.543349 0.765542
vt 0.534277 0.765382
vt 0.524677 0.761508
vt 0.522240 0.764529
vt 0.524567 0.760891
vt 0.518764 0.759888
vt 0.510553 0.760784
vt 0.518861 0.759360
vt 0.512029 0.757657
vt 0.500735 0.753519
vt 0.518761 0.755184
vt 0.512124 0.756870
vt 0.502115 0.750472
vt 0.491416 0.744685
vt 0.512377 0.752640
vt 0.502388 0.749701
vt 0.493814 0.742225
vt 0.512298 0.751206
vt 0.503542 0.746846
vt 0.504402 0.745058
vt 0.494130 0.741665
vt 0.495607 0.738672
vt 0.496361 0.736660
vt 0.488462 0.727942
vt 0.487898 0.729299
vt 0.481401 0.720797
vt 0.486045 0.732377
vt 0.480148 0.723801
vt 0.470624 0.712287
vt 0.485673 0.732873
vt 0.483557 0.735294
vt 0.479862 0.724197
vt 0.477088 0.726081
vt 0.470273 0.712522
vt 0.467337 0.714682
vt 0.464302 0.705592
vt 0.463949 0.706074
vt 0.461430 0.708775
vt 0.457076 0.699431
vt 0.456762 0.699876
vt 0.454362 0.702340
vt 0.444162 0.690144
vt 0.443861 0.690774
vt 0.442312 0.693926
vt 0.428250 0.686166
vt 0.430080 0.683107
vt 0.430264 0.682548
vt 0.416482 0.676049
vt 0.414977 0.679587
vt 0.402371 0.673934
vt 0.430586 0.679243
vt 0.403311 0.670756
vt 0.392586 0.670732
vt 0.416614 0.675124
vt 0.393238 0.667998
vt 0.419461 0.669557
vt 0.417868 0.672660
vt 0.403599 0.670173
vt 0.405012 0.667655
vt 0.407138 0.664183
vt 0.421302 0.666335
vt 0.409225 0.661223
vt 0.414740 0.653221
vt 0.406972 0.648393
vt 0.400069 0.657355
vt 0.417462 0.636255
vt 0.399799 0.643588
vt 0.411877 0.629589
vt 0.390893 0.653642
vt 0.404419 0.620009
vt 0.389889 0.635947
vt 0.396979 0.610814
vt 0.381378 0.628317
vt 0.390578 0.602796
vt 0.374024 0.621355
vt 0.379694 0.647843
vt 0.383830 0.594708
vt 0.364774 0.612740
vt 0.376982 0.585752
vt 0.359995 0.608302
vt 0.342704 0.625955
vt 0.353855 0.631975
vt 0.358975 0.635426
vt 0.343041 0.640157
vt 0.367738 0.641433
vt 0.353574 0.642248
vt 0.358256 0.644095
vt 0.335905 0.638882
vt 0.343179 0.647231
vt 0.354528 0.649069
vt 0.319923 0.638526
vt 0.330825 0.645835
vt 0.306646 0.638891
vt 0.314949 0.645895
vt 0.343239 0.648287
vt 0.330789 0.646950
vt 0.300839 0.645333
vt 0.354839 0.650156
vt 0.314561 0.646929
vt 0.293410 0.637042
vt 0.342238 0.653073
vt 0.284007 0.633929
vt 0.287677 0.642731
vt 0.276584 0.630127
vt 0.278219 0.639941
vt 0.269447 0.636058
vt 0.300189 0.646505
vt 0.286753 0.643910
vt 0.276897 0.641015
vt 0.262457 0.630186
vt 0.256946 0.623989
vt 0.255945 0.624731
vt 0.268742 0.636851
vt 0.261558 0.631294
vt 0.258647 0.633775
vt 0.252684 0.627639
vt 0.266113 0.639605
vt 0.255513 0.636268
vt 0.249543 0.630276
vt 0.262406 0.641678
vt 0.274287 0.644145
vt 0.270881 0.646383
vt 0.261698 0.642636
vt 0.254447 0.636806
vt 0.248698 0.631055
vt 0.252526 0.639168
vt 0.246423 0.633480
vt 0.259741 0.645009
vt 0.268703 0.649948
vt 0.270330 0.647413
vt 0.280572 0.654062
vt 0.281737 0.650414
vt 0.281476 0.651106
vt 0.296467 0.653233
vt 0.296221 0.656761
vt 0.284901 0.647536
vt 0.296779 0.652472
vt 0.311856 0.654133
vt 0.311500 0.657713
vt 0.298335 0.649948
vt 0.312061 0.653407
vt 0.328343 0.655421
vt 0.328433 0.659094
vt 0.314650 0.650745
vt 0.328544 0.654753
vt 0.341723 0.656729
vt 0.340693 0.660078
vt 0.356864 0.661722
vt 0.330046 0.651643
vt 0.341785 0.656042
vt 0.357502 0.657862
vt 0.359352 0.654937
vt 0.357259 0.658648
vt 0.370835 0.661150
vt 0.370647 0.662011
vt 0.370159 0.664503
vt 0.381684 0.668200
vt 0.382931 0.665414
vt 0.383406 0.664591
vt 0.393400 0.667254
vt 0.372401 0.658379
vt 0.384844 0.661800
vt 0.395265 0.664854
vt 0.372758 0.655880
vt 0.385984 0.659877
vt 0.396426 0.662823
vt 0.397641 0.660783
vt 0.388149 0.657314
vt 0.376036 0.652177
vt 0.363203 0.646780
vt 0.359966 0.651058
vt 0.626717 0.825005
vt 0.620632 0.814394
vt 0.632782 0.820629
vt 0.626380 0.810050
vt 0.640427 0.814210
vt 0.618253 0.810635
vt 0.635178 0.801715
vt 0.647444 0.807336
vt 0.653615 0.799898
vt 0.624003 0.806120
vt 0.607062 0.796299
vt 0.646177 0.784325
vt 0.663215 0.787255
vt 0.611951 0.792559
vt 0.585259 0.744456
vt 0.631808 0.798851
vt 0.619093 0.786609
vt 0.641838 0.782361
vt 0.653502 0.765363
vt 0.669120 0.778682
vt 0.674485 0.769982
vt 0.679767 0.759997
vt 0.629010 0.774979
vt 0.648672 0.764311
vt 0.655813 0.747823
vt 0.684141 0.749402
vt 0.686556 0.742095
vt 0.635782 0.761218
vt 0.650649 0.748085
vt 0.655002 0.735558
vt 0.687777 0.734637
vt 0.638160 0.748391
vt 0.650111 0.736287
vt 0.651884 0.723341
vt 0.687335 0.723155
vt 0.684078 0.711661
vt 0.678715 0.700291
vt 0.637629 0.734608
vt 0.647276 0.724477
vt 0.645511 0.707879
vt 0.672430 0.691213
vt 0.667481 0.685880
vt 0.661207 0.681288
vt 0.630495 0.716492
vt 0.641267 0.710459
vt 0.633963 0.692254
vt 0.651514 0.675865
vt 0.637508 0.672771
vt 0.620507 0.704692
vt 0.630065 0.695969
vt 0.618771 0.679046
vt 0.624312 0.671196
vt 0.611477 0.670741
vt 0.615979 0.682655
vt 0.610134 0.674722
vt 0.602316 0.667742
vt 0.601261 0.670959
vt 0.608002 0.695644
vt 0.607765 0.678123
vt 0.600030 0.674428
vt 0.601017 0.692466
vt 0.593858 0.689281
vt 0.377897 0.531692
vt 0.374913 0.535207
vt 0.384991 0.539620
vt 0.381531 0.542264
vt 0.372304 0.537753
vt 0.388200 0.550193
vt 0.392037 0.548106
vt 0.378807 0.544720
vt 0.370089 0.539863
vt 0.376287 0.546820
vt 0.369244 0.540622
vt 0.375395 0.547550
vt 0.353307 0.560020
vt 0.381170 0.555150
vt 0.333325 0.583564
vt 0.382110 0.554489
vt 0.361512 0.568939
vt 0.340065 0.590332
vt 0.307919 0.605739
vt 0.317110 0.612723
vt 0.347783 0.597601
vt 0.269694 0.624629
vt 0.368729 0.576751
vt 0.330784 0.620849
vt 0.353822 0.602831
vt 0.385032 0.560283
vt 0.373139 0.581255
vt 0.385932 0.559775
vt 0.389170 0.564356
vt 0.385134 0.552759
vt 0.390828 0.561537
vt 0.394358 0.559269
vt 0.398011 0.557194
vt 0.404258 0.574447
vt 0.407511 0.571623
vt 0.413857 0.580971
vt 0.400854 0.577095
vt 0.410360 0.583947
vt 0.420097 0.590227
vt 0.399016 0.578266
vt 0.416085 0.593325
vt 0.426350 0.600298
vt 0.406935 0.586406
vt 0.422139 0.602965
vt 0.412673 0.595608
vt 0.405095 0.587672
vt 0.428286 0.612629
vt 0.432806 0.610256
vt 0.419053 0.605334
vt 0.433056 0.619675
vt 0.437391 0.617177
vt 0.425296 0.614904
vt 0.411034 0.596903
vt 0.417223 0.606793
vt 0.430155 0.622136
vt 0.437838 0.626472
vt 0.442132 0.623867
vt 0.423334 0.617059
vt 0.445829 0.636214
vt 0.449500 0.632863
vt 0.435091 0.629128
vt 0.455248 0.644918
vt 0.458564 0.641048
vt 0.442989 0.639054
vt 0.428008 0.624312
vt 0.433120 0.631423
vt 0.453101 0.648132
vt 0.411877 0.629589
vt 0.441337 0.641189
vt 0.417462 0.636255
vt 0.423582 0.643018
vt 0.404419 0.620009
vt 0.399799 0.643588
vt 0.396979 0.610814
vt 0.389889 0.635947
vt 0.381378 0.628317
vt 0.390578 0.602796
vt 0.374024 0.621355
vt 0.383830 0.594708
vt 0.364774 0.612740
vt 0.376982 0.585752
vt 0.359995 0.608302
vt 0.342704 0.625955
vt 0.353855 0.631975
vt 0.358975 0.635426
vt 0.343041 0.640157
vt 0.367738 0.641433
vt 0.353574 0.642248
vt 0.358256 0.644095
vt 0.379694 0.647843
vt 0.363203 0.646780
vt 0.390893 0.653642
vt 0.376036 0.652177
vt 0.388149 0.657314
vt 0.400069 0.657355
vt 0.397641 0.660783
vt 0.385984 0.659877
vt 0.406972 0.648393
vt 0.396426 0.662823
vt 0.414740 0.653221
vt 0.405012 0.667655
vt 0.409225 0.661223
vt 0.407138 0.664183
vt 0.421302 0.666335
vt 0.419461 0.669557
vt 0.426164 0.659849
vt 0.434258 0.672945
vt 0.417868 0.672660
vt 0.433557 0.650973
vt 0.438269 0.666493
vt 0.451356 0.650194
vt 0.443958 0.659543
vt 0.451340 0.674601
vt 0.456464 0.667630
vt 0.463890 0.656581
vt 0.462468 0.659002
vt 0.468788 0.674805
vt 0.466000 0.652881
vt 0.468451 0.648941
vt 0.478132 0.654272
vt 0.473408 0.665069
vt 0.474739 0.662545
vt 0.476345 0.658515
vt 0.485074 0.657216
vt 0.483500 0.661616
vt 0.492895 0.659819
vt 0.481858 0.665705
vt 0.491217 0.664501
vt 0.503969 0.662859
vt 0.480858 0.668308
vt 0.489486 0.668761
vt 0.502668 0.667735
vt 0.475744 0.678157
vt 0.500787 0.672197
vt 0.516768 0.671138
vt 0.518795 0.666140
vt 0.515001 0.676022
vt 0.530710 0.674340
vt 0.533045 0.670004
vt 0.528608 0.679511
vt 0.544134 0.678086
vt 0.546968 0.673973
vt 0.542135 0.683165
vt 0.541188 0.685237
vt 0.527784 0.681601
vt 0.535440 0.699637
vt 0.514137 0.678058
vt 0.523014 0.695294
vt 0.499867 0.674476
vt 0.508401 0.690620
vt 0.488396 0.670962
vt 0.483758 0.681307
vt 0.494792 0.686110
vt 0.479490 0.689584
vt 0.490357 0.696128
vt 0.503852 0.704073
vt 0.518561 0.711445
vt 0.486392 0.707541
vt 0.532253 0.716041
vt 0.499594 0.720465
vt 0.514764 0.729630
vt 0.529297 0.733871
vt 0.497371 0.728101
vt 0.527058 0.744451
vt 0.513392 0.741593
vt 0.534232 0.755029
vt 0.525423 0.754746
vt 0.534366 0.756947
vt 0.525388 0.756318
vt 0.519168 0.753661
vt 0.533635 0.761547
vt 0.534009 0.762257
vt 0.534277 0.765382
vt 0.524677 0.761508
vt 0.522240 0.764529
vt 0.524567 0.760891
vt 0.518764 0.759888
vt 0.510553 0.760784
vt 0.518861 0.759360
vt 0.512029 0.757657
vt 0.500735 0.753519
vt 0.518761 0.755184
vt 0.512124 0.756870
vt 0.502115 0.750472
vt 0.491416 0.744685
vt 0.512377 0.752640
vt 0.502388 0.749701
vt 0.493814 0.742225
vt 0.512298 0.751206
vt 0.503542 0.746846
vt 0.504402 0.745058
vt 0.494130 0.741665
vt 0.495607 0.738672
vt 0.496361 0.736660
vt 0.485673 0.732873
vt 0.483557 0.735294
vt 0.486045 0.732377
vt 0.479862 0.724197
vt 0.477088 0.726081
vt 0.487898 0.729299
vt 0.480148 0.723801
vt 0.470273 0.712522
vt 0.467337 0.714682
vt 0.470624 0.712287
vt 0.481401 0.720797
vt 0.488462 0.727942
vt 0.483202 0.715878
vt 0.472156 0.708888
vt 0.473790 0.704332
vt 0.464302 0.705592
vt 0.465389 0.701942
vt 0.476041 0.698382
vt 0.463949 0.706074
vt 0.461430 0.708775
vt 0.457076 0.699431
vt 0.456762 0.699876
vt 0.454362 0.702340
vt 0.458778 0.696399
vt 0.443861 0.690774
vt 0.442312 0.693926
vt 0.444162 0.690144
vt 0.428250 0.686166
vt 0.430080 0.683107
vt 0.430264 0.682548
vt 0.416482 0.676049
vt 0.414977 0.679587
vt 0.402371 0.673934
vt 0.445354 0.686875
vt 0.403311 0.670756
vt 0.392586 0.670732
vt 0.416614 0.675124
vt 0.393238 0.667998
vt 0.430586 0.679243
vt 0.403599 0.670173
vt 0.395265 0.664854
vt 0.432369 0.676429
vt 0.447157 0.684040
vt 0.448693 0.680478
vt 0.460652 0.693036
vt 0.462288 0.688612
vt 0.465124 0.681841
vt 0.472143 0.685707
vt 0.468639 0.692934
vt 0.466887 0.698187
vt 0.393400 0.667254
vt 0.384844 0.661800
vt 0.382931 0.665414
vt 0.381684 0.668200
vt 0.383406 0.664591
vt 0.370647 0.662011
vt 0.370159 0.664503
vt 0.356864 0.661722
vt 0.372401 0.658379
vt 0.357259 0.658648
vt 0.370835 0.661150
vt 0.341723 0.656729
vt 0.340693 0.660078
vt 0.328433 0.659094
vt 0.357502 0.657862
vt 0.359352 0.654937
vt 0.372758 0.655880
vt 0.359966 0.651058
vt 0.354839 0.650156
vt 0.354528 0.649069
vt 0.342238 0.653073
vt 0.343239 0.648287
vt 0.343179 0.647231
vt 0.341785 0.656042
vt 0.335905 0.638882
vt 0.330825 0.645835
vt 0.319923 0.638526
vt 0.306646 0.638891
vt 0.314949 0.645895
vt 0.330789 0.646950
vt 0.300839 0.645333
vt 0.330046 0.651643
vt 0.314561 0.646929
vt 0.328544 0.654753
vt 0.314650 0.650745
vt 0.328343 0.655421
vt 0.311500 0.657713
vt 0.312061 0.653407
vt 0.311856 0.654133
vt 0.296221 0.656761
vt 0.298335 0.649948
vt 0.296467 0.653233
vt 0.280572 0.654062
vt 0.296779 0.652472
vt 0.281476 0.651106
vt 0.281737 0.650414
vt 0.270330 0.647413
vt 0.268703 0.649948
vt 0.284901 0.647536
vt 0.261698 0.642636
vt 0.259741 0.645009
vt 0.270881 0.646383
vt 0.274287 0.644145
vt 0.286753 0.643910
vt 0.300189 0.646505
vt 0.287677 0.642731
vt 0.276897 0.641015
vt 0.293410 0.637042
vt 0.278219 0.639941
vt 0.284007 0.633929
vt 0.276584 0.630127
vt 0.269447 0.636058
vt 0.262457 0.630186
vt 0.268742 0.636851
vt 0.261558 0.631294
vt 0.266113 0.639605
vt 0.258647 0.633775
vt 0.262406 0.641678
vt 0.255513 0.636268
vt 0.254447 0.636806
vt 0.252526 0.639168
vt 0.632782 0.820629
vt 0.626380 0.810050
vt 0.640427 0.814210
vt 0.635178 0.801715
vt 0.647444 0.807336
vt 0.653615 0.799898
vt 0.624003 0.806120
vt 0.646177 0.784325
vt 0.663215 0.787255
vt 0.611951 0.792559
vt 0.631808 0.798851
vt 0.619093 0.786609
vt 0.641838 0.782361
vt 0.653502 0.765363
vt 0.669120 0.778682
vt 0.674485 0.769982
vt 0.679767 0.759997
vt 0.629010 0.774979
vt 0.648672 0.764311
vt 0.655813 0.747823
vt 0.684141 0.749402
vt 0.686556 0.742095
vt 0.635782 0.761218
vt 0.650649 0.748085
vt 0.655002 0.735558
vt 0.687777 0.734637
vt 0.638160 0.748391
vt 0.650111 0.736287
vt 0.651884 0.723341
vt 0.687335 0.723155
vt 0.684078 0.711661
vt 0.678715 0.700291
vt 0.637629 0.734608
vt 0.647276 0.724477
vt 0.645511 0.707879
vt 0.672430 0.691213
vt 0.667481 0.685880
vt 0.661207 0.681288
vt 0.630495 0.716492
vt 0.641267 0.710459
vt 0.633963 0.692254
vt 0.651514 0.675865
vt 0.637508 0.672771
vt 0.620507 0.704692
vt 0.630065 0.695969
vt 0.618771 0.679046
vt 0.624312 0.671196
vt 0.611477 0.670741
vt 0.615979 0.682655
vt 0.610134 0.674722
vt 0.608002 0.695644
vt 0.607765 0.678123
vt 0.601017 0.692466
vt 0.388143 0.519289
vt 0.398872 0.524360
vt 0.392078 0.527721
vt 0.395474 0.516119
vt 0.394355 0.531511
vt 0.405495 0.522206
vt 0.403370 0.513509
vt 0.400942 0.527878
vt 0.407853 0.549998
vt 0.413214 0.521242
vt 0.411840 0.512114
vt 0.406769 0.525419
vt 0.422213 0.520792
vt 0.421754 0.510918
vt 0.416215 0.545111
vt 0.411816 0.555694
vt 0.413973 0.524257
vt 0.420009 0.552046
vt 0.412383 0.556555
vt 0.426577 0.541517
vt 0.423358 0.523791
vt 0.420498 0.552933
vt 0.422247 0.578604
vt 0.434424 0.520774
vt 0.434237 0.511473
vt 0.432977 0.574306
vt 0.441650 0.609379
vt 0.428696 0.550148
vt 0.428749 0.548967
vt 0.437892 0.549776
vt 0.447982 0.606150
vt 0.454430 0.622714
vt 0.448165 0.571777
vt 0.456083 0.606034
vt 0.437999 0.548566
vt 0.447603 0.551510
vt 0.437657 0.540987
vt 0.447918 0.550359
vt 0.435045 0.524135
vt 0.449572 0.543671
vt 0.445909 0.523774
vt 0.446281 0.520145
vt 0.446064 0.511331
vt 0.459818 0.511917
vt 0.459161 0.519942
vt 0.459140 0.523274
vt 0.468334 0.520275
vt 0.470001 0.512578
vt 0.461528 0.548324
vt 0.468044 0.523108
vt 0.481761 0.521931
vt 0.483274 0.514429
vt 0.493939 0.517316
vt 0.481206 0.524381
vt 0.491374 0.524736
vt 0.503124 0.520826
vt 0.474027 0.554458
vt 0.458760 0.555080
vt 0.500605 0.527699
vt 0.458440 0.556399
vt 0.470459 0.561055
vt 0.483508 0.560688
vt 0.508065 0.530118
vt 0.511449 0.524213
vt 0.518665 0.528389
vt 0.514613 0.535171
vt 0.526888 0.536792
vt 0.492682 0.567909
vt 0.521066 0.541055
vt 0.527579 0.550481
vt 0.534584 0.546798
vt 0.499573 0.574154
vt 0.535256 0.561700
vt 0.542509 0.558619
vt 0.506407 0.582618
vt 0.540005 0.573128
vt 0.547735 0.570895
vt 0.512763 0.592188
vt 0.542245 0.579618
vt 0.550238 0.579075
vt 0.544271 0.586524
vt 0.552073 0.586147
vt 0.519280 0.602554
vt 0.545483 0.598412
vt 0.553089 0.598956
vt 0.544907 0.607519
vt 0.551631 0.607813
vt 0.524690 0.616874
vt 0.544114 0.615525
vt 0.549597 0.617258
vt 0.546733 0.626916
vt 0.541213 0.626350
vt 0.543599 0.635958
vt 0.526653 0.628217
vt 0.539451 0.634170
vt 0.539630 0.644923
vt 0.535379 0.643360
vt 0.534508 0.654451
vt 0.527654 0.639059
vt 0.531173 0.653076
vt 0.530867 0.662401
vt 0.527153 0.660931
vt 0.525382 0.650402
vt 0.522624 0.658980
vt 0.516500 0.656332
vt 0.518507 0.647623
vt 0.519758 0.638373
vt 0.517409 0.647578
vt 0.515311 0.655793
vt 0.500802 0.650286
vt 0.518358 0.638241
vt 0.504150 0.639581
vt 0.468996 0.633942
vt 0.517911 0.629739
vt 0.471270 0.627616
vt 0.506924 0.623996
vt 0.470527 0.616198
vt 0.519278 0.628803
vt 0.515548 0.619285
vt 0.516926 0.618117
vt 0.504404 0.608355
vt 0.510554 0.606533
vt 0.512100 0.605666
vt 0.507110 0.596735
vt 0.505687 0.597852
vt 0.497264 0.595108
vt 0.498489 0.588232
vt 0.499818 0.587109
vt 0.488350 0.584191
vt 0.492041 0.580709
vt 0.493131 0.579241
vt 0.485197 0.574621
vt 0.486395 0.573310
vt 0.479317 0.567238
vt 0.469569 0.562558
vt 0.478224 0.568553
vt 0.463787 0.572619
vt 0.478875 0.578073
vt 0.463588 0.607912
vt 0.398872 0.524360
vt 0.395474 0.516119
vt 0.405495 0.522206
vt 0.403370 0.513509
vt 0.400942 0.527878
vt 0.413214 0.521242
vt 0.411840 0.512114
vt 0.406769 0.525419
vt 0.422213 0.520792
vt 0.421754 0.510918
vt 0.413973 0.524257
vt 0.423358 0.523791
vt 0.434424 0.520774
vt 0.434237 0.511473
vt 0.416215 0.545111
vt 0.426577 0.541517
vt 0.420009 0.552046
vt 0.437657 0.540987
vt 0.420498 0.552933
vt 0.428749 0.548967
vt 0.428696 0.550148
vt 0.432977 0.574306
vt 0.437892 0.549776
vt 0.447982 0.606150
vt 0.448165 0.571777
vt 0.456083 0.606034
vt 0.437999 0.548566
vt 0.447603 0.551510
vt 0.463787 0.572619
vt 0.447918 0.550359
vt 0.458440 0.556399
vt 0.458760 0.555080
vt 0.449572 0.543671
vt 0.461528 0.548324
vt 0.470459 0.561055
vt 0.445909 0.523774
vt 0.469569 0.562558
vt 0.474027 0.554458
vt 0.479317 0.567238
vt 0.459140 0.523274
vt 0.478224 0.568553
vt 0.435045 0.524135
vt 0.446281 0.520145
vt 0.446064 0.511331
vt 0.459818 0.511917
vt 0.459161 0.519942
vt 0.468334 0.520275
vt 0.470001 0.512578
vt 0.468044 0.523108
vt 0.481761 0.521931
vt 0.483274 0.514429
vt 0.493939 0.517316
vt 0.481206 0.524381
vt 0.491374 0.524736
vt 0.503124 0.520826
vt 0.483508 0.560688
vt 0.500605 0.527699
vt 0.508065 0.530118
vt 0.511449 0.524213
vt 0.518665 0.528389
vt 0.514613 0.535171
vt 0.526888 0.536792
vt 0.492682 0.567909
vt 0.521066 0.541055
vt 0.527579 0.550481
vt 0.534584 0.546798
vt 0.499573 0.574154
vt 0.486395 0.573310
vt 0.535256 0.561700
vt 0.542509 0.558619
vt 0.493131 0.579241
vt 0.485197 0.574621
vt 0.506407 0.582618
vt 0.499818 0.587109
vt 0.492041 0.580709
vt 0.478875 0.578073
vt 0.488350 0.584191
vt 0.463588 0.607912
vt 0.498489 0.588232
vt 0.470527 0.616198
vt 0.497264 0.595108
vt 0.507110 0.596735
vt 0.505687 0.597852
vt 0.504404 0.608355
vt 0.510554 0.606533
vt 0.512763 0.592188
vt 0.512100 0.605666
vt 0.540005 0.573128
vt 0.547735 0.570895
vt 0.542245 0.579618
vt 0.550238 0.579075
vt 0.519280 0.602554
vt 0.544271 0.586524
vt 0.552073 0.586147
vt 0.545483 0.598412
vt 0.553089 0.598956
vt 0.516926 0.618117
vt 0.524690 0.616874
vt 0.544907 0.607519
vt 0.551631 0.607813
vt 0.544114 0.615525
vt 0.549597 0.617258
vt 0.546733 0.626916
vt 0.541213 0.626350
vt 0.543599 0.635958
vt 0.526653 0.628217
vt 0.539451 0.634170
vt 0.539630 0.644923
vt 0.519278 0.628803
vt 0.535379 0.643360
vt 0.534508 0.654451
vt 0.527654 0.639059
vt 0.531173 0.653076
vt 0.525382 0.650402
vt 0.518507 0.647623
vt 0.519758 0.638373
vt 0.517409 0.647578
vt 0.518358 0.638241
vt 0.504150 0.639581
vt 0.517911 0.629739
vt 0.471270 0.627616
vt 0.506924 0.623996
vt 0.515548 0.619285
vn 0.4736 -0.5587 0.6808
vn 0.1831 0.0964 0.9784
vn 0.1831 -0.6237 0.7599
vn 0.1831 -0.9784 0.0964
vn 0.4699 0.1002 0.8770
vn 0.4570 -0.8852 0.0872
vn 0.4617 0.6941 0.5523
vn 0.1831 0.7599 0.6237
vn 0.1831 0.9784 -0.0964
vn 0.7959 -0.3841 0.4680
vn 0.8076 0.1043 0.5805
vn 0.8076 0.4842 0.3367
vn 0.8252 -0.5621 0.0554
vn 1.0000 0.0000 -0.0000
vn 0.8076 -0.4842 -0.3367
vn 0.4570 0.8852 -0.0872
vn 0.8252 0.5621 -0.0554
vn 0.7959 0.3841 -0.4680
vn 0.4736 0.5587 -0.6808
vn 0.1831 0.6237 -0.7599
vn 0.1831 -0.0964 -0.9784
vn 0.8076 -0.1043 -0.5805
vn 0.4699 -0.1002 -0.8770
vn 0.4617 -0.6941 -0.5523
vn 0.1831 -0.7599 -0.6237
vn -0.1831 0.0964 0.9784
vn -0.4736 -0.5587 0.6808
vn -0.1831 -0.6237 0.7599
vn -0.1831 -0.9784 0.0964
vn -0.4699 0.1002 0.8770
vn -0.4570 -0.8852 0.0872
vn -0.4617 0.6941 0.5523
vn -0.1831 0.7599 0.6237
vn -0.1831 0.9784 -0.0964
vn -0.7959 -0.3841 0.4680
vn -0.8076 0.1043 0.5805
vn -0.4570 0.8852 -0.0872
vn -0.8076 0.4842 0.3367
vn -1.0000 0.0000 -0.0000
vn -0.8252 -0.5621 0.0554
vn -0.8076 -0.4842 -0.3367
vn -0.4617 -0.6941 -0.5523
vn -0.1831 -0.7599 -0.6237
vn -0.1831 -0.0964 -0.9784
vn -0.8076 -0.1043 -0.5805
vn -0.4699 -0.1002 -0.8770
vn -0.4736 0.5587 -0.6808
vn -0.1831 0.6237 -0.7599
vn -0.7959 0.3841 -0.4680
vn -0.8252 0.5621 -0.0554
vn 0.0283 0.1960 -0.9802
vn 0.0519 -0.4618 -0.8855
vn 0.0053 0.2087 -0.9780
vn 0.1091 -0.4275 -0.8974
vn 0.0784 -0.7290 -0.6800
vn 0.0943 0.1560 -0.9832
vn 0.1444 -0.7456 -0.6505
vn 0.2213 -0.4392 -0.8707
vn 0.3222 -0.4264 -0.8452
vn 0.1586 0.1216 -0.9798
vn 0.2563 -0.7439 -0.6172
vn 0.1361 -0.4860 -0.8633
vn 0.0773 -0.4723 -0.8780
vn 0.2344 -0.5253 -0.8180
vn 0.1259 -0.9899 -0.0652
vn 0.0773 -0.9950 -0.0630
vn 0.0680 -0.9967 -0.0452
vn 0.2060 -0.9762 -0.0681
vn 0.1252 -0.9909 -0.0501
vn 0.0510 -0.9961 -0.0724
vn 0.2823 -0.9571 -0.0657
vn 0.1036 -0.9916 -0.0775
vn 0.3096 -0.5100 -0.8026
vn 0.2308 -0.9715 -0.0545
vn 0.2089 -0.9740 -0.0882
vn 0.0759 -0.9927 -0.0934
vn 0.0479 -0.9952 -0.0854
vn 0.1705 -0.9788 -0.1137
vn 0.2823 -0.9543 -0.0977
vn -0.0015 -0.9974 -0.0716
vn -0.0037 -0.9979 -0.0653
vn 0.3487 -0.9353 -0.0603
vn 0.2824 -0.9502 -0.1316
vn 0.3792 -0.9181 -0.1154
vn 0.5432 -0.8358 -0.0800
vn 0.6087 -0.7857 -0.1101
vn 0.4518 -0.4352 -0.7788
vn 0.5899 -0.8015 -0.0982
vn 0.3667 -0.6990 -0.6140
vn 0.5011 -0.7537 -0.4253
vn 0.4152 -0.4005 -0.8168
vn 0.2012 0.1592 -0.9665
vn 0.4572 -0.3711 -0.8082
vn 0.1942 0.2243 -0.9550
vn 0.1643 0.2617 -0.9510
vn 0.5258 -0.7649 -0.3722
vn 0.4826 -0.2766 -0.8310
vn 0.1736 0.2967 -0.9391
vn 0.4956 -0.8664 -0.0619
vn 0.5480 -0.2062 -0.8107
vn 0.1386 0.3373 -0.9311
vn 0.6107 -0.7356 -0.2932
vn 0.6083 -0.1199 -0.7846
vn 0.7004 -0.6558 -0.2818
vn 0.5719 -0.8183 -0.0578
vn 0.5878 -0.0256 -0.8086
vn 0.1116 0.3430 -0.9327
vn 0.8007 -0.5744 -0.1702
vn 0.6278 0.0333 -0.7776
vn 0.0930 0.3327 -0.9384
vn 0.8534 -0.4805 -0.2021
vn 0.6731 -0.7372 -0.0598
vn 0.7728 -0.6338 -0.0334
vn 0.9231 -0.3350 -0.1889
vn 0.6637 0.1299 -0.7366
vn 0.0764 0.3143 -0.9462
vn 0.8263 -0.5624 -0.0298
vn 0.7591 0.2306 -0.6088
vn 0.0533 0.2659 -0.9625
vn 0.9847 -0.1203 -0.1259
vn 0.7315 0.3338 -0.5946
vn 0.0311 0.1991 -0.9795
vn 0.9963 0.0853 -0.0101
vn 0.9123 -0.4091 -0.0201
vn 0.9852 -0.1712 0.0087
vn 0.9553 0.2941 0.0302
vn 0.9977 0.0654 0.0160
vn 0.7131 0.4470 -0.5401
vn -0.0235 0.1292 -0.9913
vn -0.0416 0.0060 -0.9991
vn 0.6298 0.4746 -0.6149
vn -0.0456 -0.0607 -0.9971
vn 0.8791 0.4615 0.1193
vn 0.5223 0.5418 -0.6585
vn -0.0502 -0.1057 -0.9931
vn 0.7939 0.5881 0.1543
vn 0.6711 0.7141 0.1994
vn 0.3917 0.6191 -0.6807
vn -0.0292 -0.2253 -0.9738
vn 0.6755 0.7298 0.1056
vn 0.2260 0.6559 -0.7202
vn 0.5192 0.8431 0.1400
vn 0.2997 0.9499 0.0890
vn 0.0684 0.6836 -0.7267
vn 0.0004 -0.2703 -0.9628
vn 0.0880 0.9959 0.0190
vn -0.0581 0.7455 -0.6640
vn 0.0348 -0.2152 -0.9759
vn -0.0822 0.9959 -0.0390
vn -0.0998 0.7296 -0.6765
vn 0.0234 -0.1603 -0.9868
vn 0.0166 -0.1218 -0.9924
vn -0.0997 0.7837 -0.6131
vn -0.1407 0.9892 -0.0423
vn -0.1249 0.9917 -0.0293
vn -0.1422 0.9833 -0.1133
vn -0.1217 0.9867 -0.1078
vn -0.0684 0.9962 -0.0535
vn -0.1137 0.9726 -0.2027
vn -0.1781 0.9652 -0.1916
vn 0.0054 0.9877 -0.1564
vn 0.1281 0.9913 0.0297
vn -0.1287 0.9360 -0.3277
vn -0.2043 0.9304 -0.3044
vn 0.3161 0.9424 0.1091
vn 0.0197 0.9362 -0.3510
vn 0.5310 0.8403 0.1093
vn 0.5168 0.8555 0.0313
vn 0.1868 0.9799 -0.0703
vn 0.3492 0.9370 0.0032
vn 0.1799 0.9199 -0.3485
vn 0.3517 0.8876 -0.2974
vn 0.5213 0.8255 -0.2162
vn 0.6869 0.7265 0.0173
vn 0.7924 0.6043 0.0833
vn 0.7052 0.6888 -0.1680
vn 0.8763 0.4739 0.0867
vn 0.8095 0.5853 0.0469
vn 0.8268 0.5529 -0.1030
vn 0.8858 0.4580 0.0743
vn 0.9545 0.2946 0.0467
vn 0.9539 0.2858 0.0912
vn 0.9961 0.0599 0.0645
vn 0.9042 0.4257 -0.0343
vn 0.9650 0.2607 0.0290
vn 0.9820 -0.1849 0.0375
vn 0.9985 0.0420 0.0359
vn 0.9676 0.2430 -0.0681
vn 0.9015 0.3961 -0.1745
vn 0.8180 0.5055 -0.2745
vn 0.9730 0.2182 -0.0754
vn 0.9083 0.3741 -0.1871
vn 0.6969 0.6270 -0.3480
vn 0.8253 0.4628 -0.3235
vn 0.9364 0.3450 -0.0637
vn 0.5019 0.7595 -0.4138
vn 0.6998 0.6068 -0.3768
vn 0.3054 0.8301 -0.4665
vn 0.5125 0.7145 -0.4762
vn 0.8796 0.4458 -0.1658
vn 0.7868 0.5712 -0.2336
vn 0.1311 0.8801 -0.4562
vn 0.3058 0.8036 -0.5105
vn -0.0256 0.9175 -0.3969
vn 0.0807 0.8771 -0.4736
vn 0.6085 0.6970 -0.3793
vn -0.1579 0.9190 -0.3612
vn -0.2232 0.9051 -0.3619
vn -0.1749 0.9095 -0.3772
vn -0.0537 0.9199 -0.3885
vn -0.1466 0.9232 -0.3552
vn -0.1492 0.9263 -0.3459
vn -0.0980 0.9206 -0.3780
vn -0.1483 0.9395 -0.3087
vn -0.1025 0.9895 -0.1022
vn -0.1067 0.9875 -0.1157
vn -0.0876 0.9955 0.0372
vn -0.0918 0.9956 -0.0202
vn -0.1164 0.9397 -0.3217
vn -0.0856 0.9904 0.1081
vn 0.0583 0.1367 0.9889
vn 0.0499 0.1967 0.9792
vn 0.0612 0.0420 0.9972
vn 0.0718 0.0224 0.9972
vn 0.1065 0.0793 0.9911
vn 0.1936 -0.0164 0.9809
vn -0.0571 0.9919 0.1134
vn 0.3106 0.0287 0.9501
vn 0.4827 -0.0826 0.8719
vn -0.0086 0.9984 0.0552
vn 0.5062 0.0930 0.8574
vn 0.5921 -0.1455 0.7926
vn -0.0231 0.9994 0.0269
vn 0.1714 0.9768 0.1281
vn 0.6243 0.0069 0.7812
vn 0.5808 -0.2210 0.7835
vn 0.1379 0.9903 0.0163
vn 0.3308 0.9385 0.0993
vn 0.6186 -0.1146 0.7773
vn -0.0617 0.9426 -0.3282
vn 0.2192 0.9714 -0.0911
vn 0.0110 0.9183 -0.3957
vn 0.4207 0.9072 0.0054
vn 0.3112 0.9341 -0.1750
vn 0.0523 0.9018 -0.4291
vn 0.2052 0.8437 -0.4960
vn 0.4170 0.8800 -0.2273
vn 0.4581 0.7885 -0.4103
vn 0.4683 0.8698 -0.1552
vn 0.5239 0.8073 -0.2717
vn 0.6855 0.6886 -0.2367
vn 0.5811 -0.1887 0.7916
vn 0.5556 -0.2442 0.7948
vn 0.5714 -0.0666 0.8180
vn 0.4933 -0.1640 0.8543
vn 0.4759 -0.0763 0.8762
vn 0.4113 -0.1251 0.9029
vn 0.8183 0.5403 -0.1961
vn 0.4819 0.0466 0.8750
vn 0.3666 -0.0337 0.9298
vn 0.9000 0.4346 -0.0351
vn 0.3993 0.0355 0.9162
vn 0.2759 -0.0262 0.9608
vn 0.9409 0.3360 0.0422
vn 0.3417 0.0672 0.9374
vn 0.1857 0.0011 0.9826
vn 0.1330 0.0515 0.9898
vn 0.2539 0.0768 0.9642
vn 0.9657 0.2195 0.1390
vn 0.3244 0.1167 0.9387
vn 0.1147 0.1099 0.9873
vn 0.1506 0.2009 0.9680
vn 0.9798 0.1962 0.0384
vn 0.3398 0.1589 0.9270
vn 0.2023 0.2406 0.9493
vn 0.9809 0.0593 0.1851
vn 0.3690 0.1647 0.9147
vn 0.9991 0.0325 -0.0277
vn 0.9974 0.0407 0.0594
vn 0.9765 -0.1317 0.1706
vn 0.9872 -0.1572 0.0252
vn 0.9801 -0.1891 -0.0596
vn 0.9992 0.0289 -0.0270
vn 0.9798 -0.1975 -0.0303
vn 0.9827 -0.1843 0.0195
vn 0.9128 -0.4084 -0.0024
vn 0.9103 -0.4126 -0.0336
vn 0.9090 -0.4169 0.0051
vn 0.8331 -0.5525 -0.0253
vn 0.8222 -0.5688 -0.0203
vn 0.8384 -0.5413 -0.0637
vn 0.7676 -0.6403 -0.0293
vn 0.7719 -0.6337 -0.0508
vn 0.6819 -0.7303 -0.0408
vn 0.6908 -0.7196 -0.0703
vn 0.5599 -0.8257 -0.0684
vn 0.5923 -0.7991 -0.1027
vn 0.7801 -0.6154 -0.1127
vn 0.4863 -0.8704 -0.0763
vn 0.6306 -0.7555 -0.1774
vn 0.5799 -0.8080 -0.1044
vn 0.5735 -0.7993 -0.1795
vn 0.4336 -0.8897 -0.1429
vn 0.6024 -0.7669 -0.2214
vn 0.6903 -0.6798 -0.2476
vn 0.5504 -0.8217 -0.1479
vn 0.7142 -0.6811 -0.1611
vn 0.6667 -0.7164 -0.2057
vn 0.7077 -0.6287 -0.3224
vn 0.4553 -0.8746 -0.1664
vn 0.6371 -0.7662 -0.0840
vn 0.7200 -0.6818 -0.1297
vn 0.3549 -0.9225 -0.1521
vn 0.5510 -0.8283 -0.1015
vn 0.2468 -0.9580 -0.1459
vn 0.4313 -0.8968 -0.0988
vn 0.8220 -0.3958 0.4095
vn 0.8544 -0.3751 0.3595
vn 0.3606 -0.9313 -0.0519
vn 0.8153 -0.3836 0.4338
vn 0.8397 -0.3931 0.3747
vn 0.1389 -0.9831 -0.1189
vn 0.8120 -0.5111 0.2819
vn 0.0760 -0.9920 -0.1006
vn 0.2022 -0.9779 -0.0539
vn 0.0150 -0.9964 -0.0833
vn 0.1264 -0.9920 -0.0077
vn 0.0469 -0.9987 0.0201
vn 0.7984 -0.3678 0.4767
vn 0.6809 -0.5448 0.4895
vn 0.5422 -0.5659 0.6211
vn 0.0137 -0.9992 0.0368
vn 0.0764 -0.9933 0.0864
vn 0.0855 -0.5837 0.8075
vn 0.3847 -0.5387 0.7495
vn 0.1770 -0.5756 0.7983
vn 0.1471 -0.6453 0.7496
vn 0.0805 -0.6514 0.7545
vn 0.3432 -0.6326 0.6943
vn 0.1253 -0.7458 0.6543
vn 0.0699 -0.7622 0.6436
vn 0.2805 -0.7078 0.6483
vn 0.5125 -0.6024 0.6120
vn 0.4595 -0.6664 0.5871
vn 0.4051 0.0568 0.9125
vn 0.2015 -0.0082 0.9795
vn 0.1160 -0.0053 0.9932
vn 0.2051 0.1633 0.9650
vn 0.1180 0.1502 0.9816
vn 0.3953 0.1560 0.9052
vn 0.5393 0.2293 0.8103
vn 0.5653 0.0935 0.8196
vn 0.6663 0.2619 0.6981
vn 0.5816 -0.6813 0.4445
vn 0.6913 0.1589 0.7049
vn 0.7652 0.1403 0.6283
vn 0.7208 0.2833 0.6326
vn 0.6648 -0.5605 0.4938
vn 0.6512 -0.7080 0.2733
vn 0.7507 0.2190 0.6234
vn 0.6747 0.3734 0.6366
vn 0.7505 -0.5384 0.3833
vn 0.6828 -0.7135 0.1570
vn 0.6351 0.3690 0.6786
vn 0.5417 0.4795 0.6904
vn 0.8117 -0.5066 0.2907
vn 0.7312 -0.6791 0.0652
vn 0.5554 0.2988 0.7760
vn 0.4701 0.4068 0.7833
vn 0.3271 0.3455 0.8795
vn 0.8289 -0.5064 0.2376
vn 0.7379 -0.6738 0.0381
vn 0.7804 -0.6136 0.1204
vn 0.8176 -0.5059 0.2750
vn 0.4759 0.2083 0.8545
vn 0.8296 -0.5322 0.1690
vn 0.4333 0.1110 0.8944
vn 0.2684 0.2534 0.9294
vn 0.1841 0.2691 0.9454
vn 0.2715 0.2191 0.9372
vn 0.8878 -0.4223 0.1831
vn 0.9367 -0.3190 0.1443
vn 0.8353 -0.5058 0.2154
vn 0.8817 -0.4717 -0.0127
vn 0.9348 -0.3547 0.0179
vn 0.8314 -0.5553 -0.0206
vn 0.8659 -0.4894 -0.1034
vn 0.9188 -0.3903 -0.0583
vn 0.9106 -0.4055 -0.0802
vn 0.8442 -0.5172 -0.1405
vn 0.7738 -0.5903 -0.2300
vn 0.7157 -0.6391 -0.2817
vn 0.8144 -0.5798 -0.0237
vn -0.0277 0.5815 -0.8130
vn 0.0322 0.4657 -0.8844
vn -0.0250 0.6019 -0.7982
vn 0.0015 0.4657 -0.8849
vn -0.0591 0.5918 -0.8039
vn -0.0116 0.9426 -0.3337
vn 0.0144 0.4644 -0.8855
vn -0.0484 0.5932 -0.8036
vn -0.0397 0.5860 -0.8093
vn -0.1166 0.9228 -0.3673
vn -0.0015 0.8358 -0.5490
vn 0.0088 0.4585 -0.8886
vn -0.0500 0.5156 -0.8554
vn -0.1117 0.8200 -0.5614
vn -0.3813 0.2428 -0.8920
vn -0.2787 0.8743 -0.3973
vn -0.2745 0.7792 -0.5635
vn -0.4238 0.7773 -0.4650
vn 0.0322 0.3839 -0.9228
vn -0.0069 0.4819 -0.8762
vn -0.0144 0.4821 -0.8760
vn 0.0037 0.4161 -0.9093
vn -0.4050 0.6788 -0.6125
vn -0.5424 0.5808 -0.6070
vn 0.0542 0.3235 -0.9447
vn 0.0186 0.3946 -0.9187
vn 0.0270 0.3469 -0.9375
vn -0.5246 0.5196 -0.6744
vn -0.5809 0.3936 -0.7124
vn 0.0703 0.2811 -0.9571
vn 0.0435 0.3200 -0.9464
vn -0.5767 0.3431 -0.7414
vn -0.6147 0.2316 -0.7540
vn 0.0656 0.2680 -0.9612
vn 0.0461 0.2760 -0.9600
vn 0.0457 0.2169 -0.9751
vn 0.0365 0.1812 -0.9828
vn -0.5775 0.1477 -0.8029
vn -0.6046 0.0445 -0.7953
vn 0.0308 0.2163 -0.9758
vn 0.0452 0.0917 -0.9948
vn 0.0579 0.0655 -0.9962
vn -0.0023 0.0750 -0.9972
vn -0.5206 -0.0464 -0.8526
vn -0.4951 -0.1134 -0.8614
vn 0.0247 0.1277 -0.9915
vn 0.0088 -0.0186 -0.9998
vn 0.0087 -0.0336 -0.9994
vn -0.3940 -0.2486 -0.8849
vn -0.3744 -0.3233 -0.8691
vn 0.0482 0.0396 -0.9981
vn 0.0364 -0.1201 -0.9921
vn 0.0170 -0.1540 -0.9879
vn -0.2408 -0.4619 -0.8536
vn 0.0427 0.0884 -0.9952
vn 0.0224 -0.1765 -0.9840
vn 0.0523 0.1295 -0.9902
vn -0.2486 -0.3446 -0.9052
vn -0.0734 -0.5562 -0.8278
vn -0.0607 -0.5843 -0.8093
vn -0.1048 -0.3825 -0.9180
vn -0.1121 -0.4046 -0.9076
vn -0.0519 -0.4618 -0.8855
vn -0.0283 0.1960 -0.9802
vn -0.0053 0.2087 -0.9780
vn -0.1090 -0.4275 -0.8974
vn -0.0943 0.1560 -0.9832
vn -0.0784 -0.7290 -0.6800
vn -0.2213 -0.4392 -0.8707
vn -0.1444 -0.7456 -0.6505
vn -0.3222 -0.4264 -0.8452
vn -0.1586 0.1216 -0.9798
vn -0.2563 -0.7440 -0.6171
vn -0.1352 -0.4861 -0.8634
vn -0.0773 -0.4723 -0.8780
vn -0.2344 -0.5253 -0.8180
vn -0.1258 -0.9899 -0.0652
vn -0.0773 -0.9950 -0.0630
vn -0.0680 -0.9967 -0.0452
vn -0.2060 -0.9762 -0.0681
vn -0.1252 -0.9909 -0.0501
vn -0.0510 -0.9961 -0.0723
vn -0.2823 -0.9571 -0.0657
vn -0.1036 -0.9916 -0.0776
vn -0.3096 -0.5100 -0.8026
vn -0.2308 -0.9715 -0.0546
vn -0.2086 -0.9740 -0.0881
vn -0.0758 -0.9927 -0.0934
vn -0.0479 -0.9952 -0.0854
vn -0.1705 -0.9788 -0.1137
vn -0.2823 -0.9543 -0.0977
vn 0.0015 -0.9974 -0.0716
vn 0.0037 -0.9997 -0.0229
vn -0.3487 -0.9353 -0.0603
vn -0.2824 -0.9502 -0.1316
vn -0.3791 -0.9181 -0.1153
vn -0.5432 -0.8358 -0.0800
vn -0.6087 -0.7857 -0.1101
vn -0.4518 -0.4352 -0.7788
vn -0.5899 -0.8015 -0.0982
vn -0.3667 -0.6990 -0.6139
vn -0.5011 -0.7537 -0.4252
vn -0.4152 -0.4005 -0.8168
vn -0.2011 0.1592 -0.9665
vn -0.4572 -0.3711 -0.8082
vn -0.1943 0.2244 -0.9549
vn -0.1643 0.2617 -0.9510
vn -0.5258 -0.7649 -0.3722
vn -0.4827 -0.2766 -0.8310
vn -0.1735 0.2966 -0.9391
vn -0.4956 -0.8664 -0.0619
vn -0.5480 -0.2062 -0.8107
vn -0.1381 0.3375 -0.9311
vn -0.6107 -0.7356 -0.2932
vn -0.6083 -0.1199 -0.7846
vn -0.7004 -0.6558 -0.2817
vn -0.5719 -0.8183 -0.0578
vn -0.5878 -0.0256 -0.8086
vn -0.1115 0.3429 -0.9327
vn -0.8007 -0.5744 -0.1702
vn -0.6278 0.0332 -0.7777
vn -0.0930 0.3327 -0.9384
vn -0.8534 -0.4805 -0.2021
vn -0.6731 -0.7372 -0.0598
vn -0.7728 -0.6338 -0.0334
vn -0.9231 -0.3350 -0.1888
vn -0.6637 0.1299 -0.7366
vn -0.0764 0.3143 -0.9462
vn -0.8263 -0.5625 -0.0298
vn -0.7591 0.2306 -0.6088
vn -0.0533 0.2660 -0.9625
vn -0.9847 -0.1203 -0.1259
vn -0.7315 0.3338 -0.5946
vn -0.0310 0.1991 -0.9795
vn -0.9963 0.0853 -0.0101
vn -0.9122 -0.4091 -0.0201
vn -0.9852 -0.1712 0.0087
vn -0.9553 0.2941 0.0302
vn -0.8222 -0.5688 -0.0203
vn -0.9977 0.0653 0.0161
vn -0.9088 -0.4171 0.0050
vn -0.9820 -0.1849 0.0375
vn -0.7676 -0.6403 -0.0293
vn -0.8331 -0.5525 -0.0253
vn -0.6819 -0.7303 -0.0408
vn -0.7719 -0.6337 -0.0508
vn -0.6908 -0.7196 -0.0703
vn -0.5599 -0.8257 -0.0684
vn -0.5924 -0.7991 -0.1027
vn -0.4863 -0.8704 -0.0763
vn -0.6306 -0.7555 -0.1774
vn -0.5799 -0.8080 -0.1044
vn -0.5734 -0.7993 -0.1795
vn -0.4336 -0.8897 -0.1429
vn -0.6024 -0.7669 -0.2214
vn -0.6903 -0.6798 -0.2476
vn -0.5504 -0.8217 -0.1479
vn -0.7142 -0.6811 -0.1611
vn -0.6667 -0.7164 -0.2057
vn -0.7077 -0.6287 -0.3224
vn -0.7801 -0.6154 -0.1127
vn -0.7157 -0.6391 -0.2817
vn -0.8384 -0.5413 -0.0637
vn -0.7737 -0.5903 -0.2301
vn -0.8442 -0.5172 -0.1405
vn -0.9103 -0.4126 -0.0336
vn -0.9105 -0.4056 -0.0802
vn -0.8659 -0.4894 -0.1034
vn -0.9128 -0.4084 -0.0024
vn -0.9188 -0.3903 -0.0583
vn -0.9827 -0.1843 0.0195
vn -0.9872 -0.1572 0.0252
vn -0.9798 -0.1975 -0.0303
vn -0.9801 -0.1891 -0.0596
vn -0.9992 0.0289 -0.0270
vn -0.9991 0.0325 -0.0277
vn -0.9985 0.0420 0.0360
vn -0.9676 0.2430 -0.0681
vn -0.9974 0.0407 0.0594
vn -0.9961 0.0599 0.0645
vn -0.9650 0.2607 0.0290
vn -0.9545 0.2946 0.0467
vn -0.9539 0.2858 0.0912
vn -0.9042 0.4257 -0.0343
vn -0.8858 0.4580 0.0743
vn -0.8791 0.4615 0.1193
vn -0.8763 0.4739 0.0867
vn -0.8095 0.5853 0.0469
vn -0.7131 0.4470 -0.5401
vn 0.0235 0.1292 -0.9913
vn 0.0416 0.0061 -0.9991
vn -0.7924 0.6043 0.0833
vn -0.7939 0.5881 0.1543
vn -0.6298 0.4746 -0.6149
vn 0.0458 -0.0610 -0.9971
vn -0.5223 0.5418 -0.6586
vn 0.0502 -0.1057 -0.9931
vn -0.6711 0.7141 0.1994
vn -0.3917 0.6191 -0.6807
vn 0.0292 -0.2254 -0.9738
vn -0.6755 0.7298 0.1056
vn -0.5192 0.8431 0.1400
vn -0.2260 0.6559 -0.7202
vn -0.6869 0.7265 0.0173
vn -0.2997 0.9499 0.0890
vn -0.0684 0.6836 -0.7267
vn -0.0006 -0.2703 -0.9628
vn -0.0880 0.9959 0.0190
vn 0.0581 0.7455 -0.6640
vn -0.0348 -0.2152 -0.9759
vn 0.0822 0.9959 -0.0389
vn 0.0998 0.7296 -0.6765
vn -0.0234 -0.1603 -0.9868
vn -0.0166 -0.1218 -0.9924
vn 0.0986 0.7838 -0.6131
vn 0.1407 0.9892 -0.0423
vn 0.1251 0.9917 -0.0293
vn 0.1422 0.9833 -0.1133
vn 0.1217 0.9867 -0.1078
vn 0.0684 0.9962 -0.0535
vn 0.1137 0.9726 -0.2027
vn 0.1782 0.9652 -0.1917
vn -0.1281 0.9913 0.0297
vn -0.0054 0.9877 -0.1564
vn -0.3161 0.9424 0.1091
vn -0.1868 0.9799 -0.0703
vn -0.5310 0.8403 0.1093
vn -0.5168 0.8555 0.0313
vn -0.3492 0.9370 0.0032
vn -0.5213 0.8255 -0.2162
vn -0.3517 0.8876 -0.2974
vn -0.1799 0.9199 -0.3485
vn -0.0197 0.9362 -0.3510
vn -0.3054 0.8301 -0.4665
vn 0.1288 0.9360 -0.3277
vn 0.2043 0.9304 -0.3044
vn -0.1311 0.8801 -0.4562
vn 0.0256 0.9175 -0.3969
vn 0.1579 0.9190 -0.3612
vn 0.2232 0.9051 -0.3619
vn 0.1749 0.9095 -0.3772
vn -0.0807 0.8771 -0.4736
vn 0.1466 0.9232 -0.3552
vn 0.0537 0.9199 -0.3885
vn 0.1492 0.9263 -0.3459
vn 0.0980 0.9206 -0.3780
vn 0.1483 0.9395 -0.3087
vn 0.1025 0.9895 -0.1022
vn 0.1067 0.9875 -0.1157
vn 0.0876 0.9955 0.0372
vn 0.0918 0.9956 -0.0202
vn 0.1164 0.9397 -0.3217
vn 0.0856 0.9904 0.1081
vn -0.0584 0.1367 0.9889
vn -0.0499 0.1967 0.9792
vn -0.0719 0.0224 0.9972
vn -0.0612 0.0420 0.9972
vn -0.1065 0.0792 0.9912
vn -0.1936 -0.0164 0.9809
vn 0.0571 0.9919 0.1135
vn -0.3106 0.0287 0.9501
vn -0.4826 -0.0826 0.8719
vn 0.0086 0.9984 0.0552
vn -0.5061 0.0930 0.8574
vn -0.5918 -0.1453 0.7929
vn 0.0231 0.9994 0.0269
vn -0.1714 0.9768 0.1281
vn -0.6243 0.0069 0.7811
vn -0.5808 -0.2210 0.7835
vn -0.1379 0.9903 0.0162
vn -0.3308 0.9385 0.0993
vn -0.6175 -0.1141 0.7782
vn 0.0617 0.9426 -0.3282
vn -0.2192 0.9714 -0.0911
vn -0.0110 0.9183 -0.3957
vn -0.4207 0.9072 0.0054
vn -0.3112 0.9341 -0.1750
vn -0.0523 0.9018 -0.4291
vn -0.5811 -0.1887 0.7916
vn -0.5556 -0.2442 0.7948
vn -0.4683 0.8698 -0.1552
vn -0.5714 -0.0666 0.8180
vn -0.4933 -0.1640 0.8543
vn -0.4170 0.8800 -0.2273
vn -0.5239 0.8073 -0.2717
vn -0.4759 -0.0763 0.8762
vn -0.4113 -0.1251 0.9029
vn -0.6854 0.6886 -0.2367
vn -0.4581 0.7885 -0.4103
vn -0.2051 0.8437 -0.4960
vn -0.3058 0.8036 -0.5105
vn -0.6085 0.6971 -0.3793
vn -0.5125 0.7145 -0.4762
vn -0.8183 0.5403 -0.1961
vn -0.7868 0.5712 -0.2336
vn -0.5019 0.7595 -0.4138
vn -0.4819 0.0466 0.8750
vn -0.3666 -0.0337 0.9298
vn -0.9000 0.4346 -0.0351
vn -0.3993 0.0355 0.9161
vn -0.2759 -0.0262 0.9608
vn -0.8796 0.4458 -0.1658
vn -0.3417 0.0672 0.9374
vn -0.1857 0.0012 0.9826
vn -0.9409 0.3360 0.0422
vn -0.1330 0.0515 0.9898
vn -0.2539 0.0768 0.9642
vn -0.9656 0.2195 0.1390
vn -0.3244 0.1167 0.9387
vn -0.1147 0.1098 0.9873
vn -0.1506 0.2009 0.9680
vn -0.9364 0.3450 -0.0637
vn -0.3398 0.1589 0.9270
vn -0.2024 0.2406 0.9493
vn -0.9809 0.0594 0.1851
vn -0.3690 0.1647 0.9147
vn -0.9798 0.1962 0.0384
vn -0.9765 -0.1317 0.1706
vn -0.9348 -0.3547 0.0179
vn -0.9730 0.2182 -0.0754
vn -0.9083 0.3741 -0.1871
vn -0.9015 0.3961 -0.1745
vn -0.8253 0.4628 -0.3235
vn -0.8180 0.5055 -0.2745
vn -0.8268 0.5529 -0.1030
vn -0.7052 0.6888 -0.1680
vn -0.6969 0.6270 -0.3480
vn -0.6998 0.6068 -0.3768
vn -0.9367 -0.3191 0.1443
vn -0.8816 -0.4717 -0.0127
vn -0.2715 0.2191 0.9372
vn -0.1840 0.2692 0.9453
vn -0.8877 -0.4224 0.1830
vn -0.4333 0.1109 0.8944
vn -0.2684 0.2534 0.9294
vn -0.3271 0.3456 0.8795
vn -0.8353 -0.5058 0.2154
vn -0.4759 0.2083 0.8545
vn -0.8296 -0.5322 0.1690
vn -0.5554 0.2988 0.7760
vn -0.4701 0.4068 0.7833
vn -0.5417 0.4795 0.6904
vn -0.7804 -0.6136 0.1204
vn -0.8176 -0.5059 0.2750
vn -0.8314 -0.5553 -0.0206
vn -0.8144 -0.5798 -0.0237
vn -0.8152 -0.3836 0.4339
vn -0.7200 -0.6818 -0.1297
vn -0.8120 -0.5110 0.2819
vn -0.8220 -0.3958 0.4095
vn -0.6370 -0.7662 -0.0840
vn -0.7379 -0.6738 0.0381
vn -0.4553 -0.8746 -0.1664
vn -0.5510 -0.8283 -0.1015
vn -0.3549 -0.9225 -0.1521
vn -0.2468 -0.9580 -0.1459
vn -0.4313 -0.8968 -0.0988
vn -0.8544 -0.3751 0.3595
vn -0.3606 -0.9313 -0.0519
vn -0.8289 -0.5064 0.2376
vn -0.8397 -0.3931 0.3747
vn -0.7312 -0.6791 0.0652
vn -0.8117 -0.5066 0.2907
vn -0.6351 0.3690 0.6786
vn -0.6747 0.3734 0.6366
vn -0.6828 -0.7135 0.1570
vn -0.7507 0.2190 0.6233
vn -0.7208 0.2833 0.6326
vn -0.7505 -0.5384 0.3833
vn -0.7652 0.1402 0.6283
vn -0.6663 0.2619 0.6981
vn -0.6512 -0.7080 0.2733
vn -0.6913 0.1589 0.7049
vn -0.5816 -0.6813 0.4446
vn -0.5653 0.0935 0.8196
vn -0.5393 0.2293 0.8103
vn -0.6648 -0.5606 0.4938
vn -0.4051 0.0568 0.9125
vn -0.3953 0.1560 0.9052
vn -0.4594 -0.6664 0.5872
vn -0.5125 -0.6024 0.6120
vn -0.6809 -0.5448 0.4895
vn -0.7984 -0.3678 0.4767
vn -0.2022 -0.9779 -0.0539
vn -0.5422 -0.5659 0.6211
vn -0.1389 -0.9831 -0.1189
vn -0.1264 -0.9920 -0.0077
vn -0.0760 -0.9920 -0.1006
vn -0.0150 -0.9964 -0.0833
vn -0.0469 -0.9987 0.0201
vn -0.0137 -0.9992 0.0368
vn -0.0764 -0.9933 0.0864
vn -0.0855 -0.5837 0.8075
vn -0.3847 -0.5387 0.7495
vn -0.1769 -0.5756 0.7983
vn -0.3433 -0.6327 0.6941
vn -0.1470 -0.6453 0.7496
vn -0.0805 -0.6514 0.7545
vn -0.2805 -0.7078 0.6483
vn -0.1254 -0.7458 0.6543
vn -0.0699 -0.7622 0.6436
vn -0.2015 -0.0082 0.9795
vn -0.1170 -0.0053 0.9931
vn -0.2051 0.1633 0.9650
vn -0.1180 0.1502 0.9816
vn 0.0277 0.5815 -0.8130
vn 0.0250 0.6019 -0.7982
vn -0.0322 0.4657 -0.8844
vn -0.0015 0.4657 -0.8849
vn 0.0591 0.5919 -0.8039
vn 0.0116 0.9426 -0.3337
vn -0.0143 0.4644 -0.8855
vn 0.0484 0.5932 -0.8036
vn 0.0397 0.5861 -0.8093
vn 0.1165 0.9228 -0.3673
vn 0.0015 0.8358 -0.5490
vn -0.0087 0.4585 -0.8886
vn 0.0500 0.5156 -0.8554
vn 0.1117 0.8200 -0.5614
vn 0.3813 0.2428 -0.8920
vn 0.2788 0.8743 -0.3973
vn 0.2745 0.7792 -0.5635
vn 0.4238 0.7773 -0.4650
vn -0.0322 0.3839 -0.9228
vn 0.0069 0.4819 -0.8762
vn 0.0144 0.4821 -0.8760
vn -0.0037 0.4161 -0.9093
vn 0.4050 0.6788 -0.6125
vn 0.5424 0.5808 -0.6070
vn -0.0542 0.3235 -0.9447
vn -0.0186 0.3946 -0.9187
vn -0.0270 0.3469 -0.9375
vn 0.5246 0.5197 -0.6744
vn 0.5809 0.3937 -0.7124
vn -0.0703 0.2811 -0.9571
vn -0.0435 0.3201 -0.9464
vn 0.5767 0.3431 -0.7414
vn 0.6147 0.2316 -0.7540
vn -0.0656 0.2680 -0.9612
vn -0.0461 0.2760 -0.9600
vn -0.0457 0.2169 -0.9751
vn -0.0365 0.1812 -0.9828
vn 0.5775 0.1477 -0.8029
vn 0.6046 0.0445 -0.7953
vn -0.0308 0.2163 -0.9758
vn -0.0452 0.0917 -0.9948
vn -0.0579 0.0655 -0.9962
vn 0.0023 0.0750 -0.9972
vn 0.5206 -0.0464 -0.8526
vn 0.4950 -0.1134 -0.8614
vn -0.0247 0.1277 -0.9915
vn -0.0089 -0.0187 -0.9998
vn -0.0087 -0.0336 -0.9994
vn 0.3940 -0.2486 -0.8849
vn 0.3744 -0.3233 -0.8691
vn -0.0482 0.0396 -0.9981
vn -0.0369 -0.1203 -0.9921
vn -0.0170 -0.1540 -0.9879
vn 0.2408 -0.4619 -0.8536
vn -0.0427 0.0884 -0.9952
vn -0.0224 -0.1765 -0.9840
vn -0.0523 0.1295 -0.9902
vn 0.2486 -0.3446 -0.9052
vn 0.0734 -0.5562 -0.8278
vn 0.0607 -0.5843 -0.8093
vn 0.1049 -0.3825 -0.9180
vn 0.1121 -0.4046 -0.9076
vn 0.1132 0.4637 0.8788
vn 0.1876 0.5559 0.8098
vn 0.1068 0.5690 0.8154
vn 0.1917 0.4656 0.8640
vn 0.0926 0.8606 0.5008
vn 0.3564 0.5223 0.7747
vn 0.3534 0.4949 0.7939
vn 0.0834 0.8469 0.5252
vn -0.0204 0.7237 0.6899
vn 0.4843 0.5234 0.7011
vn 0.4658 0.5319 0.7071
vn 0.1970 0.8154 0.5444
vn 0.5384 0.5429 0.6445
vn 0.5341 0.5513 0.6409
vn -0.0469 0.6592 0.7505
vn 0.0005 0.0535 0.9986
vn 0.2734 0.7431 0.6107
vn 0.0200 0.0412 0.9989
vn -0.1248 0.9092 0.3973
vn -0.0308 0.4953 0.8681
vn 0.4541 0.5355 0.7120
vn -0.1566 0.9036 0.3988
vn -0.1344 0.7877 0.6012
vn 0.6005 0.4908 0.6313
vn 0.5860 0.5356 0.6081
vn -0.2137 0.7673 0.6046
vn -0.1256 0.5417 0.8312
vn -0.2887 0.8609 0.4190
vn 0.0891 0.0670 0.9938
vn -0.4026 0.8225 0.4017
vn -0.2433 0.4782 0.8439
vn -0.1350 0.0090 0.9908
vn -0.3869 0.6709 0.6326
vn -0.3870 0.3217 0.8641
vn 0.1917 0.1298 0.9728
vn -0.5500 0.7384 0.3903
vn 0.3310 0.1955 0.9232
vn 0.2983 0.2568 0.9193
vn 0.6482 0.3291 0.6867
vn 0.5784 0.0114 0.8157
vn 0.7192 0.1352 0.6815
vn 0.6447 0.4336 0.6296
vn 0.6027 0.5017 0.6205
vn 0.5437 0.5057 0.6698
vn 0.6408 0.3946 0.6585
vn 0.7875 -0.0022 0.6163
vn 0.5246 0.3222 0.7880
vn 0.4138 0.4355 0.7995
vn 0.6856 0.0072 0.7279
vn 0.7622 -0.0919 0.6408
vn 0.4325 0.2638 0.8622
vn 0.3798 0.3073 0.8725
vn 0.2623 0.2761 0.9246
vn 0.7090 -0.1176 0.6953
vn 0.6137 -0.0013 0.7895
vn 0.1905 0.3121 0.9308
vn 0.7075 0.0611 0.7040
vn 0.3184 0.3464 0.8824
vn 0.6116 0.0131 0.7911
vn -0.6318 0.6732 0.3843
vn 0.2767 0.3739 0.8852
vn 0.6759 0.1181 0.7275
vn 0.6032 0.1300 0.7870
vn 0.0659 0.2958 0.9530
vn 0.0004 0.2414 0.9704
vn 0.6047 0.1744 0.7771
vn -0.0758 0.1004 0.9921
vn 0.6683 0.1321 0.7321
vn 0.6035 0.1319 0.7864
vn 0.6095 0.1394 0.7804
vn -0.0745 0.0204 0.9970
vn 0.6728 0.0843 0.7350
vn 0.6190 0.1574 0.7695
vn -0.0790 -0.1055 0.9913
vn 0.6932 0.1110 0.7121
vn 0.6499 0.1179 0.7509
vn 0.0492 -0.1598 0.9859
vn 0.6985 0.1407 0.7016
vn 0.6667 0.0824 0.7408
vn 0.1682 -0.2036 0.9645
vn 0.6730 0.0616 0.7371
vn 0.3226 -0.2335 0.9173
vn 0.6733 0.1647 0.7208
vn 0.6871 0.0668 0.7235
vn 0.4447 -0.2514 0.8597
vn 0.7014 -0.0303 0.7121
vn 0.5425 -0.2617 0.7983
vn 0.5755 0.1699 0.8000
vn 0.6600 -0.0176 0.7511
vn 0.5808 -0.2475 0.7755
vn 0.6029 -0.1972 0.7731
vn 0.6343 -0.1323 0.7617
vn 0.4538 -0.1317 0.8813
vn 0.4430 0.0493 0.8951
vn 0.4459 -0.0933 0.8902
vn 0.2028 -0.2099 0.9565
vn 0.1834 -0.1320 0.9741
vn 0.0898 -0.2686 0.9590
vn 0.2172 -0.0107 0.9761
vn 0.0830 -0.1656 0.9827
vn 0.0803 -0.2739 0.9584
vn 0.0652 -0.1755 0.9823
vn 0.0912 0.0096 0.9958
vn 0.0569 0.0255 0.9981
vn 0.0715 0.1100 0.9914
vn 0.1089 0.1131 0.9876
vn 0.2096 0.0340 0.9772
vn -0.1511 -0.8888 0.4327
vn -0.1041 -0.8918 0.4403
vn -0.1138 -0.7376 0.6656
vn -0.2833 -0.8456 0.4524
vn -0.2207 -0.7065 0.6724
vn -0.1249 -0.5108 0.8506
vn -0.2780 -0.7814 0.5587
vn -0.2673 -0.4427 0.8559
vn -0.3223 -0.6230 0.7127
vn -0.4066 -0.2372 0.8823
vn 0.3380 -0.0300 0.9407
vn -0.4535 -0.7255 0.5176
vn 0.3305 -0.0892 0.9396
vn -0.4573 -0.4575 0.7626
vn -0.7278 -0.5533 0.4051
vn 0.3394 -0.0666 0.9383
vn 0.3126 -0.0196 0.9497
vn -0.8178 -0.3508 0.4563
vn -0.6051 -0.1887 0.7735
vn -0.8467 -0.1720 0.5035
vn 0.2772 -0.0047 0.9608
vn -0.6228 -0.0129 0.7822
vn -0.8755 -0.0147 0.4830
vn 0.2773 0.0663 0.9585
vn -0.8749 0.2025 0.4399
vn 0.1935 0.2208 0.9559
vn 0.2760 0.2993 0.9134
vn -0.7205 0.5319 0.4450
vn -0.7975 0.4168 0.4362
vn -0.5347 0.4790 0.6962
vn -0.5961 0.2546 0.7615
vn -0.4616 0.1083 0.8804
vn -0.1876 0.5559 0.8098
vn -0.1132 0.4637 0.8788
vn -0.1071 0.5690 0.8154
vn -0.1917 0.4656 0.8640
vn -0.0926 0.8606 0.5008
vn -0.3564 0.5223 0.7747
vn -0.3534 0.4949 0.7939
vn -0.0834 0.8469 0.5252
vn 0.0204 0.7237 0.6899
vn -0.4843 0.5234 0.7011
vn -0.4658 0.5319 0.7071
vn -0.1970 0.8154 0.5444
vn -0.5384 0.5429 0.6445
vn -0.5341 0.5513 0.6409
vn -0.2734 0.7431 0.6107
vn -0.4541 0.5355 0.7121
vn -0.6005 0.4908 0.6313
vn -0.5859 0.5357 0.6081
vn 0.0469 0.6592 0.7505
vn -0.0005 0.0535 0.9986
vn 0.0308 0.4953 0.8681
vn -0.0200 0.0412 0.9990
vn 0.1248 0.9092 0.3973
vn -0.3310 0.1955 0.9232
vn 0.1566 0.9036 0.3988
vn 0.1344 0.7877 0.6012
vn -0.0891 0.0670 0.9938
vn 0.2886 0.8609 0.4190
vn 0.2137 0.7673 0.6046
vn 0.1256 0.5417 0.8312
vn 0.4026 0.8225 0.4017
vn 0.2433 0.4782 0.8439
vn 0.1350 0.0090 0.9908
vn 0.3869 0.6709 0.6326
vn 0.3870 0.3217 0.8641
vn -0.1917 0.1298 0.9728
vn 0.5499 0.7384 0.3903
vn 0.5347 0.4790 0.6962
vn -0.2983 0.2567 0.9193
vn 0.6318 0.6732 0.3843
vn -0.3184 0.3464 0.8824
vn -0.5784 0.0114 0.8157
vn -0.6856 0.0072 0.7279
vn -0.2767 0.3739 0.8852
vn -0.7192 0.1352 0.6815
vn 0.7205 0.5319 0.4450
vn -0.7075 0.0612 0.7040
vn -0.2760 0.2993 0.9134
vn -0.7875 -0.0022 0.6163
vn 0.7975 0.4168 0.4362
vn -0.6482 0.3291 0.6867
vn -0.6447 0.4336 0.6296
vn -0.6027 0.5017 0.6205
vn -0.5437 0.5058 0.6698
vn -0.6408 0.3946 0.6585
vn -0.5246 0.3222 0.7880
vn -0.4138 0.4355 0.7995
vn -0.7622 -0.0919 0.6408
vn -0.4324 0.2638 0.8622
vn -0.3798 0.3073 0.8725
vn -0.2623 0.2760 0.9246
vn -0.7090 -0.1176 0.6953
vn -0.6125 -0.0032 0.7905
vn -0.1906 0.3120 0.9308
vn -0.6759 0.1181 0.7275
vn -0.6116 0.0131 0.7911
vn -0.6032 0.1300 0.7870
vn -0.0660 0.2962 0.9528
vn -0.0004 0.2414 0.9704
vn -0.6047 0.1744 0.7771
vn 0.0758 0.1004 0.9921
vn -0.6683 0.1321 0.7321
vn -0.6035 0.1319 0.7864
vn -0.6095 0.1394 0.7804
vn 0.0745 0.0204 0.9970
vn -0.6728 0.0843 0.7350
vn -0.1935 0.2208 0.9559
vn -0.6190 0.1573 0.7694
vn 0.0790 -0.1055 0.9913
vn -0.2773 0.0663 0.9585
vn 0.8749 0.2025 0.4398
vn -0.6932 0.1110 0.7121
vn -0.2772 -0.0047 0.9608
vn 0.8755 -0.0148 0.4830
vn 0.5961 0.2546 0.7615
vn 0.6228 -0.0129 0.7822
vn 0.4617 0.1083 0.8804
vn 0.8467 -0.1720 0.5035
vn 0.4066 -0.2371 0.8823
vn 0.6051 -0.1887 0.7735
vn -0.3126 -0.0196 0.9497
vn 0.8178 -0.3507 0.4563
vn 0.4573 -0.4574 0.7626
vn 0.7278 -0.5533 0.4052
vn -0.6986 0.1407 0.7016
vn -0.3394 -0.0666 0.9383
vn -0.6499 0.1179 0.7509
vn -0.0492 -0.1598 0.9859
vn -0.6666 0.0824 0.7408
vn -0.1682 -0.2036 0.9645
vn -0.6733 0.1647 0.7208
vn -0.6730 0.0615 0.7371
vn -0.3227 -0.2335 0.9173
vn -0.6871 0.0667 0.7235
vn -0.4447 -0.2514 0.8597
vn -0.3305 -0.0892 0.9396
vn -0.5755 0.1699 0.8000
vn -0.7014 -0.0303 0.7121
vn -0.5425 -0.2617 0.7983
vn -0.6600 -0.0176 0.7511
vn -0.5808 -0.2475 0.7755
vn -0.6029 -0.1972 0.7731
vn -0.6343 -0.1323 0.7617
vn -0.4538 -0.1317 0.8813
vn -0.4430 0.0493 0.8951
vn -0.4459 -0.0933 0.8902
vn -0.2027 -0.2099 0.9565
vn -0.3380 -0.0300 0.9407
vn -0.1834 -0.1320 0.9741
vn -0.0898 -0.2687 0.9590
vn -0.2171 -0.0107 0.9761
vn -0.0830 -0.1655 0.9827
vn -0.0803 -0.2739 0.9584
vn -0.0652 -0.1755 0.9823
vn -0.0912 0.0096 0.9958
vn -0.0569 0.0255 0.9981
vn -0.0715 0.1100 0.9914
vn -0.1089 0.1131 0.9876
vn -0.2096 0.0340 0.9772
vn 0.1510 -0.8888 0.4327
vn 0.1041 -0.8918 0.4403
vn 0.1138 -0.7376 0.6656
vn 0.2833 -0.8456 0.4524
vn 0.2207 -0.7065 0.6724
vn 0.1249 -0.5108 0.8506
vn 0.2780 -0.7814 0.5587
vn 0.2673 -0.4427 0.8559
vn 0.3223 -0.6230 0.7127
vn 0.4535 -0.7255 0.5176
s 1
f 1/1/1 2/2/2 3/3/3
f 4/4/4 1/1/1 3/3/3
f 2/2/2 1/1/1 5/5/5
f 1/1/1 4/4/4 6/6/6
f 7/7/7 2/2/2 5/5/5
f 2/2/2 7/7/7 8/8/8
f 8/8/8 7/7/7 9/9/9
f 5/5/5 1/1/1 10/10/10
f 6/6/6 10/10/10 1/1/1
f 7/7/7 5/5/5 11/11/11
f 5/5/5 10/10/10 11/11/11
f 7/7/7 11/11/11 12/12/12
f 10/10/10 6/6/6 13/13/13
f 14/14/14 11/11/11 10/10/10
f 14/14/14 10/10/10 13/13/13
f 14/14/14 12/12/12 11/11/11
f 6/6/6 15/15/15 13/13/13
f 14/14/14 13/13/13 15/15/15
f 7/7/7 12/12/12 16/16/16
f 7/7/7 16/16/16 9/9/9
f 14/14/14 17/17/17 12/12/12
f 12/12/12 17/17/17 16/16/16
f 14/14/14 18/18/18 17/17/17
f 18/18/18 16/16/16 17/17/17
f 19/19/19 9/9/9 16/16/16
f 16/16/16 18/18/18 19/19/19
f 9/9/9 19/19/19 20/20/20
f 19/19/19 21/21/21 20/20/20
f 14/14/14 22/22/22 18/18/18
f 14/14/14 15/15/15 22/22/22
f 23/23/23 19/19/19 18/18/18
f 23/23/23 18/18/18 22/22/22
f 21/21/21 19/19/19 23/23/23
f 22/22/22 15/15/15 24/24/24
f 23/23/23 22/22/22 24/24/24
f 24/24/24 21/21/21 23/23/23
f 6/6/6 24/24/24 15/15/15
f 21/21/21 24/24/24 25/25/25
f 4/4/4 24/24/24 6/6/6
f 24/24/24 4/4/4 25/25/25
f 2/2/26 26/26/27 3/3/28
f 3/3/28 26/26/27 4/4/29
f 26/26/27 2/2/26 27/27/30
f 26/26/27 28/28/31 4/4/29
f 29/29/32 27/27/30 2/2/26
f 8/8/33 29/29/32 2/2/26
f 9/9/34 29/29/32 8/8/33
f 27/27/30 30/30/35 26/26/27
f 28/28/31 26/26/27 30/30/35
f 29/29/32 31/31/36 27/27/30
f 30/30/35 27/27/30 31/31/36
f 29/29/32 9/9/34 32/32/37
f 31/31/36 29/29/32 33/33/38
f 32/32/37 33/33/38 29/29/32
f 34/34/39 30/30/35 31/31/36
f 34/34/39 31/31/36 33/33/38
f 28/28/31 30/30/35 35/35/40
f 34/34/39 35/35/40 30/30/35
f 36/36/41 28/28/31 35/35/40
f 34/34/39 36/36/41 35/35/40
f 28/28/31 36/36/41 37/37/42
f 37/37/42 4/4/29 28/28/31
f 4/4/29 37/37/42 25/25/43
f 25/25/43 37/37/42 21/21/44
f 38/38/45 37/37/42 36/36/41
f 34/34/39 38/38/45 36/36/41
f 37/37/42 39/39/46 21/21/44
f 37/37/42 38/38/45 39/39/46
f 40/40/47 21/21/44 39/39/46
f 21/21/44 40/40/47 20/20/48
f 40/40/47 9/9/34 20/20/48
f 9/9/34 40/40/47 32/32/37
f 41/41/49 39/39/46 38/38/45
f 39/39/46 41/41/49 40/40/47
f 34/34/39 41/41/49 38/38/45
f 40/40/47 41/41/49 32/32/37
f 34/34/39 42/42/50 41/41/49
f 32/32/37 41/41/49 42/42/50
f 34/34/39 33/33/38 42/42/50
f 33/33/38 32/32/37 42/42/50
f 43/43/51 44/44/52 45/45/53
f 44/44/52 43/43/51 46/46/54
f 46/46/54 47/47/55 44/44/52
f 48/48/56 46/46/54 43/43/51
f 47/47/55 46/46/54 49/49/57
f 46/46/54 48/48/56 50/50/58
f 46/46/54 50/50/58 49/49/57
f 51/51/59 50/50/58 48/48/56
f 51/51/59 48/48/56 52/52/60
f 53/53/61 49/49/57 50/50/58
f 51/51/59 53/53/61 50/50/58
f 54/54/62 47/47/55 49/49/57
f 54/54/62 55/55/63 47/47/55
f 56/56/64 49/49/57 53/53/61
f 49/49/57 56/56/64 54/54/62
f 57/57/65 55/55/63 54/54/62
f 55/55/63 57/57/65 58/58/66
f 59/59/67 58/58/66 57/57/65
f 54/54/62 60/60/68 57/57/65
f 60/60/68 54/54/62 56/56/64
f 57/57/65 61/61/69 59/59/67
f 60/60/68 61/61/69 57/57/65
f 62/62/70 59/59/67 61/61/69
f 56/56/64 63/63/71 60/60/68
f 61/61/69 64/64/72 62/62/70
f 63/63/71 56/56/64 65/65/73
f 65/65/73 56/56/64 53/53/61
f 61/61/69 60/60/68 66/66/74
f 63/63/71 66/66/74 60/60/68
f 67/67/75 64/64/72 61/61/69
f 67/67/75 61/61/69 66/66/74
f 68/68/76 62/62/70 64/64/72
f 69/69/77 62/62/70 68/68/76
f 70/70/78 64/64/72 67/67/75
f 68/68/76 64/64/72 70/70/78
f 66/66/74 71/71/79 67/67/75
f 69/69/77 68/68/76 72/72/80
f 73/73/81 69/69/77 72/72/80
f 74/74/82 71/71/79 66/66/74
f 66/66/74 63/63/71 74/74/82
f 75/75/83 67/67/75 71/71/79
f 67/67/75 75/75/83 70/70/78
f 71/71/79 74/74/82 76/76/84
f 75/75/83 71/71/79 76/76/84
f 74/74/82 63/63/71 77/77/85
f 65/65/73 77/77/85 63/63/71
f 76/76/84 74/74/82 78/78/86
f 77/77/85 78/78/86 74/74/82
f 77/77/85 65/65/73 79/79/87
f 78/78/86 77/77/85 80/80/88
f 80/80/88 77/77/85 79/79/87
f 79/79/87 65/65/73 81/81/89
f 65/65/73 53/53/61 81/81/89
f 53/53/61 51/51/59 81/81/89
f 79/79/87 81/81/89 82/82/90
f 82/82/90 80/80/88 79/79/87
f 51/51/59 83/83/91 81/81/89
f 82/82/90 81/81/89 83/83/91
f 52/52/60 83/83/91 51/51/59
f 83/83/91 52/52/60 84/84/92
f 84/84/92 85/85/93 83/83/91
f 83/83/91 85/85/93 82/82/90
f 85/85/93 84/84/92 86/86/94
f 87/87/95 85/85/93 86/86/94
f 82/82/90 85/85/93 88/88/96
f 82/82/90 88/88/96 80/80/88
f 89/89/97 85/85/93 87/87/95
f 89/89/97 88/88/96 85/85/93
f 90/90/98 89/89/97 87/87/95
f 91/91/99 80/80/88 88/88/96
f 92/92/100 89/89/97 90/90/98
f 93/93/101 92/92/100 90/90/98
f 88/88/96 89/89/97 94/94/102
f 92/92/100 94/94/102 89/89/97
f 94/94/102 91/91/99 88/88/96
f 92/92/100 93/93/101 95/95/103
f 94/94/102 92/92/100 96/96/104
f 92/92/100 95/95/103 96/96/104
f 91/91/99 94/94/102 97/97/105
f 94/94/102 96/96/104 97/97/105
f 98/98/106 95/95/103 93/93/101
f 93/93/101 99/99/107 98/98/106
f 96/96/104 95/95/103 100/100/108
f 95/95/103 98/98/106 100/100/108
f 99/99/107 101/101/109 98/98/106
f 99/99/107 102/102/110 101/101/109
f 100/100/108 98/98/106 103/103/111
f 101/101/109 103/103/111 98/98/106
f 96/96/104 100/100/108 104/104/112
f 104/104/112 97/97/105 96/96/104
f 100/100/108 103/103/111 105/105/113
f 104/104/112 100/100/108 105/105/113
f 103/103/111 101/101/109 106/106/114
f 102/102/110 107/107/115 101/101/109
f 101/101/109 107/107/115 106/106/114
f 107/107/115 102/102/110 108/108/116
f 103/103/111 106/106/114 109/109/117
f 105/105/113 103/103/111 109/109/117
f 110/110/118 107/107/115 108/108/116
f 108/108/116 111/111/119 110/110/118
f 106/106/114 107/107/115 112/112/120
f 107/107/115 110/110/118 112/112/120
f 111/111/119 113/113/121 110/110/118
f 113/113/121 111/111/119 114/114/122
f 112/112/120 110/110/118 115/115/123
f 110/110/118 113/113/121 115/115/123
f 106/106/114 112/112/120 116/116/124
f 109/109/117 106/106/114 116/116/124
f 112/112/120 115/115/123 117/117/125
f 117/117/125 116/116/124 112/112/120
f 118/118/126 115/115/123 113/113/121
f 119/119/127 117/117/125 115/115/123
f 115/115/123 118/118/126 119/119/127
f 114/114/122 120/120/128 113/113/121
f 113/113/121 120/120/128 118/118/126
f 120/120/128 114/114/122 121/121/129
f 122/122/130 120/120/128 121/121/129
f 120/120/128 122/122/130 123/123/131
f 124/124/132 123/123/131 122/122/130
f 125/125/133 118/118/126 120/120/128
f 123/123/131 124/124/132 126/126/134
f 126/126/134 124/124/132 127/127/135
f 128/128/136 120/120/128 123/123/131
f 120/120/128 128/128/136 125/125/133
f 129/129/137 123/123/131 126/126/134
f 123/123/131 129/129/137 128/128/136
f 130/130/138 126/126/134 127/127/135
f 130/130/138 129/129/137 126/126/134
f 131/131/139 130/130/138 127/127/135
f 132/132/140 128/128/136 129/129/137
f 133/133/141 130/130/138 131/131/139
f 129/129/137 130/130/138 134/134/142
f 134/134/142 132/132/140 129/129/137
f 135/135/143 130/130/138 133/133/141
f 135/135/143 134/134/142 130/130/138
f 131/131/139 136/136/144 133/133/141
f 136/136/144 131/131/139 137/137/145
f 133/133/141 138/138/146 135/135/143
f 138/138/146 133/133/141 136/136/144
f 137/137/145 139/139/147 136/136/144
f 137/137/145 140/140/148 139/139/147
f 141/141/149 138/138/146 136/136/144
f 141/141/149 136/136/144 139/139/147
f 140/140/148 142/142/150 139/139/147
f 142/142/150 140/140/148 143/143/151
f 143/143/151 144/144/152 145/145/153
f 143/143/151 145/145/153 142/142/150
f 146/146/154 139/139/147 142/142/150
f 142/142/150 145/145/153 146/146/154
f 146/146/154 141/141/149 139/139/147
f 147/147/155 146/146/154 145/145/153
f 148/148/156 146/146/154 147/147/155
f 149/149/157 141/141/149 146/146/154
f 146/146/154 148/148/156 149/149/157
f 141/141/149 149/149/157 150/150/158
f 150/150/158 138/138/146 141/141/149
f 151/151/159 149/149/157 148/148/156
f 152/152/160 151/151/159 148/148/156
f 149/149/157 153/153/161 150/150/158
f 153/153/161 149/149/157 151/151/159
f 138/138/146 150/150/158 154/154/162
f 153/153/161 154/154/162 150/150/158
f 154/154/162 135/135/143 138/138/146
f 152/152/160 155/155/163 151/151/159
f 155/155/163 152/152/160 156/156/164
f 135/135/143 154/154/162 157/157/165
f 157/157/165 134/134/142 135/135/143
f 158/158/166 151/151/159 155/155/163
f 151/151/159 158/158/166 153/153/161
f 134/134/142 157/157/165 159/159/167
f 132/132/140 134/134/142 159/159/167
f 157/157/165 160/160/168 159/159/167
f 160/160/168 132/132/140 159/159/167
f 161/161/169 157/157/165 154/154/162
f 153/153/161 161/161/169 154/154/162
f 160/160/168 157/157/165 162/162/170
f 161/161/169 162/162/170 157/157/165
f 163/163/171 161/161/169 153/153/161
f 158/158/166 163/163/171 153/153/161
f 164/164/172 162/162/170 161/161/169
f 163/163/171 164/164/172 161/161/169
f 162/162/170 165/165/173 160/160/168
f 165/165/173 162/162/170 164/164/172
f 160/160/168 166/166/174 132/132/140
f 165/165/173 166/166/174 160/160/168
f 166/166/174 167/167/175 132/132/140
f 128/128/136 132/132/140 167/167/175
f 167/167/175 125/125/133 128/128/136
f 166/166/174 165/165/173 168/168/176
f 125/125/133 167/167/175 169/169/177
f 170/170/178 167/167/175 166/166/174
f 170/170/178 169/169/177 167/167/175
f 166/166/174 171/171/179 170/170/178
f 171/171/179 166/166/174 168/168/176
f 169/169/177 170/170/178 172/172/180
f 171/171/179 172/172/180 170/170/178
f 173/173/181 125/125/133 169/169/177
f 172/172/180 173/173/181 169/169/177
f 125/125/133 173/173/181 118/118/126
f 173/173/181 119/119/127 118/118/126
f 173/173/181 172/172/180 174/174/182
f 173/173/181 175/175/183 119/119/127
f 175/175/183 173/173/181 174/174/182
f 176/176/184 174/174/182 172/172/180
f 172/172/180 171/171/179 176/176/184
f 177/177/185 175/175/183 174/174/182
f 176/176/184 177/177/185 174/174/182
f 175/175/183 178/178/186 119/119/127
f 178/178/186 117/117/125 119/119/127
f 179/179/187 175/175/183 177/177/185
f 179/179/187 178/178/186 175/175/183
f 176/176/184 180/180/188 177/177/185
f 180/180/188 179/179/187 177/177/185
f 171/171/179 181/181/189 176/176/184
f 180/180/188 176/176/184 181/181/189
f 181/181/189 171/171/179 182/182/190
f 168/168/176 182/182/190 171/171/179
f 181/181/189 183/183/191 180/180/188
f 181/181/189 182/182/190 184/184/192
f 183/183/191 181/181/189 184/184/192
f 182/182/190 168/168/176 185/185/193
f 186/186/194 184/184/192 182/182/190
f 185/185/193 186/186/194 182/182/190
f 187/187/195 183/183/191 184/184/192
f 186/186/194 187/187/195 184/184/192
f 168/168/176 188/188/196 185/185/193
f 188/188/196 168/168/176 165/165/173
f 165/165/173 164/164/172 188/188/196
f 189/189/197 186/186/194 185/185/193
f 185/185/193 188/188/196 189/189/197
f 188/188/196 164/164/172 190/190/198
f 163/163/171 190/190/198 164/164/172
f 189/189/197 188/188/196 191/191/199
f 191/191/199 188/188/196 190/190/198
f 189/189/197 192/192/200 186/186/194
f 187/187/195 186/186/194 192/192/200
f 191/191/199 193/193/201 189/189/197
f 192/192/200 189/189/197 193/193/201
f 190/190/198 163/163/171 194/194/202
f 194/194/202 163/163/171 158/158/166
f 191/191/199 190/190/198 195/195/203
f 190/190/198 194/194/202 195/195/203
f 196/196/204 194/194/202 158/158/166
f 196/196/204 158/158/166 155/155/163
f 195/195/203 194/194/202 197/197/205
f 196/196/204 197/197/205 194/194/202
f 191/191/199 195/195/203 198/198/206
f 193/193/201 191/191/199 198/198/206
f 199/199/207 196/196/204 155/155/163
f 156/156/164 199/199/207 155/155/163
f 199/199/207 156/156/164 200/200/208
f 201/201/209 199/199/207 200/200/208
f 196/196/204 199/199/207 202/202/210
f 196/196/204 202/202/210 197/197/205
f 199/199/207 201/201/209 203/203/211
f 202/202/210 199/199/207 203/203/211
f 201/201/209 204/204/212 203/203/211
f 201/201/209 205/205/213 204/204/212
f 204/204/212 206/206/214 203/203/211
f 205/205/213 207/207/215 204/204/212
f 207/207/215 205/205/213 208/208/216
f 209/209/217 207/207/215 208/208/216
f 204/204/212 210/210/218 206/206/214
f 210/210/218 204/204/212 207/207/215
f 203/203/211 206/206/214 211/211/219
f 210/210/218 211/211/219 206/206/214
f 203/203/211 211/211/219 202/202/210
f 207/207/215 209/209/217 212/212/220
f 212/212/220 210/210/218 207/207/215
f 209/209/217 213/213/221 212/212/220
f 213/213/221 209/209/217 214/214/222
f 215/215/223 216/216/224 214/214/222
f 213/213/221 214/214/222 216/216/224
f 216/216/224 217/217/225 213/213/221
f 213/213/221 217/217/225 212/212/220
f 217/217/225 216/216/224 218/218/226
f 219/219/227 212/212/220 217/217/225
f 210/210/218 212/212/220 219/219/227
f 218/218/226 220/220/228 217/217/225
f 217/217/225 220/220/228 219/219/227
f 218/218/226 221/221/229 220/220/228
f 222/222/230 210/210/218 219/219/227
f 222/222/230 219/219/227 220/220/228
f 223/223/231 220/220/228 221/221/229
f 223/223/231 222/222/230 220/220/228
f 223/223/231 221/221/229 224/224/232
f 225/225/233 210/210/218 222/222/230
f 211/211/219 210/210/218 225/225/233
f 226/226/234 222/222/230 223/223/231
f 226/226/234 225/225/233 222/222/230
f 227/227/235 223/223/231 224/224/232
f 227/227/235 226/226/234 223/223/231
f 227/227/235 224/224/232 228/228/236
f 225/225/233 226/226/234 229/229/237
f 229/229/237 211/211/219 225/225/233
f 226/226/234 227/227/235 230/230/238
f 226/226/234 230/230/238 229/229/237
f 231/231/239 227/227/235 228/228/236
f 227/227/235 231/231/239 230/230/238
f 232/232/240 211/211/219 229/229/237
f 211/211/219 232/232/240 202/202/210
f 233/233/241 229/229/237 230/230/238
f 229/229/237 233/233/241 232/232/240
f 202/202/210 232/232/240 234/234/242
f 234/234/242 232/232/240 233/233/241
f 197/197/205 202/202/210 234/234/242
f 233/233/241 230/230/238 235/235/243
f 235/235/243 230/230/238 231/231/239
f 236/236/244 234/234/242 233/233/241
f 236/236/244 233/233/241 235/235/243
f 237/237/245 197/197/205 234/234/242
f 237/237/245 234/234/242 236/236/244
f 197/197/205 237/237/245 238/238/246
f 197/197/205 238/238/246 195/195/203
f 239/239/247 237/237/245 236/236/244
f 238/238/246 237/237/245 239/239/247
f 238/238/246 240/240/248 195/195/203
f 239/239/247 240/240/248 238/238/246
f 195/195/203 240/240/248 198/198/206
f 239/239/247 236/236/244 241/241/249
f 241/241/249 236/236/244 235/235/243
f 240/240/248 239/239/247 242/242/250
f 239/239/247 241/241/249 242/242/250
f 198/198/206 240/240/248 243/243/251
f 243/243/251 240/240/248 242/242/250
f 235/235/243 244/244/252 241/241/249
f 244/244/252 235/235/243 231/231/239
f 228/228/236 244/244/252 231/231/239
f 244/244/252 228/228/236 245/245/253
f 242/242/250 241/241/249 246/246/254
f 246/246/254 241/241/249 244/244/252
f 245/245/253 246/246/254 244/244/252
f 246/246/254 243/243/251 242/242/250
f 246/246/254 245/245/253 247/247/255
f 248/248/256 246/246/254 247/247/255
f 243/243/251 246/246/254 248/248/256
f 247/247/255 249/249/257 248/248/256
f 243/243/251 250/250/258 198/198/206
f 248/248/256 250/250/258 243/243/251
f 193/193/201 198/198/206 250/250/258
f 251/251/259 248/248/256 249/249/257
f 250/250/258 248/248/256 251/251/259
f 249/249/257 252/252/260 251/251/259
f 253/253/261 193/193/201 250/250/258
f 251/251/259 253/253/261 250/250/258
f 193/193/201 253/253/261 192/192/200
f 252/252/260 254/254/262 251/251/259
f 253/253/261 251/251/259 254/254/262
f 252/252/260 255/255/263 254/254/262
f 253/253/261 256/256/264 192/192/200
f 254/254/262 256/256/264 253/253/261
f 187/187/195 192/192/200 256/256/264
f 255/255/263 257/257/265 254/254/262
f 256/256/264 254/254/262 257/257/265
f 257/257/265 255/255/263 258/258/266
f 259/259/267 257/257/265 258/258/266
f 260/260/268 256/256/264 257/257/265
f 257/257/265 259/259/267 260/260/268
f 261/261/269 187/187/195 256/256/264
f 256/256/264 260/260/268 261/261/269
f 259/259/267 262/262/270 260/260/268
f 260/260/268 262/262/270 261/261/269
f 262/262/270 259/259/267 263/263/271
f 264/264/272 262/262/270 263/263/271
f 187/187/195 261/261/269 265/265/273
f 183/183/191 187/187/195 265/265/273
f 262/262/270 264/264/272 266/266/274
f 267/267/275 266/266/274 264/264/272
f 268/268/276 261/261/269 262/262/270
f 266/266/274 268/268/276 262/262/270
f 268/268/276 265/265/273 261/261/269
f 266/266/274 267/267/275 269/269/277
f 265/265/273 270/270/278 183/183/191
f 270/270/278 180/180/188 183/183/191
f 265/265/273 268/268/276 271/271/279
f 270/270/278 265/265/273 271/271/279
f 268/268/276 266/266/274 272/272/280
f 269/269/277 272/272/280 266/266/274
f 268/268/276 273/273/281 271/271/279
f 268/268/276 272/272/280 273/273/281
f 271/271/279 274/274/282 270/270/278
f 271/271/279 273/273/281 274/274/282
f 180/180/188 270/270/278 275/275/283
f 180/180/188 275/275/283 179/179/187
f 270/270/278 276/276/284 275/275/283
f 270/270/278 274/274/282 276/276/284
f 275/275/283 277/277/285 179/179/187
f 276/276/284 277/277/285 275/275/283
f 179/179/187 277/277/285 178/178/186
f 276/276/284 278/278/286 277/277/285
f 278/278/286 178/178/186 277/277/285
f 274/274/282 279/279/287 276/276/284
f 279/279/287 278/278/286 276/276/284
f 278/278/286 280/280/288 178/178/186
f 280/280/288 117/117/125 178/178/186
f 280/280/288 116/116/124 117/117/125
f 281/281/289 280/280/288 278/278/286
f 279/279/287 281/281/289 278/278/286
f 282/282/290 116/116/124 280/280/288
f 281/281/289 282/282/290 280/280/288
f 282/282/290 109/109/117 116/116/124
f 283/283/291 281/281/289 279/279/287
f 284/284/292 109/109/117 282/282/290
f 284/284/292 105/105/113 109/109/117
f 281/281/289 285/285/293 282/282/290
f 285/285/293 284/284/292 282/282/290
f 283/283/291 285/285/293 281/281/289
f 286/286/294 105/105/113 284/284/292
f 286/286/294 104/104/112 105/105/113
f 287/287/295 284/284/292 285/285/293
f 284/284/292 287/287/295 286/286/294
f 288/288/296 104/104/112 286/286/294
f 288/288/296 97/97/105 104/104/112
f 286/286/294 287/287/295 289/289/297
f 289/289/297 288/288/296 286/286/294
f 290/290/298 287/287/295 285/285/293
f 283/283/291 290/290/298 285/285/293
f 291/291/299 97/97/105 288/288/296
f 291/291/299 91/91/99 97/97/105
f 288/288/296 292/292/300 291/291/299
f 292/292/300 288/288/296 289/289/297
f 293/293/301 91/91/99 291/291/299
f 292/292/300 293/293/301 291/291/299
f 91/91/99 293/293/301 80/80/88
f 80/80/88 293/293/301 78/78/86
f 293/293/301 294/294/302 78/78/86
f 294/294/302 293/293/301 292/292/300
f 78/78/86 294/294/302 76/76/84
f 294/294/302 295/295/303 76/76/84
f 76/76/84 295/295/303 75/75/83
f 292/292/300 296/296/304 294/294/302
f 294/294/302 296/296/304 295/295/303
f 296/296/304 292/292/300 297/297/305
f 297/297/305 292/292/300 289/289/297
f 296/296/304 298/298/306 295/295/303
f 297/297/305 289/289/297 299/299/307
f 299/299/307 289/289/297 287/287/295
f 299/299/307 287/287/295 290/290/298
f 297/297/305 300/300/308 296/296/304
f 298/298/306 296/296/304 300/300/308
f 299/299/307 301/301/309 297/297/305
f 300/300/308 297/297/305 301/301/309
f 295/295/303 298/298/306 302/302/310
f 302/302/310 75/75/83 295/295/303
f 300/300/308 303/303/311 298/298/306
f 298/298/306 303/303/311 302/302/310
f 301/301/309 304/304/312 300/300/308
f 303/303/311 300/300/308 304/304/312
f 75/75/83 302/302/310 305/305/313
f 303/303/311 306/306/314 302/302/310
f 305/305/313 302/302/310 306/306/314
f 75/75/83 305/305/313 307/307/315
f 307/307/315 70/70/78 75/75/83
f 306/306/314 308/308/316 305/305/313
f 307/307/315 305/305/313 308/308/316
f 309/309/317 306/306/314 303/303/311
f 304/304/312 309/309/317 303/303/311
f 308/308/316 306/306/314 310/310/318
f 306/306/314 309/309/317 310/310/318
f 308/308/316 311/311/319 307/307/315
f 312/312/320 309/309/317 304/304/312
f 311/311/319 308/308/316 313/313/321
f 308/308/316 310/310/318 313/313/321
f 314/314/322 307/307/315 311/311/319
f 70/70/78 307/307/315 314/314/322
f 310/310/318 309/309/317 315/315/323
f 312/312/320 315/315/323 309/309/317
f 70/70/78 314/314/322 316/316/324
f 316/316/324 68/68/76 70/70/78
f 311/311/319 317/317/325 314/314/322
f 314/314/322 317/317/325 316/316/324
f 318/318/326 68/68/76 316/316/324
f 318/318/326 72/72/80 68/68/76
f 316/316/324 319/319/327 318/318/326
f 317/317/325 319/319/327 316/316/324
f 320/320/328 72/72/80 318/318/326
f 319/319/327 320/320/328 318/318/326
f 321/321/329 317/317/325 311/311/319
f 313/313/321 321/321/329 311/311/319
f 322/322/330 319/319/327 317/317/325
f 317/317/325 321/321/329 322/322/330
f 323/323/331 320/320/328 319/319/327
f 322/322/330 323/323/331 319/319/327
f 324/324/332 72/72/80 320/320/328
f 324/324/332 73/73/81 72/72/80
f 325/325/333 73/73/81 324/324/332
f 324/324/332 326/326/334 325/325/333
f 327/327/335 324/324/332 320/320/328
f 320/320/328 323/323/331 327/327/335
f 326/326/334 324/324/332 328/328/336
f 324/324/332 327/327/335 328/328/336
f 329/329/337 326/326/334 328/328/336
f 329/329/337 330/330/338 326/326/334
f 331/331/339 328/328/336 327/327/335
f 331/331/339 329/329/337 328/328/336
f 323/323/331 331/331/339 327/327/335
f 332/332/340 330/330/338 329/329/337
f 332/332/340 333/333/341 330/330/338
f 334/334/342 329/329/337 331/331/339
f 334/334/342 332/332/340 329/329/337
f 331/331/339 323/323/331 335/335/343
f 322/322/330 335/335/343 323/323/331
f 336/336/344 334/334/342 331/331/339
f 336/336/344 331/331/339 335/335/343
f 337/337/345 332/332/340 334/334/342
f 336/336/344 337/337/345 334/334/342
f 338/338/346 333/333/341 332/332/340
f 332/332/340 337/337/345 338/338/346
f 338/338/346 339/339/347 333/333/341
f 340/340/348 341/341/349 339/339/347
f 340/340/348 339/339/347 338/338/346
f 342/342/350 340/340/348 338/338/346
f 342/342/350 338/338/346 337/337/345
f 343/343/351 342/342/350 337/337/345
f 337/337/345 344/344/352 343/343/351
f 337/337/345 336/336/344 344/344/352
f 345/345/353 343/343/351 344/344/352
f 346/346/354 344/344/352 336/336/344
f 346/346/354 336/336/344 335/335/343
f 344/344/352 347/347/355 345/345/353
f 344/344/352 346/346/354 347/347/355
f 348/348/356 345/345/353 347/347/355
f 346/346/354 348/348/356 347/347/355
f 345/345/353 348/348/356 349/349/357
f 346/346/354 335/335/343 350/350/358
f 335/335/343 322/322/330 350/350/358
f 346/346/354 351/351/359 348/348/356
f 351/351/359 346/346/354 350/350/358
f 348/348/356 352/352/360 349/349/357
f 351/351/359 352/352/360 348/348/356
f 353/353/361 349/349/357 352/352/360
f 322/322/330 354/354/362 350/350/358
f 351/351/359 350/350/358 354/354/362
f 322/322/330 321/321/329 354/354/362
f 351/351/359 355/355/363 352/352/360
f 354/354/362 355/355/363 351/351/359
f 352/352/360 356/356/364 353/353/361
f 355/355/363 356/356/364 352/352/360
f 356/356/364 357/357/365 353/353/361
f 321/321/329 358/358/366 354/354/362
f 355/355/363 354/354/362 358/358/366
f 321/321/329 313/313/321 358/358/366
f 356/356/364 355/355/363 359/359/367
f 359/359/367 355/355/363 358/358/366
f 360/360/368 357/357/365 356/356/364
f 359/359/367 360/360/368 356/356/364
f 357/357/365 360/360/368 361/361/369
f 360/360/368 362/362/370 361/361/369
f 313/313/321 363/363/371 358/358/366
f 358/358/366 363/363/371 359/359/367
f 363/363/371 313/313/321 310/310/318
f 310/310/318 315/315/323 363/363/371
f 364/364/372 359/359/367 363/363/371
f 363/363/371 315/315/323 364/364/372
f 360/360/368 359/359/367 364/364/372
f 315/315/323 365/365/373 364/364/372
f 364/364/372 365/365/373 360/360/368
f 365/365/373 315/315/323 366/366/374
f 315/315/323 312/312/320 366/366/374
f 367/367/375 360/360/368 365/365/373
f 362/362/370 360/360/368 367/367/375
f 368/368/376 367/367/375 365/365/373
f 368/368/376 365/365/373 366/366/374
f 367/367/375 369/369/377 362/362/370
f 369/369/377 367/367/375 368/368/376
f 370/370/378 362/362/370 369/369/377
f 369/369/377 371/371/379 370/370/378
f 369/369/377 372/372/380 371/371/379
f 372/372/380 267/267/275 371/371/379
f 267/267/275 372/372/380 269/269/277
f 373/373/381 369/369/377 368/368/376
f 369/369/377 373/373/381 372/372/380
f 372/372/380 374/374/382 269/269/277
f 374/374/382 372/372/380 373/373/381
f 272/272/280 269/269/277 374/374/382
f 373/373/381 368/368/376 375/375/383
f 368/368/376 366/366/374 375/375/383
f 374/374/382 373/373/381 376/376/384
f 373/373/381 375/375/383 376/376/384
f 272/272/280 374/374/382 377/377/385
f 374/374/382 376/376/384 377/377/385
f 272/272/280 377/377/385 273/273/281
f 378/378/386 376/376/384 375/375/383
f 375/375/383 366/366/374 378/378/386
f 377/377/385 376/376/384 379/379/387
f 376/376/384 378/378/386 379/379/387
f 273/273/281 377/377/385 380/380/388
f 379/379/387 380/380/388 377/377/385
f 273/273/281 380/380/388 381/381/389
f 273/273/281 381/381/389 274/274/282
f 274/274/282 381/381/389 279/279/287
f 381/381/389 283/283/291 279/279/287
f 380/380/388 382/382/390 381/381/389
f 381/381/389 382/382/390 283/283/291
f 380/380/388 379/379/387 382/382/390
f 382/382/390 290/290/298 283/283/291
f 379/379/387 383/383/391 382/382/390
f 382/382/390 383/383/391 290/290/298
f 379/379/387 378/378/386 383/383/391
f 383/383/391 299/299/307 290/290/298
f 383/383/391 384/384/392 299/299/307
f 378/378/386 384/384/392 383/383/391
f 301/301/309 299/299/307 384/384/392
f 378/378/386 385/385/393 384/384/392
f 385/385/393 301/301/309 384/384/392
f 366/366/374 385/385/393 378/378/386
f 385/385/393 304/304/312 301/301/309
f 312/312/320 385/385/393 366/366/374
f 385/385/393 312/312/320 304/304/312
f 45/386/394 386/387/395 43/388/396
f 43/388/396 386/387/395 387/389/397
f 43/388/396 387/389/397 48/390/398
f 387/389/397 386/387/395 388/391/399
f 48/390/398 387/389/397 389/392/400
f 52/393/401 48/390/398 389/392/400
f 389/392/400 84/394/402 52/393/401
f 387/389/397 388/391/399 390/395/403
f 389/392/400 387/389/397 390/395/403
f 391/396/404 390/395/403 388/391/399
f 84/394/402 389/392/400 392/397/405
f 86/398/406 84/394/402 392/397/405
f 393/399/407 390/395/403 391/396/404
f 393/399/407 391/396/404 394/400/408
f 389/392/400 390/395/403 395/401/409
f 395/401/409 392/397/405 389/392/400
f 396/402/410 390/395/403 393/399/407
f 390/395/403 396/402/410 395/401/409
f 394/400/408 396/402/410 393/399/407
f 392/397/405 395/401/409 397/403/411
f 396/402/410 397/403/411 395/401/409
f 392/397/405 398/404/412 86/398/406
f 397/403/411 398/404/412 392/397/405
f 398/404/412 87/405/413 86/398/406
f 90/406/414 87/405/413 398/404/412
f 93/407/415 90/406/414 398/404/412
f 399/408/416 397/403/411 396/402/410
f 394/400/408 399/408/416 396/402/410
f 398/404/412 397/403/411 400/409/417
f 397/403/411 399/408/416 400/409/417
f 93/407/415 398/404/412 401/410/418
f 400/409/417 401/410/418 398/404/412
f 401/410/418 99/411/419 93/407/415
f 102/412/420 99/411/419 401/410/418
f 402/413/421 400/409/417 399/408/416
f 394/400/408 402/413/421 399/408/416
f 400/409/417 403/414/422 401/410/418
f 402/413/421 403/414/422 400/409/417
f 404/415/423 102/412/420 401/410/418
f 404/415/423 401/410/418 403/414/422
f 102/412/420 404/415/423 108/416/424
f 402/413/421 405/417/425 403/414/422
f 394/400/408 405/417/425 402/413/421
f 403/414/422 406/418/426 404/415/423
f 405/417/425 406/418/426 403/414/422
f 108/416/424 404/415/423 407/419/427
f 406/418/426 407/419/427 404/415/423
f 111/420/428 108/416/424 407/419/427
f 114/421/429 111/420/428 407/419/427
f 121/422/430 114/421/429 407/419/427
f 406/418/426 405/417/425 408/423/431
f 408/423/431 405/417/425 394/400/408
f 407/419/427 406/418/426 409/424/432
f 408/423/431 409/424/432 406/418/426
f 410/425/433 121/422/430 407/419/427
f 410/425/433 407/419/427 409/424/432
f 121/422/430 410/425/433 122/426/434
f 124/427/435 122/426/434 410/425/433
f 127/428/436 124/427/435 410/425/433
f 411/429/437 409/424/432 408/423/431
f 394/400/408 411/429/437 408/423/431
f 410/425/433 409/424/432 412/430/438
f 409/424/432 411/429/437 412/430/438
f 413/431/439 127/428/436 410/425/433
f 413/431/439 410/425/433 412/430/438
f 127/428/436 413/431/439 131/432/440
f 137/433/441 131/432/440 413/431/439
f 414/434/442 412/430/438 411/429/437
f 394/400/408 414/434/442 411/429/437
f 413/431/439 412/430/438 415/435/443
f 412/430/438 414/434/442 415/435/443
f 413/431/439 416/436/444 137/433/441
f 415/435/443 416/436/444 413/431/439
f 416/436/444 140/437/445 137/433/441
f 416/436/444 143/438/446 140/437/445
f 414/434/442 417/439/447 415/435/443
f 416/436/444 415/435/443 417/439/447
f 143/438/446 416/436/444 418/440/448
f 417/439/447 418/440/448 416/436/444
f 418/440/448 144/441/449 143/438/446
f 144/441/449 418/440/448 419/442/450
f 420/443/451 417/439/447 414/434/442
f 394/400/408 420/443/451 414/434/442
f 418/440/448 417/439/447 421/444/452
f 419/442/450 418/440/448 421/444/452
f 420/443/451 421/444/452 417/439/447
f 421/444/452 422/445/453 419/442/450
f 394/400/408 423/446/454 420/443/451
f 421/444/452 420/443/451 423/446/454
f 423/446/454 422/445/453 421/444/452
f 394/400/408 424/447/455 423/446/454
f 422/445/453 423/446/454 424/447/455
f 44/44/456 425/448/457 45/45/458
f 425/448/457 44/44/456 426/449/459
f 427/450/460 425/448/457 426/449/459
f 47/47/461 426/449/459 44/44/456
f 426/449/459 428/451/462 427/450/460
f 47/47/461 429/452/463 426/449/459
f 429/452/463 428/451/462 426/449/459
f 430/453/464 427/450/460 428/451/462
f 427/450/460 430/453/464 431/454/465
f 429/452/463 432/455/466 428/451/462
f 432/455/466 430/453/464 428/451/462
f 429/452/463 47/47/461 433/456/467
f 55/55/468 433/456/467 47/47/461
f 429/452/463 434/457/469 432/455/466
f 434/457/469 429/452/463 433/456/467
f 55/55/468 435/458/470 433/456/467
f 435/458/470 55/55/468 58/58/471
f 59/59/472 435/458/470 58/58/471
f 436/459/473 433/456/467 435/458/470
f 433/456/467 436/459/473 434/457/469
f 437/460/474 435/458/470 59/59/472
f 437/460/474 436/459/473 435/458/470
f 62/62/475 437/460/474 59/59/472
f 438/461/476 434/457/469 436/459/473
f 437/460/474 62/62/475 439/462/477
f 434/457/469 438/461/476 440/463/478
f 434/457/469 440/463/478 432/455/466
f 441/464/479 436/459/473 437/460/474
f 438/461/476 436/459/473 441/464/479
f 442/465/480 437/460/474 439/462/477
f 442/465/480 441/464/479 437/460/474
f 62/62/475 443/466/481 439/462/477
f 443/466/481 62/62/475 69/69/482
f 444/467/483 442/465/480 439/462/477
f 439/462/477 443/466/481 444/467/483
f 445/468/484 441/464/479 442/465/480
f 69/69/482 446/469/485 443/466/481
f 446/469/485 69/69/482 73/73/486
f 445/468/484 447/470/487 441/464/479
f 447/470/487 438/461/476 441/464/479
f 442/465/480 448/471/488 445/468/484
f 448/471/488 442/465/480 444/467/483
f 447/470/487 445/468/484 449/472/489
f 448/471/488 449/472/489 445/468/484
f 447/470/487 450/473/490 438/461/476
f 450/473/490 440/463/478 438/461/476
f 449/472/489 451/474/491 447/470/487
f 451/474/491 450/473/490 447/470/487
f 440/463/478 450/473/490 452/475/492
f 451/474/491 453/476/493 450/473/490
f 453/476/493 452/475/492 450/473/490
f 440/463/478 452/475/492 454/477/494
f 454/477/494 432/455/466 440/463/478
f 432/455/466 454/477/494 430/453/464
f 455/478/495 454/477/494 452/475/492
f 455/478/495 452/475/492 453/476/493
f 454/477/494 456/479/496 430/453/464
f 454/477/494 455/478/495 456/479/496
f 456/479/496 431/454/465 430/453/464
f 431/454/465 456/479/496 457/480/497
f 458/481/498 457/480/497 456/479/496
f 455/478/495 458/481/498 456/479/496
f 459/482/499 457/480/497 458/481/498
f 460/483/500 459/482/499 458/481/498
f 455/478/495 461/484/501 458/481/498
f 461/484/501 455/478/495 453/476/493
f 458/481/498 462/485/502 460/483/500
f 461/484/501 462/485/502 458/481/498
f 463/486/503 460/483/500 462/485/502
f 453/476/493 464/487/504 461/484/501
f 463/486/503 462/485/502 465/488/505
f 465/488/505 466/489/506 463/486/503
f 462/485/502 461/484/501 467/490/507
f 467/490/507 465/488/505 462/485/502
f 464/487/504 467/490/507 461/484/501
f 466/489/506 465/488/505 468/491/508
f 465/488/505 467/490/507 469/492/509
f 469/492/509 468/491/508 465/488/505
f 467/490/507 464/487/504 470/493/510
f 469/492/509 467/490/507 470/493/510
f 471/494/511 466/489/506 468/491/508
f 466/489/506 471/494/511 472/495/512
f 468/491/508 469/492/509 473/496/513
f 471/494/511 468/491/508 473/496/513
f 474/497/514 472/495/512 471/494/511
f 472/495/512 474/497/514 475/498/515
f 473/496/513 476/499/516 471/494/511
f 476/499/516 474/497/514 471/494/511
f 473/496/513 469/492/509 477/500/517
f 470/493/510 477/500/517 469/492/509
f 476/499/516 473/496/513 478/501/518
f 477/500/517 478/501/518 473/496/513
f 474/497/514 476/499/516 479/502/519
f 480/503/520 475/498/515 474/497/514
f 479/502/519 480/503/520 474/497/514
f 475/498/515 480/503/520 481/504/521
f 479/502/519 476/499/516 482/505/522
f 478/501/518 482/505/522 476/499/516
f 480/503/520 483/506/523 481/504/521
f 481/504/521 483/506/523 484/507/524
f 479/502/519 485/508/525 480/503/520
f 485/508/525 483/506/523 480/503/520
f 486/509/526 484/507/524 483/506/523
f 484/507/524 486/509/526 487/510/527
f 483/506/523 485/508/525 488/511/528
f 488/511/528 486/509/526 483/506/523
f 485/508/525 479/502/519 489/512/529
f 482/505/522 489/512/529 479/502/519
f 488/511/528 485/508/525 490/513/530
f 489/512/529 490/513/530 485/508/525
f 488/511/528 491/514/531 486/509/526
f 492/515/532 489/512/529 482/505/522
f 490/513/530 493/516/533 488/511/528
f 491/514/531 488/511/528 493/516/533
f 489/512/529 494/517/534 490/513/530
f 489/512/529 492/515/532 494/517/534
f 495/518/535 493/516/533 490/513/530
f 495/518/535 490/513/530 494/517/534
f 492/515/532 482/505/522 496/519/536
f 478/501/518 496/519/536 482/505/522
f 497/520/537 494/517/534 492/515/532
f 478/501/518 498/521/538 496/519/536
f 498/521/538 478/501/518 477/500/517
f 499/522/539 492/515/532 496/519/536
f 497/520/537 492/515/532 499/522/539
f 500/523/540 496/519/536 498/521/538
f 499/522/539 496/519/536 500/523/540
f 498/521/538 477/500/517 501/524/541
f 470/493/510 501/524/541 477/500/517
f 500/523/540 498/521/538 502/525/542
f 502/525/542 498/521/538 501/524/541
f 501/524/541 470/493/510 503/526/543
f 503/526/543 470/493/510 464/487/504
f 502/525/542 501/524/541 504/527/544
f 504/527/544 501/524/541 503/526/543
f 503/526/543 464/487/504 505/528/545
f 504/527/544 503/526/543 505/528/545
f 464/487/504 453/476/493 505/528/545
f 505/528/545 453/476/493 451/474/491
f 506/529/546 505/528/545 451/474/491
f 504/527/544 505/528/545 506/529/546
f 451/474/491 449/472/489 506/529/546
f 449/472/489 507/530/547 506/529/546
f 449/472/489 448/471/488 507/530/547
f 504/527/544 506/529/546 508/531/548
f 508/531/548 506/529/546 507/530/547
f 509/532/549 504/527/544 508/531/548
f 509/532/549 502/525/542 504/527/544
f 510/533/550 508/531/548 507/530/547
f 502/525/542 509/532/549 511/534/551
f 511/534/551 500/523/540 502/525/542
f 509/532/549 508/531/548 512/535/552
f 508/531/548 510/533/550 512/535/552
f 513/536/553 511/534/551 509/532/549
f 513/536/553 509/532/549 512/535/552
f 514/537/554 500/523/540 511/534/551
f 500/523/540 514/537/554 499/522/539
f 511/534/551 513/536/553 515/538/555
f 516/539/556 499/522/539 514/537/554
f 499/522/539 516/539/556 497/520/537
f 514/537/554 511/534/551 517/540/557
f 515/538/555 517/540/557 511/534/551
f 516/539/556 514/537/554 518/541/558
f 517/540/557 518/541/558 514/537/554
f 516/539/556 519/542/559 497/520/537
f 518/541/558 520/543/560 516/539/556
f 519/542/559 516/539/556 520/543/560
f 517/540/557 521/544/561 518/541/558
f 519/542/559 522/545/562 497/520/537
f 494/517/534 497/520/537 522/545/562
f 522/545/562 495/518/535 494/517/534
f 523/546/563 518/541/558 521/544/561
f 518/541/558 523/546/563 520/543/560
f 495/518/535 522/545/562 524/547/564
f 525/548/565 520/543/560 523/546/563
f 526/549/566 524/547/564 522/545/562
f 519/542/559 526/549/566 522/545/562
f 520/543/560 527/550/567 519/542/559
f 526/549/566 519/542/559 527/550/567
f 520/543/560 525/548/565 527/550/567
f 526/549/566 528/551/568 524/547/564
f 527/550/567 529/552/569 526/549/566
f 528/551/568 526/549/566 529/552/569
f 528/551/568 530/553/570 524/547/564
f 530/553/570 495/518/535 524/547/564
f 529/552/569 531/554/571 528/551/568
f 528/551/568 531/554/571 530/553/570
f 527/550/567 532/555/572 529/552/569
f 532/555/572 527/550/567 525/548/565
f 495/518/535 530/553/570 533/556/573
f 533/556/573 493/516/533 495/518/535
f 530/553/570 534/557/574 533/556/573
f 534/557/574 530/553/570 531/554/571
f 533/556/573 535/558/575 493/516/533
f 493/516/533 535/558/575 491/514/531
f 534/557/574 536/559/576 533/556/573
f 535/558/575 533/556/573 536/559/576
f 537/560/577 536/559/576 534/557/574
f 531/554/571 537/560/577 534/557/574
f 538/561/578 535/558/575 536/559/576
f 536/559/576 537/560/577 538/561/578
f 535/558/575 539/562/579 491/514/531
f 535/558/575 538/561/578 540/563/580
f 539/562/579 535/558/575 540/563/580
f 538/561/578 541/564/581 540/563/580
f 491/514/531 539/562/579 542/565/582
f 491/514/531 542/565/582 486/509/526
f 542/565/582 487/510/527 486/509/526
f 487/510/527 542/565/582 543/566/583
f 542/565/582 544/567/584 543/566/583
f 540/563/580 545/568/585 539/562/579
f 541/564/581 545/568/585 540/563/580
f 546/569/586 542/565/582 539/562/579
f 546/569/586 539/562/579 545/568/585
f 542/565/582 547/570/587 544/567/584
f 542/565/582 546/569/586 547/570/587
f 547/570/587 548/571/588 544/567/584
f 548/571/588 547/570/587 549/572/589
f 549/572/589 550/573/590 548/571/588
f 551/574/591 547/570/587 546/569/586
f 547/570/587 551/574/591 549/572/589
f 550/573/590 549/572/589 552/575/592
f 551/574/591 552/575/592 549/572/589
f 553/576/593 550/573/590 552/575/592
f 546/569/586 554/577/594 551/574/591
f 554/577/594 546/569/586 545/568/585
f 552/575/592 551/574/591 555/578/595
f 554/577/594 555/578/595 551/574/591
f 552/575/592 556/579/596 553/576/593
f 545/568/585 557/580/597 554/577/594
f 557/580/597 545/568/585 541/564/581
f 552/575/592 558/581/598 556/579/596
f 558/581/598 552/575/592 555/578/595
f 556/579/596 559/582/599 553/576/593
f 560/583/600 553/576/593 559/582/599
f 561/584/601 556/579/596 558/581/598
f 556/579/596 561/584/601 559/582/599
f 559/582/599 562/585/602 560/583/600
f 563/586/603 560/583/600 562/585/602
f 564/587/604 559/582/599 561/584/601
f 559/582/599 564/587/604 562/585/602
f 565/588/605 563/586/603 562/585/602
f 563/586/603 565/588/605 566/589/606
f 144/144/607 566/589/606 145/145/608
f 565/588/605 145/145/608 566/589/606
f 562/585/602 567/590/609 565/588/605
f 567/590/609 145/145/608 565/588/605
f 567/590/609 562/585/602 564/587/604
f 567/590/609 147/147/610 145/145/608
f 147/147/610 567/590/609 148/148/611
f 564/587/604 568/591/612 567/590/609
f 568/591/612 148/148/611 567/590/609
f 568/591/612 564/587/604 569/592/613
f 561/584/601 569/592/613 564/587/604
f 570/593/614 148/148/611 568/591/612
f 152/152/615 148/148/611 570/593/614
f 569/592/613 561/584/601 571/594/616
f 558/581/598 571/594/616 561/584/601
f 572/595/617 568/591/612 569/592/613
f 571/594/616 572/595/617 569/592/613
f 568/591/612 572/595/617 570/593/614
f 571/594/616 558/581/598 573/596/618
f 555/578/595 573/596/618 558/581/598
f 572/595/617 571/594/616 574/597/619
f 573/596/618 574/597/619 571/594/616
f 573/596/618 555/578/595 575/598/620
f 555/578/595 554/577/594 575/598/620
f 554/577/594 576/599/621 575/598/620
f 576/599/621 573/596/618 575/598/620
f 576/599/621 554/577/594 557/580/597
f 573/596/618 576/599/621 577/600/622
f 574/597/619 573/596/618 577/600/622
f 578/601/623 577/600/622 576/599/621
f 557/580/597 578/601/623 576/599/621
f 579/602/624 574/597/619 577/600/622
f 578/601/623 579/602/624 577/600/622
f 580/603/625 572/595/617 574/597/619
f 580/603/625 574/597/619 579/602/624
f 581/604/626 572/595/617 580/603/625
f 581/604/626 570/593/614 572/595/617
f 582/605/627 580/603/625 579/602/624
f 581/604/626 583/606/628 570/593/614
f 583/606/628 152/152/615 570/593/614
f 583/606/628 156/156/629 152/152/615
f 584/607/630 581/604/626 580/603/625
f 580/603/625 582/605/627 584/607/630
f 585/608/631 583/606/628 581/604/626
f 585/608/631 581/604/626 584/607/630
f 586/609/632 156/156/629 583/606/628
f 586/609/632 583/606/628 585/608/631
f 156/156/629 586/609/632 200/200/633
f 201/201/634 200/200/633 586/609/632
f 587/610/635 585/608/631 584/607/630
f 588/611/636 201/201/634 586/609/632
f 589/612/637 586/609/632 585/608/631
f 589/612/637 588/611/636 586/609/632
f 587/610/635 589/612/637 585/608/631
f 201/201/634 588/611/636 590/613/638
f 201/201/634 590/613/638 205/205/639
f 590/613/638 588/611/636 591/614/640
f 592/615/641 205/205/639 590/613/638
f 592/615/641 208/208/642 205/205/639
f 592/615/641 209/209/643 208/208/642
f 593/616/644 590/613/638 591/614/640
f 593/616/644 592/615/641 590/613/638
f 588/611/636 594/617/645 591/614/640
f 594/617/645 593/616/644 591/614/640
f 588/611/636 589/612/637 594/617/645
f 209/209/643 592/615/641 595/618/646
f 593/616/644 595/618/646 592/615/641
f 209/209/643 595/618/646 596/619/647
f 596/619/647 214/214/648 209/209/643
f 214/214/648 597/620/649 215/215/650
f 214/214/648 596/619/647 597/620/649
f 598/621/651 597/620/649 596/619/647
f 598/621/651 596/619/647 595/618/646
f 597/620/649 598/621/651 599/622/652
f 595/618/646 600/623/653 598/621/651
f 595/618/646 593/616/644 600/623/653
f 599/622/652 598/621/651 601/624/654
f 601/624/654 598/621/651 600/623/653
f 601/624/654 602/625/655 599/622/652
f 603/626/656 600/623/653 593/616/644
f 601/624/654 600/623/653 603/626/656
f 601/624/654 604/627/657 602/625/655
f 604/627/657 601/624/654 603/626/656
f 604/627/657 605/628/658 602/625/655
f 603/626/656 593/616/644 606/629/659
f 593/616/644 594/617/645 606/629/659
f 604/627/657 603/626/656 607/630/660
f 607/630/660 603/626/656 606/629/659
f 605/628/658 604/627/657 608/631/661
f 607/630/660 608/631/661 604/627/657
f 608/631/661 609/632/662 605/628/658
f 607/630/660 606/629/659 610/633/663
f 594/617/645 610/633/663 606/629/659
f 608/631/661 607/630/660 611/634/664
f 611/634/664 607/630/660 610/633/663
f 609/632/662 608/631/661 612/635/665
f 612/635/665 608/631/661 611/634/664
f 610/633/663 594/617/645 613/636/666
f 594/617/645 589/612/637 613/636/666
f 610/633/663 614/637/667 611/634/664
f 614/637/667 610/633/663 613/636/666
f 589/612/637 615/638/668 613/636/666
f 613/636/666 615/638/668 614/637/667
f 587/610/635 615/638/668 589/612/637
f 614/637/667 616/639/669 611/634/664
f 611/634/664 616/639/669 612/635/665
f 617/640/670 614/637/667 615/638/668
f 616/639/669 614/637/667 617/640/670
f 618/641/671 615/638/668 587/610/635
f 615/638/668 618/641/671 617/640/670
f 616/639/669 619/642/672 612/635/665
f 619/642/672 609/632/662 612/635/665
f 609/632/662 619/642/672 620/643/673
f 621/644/674 616/639/669 617/640/670
f 616/639/669 621/644/674 619/642/672
f 622/645/675 620/643/673 619/642/672
f 621/644/674 622/645/675 619/642/672
f 620/643/673 622/645/675 623/646/676
f 617/640/670 624/647/677 621/644/674
f 624/647/677 617/640/670 618/641/671
f 621/644/674 625/648/678 622/645/675
f 624/647/677 625/648/678 621/644/674
f 626/649/679 623/646/676 622/645/675
f 623/646/676 626/649/679 627/650/680
f 628/651/681 622/645/675 625/648/678
f 626/649/679 622/645/675 628/651/681
f 625/648/678 624/647/677 629/652/682
f 628/651/681 625/648/678 629/652/682
f 618/641/671 630/653/683 624/647/677
f 624/647/677 630/653/683 629/652/682
f 587/610/635 630/653/683 618/641/671
f 587/610/635 631/654/684 630/653/683
f 630/653/683 631/654/684 629/652/682
f 631/654/684 587/610/635 584/607/630
f 584/607/630 582/605/627 631/654/684
f 629/652/682 632/655/685 628/651/681
f 631/654/684 632/655/685 629/652/682
f 582/605/627 633/656/686 631/654/684
f 632/655/685 631/654/684 633/656/686
f 634/657/687 628/651/681 632/655/685
f 628/651/681 634/657/687 626/649/679
f 635/658/688 632/655/685 633/656/686
f 634/657/687 632/655/685 635/658/688
f 633/656/686 582/605/627 636/659/689
f 636/659/689 582/605/627 579/602/624
f 636/659/689 579/602/624 578/601/623
f 637/660/690 626/649/679 634/657/687
f 637/660/690 627/650/680 626/649/679
f 627/650/680 637/660/690 638/661/691
f 634/657/687 639/662/692 637/660/690
f 639/662/692 634/657/687 635/658/688
f 640/663/693 638/661/691 637/660/690
f 640/663/693 637/660/690 639/662/692
f 638/661/691 640/663/693 641/664/694
f 639/662/692 635/658/688 642/665/695
f 643/666/696 641/664/694 640/663/693
f 641/664/694 643/666/696 644/667/697
f 645/668/698 640/663/693 639/662/692
f 640/663/693 645/668/698 643/666/696
f 645/668/698 639/662/692 642/665/695
f 646/669/699 644/667/697 643/666/696
f 645/668/698 647/670/700 643/666/696
f 643/666/696 647/670/700 646/669/699
f 647/670/700 645/668/698 648/671/701
f 647/670/700 649/672/702 646/669/699
f 648/671/701 649/672/702 647/670/700
f 646/669/699 649/672/702 650/673/703
f 651/674/704 650/673/703 649/672/702
f 648/671/701 645/668/698 652/675/705
f 645/668/698 642/665/695 652/675/705
f 649/672/702 653/676/706 651/674/704
f 653/676/706 654/677/707 651/674/704
f 649/672/702 648/671/701 655/678/708
f 653/676/706 649/672/702 655/678/708
f 654/677/707 653/676/706 656/679/709
f 655/678/708 648/671/701 657/680/710
f 652/675/705 657/680/710 648/671/701
f 653/676/706 655/678/708 658/681/711
f 658/681/711 656/679/709 653/676/706
f 655/678/708 657/680/710 532/555/572
f 532/555/572 525/548/565 655/678/708
f 658/681/711 655/678/708 525/548/565
f 657/680/710 529/552/569 532/555/572
f 659/682/712 658/681/711 525/548/565
f 525/548/565 523/546/563 659/682/712
f 523/546/563 521/544/561 659/682/712
f 529/552/569 657/680/710 660/683/713
f 652/675/705 660/683/713 657/680/710
f 531/554/571 529/552/569 660/683/713
f 660/683/713 652/675/705 661/684/714
f 660/683/713 662/685/715 531/554/571
f 662/685/715 660/683/713 661/684/714
f 537/560/577 531/554/571 662/685/715
f 652/675/705 663/686/716 661/684/714
f 663/686/716 652/675/705 642/665/695
f 661/684/714 664/687/717 662/685/715
f 661/684/714 663/686/716 664/687/717
f 662/685/715 665/688/718 537/560/577
f 662/685/715 664/687/717 665/688/718
f 537/560/577 665/688/718 538/561/578
f 665/688/718 541/564/581 538/561/578
f 665/688/718 557/580/597 541/564/581
f 665/688/718 666/689/719 557/580/597
f 666/689/719 665/688/718 664/687/717
f 578/601/623 557/580/597 666/689/719
f 666/689/719 636/659/689 578/601/623
f 664/687/717 667/690/720 666/689/719
f 636/659/689 666/689/719 667/690/720
f 667/690/720 664/687/717 663/686/716
f 668/691/721 636/659/689 667/690/720
f 663/686/716 668/691/721 667/690/720
f 642/665/695 668/691/721 663/686/716
f 668/691/721 633/656/686 636/659/689
f 642/665/695 635/658/688 668/691/721
f 633/656/686 668/691/721 635/658/688
f 658/681/711 659/682/712 669/692/722
f 656/679/709 658/681/711 669/692/722
f 659/682/712 670/693/723 669/692/722
f 670/693/723 659/682/712 521/544/561
f 669/692/722 671/694/724 656/679/709
f 656/679/709 671/694/724 654/677/707
f 672/695/725 654/677/707 671/694/724
f 671/694/724 669/692/722 673/696/726
f 669/692/722 670/693/723 673/696/726
f 671/694/724 674/697/727 672/695/725
f 673/696/726 674/697/727 671/694/724
f 675/698/728 672/695/725 674/697/727
f 674/697/727 676/699/729 675/698/728
f 670/693/723 677/700/730 673/696/726
f 676/699/729 674/697/727 678/701/731
f 674/697/727 673/696/726 679/702/732
f 678/701/731 674/697/727 679/702/732
f 673/696/726 677/700/730 679/702/732
f 680/703/733 676/699/729 678/701/731
f 676/699/729 680/703/733 681/704/734
f 682/705/735 681/704/734 680/703/733
f 679/702/732 683/706/736 678/701/731
f 680/703/733 678/701/731 683/706/736
f 677/700/730 684/707/737 679/702/732
f 679/702/732 684/707/737 683/706/736
f 670/693/723 685/708/738 677/700/730
f 685/708/738 684/707/737 677/700/730
f 685/708/738 670/693/723 521/544/561
f 521/544/561 517/540/557 685/708/738
f 515/538/555 685/708/738 517/540/557
f 685/708/738 515/538/555 686/709/739
f 684/707/737 685/708/738 686/709/739
f 686/709/739 515/538/555 513/536/553
f 687/710/740 684/707/737 686/709/739
f 686/709/739 513/536/553 688/711/741
f 686/709/739 688/711/741 687/710/740
f 513/536/553 512/535/552 688/711/741
f 689/712/742 684/707/737 687/710/740
f 684/707/737 689/712/742 683/706/736
f 688/711/741 690/713/743 687/710/740
f 689/712/742 687/710/740 690/713/743
f 512/535/552 691/714/744 688/711/741
f 690/713/743 688/711/741 691/714/744
f 691/714/744 512/535/552 510/533/550
f 689/712/742 692/715/745 683/706/736
f 683/706/736 692/715/745 680/703/733
f 693/716/746 691/714/744 510/533/550
f 507/530/547 693/716/746 510/533/550
f 693/716/746 507/530/547 448/471/488
f 691/714/744 693/716/746 694/717/747
f 691/714/744 694/717/747 690/713/743
f 448/471/488 695/718/748 693/716/746
f 693/716/746 695/718/748 694/717/747
f 448/471/488 696/719/749 695/718/748
f 444/467/483 696/719/749 448/471/488
f 694/717/747 695/718/748 697/720/750
f 695/718/748 696/719/749 697/720/750
f 698/721/751 690/713/743 694/717/747
f 694/717/747 697/720/750 698/721/751
f 698/721/751 689/712/742 690/713/743
f 697/720/750 696/719/749 699/722/752
f 689/712/742 698/721/751 700/723/753
f 689/712/742 700/723/753 692/715/745
f 701/724/754 698/721/751 697/720/750
f 701/724/754 700/723/753 698/721/751
f 697/720/750 699/722/752 701/724/754
f 692/715/745 700/723/753 702/725/755
f 702/725/755 680/703/733 692/715/745
f 700/723/753 701/724/754 703/726/756
f 700/723/753 703/726/756 702/725/755
f 680/703/733 702/725/755 704/727/757
f 680/703/733 704/727/757 682/705/735
f 704/727/757 705/728/758 682/705/735
f 706/729/759 704/727/757 702/725/755
f 706/729/759 702/725/755 703/726/756
f 705/728/758 704/727/757 707/730/760
f 704/727/757 706/729/759 707/730/760
f 707/730/760 708/731/761 705/728/758
f 703/726/756 709/732/762 706/729/759
f 708/731/761 707/730/760 710/733/763
f 710/733/763 711/734/764 708/731/761
f 712/735/765 707/730/760 706/729/759
f 710/733/763 707/730/760 712/735/765
f 712/735/765 706/729/759 709/732/762
f 711/734/764 710/733/763 713/736/766
f 714/737/767 710/733/763 712/735/765
f 713/736/766 710/733/763 714/737/767
f 715/738/768 711/734/764 713/736/766
f 714/737/767 715/738/768 713/736/766
f 711/734/764 715/738/768 716/739/769
f 714/737/767 712/735/765 717/740/770
f 709/732/762 717/740/770 712/735/765
f 718/741/771 716/739/769 715/738/768
f 716/739/769 718/741/771 719/742/772
f 715/738/768 714/737/767 720/743/773
f 720/743/773 718/741/771 715/738/768
f 717/740/770 721/744/774 714/737/767
f 721/744/774 720/743/773 714/737/767
f 709/732/762 722/745/775 717/740/770
f 722/745/775 721/744/774 717/740/770
f 703/726/756 723/746/776 709/732/762
f 722/745/775 709/732/762 723/746/776
f 723/746/776 703/726/756 701/724/754
f 723/746/776 701/724/754 699/722/752
f 722/745/775 723/746/776 724/747/777
f 699/722/752 724/747/777 723/746/776
f 721/744/774 722/745/775 725/748/778
f 699/722/752 726/749/779 724/747/777
f 696/719/749 726/749/779 699/722/752
f 696/719/749 444/467/483 726/749/779
f 724/747/777 727/750/780 722/745/775
f 725/748/778 722/745/775 727/750/780
f 726/749/779 728/751/781 724/747/777
f 444/467/483 728/751/781 726/749/779
f 724/747/777 728/751/781 727/750/780
f 443/466/481 728/751/781 444/467/483
f 728/751/781 443/466/481 729/752/782
f 728/751/781 729/752/782 727/750/780
f 729/752/782 443/466/481 446/469/485
f 727/750/780 729/752/782 730/753/783
f 730/753/783 729/752/782 446/469/485
f 727/750/780 730/753/783 725/748/778
f 731/754/784 730/753/783 446/469/485
f 731/754/784 446/469/485 73/73/486
f 325/325/785 731/754/784 73/73/486
f 326/326/786 731/754/784 325/325/785
f 725/748/778 730/753/783 732/755/787
f 730/753/783 731/754/784 732/755/787
f 731/754/784 326/326/786 733/756/788
f 732/755/787 731/754/784 733/756/788
f 734/757/789 725/748/778 732/755/787
f 733/756/788 734/757/789 732/755/787
f 725/748/778 734/757/789 721/744/774
f 721/744/774 734/757/789 720/743/773
f 326/326/786 735/758/790 733/756/788
f 734/757/789 733/756/788 735/758/790
f 735/758/790 326/326/786 330/330/791
f 720/743/773 734/757/789 736/759/792
f 735/758/790 736/759/792 734/757/789
f 718/741/771 720/743/773 736/759/792
f 330/330/791 737/760/793 735/758/790
f 736/759/792 735/758/790 737/760/793
f 736/759/792 737/760/793 718/741/771
f 737/760/793 330/330/791 333/333/794
f 738/761/795 718/741/771 737/760/793
f 737/760/793 333/333/794 738/761/795
f 738/761/795 719/742/772 718/741/771
f 339/339/796 738/761/795 333/333/794
f 719/742/772 738/761/795 739/762/797
f 738/761/795 339/339/796 739/762/797
f 341/341/798 739/762/797 339/339/796
f 45/386/799 425/763/800 386/387/801
f 425/763/800 740/764/802 386/387/801
f 425/763/800 427/765/803 740/764/802
f 740/764/802 388/391/804 386/387/801
f 427/765/803 741/766/805 740/764/802
f 431/767/806 741/766/805 427/765/803
f 457/768/807 741/766/805 431/767/806
f 388/391/804 740/764/802 742/769/808
f 740/764/802 741/766/805 742/769/808
f 742/769/808 391/396/809 388/391/804
f 741/766/805 457/768/807 743/770/810
f 459/771/811 743/770/810 457/768/807
f 391/396/809 742/769/808 744/772/812
f 744/772/812 394/400/813 391/396/809
f 745/773/814 742/769/808 741/766/805
f 743/770/810 745/773/814 741/766/805
f 744/772/812 742/769/808 746/774/815
f 742/769/808 745/773/814 746/774/815
f 394/400/813 744/772/812 746/774/815
f 747/775/816 745/773/814 743/770/810
f 746/774/815 745/773/814 747/775/816
f 743/770/810 459/771/811 748/776/817
f 743/770/810 748/776/817 747/775/816
f 460/777/818 748/776/817 459/771/811
f 463/778/819 748/776/817 460/777/818
f 466/779/820 748/776/817 463/778/819
f 746/774/815 747/775/816 749/780/821
f 394/400/813 746/774/815 749/780/821
f 750/781/822 747/775/816 748/776/817
f 749/780/821 747/775/816 750/781/822
f 466/779/820 751/782/823 748/776/817
f 748/776/817 751/782/823 750/781/822
f 751/782/823 466/779/820 472/783/824
f 475/784/825 751/782/823 472/783/824
f 752/785/826 749/780/821 750/781/822
f 394/400/813 749/780/821 752/785/826
f 750/781/822 751/782/823 753/786/827
f 750/781/822 753/786/827 752/785/826
f 475/784/825 754/787/828 751/782/823
f 751/782/823 754/787/828 753/786/827
f 754/787/828 475/784/825 481/788/829
f 752/785/826 753/786/827 755/789/830
f 394/400/813 752/785/826 755/789/830
f 753/786/827 754/787/828 756/790/831
f 756/790/831 755/789/830 753/786/827
f 481/788/829 757/791/832 754/787/828
f 757/791/832 756/790/831 754/787/828
f 484/792/833 757/791/832 481/788/829
f 487/793/834 757/791/832 484/792/833
f 543/794/835 757/791/832 487/793/834
f 755/789/830 756/790/831 758/795/836
f 758/795/836 394/400/813 755/789/830
f 756/790/831 757/791/832 759/796/837
f 758/795/836 756/790/831 759/796/837
f 760/797/838 757/791/832 543/794/835
f 757/791/832 760/797/838 759/796/837
f 544/798/839 760/797/838 543/794/835
f 548/799/840 760/797/838 544/798/839
f 550/800/841 760/797/838 548/799/840
f 759/796/837 761/801/842 758/795/836
f 394/400/813 758/795/836 761/801/842
f 759/796/837 760/797/838 762/802/843
f 761/801/842 759/796/837 762/802/843
f 763/803/844 760/797/838 550/800/841
f 763/803/844 762/802/843 760/797/838
f 553/804/845 763/803/844 550/800/841
f 560/805/846 763/803/844 553/804/845
f 762/802/843 764/806/847 761/801/842
f 394/400/813 761/801/842 764/806/847
f 762/802/843 763/803/844 765/807/848
f 764/806/847 762/802/843 765/807/848
f 763/803/844 560/805/846 766/808/849
f 766/808/849 765/807/848 763/803/844
f 766/808/849 560/805/846 563/809/850
f 766/808/849 563/809/850 566/810/851
f 764/806/847 765/807/848 767/811/852
f 767/811/852 765/807/848 766/808/849
f 768/812/853 766/808/849 566/810/851
f 767/811/852 766/808/849 768/812/853
f 144/441/854 768/812/853 566/810/851
f 768/812/853 144/441/854 419/442/855
f 769/813/856 764/806/847 767/811/852
f 394/400/813 764/806/847 769/813/856
f 770/814/857 767/811/852 768/812/853
f 419/442/855 770/814/857 768/812/853
f 770/814/857 769/813/856 767/811/852
f 770/814/857 419/442/855 422/445/858
f 394/400/813 769/813/856 771/815/859
f 769/813/856 770/814/857 771/815/859
f 422/445/858 771/815/859 770/814/857
f 394/400/813 771/815/859 424/447/860
f 771/815/859 422/445/858 424/447/860
f 341/816/861 772/817/862 773/818/863
f 772/817/862 341/816/861 340/819/864
f 773/818/863 772/817/862 774/820/865
f 775/821/866 772/817/862 340/819/864
f 340/819/864 342/822/867 775/821/866
f 776/823/868 774/820/865 772/817/862
f 775/821/866 776/823/868 772/817/862
f 776/823/868 777/824/869 774/820/865
f 342/822/867 778/825/870 775/821/866
f 778/825/870 342/822/867 343/826/871
f 776/823/868 775/821/866 779/827/872
f 778/825/870 343/826/871 780/828/873
f 343/826/871 345/829/874 780/828/873
f 777/824/869 776/823/868 781/830/875
f 779/827/872 781/830/875 776/823/868
f 781/830/875 782/831/876 777/824/869
f 783/832/877 779/827/872 775/821/866
f 783/832/877 781/830/875 779/827/872
f 783/832/877 775/821/866 778/825/870
f 782/831/876 781/830/875 784/833/878
f 782/831/876 784/833/878 785/834/879
f 783/832/877 786/835/880 781/830/875
f 786/835/880 784/833/878 781/830/875
f 778/825/870 787/836/881 783/832/877
f 786/835/880 783/832/877 787/836/881
f 787/836/881 778/825/870 780/828/873
f 788/837/882 785/834/879 784/833/878
f 789/838/883 785/834/879 788/837/882
f 780/828/873 790/839/884 787/836/881
f 345/829/874 790/839/884 780/828/873
f 790/839/884 345/829/874 349/840/885
f 788/837/882 791/841/886 789/838/883
f 791/841/886 792/842/887 789/838/883
f 784/833/878 793/843/888 788/837/882
f 788/837/882 793/843/888 791/841/886
f 793/843/888 784/833/878 794/844/889
f 784/833/878 786/835/880 794/844/889
f 795/845/890 791/841/886 793/843/888
f 794/844/889 795/845/890 793/843/888
f 792/842/887 791/841/886 796/846/891
f 797/847/892 792/842/887 796/846/891
f 796/846/891 791/841/886 798/848/893
f 795/845/890 798/848/893 791/841/886
f 797/847/892 796/846/891 799/849/894
f 798/848/893 799/849/894 796/846/891
f 795/845/890 794/844/889 800/850/895
f 795/845/890 801/851/896 798/848/893
f 800/850/895 801/851/896 795/845/890
f 794/844/889 786/835/880 802/852/897
f 794/844/889 802/852/897 800/850/895
f 787/836/881 802/852/897 786/835/880
f 801/851/896 800/850/895 803/853/898
f 802/852/897 787/836/881 804/854/899
f 787/836/881 790/839/884 804/854/899
f 805/855/900 800/850/895 802/852/897
f 800/850/895 805/855/900 803/853/898
f 802/852/897 804/854/899 806/856/901
f 802/852/897 806/856/901 805/855/900
f 790/839/884 807/857/902 804/854/899
f 804/854/899 807/857/902 806/856/901
f 790/839/884 349/840/885 807/857/902
f 349/840/885 353/858/903 807/857/902
f 357/859/904 807/857/902 353/858/903
f 807/857/902 808/860/905 806/856/901
f 807/857/902 357/859/904 808/860/905
f 809/861/906 806/856/901 808/860/905
f 809/861/906 805/855/900 806/856/901
f 357/859/904 810/862/907 808/860/905
f 810/862/907 809/861/906 808/860/905
f 361/863/908 810/862/907 357/859/904
f 809/861/906 811/864/909 805/855/900
f 805/855/900 811/864/909 803/853/898
f 809/861/906 810/862/907 812/865/910
f 812/865/910 811/864/909 809/861/906
f 361/863/908 813/866/911 810/862/907
f 813/866/911 812/865/910 810/862/907
f 361/863/908 362/867/912 813/866/911
f 362/867/912 370/868/913 813/866/911
f 812/865/910 813/866/911 814/869/914
f 814/869/914 811/864/909 812/865/910
f 370/868/913 815/870/915 813/866/911
f 813/866/911 815/870/915 814/869/914
f 371/871/916 815/870/915 370/868/913
f 811/864/909 814/869/914 816/872/917
f 815/870/915 816/872/917 814/869/914
f 811/864/909 817/873/918 803/853/898
f 816/872/917 817/873/918 811/864/909
f 817/873/918 801/851/896 803/853/898
f 815/870/915 371/871/916 818/874/919
f 801/851/896 817/873/918 819/875/920
f 819/875/920 798/848/893 801/851/896
f 817/873/918 816/872/917 820/876/921
f 820/876/921 819/875/920 817/873/918
f 815/870/915 821/877/922 816/872/917
f 816/872/917 821/877/922 820/876/921
f 815/870/915 818/874/919 821/877/922
f 371/871/916 822/878/923 818/874/919
f 818/874/919 822/878/923 821/877/922
f 822/878/923 371/871/916 267/879/924
f 264/880/925 822/878/923 267/879/924
f 823/881/926 822/878/923 264/880/925
f 823/881/926 821/877/922 822/878/923
f 263/882/927 823/881/926 264/880/925
f 823/881/926 824/883/928 821/877/922
f 823/881/926 263/882/927 825/884/929
f 823/881/926 825/884/929 824/883/928
f 263/882/927 826/885/930 825/884/929
f 826/885/930 263/882/927 259/886/931
f 825/884/929 827/887/932 824/883/928
f 827/887/932 825/884/929 826/885/930
f 259/886/931 828/888/933 826/885/930
f 828/888/933 259/886/931 258/889/934
f 827/887/932 826/885/930 829/890/935
f 829/890/935 826/885/930 828/888/933
f 830/891/936 828/888/933 258/889/934
f 830/891/936 258/889/934 255/892/937
f 828/888/933 831/893/938 829/890/935
f 831/893/938 828/888/933 830/891/936
f 832/894/939 830/891/936 255/892/937
f 831/893/938 830/891/936 832/894/939
f 255/892/937 252/895/940 832/894/939
f 833/896/941 832/894/939 252/895/940
f 252/895/940 249/897/942 833/896/941
f 833/896/941 834/898/943 832/894/939
f 831/893/938 832/894/939 834/898/943
f 835/899/944 833/896/941 249/897/942
f 833/896/941 835/899/944 834/898/943
f 249/897/942 247/900/945 835/899/944
f 835/899/944 247/900/945 836/901/946
f 247/900/945 245/902/947 836/901/946
f 837/903/948 835/899/944 836/901/946
f 835/899/944 837/903/948 834/898/943
f 836/901/946 245/902/947 838/904/949
f 836/901/946 838/904/949 837/903/948
f 245/902/947 228/905/950 838/904/949
f 224/906/951 838/904/949 228/905/950
f 838/904/949 224/906/951 839/907/952
f 221/908/953 839/907/952 224/906/951
f 840/909/954 838/904/949 839/907/952
f 838/904/949 840/909/954 837/903/948
f 839/907/952 221/908/953 841/910/955
f 840/909/954 839/907/952 841/910/955
f 218/911/956 841/910/955 221/908/953
f 841/910/955 218/911/956 842/912/957
f 216/913/958 842/912/957 218/911/956
f 840/909/954 841/910/955 843/914/959
f 841/910/955 842/912/957 843/914/959
f 842/912/957 216/913/958 844/915/960
f 216/913/958 215/916/961 844/915/960
f 845/917/962 844/915/960 215/916/961
f 842/912/957 844/915/960 846/918/963
f 845/917/962 846/918/963 844/915/960
f 842/912/957 846/918/963 843/914/959
f 846/918/963 845/917/962 847/919/964
f 847/919/964 848/920/965 846/918/963
f 849/921/966 843/914/959 846/918/963
f 846/918/963 848/920/965 849/921/966
f 840/909/954 843/914/959 850/922/967
f 843/914/959 849/921/966 850/922/967
f 848/920/965 851/923/968 849/921/966
f 851/923/968 848/920/965 852/924/969
f 852/924/969 853/925/970 851/923/968
f 854/926/971 849/921/966 851/923/968
f 849/921/966 854/926/971 850/922/967
f 853/925/970 855/927/972 851/923/968
f 855/927/972 854/926/971 851/923/968
f 853/925/970 856/928/973 855/927/972
f 857/929/974 850/922/967 854/926/971
f 855/927/972 856/928/973 858/930/975
f 856/928/973 797/847/892 858/930/975
f 859/931/976 854/926/971 855/927/972
f 858/930/975 859/931/976 855/927/972
f 854/926/971 859/931/976 857/929/974
f 858/930/975 797/847/892 860/932/977
f 860/932/977 859/931/976 858/930/975
f 861/933/978 850/922/967 857/929/974
f 861/933/978 840/909/954 850/922/967
f 861/933/978 837/903/948 840/909/954
f 859/931/976 862/934/979 857/929/974
f 857/929/974 862/934/979 861/933/978
f 837/903/948 861/933/978 863/935/980
f 863/935/980 861/933/978 862/934/979
f 863/935/980 834/898/943 837/903/948
f 862/934/979 859/931/976 864/936/981
f 860/932/977 864/936/981 859/931/976
f 862/934/979 865/937/982 863/935/980
f 864/936/981 865/937/982 862/934/979
f 834/898/943 863/935/980 866/938/983
f 866/938/983 863/935/980 865/937/982
f 866/938/983 831/893/938 834/898/943
f 865/937/982 867/939/984 866/938/983
f 831/893/938 866/938/983 867/939/984
f 868/940/985 865/937/982 864/936/981
f 867/939/984 865/937/982 868/940/985
f 864/936/981 869/941/986 868/940/985
f 860/932/977 869/941/986 864/936/981
f 868/940/985 870/942/987 867/939/984
f 869/941/986 870/942/987 868/940/985
f 871/943/988 831/893/938 867/939/984
f 871/943/988 867/939/984 870/942/987
f 831/893/938 871/943/988 829/890/935
f 871/943/988 827/887/932 829/890/935
f 872/944/989 870/942/987 869/941/986
f 860/932/977 872/944/989 869/941/986
f 870/942/987 873/945/990 871/943/988
f 870/942/987 872/944/989 873/945/990
f 827/887/932 871/943/988 874/946/991
f 873/945/990 874/946/991 871/943/988
f 874/946/991 824/883/928 827/887/932
f 873/945/990 875/947/992 874/946/991
f 875/947/992 873/945/990 872/944/989
f 824/883/928 874/946/991 876/948/993
f 874/946/991 875/947/992 876/948/993
f 877/949/994 824/883/928 876/948/993
f 875/947/992 877/949/994 876/948/993
f 824/883/928 877/949/994 821/877/922
f 877/949/994 820/876/921 821/877/922
f 877/949/994 878/950/995 820/876/921
f 819/875/920 820/876/921 878/950/995
f 877/949/994 875/947/992 879/951/996
f 879/951/996 878/950/995 877/949/994
f 819/875/920 878/950/995 880/952/997
f 879/951/996 880/952/997 878/950/995
f 819/875/920 880/952/997 798/848/893
f 880/952/997 799/849/894 798/848/893
f 879/951/996 875/947/992 881/953/998
f 879/951/996 881/953/998 880/952/997
f 872/944/989 881/953/998 875/947/992
f 880/952/997 882/954/999 799/849/894
f 881/953/998 882/954/999 880/952/997
f 882/954/999 881/953/998 872/944/989
f 872/944/989 860/932/977 882/954/999
f 882/954/999 797/847/892 799/849/894
f 860/932/977 797/847/892 882/954/999
f 883/955/1000 341/816/1001 773/818/1002
f 341/816/1001 883/955/1000 739/956/1003
f 883/955/1000 773/818/1002 774/820/1004
f 884/957/1005 739/956/1003 883/955/1000
f 739/956/1003 884/957/1005 719/958/1006
f 883/955/1000 774/820/1004 885/959/1007
f 885/959/1007 884/957/1005 883/955/1000
f 774/820/1004 777/824/1008 885/959/1007
f 886/960/1009 719/958/1006 884/957/1005
f 719/958/1006 886/960/1009 716/961/1010
f 884/957/1005 885/959/1007 887/962/1011
f 888/963/1012 716/961/1010 886/960/1009
f 716/961/1010 888/963/1012 711/964/1013
f 886/960/1009 884/957/1005 889/965/1014
f 887/962/1011 889/965/1014 884/957/1005
f 886/960/1009 890/966/1015 888/963/1012
f 890/966/1015 886/960/1009 889/965/1014
f 891/967/1016 711/964/1013 888/963/1012
f 890/966/1015 891/967/1016 888/963/1012
f 711/964/1013 891/967/1016 708/968/1017
f 887/962/1011 885/959/1007 892/969/1018
f 777/824/1008 892/969/1018 885/959/1007
f 889/965/1014 887/962/1011 892/969/1018
f 782/831/1019 892/969/1018 777/824/1008
f 889/965/1014 892/969/1018 893/970/1020
f 889/965/1014 893/970/1020 890/966/1015
f 782/831/1019 894/971/1021 892/969/1018
f 894/971/1021 893/970/1020 892/969/1018
f 894/971/1021 782/831/1019 785/834/1022
f 895/972/1023 890/966/1015 893/970/1020
f 785/834/1022 896/973/1024 894/971/1021
f 785/834/1022 789/838/1025 896/973/1024
f 893/970/1020 894/971/1021 897/974/1026
f 897/974/1026 895/972/1023 893/970/1020
f 898/975/1027 894/971/1021 896/973/1024
f 894/971/1021 898/975/1027 897/974/1026
f 896/973/1024 789/838/1025 899/976/1028
f 896/973/1024 899/976/1028 898/975/1027
f 792/842/1029 899/976/1028 789/838/1025
f 900/977/1030 897/974/1026 898/975/1027
f 898/975/1027 899/976/1028 900/977/1030
f 899/976/1028 792/842/1029 901/978/1031
f 797/847/1032 901/978/1031 792/842/1029
f 902/979/1033 899/976/1028 901/978/1031
f 900/977/1030 899/976/1028 902/979/1033
f 797/847/1032 903/980/1034 901/978/1031
f 903/980/1034 902/979/1033 901/978/1031
f 897/974/1026 900/977/1030 904/981/1035
f 895/972/1023 897/974/1026 904/981/1035
f 900/977/1030 902/979/1033 905/982/1036
f 905/982/1036 904/981/1035 900/977/1030
f 902/979/1033 903/980/1034 906/983/1037
f 904/981/1035 905/982/1036 907/984/1038
f 905/982/1036 902/979/1033 908/985/1039
f 908/985/1039 902/979/1033 906/983/1037
f 909/986/1040 907/984/1038 905/982/1036
f 909/986/1040 905/982/1036 908/985/1039
f 910/987/1041 904/981/1035 907/984/1038
f 904/981/1035 910/987/1041 895/972/1023
f 911/988/1042 907/984/1038 909/986/1040
f 907/984/1038 911/988/1042 910/987/1041
f 912/989/1043 909/986/1040 908/985/1039
f 910/987/1041 913/990/1044 895/972/1023
f 912/989/1043 908/985/1039 914/991/1045
f 908/985/1039 906/983/1037 914/991/1045
f 915/992/1046 909/986/1040 912/989/1043
f 909/986/1040 915/992/1046 911/988/1042
f 916/993/1047 912/989/1043 914/991/1045
f 910/987/1041 911/988/1042 917/994/1048
f 913/990/1044 910/987/1041 917/994/1048
f 916/993/1047 914/991/1045 918/995/1049
f 914/991/1045 906/983/1037 918/995/1049
f 919/996/1050 895/972/1023 913/990/1044
f 890/966/1015 895/972/1023 919/996/1050
f 890/966/1015 919/996/1050 891/967/1016
f 920/997/1051 891/967/1016 919/996/1050
f 919/996/1050 913/990/1044 920/997/1051
f 891/967/1016 920/997/1051 708/968/1017
f 708/968/1017 920/997/1051 705/998/1052
f 920/997/1051 682/999/1053 705/998/1052
f 913/990/1044 921/1000/1054 920/997/1051
f 682/999/1053 920/997/1051 921/1000/1054
f 921/1000/1054 913/990/1044 917/994/1048
f 682/999/1053 921/1000/1054 922/1001/1055
f 917/994/1048 922/1001/1055 921/1000/1054
f 682/999/1053 922/1001/1055 681/1002/1056
f 922/1001/1055 917/994/1048 923/1003/1057
f 923/1003/1057 917/994/1048 911/988/1042
f 922/1001/1055 924/1004/1058 681/1002/1056
f 923/1003/1057 924/1004/1058 922/1001/1055
f 681/1002/1056 924/1004/1058 676/1005/1059
f 924/1004/1058 675/1006/1060 676/1005/1059
f 911/988/1042 925/1007/1061 923/1003/1057
f 924/1004/1058 923/1003/1057 925/1007/1061
f 925/1007/1061 911/988/1042 915/992/1046
f 675/1006/1060 924/1004/1058 926/1008/1062
f 924/1004/1058 925/1007/1061 926/1008/1062
f 925/1007/1061 915/992/1046 926/1008/1062
f 926/1008/1062 672/1009/1063 675/1006/1060
f 926/1008/1062 915/992/1046 927/1010/1064
f 927/1010/1064 915/992/1046 912/989/1043
f 672/1009/1063 926/1008/1062 928/1011/1065
f 926/1008/1062 927/1010/1064 928/1011/1065
f 927/1010/1064 912/989/1043 916/993/1047
f 929/1012/1066 672/1009/1063 928/1011/1065
f 928/1011/1065 927/1010/1064 929/1012/1066
f 672/1009/1063 929/1012/1066 654/1013/1067
f 651/1014/1068 654/1013/1067 929/1012/1066
f 930/1015/1069 651/1014/1068 929/1012/1066
f 927/1010/1064 930/1015/1069 929/1012/1066
f 930/1015/1069 650/1016/1070 651/1014/1068
f 930/1015/1069 927/1010/1064 931/1017/1071
f 916/993/1047 931/1017/1071 927/1010/1064
f 650/1016/1070 930/1015/1069 932/1018/1072
f 930/1015/1069 931/1017/1071 932/1018/1072
f 933/1019/1073 650/1016/1070 932/1018/1072
f 933/1019/1073 646/1020/1074 650/1016/1070
f 934/1021/1075 932/1018/1072 931/1017/1071
f 932/1018/1072 934/1021/1075 933/1019/1073
f 931/1017/1071 916/993/1047 935/1022/1076
f 936/1023/1077 646/1020/1074 933/1019/1073
f 646/1020/1074 936/1023/1077 644/1024/1078
f 937/1025/1079 931/1017/1071 935/1022/1076
f 937/1025/1079 934/1021/1075 931/1017/1071
f 916/993/1047 938/1026/1080 935/1022/1076
f 938/1026/1080 937/1025/1079 935/1022/1076
f 938/1026/1080 916/993/1047 918/995/1049
f 933/1019/1073 934/1021/1075 939/1027/1081
f 939/1027/1081 936/1023/1077 933/1019/1073
f 940/1028/1082 934/1021/1075 937/1025/1079
f 940/1028/1082 939/1027/1081 934/1021/1075
f 937/1025/1079 938/1026/1080 941/1029/1083
f 941/1029/1083 940/1028/1082 937/1025/1079
f 918/995/1049 942/1030/1084 938/1026/1080
f 918/995/1049 906/983/1037 942/1030/1084
f 938/1026/1080 943/1031/1085 941/1029/1083
f 943/1031/1085 938/1026/1080 942/1030/1084
f 906/983/1037 944/1032/1086 942/1030/1084
f 944/1032/1086 943/1031/1085 942/1030/1084
f 944/1032/1086 906/983/1037 903/980/1034
f 944/1032/1086 903/980/1034 797/847/1032
f 943/1031/1085 945/1033/1087 941/1029/1083
f 940/1028/1082 941/1029/1083 945/1033/1087
f 946/1034/1088 943/1031/1085 944/1032/1086
f 946/1034/1088 944/1032/1086 797/847/1032
f 945/1033/1087 943/1031/1085 947/1035/1089
f 946/1034/1088 947/1035/1089 943/1031/1085
f 945/1033/1087 948/1036/1090 940/1028/1082
f 947/1035/1089 949/1037/1091 945/1033/1087
f 948/1036/1090 945/1033/1087 949/1037/1091
f 950/1038/1092 949/1037/1091 947/1035/1089
f 946/1034/1088 950/1038/1092 947/1035/1089
f 951/1039/1093 948/1036/1090 949/1037/1091
f 949/1037/1091 950/1038/1092 951/1039/1093
f 940/1028/1082 948/1036/1090 952/1040/1094
f 952/1040/1094 939/1027/1081 940/1028/1082
f 952/1040/1094 936/1023/1077 939/1027/1081
f 948/1036/1090 951/1039/1093 953/1041/1095
f 953/1041/1095 952/1040/1094 948/1036/1090
f 936/1023/1077 952/1040/1094 954/1042/1096
f 954/1042/1096 644/1024/1078 936/1023/1077
f 644/1024/1078 954/1042/1096 641/1043/1097
f 955/1044/1098 641/1043/1097 954/1042/1096
f 952/1040/1094 955/1044/1098 954/1042/1096
f 641/1043/1097 955/1044/1098 638/1045/1099
f 952/1040/1094 953/1041/1095 956/1046/1100
f 956/1046/1100 955/1044/1098 952/1040/1094
f 957/1047/1101 638/1045/1099 955/1044/1098
f 955/1044/1098 956/1046/1100 957/1047/1101
f 638/1045/1099 957/1047/1101 627/1048/1102
f 958/1049/1103 627/1048/1102 957/1047/1101
f 957/1047/1101 956/1046/1100 958/1049/1103
f 627/1048/1102 958/1049/1103 623/1050/1104
f 959/1051/1105 956/1046/1100 953/1041/1095
f 951/1039/1093 959/1051/1105 953/1041/1095
f 960/1052/1106 958/1049/1103 956/1046/1100
f 956/1046/1100 959/1051/1105 960/1052/1106
f 961/1053/1107 623/1050/1104 958/1049/1103
f 958/1049/1103 960/1052/1106 961/1053/1107
f 623/1050/1104 961/1053/1107 620/1054/1108
f 962/1055/1109 620/1054/1108 961/1053/1107
f 961/1053/1107 960/1052/1106 962/1055/1109
f 620/1054/1108 962/1055/1109 609/1056/1110
f 962/1055/1109 605/1057/1111 609/1056/1110
f 605/1057/1111 962/1055/1109 963/1058/1112
f 963/1058/1112 602/1059/1113 605/1057/1111
f 964/1060/1114 962/1055/1109 960/1052/1106
f 962/1055/1109 964/1060/1114 963/1058/1112
f 602/1059/1113 963/1058/1112 965/1061/1115
f 963/1058/1112 964/1060/1114 965/1061/1115
f 965/1061/1115 599/1062/1116 602/1059/1113
f 960/1052/1106 966/1063/1117 964/1060/1114
f 966/1063/1117 960/1052/1106 959/1051/1105
f 599/1062/1116 965/1061/1115 967/1064/1118
f 967/1064/1118 597/1065/1119 599/1062/1116
f 968/1066/1120 965/1061/1115 964/1060/1114
f 965/1061/1115 968/1066/1120 967/1064/1118
f 597/1065/1119 967/1064/1118 969/1067/1121
f 215/916/1122 597/1065/1119 969/1067/1121
f 215/916/1122 969/1067/1121 845/917/1123
f 967/1064/1118 970/1068/1124 969/1067/1121
f 970/1068/1124 845/917/1123 969/1067/1121
f 970/1068/1124 967/1064/1118 968/1066/1120
f 845/917/1123 970/1068/1124 847/919/1125
f 847/919/1125 970/1068/1124 848/920/1126
f 968/1066/1120 971/1069/1127 970/1068/1124
f 970/1068/1124 971/1069/1127 848/920/1126
f 964/1060/1114 972/1070/1128 968/1066/1120
f 971/1069/1127 968/1066/1120 972/1070/1128
f 966/1063/1117 972/1070/1128 964/1060/1114
f 848/920/1126 971/1069/1127 973/1071/1129
f 848/920/1126 973/1071/1129 852/924/1130
f 973/1071/1129 853/925/1131 852/924/1130
f 971/1069/1127 972/1070/1128 974/1072/1132
f 974/1072/1132 973/1071/1129 971/1069/1127
f 853/925/1131 973/1071/1129 975/1073/1133
f 975/1073/1133 973/1071/1129 974/1072/1132
f 856/928/1134 853/925/1131 975/1073/1133
f 976/1074/1135 974/1072/1132 972/1070/1128
f 972/1070/1128 966/1063/1117 976/1074/1135
f 975/1073/1133 977/1075/1136 856/928/1134
f 856/928/1134 977/1075/1136 797/847/1032
f 977/1075/1136 946/1034/1088 797/847/1032
f 974/1072/1132 978/1076/1137 975/1073/1133
f 977/1075/1136 975/1073/1133 978/1076/1137
f 978/1076/1137 946/1034/1088 977/1075/1136
f 978/1076/1137 974/1072/1132 976/1074/1135
f 946/1034/1088 978/1076/1137 950/1038/1092
f 978/1076/1137 976/1074/1135 979/1077/1138
f 979/1077/1138 950/1038/1092 978/1076/1137
f 979/1077/1138 976/1074/1135 966/1063/1117
f 950/1038/1092 979/1077/1138 951/1039/1093
f 966/1063/1117 959/1051/1105 979/1077/1138
f 951/1039/1093 979/1077/1138 959/1051/1105
