# Blender v3.3.21 OBJ File: 'URDF3.blend'
# www.blender.org
v 0.000000 -12.613400 5.420975
v 1.385590 -12.572598 5.459305
v 0.000000 -12.051406 5.399658
v 1.537842 -12.012983 5.462479
v 1.534668 -12.558835 5.471512
v 1.712158 -12.543820 5.488602
v 0.000000 -11.287352 5.419998
v 3.420410 -12.221006 5.730057
v 3.845047 -10.620054 5.687576
v 5.569092 -11.778471 6.252762
v 2.783203 -7.611449 6.568069
v 0.000000 -8.040709 6.372879
v 0.000000 1.997652 2.674263
v 5.256226 -6.386779 7.030716
v 7.474194 -8.711241 6.430496
v 7.865479 -10.884886 6.951141
v 9.777832 -9.747557 7.691650
v 7.053833 -4.332428 7.799637
v 10.078743 -5.578368 7.532425
v 11.671875 -8.168699 8.528870
v 12.585251 -7.006879 9.078529
v 13.421131 -5.239275 9.834373
v 8.121948 -1.827210 8.776688
v 11.049057 -2.245667 8.509109
v 13.819336 -3.290039 10.538528
v 13.994385 -1.209229 11.264389
v 11.053841 1.129973 9.740799
v 13.943024 0.618163 11.832764
v 13.688965 1.995360 12.215897
v 12.552490 4.164549 12.679276
v 8.077515 0.814818 9.756485
v 9.376312 4.331114 10.946854
v 11.156250 5.986661 12.847244
v 9.628906 7.233610 12.925613
v 7.079834 3.304320 10.702469
v 6.489502 6.722104 11.794754
v 8.340820 7.943478 12.861404
v 6.970459 8.338863 12.698318
v 5.379608 8.618649 12.557938
v 5.355537 5.351826 11.506050
v 3.331623 7.885966 12.262039
v 3.594582 8.550618 12.382042
v 2.421188 8.488932 12.349060
v 2.873779 6.628537 11.953384
v 0.000000 7.135372 12.127029
v 0.000000 8.250789 12.243935
v 0.000000 8.446803 12.314041
v -1.385590 -12.572598 5.459305
v -1.537842 -12.012983 5.462479
v -1.534668 -12.558835 5.471512
v -1.712158 -12.543820 5.488602
v -3.420410 -12.221006 5.730057
v -3.845047 -10.620054 5.687576
v -5.569092 -11.778471 6.252762
v -2.783203 -7.611449 6.568069
v -5.256226 -6.386779 7.030716
v -7.474194 -8.711241 6.430496
v -7.865479 -10.884886 6.951141
v -9.777832 -9.747557 7.691650
v -7.053833 -4.332428 7.799637
v -10.078743 -5.578368 7.532425
v -11.671875 -8.168699 8.528870
v -12.585251 -7.006879 9.078529
v -13.421131 -5.239275 9.834373
v -8.121948 -1.827210 8.776688
v -11.049057 -2.245667 8.509109
v -13.819336 -3.290039 10.538528
v -13.994385 -1.209229 11.264389
v -11.053841 1.129973 9.740799
v -13.943024 0.618163 11.832764
v -13.688965 1.995360 12.215897
v -12.552490 4.164549 12.679276
v -8.077515 0.814818 9.756485
v -9.376312 4.331114 10.946854
v -11.156250 5.986661 12.847244
v -9.628906 7.233610 12.925613
v -7.079834 3.304320 10.702469
v -6.489502 6.722104 11.794754
v -8.340820 7.943478 12.861404
v -6.970459 8.338863 12.698318
v -5.379608 8.618649 12.557938
v -5.355537 5.351826 11.506050
v -3.331623 7.885966 12.262039
v -3.594582 8.550618 12.382042
v -2.421188 8.488932 12.349060
v -2.873779 6.628537 11.953384
v 0.391296 0.222488 -12.706459
v 0.000000 -1.816468 -12.917213
v 0.000000 0.197372 -12.724037
v 0.509583 -1.858338 -12.883705
v 0.000000 -4.271011 -12.992279
v 1.037292 -1.843903 -12.722816
v 1.028473 0.259200 -12.658852
v 0.627907 -4.325392 -12.974342
v 1.467529 0.260253 -12.674355
v 0.000000 -6.753172 -13.165810
v 1.541672 -1.866339 -12.561844
v 1.785034 0.272277 -12.274422
v 1.293213 -4.439239 -12.766273
v 0.775574 -6.746520 -13.083412
v 1.841797 -1.860138 -12.125954
v 1.669434 0.199828 -11.987122
v 1.692383 -1.883789 -11.905312
v 2.048584 -4.321716 -11.934059
v 1.903076 -4.344726 -11.756813
v 1.742188 -4.403869 -12.423134
v 2.293823 -6.294463 -11.789284
v 2.128906 -6.314574 -11.576088
v 2.055908 -6.583251 -12.340614
v 2.840210 -8.097136 -11.376991
v 2.605225 -8.124693 -11.112343
v 1.673523 -6.688475 -12.724037
v 3.499634 -9.731169 -10.279182
v 3.397461 -9.572508 -10.126015
v 2.565304 -8.474528 -12.088028
v 3.121094 -10.168976 -10.931313
v 3.885864 -10.590612 -8.956795
v 3.901367 -10.427732 -8.852577
v 2.075439 -8.680174 -12.377174
v 1.338867 -6.700560 -12.908119
v 1.481537 -8.901121 -12.619057
v 2.598969 -10.533751 -11.301567
v 0.872437 -9.021971 -12.730385
v 0.000000 -9.090330 -12.817177
v 1.528900 -10.818602 -11.541176
v 0.838348 -11.035788 -11.954376
v 0.000000 -11.140247 -12.080124
v 1.372650 -12.171999 -10.709511
v 0.873474 -12.186522 -11.109962
v 0.000000 -12.272458 -11.271889
v 1.941772 -12.175535 -9.995399
v 0.909668 -12.537839 -10.847939
v 0.000000 -12.608884 -11.000526
v 0.000000 -12.794003 -10.733803
v 1.358398 -12.451539 -10.566032
v 0.863953 -12.726621 -10.601357
v 0.000000 -13.686279 -8.324760
v 1.272186 -12.683228 -10.230507
v 1.049286 -13.624660 -8.272636
v 0.000000 -14.212646 -5.993324
v 1.793854 -12.517148 -9.909538
v 1.622498 -12.721066 -9.802162
v 1.195984 -14.097408 -5.921852
v 0.000000 -14.259277 -3.354851
v 2.043106 -13.358762 -8.054863
v 1.370178 -14.181393 -3.376411
v 0.000000 -14.198395 -1.468521
v 2.393311 -13.775875 -5.719215
v 2.294113 -13.132310 -7.993813
v 1.522186 -14.127834 -1.456177
v 0.000000 -14.019287 0.417801
v 2.806946 -13.908260 -3.276077
v 2.614838 -13.620102 -5.586105
v 2.486710 -12.755368 -7.841225
v 3.014999 -13.736370 -3.285721
v 2.909927 -11.575682 -9.590981
v 2.830322 -13.261640 -5.545631
v 3.228241 -12.297971 -7.618202
v 3.591553 -11.147276 -9.340614
v 4.010498 -11.910643 -7.402809
v 3.501221 -12.918698 -5.434738
v 3.322540 -13.423520 -3.205658
v 4.321533 -11.292616 -7.180595
v 4.271240 -11.115446 -7.102890
v 4.744507 -11.805418 -5.494370
v 4.437012 -11.480284 -5.439743
v 4.391602 -12.461179 -5.519272
v 5.288696 -11.839598 -3.789032
v 5.023193 -11.437254 -3.721054
v 4.100677 -13.078366 -3.415573
v 4.883820 -12.662393 -3.705101
v 6.038086 -11.727400 -2.241951
v 5.801865 -11.238554 -2.121536
v 4.989960 -12.931424 -1.637253
v 6.952820 -11.504972 -0.675644
v 6.681702 -10.972181 -0.380783
v 5.681152 -12.535327 -2.017609
v 7.870026 -10.687811 0.602371
v 6.635742 -12.290036 -0.330124
v 8.005249 -11.231504 0.367081
v 9.052704 -10.387579 1.559402
v 7.792248 -12.023050 0.854645
v 9.239685 -10.847715 1.396988
v 6.036499 -12.666257 0.141068
v 11.927002 -9.378431 3.096878
v 11.694824 -8.975065 3.230789
v 13.384644 -7.431761 3.990799
v 9.104393 -11.559652 1.924950
v 13.751953 -7.677153 3.874832
v 14.228996 -6.337208 4.212242
v 11.737549 -10.046141 3.671890
v 13.914551 -8.079589 4.593620
v 14.651939 -6.548445 4.119843
v 14.958443 -4.621279 4.416489
v 14.859428 -6.829488 4.824242
v 13.615723 -8.296965 5.270294
v 14.562057 -7.059612 5.518822
v 15.689404 -4.958012 5.037674
v 11.401611 -10.226316 4.262283
v 15.437023 -4.798359 4.347641
v 13.379150 -8.333250 5.527054
v 15.833252 -2.842888 4.273880
v 15.387207 -2.729675 4.353348
v 16.121094 -2.844238 5.012634
v 15.934326 -0.909943 4.034378
v 15.530762 -0.840989 4.080154
v 16.220947 -0.819337 4.727753
v 15.889858 0.715704 3.725830
v 15.487061 0.735701 3.775467
v 15.645012 2.676729 3.245026
v 15.271961 2.692705 3.319489
v 16.179245 0.922113 4.359039
v 15.322998 4.490850 2.498489
v 14.921387 4.521238 2.540848
v 15.915771 2.948119 3.822029
v 14.709320 6.374227 1.597733
v 14.342651 6.396894 1.684647
v 15.614838 4.807660 3.025948
v 13.839478 8.126446 0.603348
v 13.430481 8.160809 0.723221
v 14.996193 6.858244 2.094948
v 12.721268 9.600628 -0.563522
v 12.350658 9.589870 -0.431755
v 14.152519 8.618736 0.980965
v 11.584839 10.734035 -1.712204
v 11.196777 10.589443 -1.456711
v 12.922607 10.077511 -0.210350
v 10.278320 11.491275 -3.107346
v 9.891846 11.269160 -2.723312
v 11.694092 11.255000 -1.452560
v 12.745361 10.525265 0.218575
v 13.835831 9.050727 1.670525
v 14.741013 7.237234 2.861656
v 12.106194 10.958920 0.909195
v 15.356445 5.104246 3.847549
v 13.170074 9.405713 2.333008
v 15.783447 3.213866 4.669388
v 14.763184 5.453733 4.615799
v 14.073261 7.601922 3.569862
v 15.938477 1.103728 5.231888
v 15.472168 3.293944 5.337379
v 16.145920 -0.847734 5.557518
v 15.615967 1.211242 5.722733
v 15.969971 -2.961914 5.791031
v 15.689453 -0.775574 6.208641
v 15.414013 -5.209384 5.842697
v 15.702393 -2.991943 6.317825
v 14.312790 -7.086681 5.827621
v 15.152050 -5.227237 6.203537
v 15.354980 -0.823121 7.417007
v 12.980469 -8.341795 6.149979
v 15.330322 -3.146667 7.440994
v 13.876389 -7.149090 6.582748
v 14.677933 -5.343510 7.090858
v 14.559067 -5.405472 7.885216
v 13.684494 -7.285900 7.252274
v 12.732422 -8.560545 6.825516
v 15.173828 -3.180054 8.462479
v 13.705978 -7.368573 8.121819
v 14.571278 -5.446061 8.876862
v 12.763184 -8.685301 7.572952
v 15.112305 -3.193596 9.457474
v 12.217777 -8.728086 8.663696
v 13.240341 -7.454671 9.241631
v 14.185406 -5.575473 10.025749
v 13.120277 -7.421499 9.310059
v 15.245552 -0.994624 8.869110
v 14.065212 -5.549821 10.095062
v 14.671368 -3.409099 10.771591
v 15.175049 -1.094971 10.036392
v 15.034180 1.055785 9.077713
v 14.529358 -3.395569 10.830208
v 14.866722 -1.380280 11.400330
v 14.727570 -1.397083 11.463371
v 15.044197 0.962802 10.535919
v 15.120117 1.174804 7.554642
v 14.844067 0.667163 11.952148
v 15.341797 1.229552 6.579788
v 14.541260 2.966185 9.222961
v 14.743652 3.208006 7.425034
v 15.080078 3.292845 6.289581
v 13.654297 5.606443 7.255264
v 14.123047 5.623411 5.656876
v 13.504883 5.255369 9.491898
v 13.307022 7.883435 4.438118
v 12.407181 7.959813 6.863411
v 12.424171 9.727023 3.206238
v 12.800537 8.027584 5.195633
v 11.592789 9.961572 4.430214
v 11.383537 11.429502 1.695007
v 10.404564 11.781447 2.998024
v 11.043762 9.882734 6.395966
v 9.491333 11.399165 5.728920
v 9.350815 12.918208 1.835632
v 9.207047 10.095455 9.320755
v 10.294926 12.591675 0.326759
v 8.192085 12.610445 4.987228
v 10.978252 12.187323 -0.631676
v 8.287407 13.485565 0.959778
v 11.426331 11.657222 -1.147873
v 9.121216 13.250254 -0.794655
v 9.686760 12.883338 -2.096306
v 10.009155 12.450801 -2.706955
v 10.198486 12.102901 -3.071213
v 8.248703 13.127689 -3.480469
v 8.809448 11.837642 -4.554733
v 8.311035 11.679439 -4.212082
v 6.931152 11.588252 -5.712570
v 8.522156 12.782222 -4.148849
v 8.788818 12.390101 -4.484299
v 7.147247 11.804118 -6.115395
v 5.273369 10.924485 -7.171402
v 7.119446 12.253413 -6.050697
v 6.890686 12.577464 -5.721359
v 5.500835 11.098458 -7.596550
v 4.264957 10.010455 -8.236450
v 5.420410 11.607783 -7.564857
v 4.389786 10.197220 -8.652794
v 3.251221 8.676174 -9.467567
v 4.161133 10.739742 -8.659828
v 5.228561 11.957629 -7.142250
v 3.195362 8.857801 -9.946526
v 2.369873 6.893918 -10.668129
v 2.759094 9.190304 -10.056557
v 2.359863 7.021665 -11.043800
v 2.003174 5.002806 -11.417641
v 1.896118 7.304777 -11.256020
v 2.028076 5.025373 -11.701790
v 1.797798 2.654740 -11.751236
v 1.591064 5.140134 -12.123085
v 1.858887 2.702818 -12.034889
v 1.470215 2.774168 -12.494301
v 1.014282 2.890959 -12.353432
v 1.156372 5.219114 -11.970375
v 0.310120 2.963484 -12.083656
v 0.000000 2.981398 -12.027992
v 1.523834 7.482145 -10.978188
v 0.291824 5.382182 -11.419456
v 0.000000 5.376735 -11.371506
v 0.000000 7.828486 -9.709633
v 1.090302 7.771847 -10.422035
v 2.278503 9.414730 -9.512367
v 0.429199 7.864071 -9.862709
v 1.878326 9.746944 -8.711586
v 3.943802 11.096133 -8.146156
v 0.431065 9.865266 -7.330589
v 0.000000 9.794462 -7.391251
v 3.485809 11.492915 -7.132484
v 1.402969 11.271998 -5.558273
v 0.459160 11.182925 -4.755539
v 0.000000 11.179429 -4.676682
v 0.710476 12.597863 -1.731056
v 0.000000 12.539804 -1.720779
v 0.000000 13.126094 1.491730
v 0.830791 13.217970 1.669380
v 0.000000 12.819087 4.103958
v 1.712963 13.233230 -1.637421
v 0.749390 12.854243 4.168411
v 0.000000 11.337886 8.632889
v 2.971283 12.361629 -5.094406
v 0.794449 11.340571 8.682449
v 0.000000 10.308590 10.749100
v 4.853317 12.361812 -6.237221
v 4.373734 13.290102 -4.256981
v 6.517609 12.955073 -4.943527
v 5.980751 13.583980 -3.142014
v 3.458199 13.938078 -1.189209
v 7.714432 13.578129 -2.058304
v 5.189247 14.034175 -0.581161
v 6.891788 13.913424 0.091614
v 2.689507 13.823407 2.072548
v 4.638721 14.007078 2.390747
v 6.251522 13.799227 2.568878
v 7.412704 13.443992 2.771843
v 5.963902 13.211909 4.807266
v 4.162109 13.381343 4.623199
v 2.390617 13.229474 4.455490
v 2.359863 11.565425 8.806839
v 4.142075 11.665278 8.923416
v 5.825546 11.539546 9.024368
v 0.884502 10.307858 10.786209
v 0.000000 9.224009 12.731277
v 2.388641 10.469204 10.808670
v 0.798988 9.215511 12.747879
v 0.000000 9.074100 12.708832
v 2.231396 9.362453 12.755203
v 0.813995 9.060988 12.740585
v 0.000000 8.580280 12.549736
v 2.196629 9.195202 12.782547
v 2.265179 8.695300 12.623947
v 3.639008 8.862545 12.719559
v 3.687420 9.392065 12.821083
v 5.366211 8.864986 12.842850
v 6.807617 8.597713 12.941971
v 5.323761 9.436407 12.902603
v 8.382324 8.093929 13.065262
v 7.021690 9.141212 12.966919
v 9.739258 7.396848 13.128983
v 8.650017 8.630524 13.046867
v 5.364212 9.559834 12.865440
v 11.304443 6.126310 13.103348
v 3.729027 9.517663 12.797722
v 3.972000 10.615414 10.885086
v 5.712929 10.540418 10.979439
v 7.058758 9.266496 12.913216
v 7.329266 10.086626 11.078209
v 8.711449 8.731680 12.977562
v 10.092796 7.862397 13.111237
v 7.621948 10.946528 9.208450
v 9.113068 9.432341 11.177429
v 10.551880 9.003414 9.425438
v 10.168354 7.949135 13.033066
v 10.593323 8.505957 11.259056
v 12.105225 7.277097 9.498665
v 12.075195 6.930417 11.331253
v 11.801868 6.558928 13.024147
v 13.559570 4.983640 11.232376
v 11.706085 6.481545 13.105774
v 14.589111 2.632933 10.876358
v 13.332943 4.531152 12.902992
v 14.476166 2.135596 12.404259
v 13.218647 4.459129 12.959251
v 14.358612 2.089256 12.479286
v 12.757812 4.217283 12.944168
v 13.817383 1.918212 12.428299
v 14.712261 0.639401 12.027031
v 14.114868 0.577880 12.023026
v 14.177704 -1.422364 11.392944
v 13.983887 -3.353760 10.689774
v 13.582016 -5.359146 10.046898
v 12.696003 -7.141679 9.245941
v 11.732491 -8.318429 8.651176
v 12.097851 -8.687394 8.731232
v 9.791504 -9.948057 7.816666
v 10.192581 -10.328744 7.784523
v 10.295670 -10.412031 7.714508
v 7.897705 -11.036192 7.061661
v 10.727539 -10.447020 6.658340
v 5.616211 -11.951628 6.367020
v 8.236900 -11.517308 7.032722
v 5.864746 -12.518552 6.254593
v 3.352783 -12.436002 5.862015
v 3.565418 -13.067105 5.759018
v 1.614456 -12.726132 5.630447
v 1.691650 -13.211667 5.569412
v 3.605724 -13.179233 5.657532
v 1.514008 -12.720212 5.595779
v 5.921631 -12.574216 6.137894
v 1.590485 -13.199948 5.541092
v 1.711670 -13.360593 5.441238
v 1.379250 -12.744077 5.546219
v 0.000000 -12.751950 5.487381
v 0.000000 -12.943357 5.425125
v 1.390198 -12.972409 5.458939
v 0.000000 -12.997463 5.318832
v 1.439270 -13.047360 5.310379
v 1.619446 -13.321225 5.392166
v 1.380249 -12.968747 4.467361
v 0.000000 -12.955750 4.402306
v 1.644958 -13.273313 4.452713
v 1.762939 -13.301999 4.432159
v 1.234680 -13.100827 3.228104
v 0.000000 -13.031040 3.140862
v 1.500305 -13.569805 2.989044
v 3.683769 -13.177945 4.595779
v 1.668213 -13.598873 2.952820
v 1.397644 -13.620113 2.622650
v 1.087341 -13.614010 2.512451
v 0.000000 -13.567379 2.474197
v 0.000000 -13.758297 2.219315
v 1.149353 -13.739742 2.287109
v 1.540771 -13.711666 2.399017
v 1.674194 -13.956051 0.464066
v 3.554993 -13.427243 2.416336
v 3.436279 -13.636959 0.484390
v 3.121613 -13.831722 -1.395844
v 3.637245 -13.621754 -1.411530
v 4.416748 -13.388913 0.462662
v 4.077515 -13.274289 -1.409218
v 4.989746 -13.006833 0.387222
v 5.780743 -12.878645 2.477310
v 6.424248 -12.500048 2.104111
v 7.358948 -12.260983 1.547363
v 8.790642 -11.728949 2.873444
v 8.648193 -11.637693 3.777664
v 11.171143 -10.243895 4.650955
v 10.915283 -10.232176 5.237625
v 8.554073 -11.662730 4.716156
v 10.751465 -10.330809 5.922470
v 5.966187 -12.604733 5.013062
v 8.515015 -11.662107 5.698837
v 8.325798 -11.609435 6.955025
v -0.391296 0.222488 -12.706459
v -0.509583 -1.858338 -12.883705
v -1.037292 -1.843903 -12.722816
v -1.028473 0.259200 -12.658852
v -0.627907 -4.325392 -12.974342
v -1.467529 0.260253 -12.674355
v -1.541672 -1.866339 -12.561844
v -1.785034 0.272277 -12.274422
v -1.293213 -4.439239 -12.766273
v -0.775574 -6.746520 -13.083412
v -1.841797 -1.860138 -12.125954
v -1.669434 0.199828 -11.987122
v -1.692383 -1.883789 -11.905312
v -2.048584 -4.321716 -11.934059
v -1.903076 -4.344726 -11.756813
v -1.742188 -4.403869 -12.423134
v -2.293823 -6.294463 -11.789284
v -2.128906 -6.314574 -11.576088
v -2.055908 -6.583251 -12.340614
v -2.840210 -8.097136 -11.376991
v -2.605225 -8.124693 -11.112343
v -1.673523 -6.688475 -12.724037
v -3.499634 -9.731169 -10.279182
v -3.397461 -9.572508 -10.126015
v -2.565304 -8.474528 -12.088028
v -3.121094 -10.168976 -10.931313
v -3.885864 -10.590612 -8.956795
v -3.901367 -10.427732 -8.852577
v -2.075439 -8.680174 -12.377174
v -1.338867 -6.700560 -12.908119
v -1.481537 -8.901121 -12.619057
v -2.598969 -10.533751 -11.301567
v -0.872437 -9.021971 -12.730385
v -1.528900 -10.818602 -11.541176
v -0.838348 -11.035788 -11.954376
v -1.941772 -12.175535 -9.995399
v -0.873474 -12.186522 -11.109962
v -1.372650 -12.171999 -10.709511
v -0.909668 -12.537839 -10.847939
v -1.358398 -12.451539 -10.566032
v -0.863953 -12.726621 -10.601357
v -1.272186 -12.683228 -10.230507
v -1.049286 -13.624660 -8.272636
v -1.793854 -12.517148 -9.909538
v -1.622498 -12.721066 -9.802162
v -1.195984 -14.097408 -5.921852
v -2.043106 -13.358762 -8.054863
v -1.370178 -14.181393 -3.376411
v -2.393311 -13.775875 -5.719215
v -2.294113 -13.132310 -7.993813
v -1.522186 -14.127834 -1.456177
v -2.806946 -13.908260 -3.276077
v -2.614838 -13.620102 -5.586105
v -2.486710 -12.755368 -7.841225
v -3.014999 -13.736370 -3.285721
v -2.909927 -11.575682 -9.590981
v -2.830322 -13.261640 -5.545631
v -3.228241 -12.297971 -7.618202
v -3.591553 -11.147276 -9.340614
v -4.010498 -11.910643 -7.402809
v -3.501221 -12.918698 -5.434738
v -4.321533 -11.292616 -7.180595
v -4.271240 -11.115446 -7.102890
v -4.744507 -11.805418 -5.494370
v -4.437012 -11.480284 -5.439743
v -4.391602 -12.461179 -5.519272
v -5.288696 -11.839598 -3.789032
v -5.023193 -11.437254 -3.721054
v -4.100677 -13.078366 -3.415573
v -6.038086 -11.727400 -2.241951
v -5.801865 -11.238554 -2.121536
v -4.883820 -12.662393 -3.705101
v -6.952820 -11.504972 -0.675644
v -6.681702 -10.972181 -0.380783
v -7.870026 -10.687811 0.602371
v -5.681152 -12.535327 -2.017609
v -8.005249 -11.231504 0.367081
v -9.052704 -10.387579 1.559402
v -6.635742 -12.290036 -0.330124
v -4.989960 -12.931424 -1.637253
v -7.792248 -12.023050 0.854645
v -6.036499 -12.666257 0.141068
v -9.239685 -10.847715 1.396988
v -11.927002 -9.378431 3.096878
v -11.694824 -8.975065 3.230789
v -13.384644 -7.431761 3.990799
v -9.104393 -11.559652 1.924950
v -13.751953 -7.677153 3.874832
v -14.228996 -6.337208 4.212242
v -11.737549 -10.046141 3.671890
v -13.914551 -8.079589 4.593620
v -14.651939 -6.548445 4.119843
v -14.958443 -4.621279 4.416489
v -14.859428 -6.829488 4.824242
v -15.437023 -4.798359 4.347641
v -15.689404 -4.958012 5.037674
v -15.833252 -2.842888 4.273880
v -15.387207 -2.729675 4.353348
v -16.121094 -2.844238 5.012634
v -15.934326 -0.909943 4.034378
v -15.530762 -0.840989 4.080154
v -16.220947 -0.819337 4.727753
v -15.889858 0.715704 3.725830
v -15.487061 0.735701 3.775467
v -15.645012 2.676729 3.245026
v -15.271961 2.692705 3.319489
v -16.179245 0.922113 4.359039
v -15.322998 4.490850 2.498489
v -14.921387 4.521238 2.540848
v -15.915771 2.948119 3.822029
v -14.709320 6.374227 1.597733
v -14.342651 6.396894 1.684647
v -15.614838 4.807660 3.025948
v -13.839478 8.126446 0.603348
v -13.430481 8.160809 0.723221
v -14.996193 6.858244 2.094948
v -12.721268 9.600628 -0.563522
v -12.350658 9.589870 -0.431755
v -14.152519 8.618736 0.980965
v -11.584839 10.734035 -1.712204
v -11.196777 10.589443 -1.456711
v -12.922607 10.077511 -0.210350
v -10.278320 11.491275 -3.107346
v -9.891846 11.269160 -2.723312
v -11.694092 11.255000 -1.452560
v -12.745361 10.525265 0.218575
v -8.809448 11.837642 -4.554733
v -8.311035 11.679439 -4.212082
v -6.931152 11.588252 -5.712570
v -10.198486 12.102901 -3.071213
v -7.147247 11.804118 -6.115395
v -5.273369 10.924485 -7.171402
v -8.788818 12.390101 -4.484299
v -5.500835 11.098458 -7.596550
v -4.264957 10.010455 -8.236450
v -7.119446 12.253413 -6.050697
v -5.420410 11.607783 -7.564857
v -4.389786 10.197220 -8.652794
v -3.251221 8.676174 -9.467567
v -4.161133 10.739742 -8.659828
v -3.195362 8.857801 -9.946526
v -2.369873 6.893918 -10.668129
v -2.759094 9.190304 -10.056557
v -2.359863 7.021665 -11.043800
v -2.003174 5.002806 -11.417641
v -1.896118 7.304777 -11.256020
v -2.028076 5.025373 -11.701790
v -1.797798 2.654740 -11.751236
v -1.591064 5.140134 -12.123085
v -1.858887 2.702818 -12.034889
v -1.470215 2.774168 -12.494301
v -1.014282 2.890959 -12.353432
v -1.156372 5.219114 -11.970375
v -0.310120 2.963484 -12.083656
v -0.291824 5.382182 -11.419456
v -1.523834 7.482145 -10.978188
v -1.090302 7.771847 -10.422035
v -2.278503 9.414730 -9.512367
v -0.429199 7.864071 -9.862709
v -1.878326 9.746944 -8.711586
v -3.943802 11.096133 -8.146156
v -0.431065 9.865266 -7.330589
v -5.228561 11.957629 -7.142250
v -0.459160 11.182925 -4.755539
v -1.402969 11.271998 -5.558273
v -0.710476 12.597863 -1.731056
v -3.485809 11.492915 -7.132484
v -0.830791 13.217970 1.669380
v -1.712963 13.233230 -1.637421
v -2.971283 12.361629 -5.094406
v -4.853317 12.361812 -6.237221
v -4.373734 13.290102 -4.256981
v -6.890686 12.577464 -5.721359
v -6.517609 12.955073 -4.943527
v -8.522156 12.782222 -4.148849
v -5.980751 13.583980 -3.142014
v -10.009155 12.450801 -2.706955
v -8.248703 13.127689 -3.480469
v -11.426331 11.657222 -1.147873
v -9.686760 12.883338 -2.096306
v -7.714432 13.578129 -2.058304
v -3.458199 13.938078 -1.189209
v -5.189247 14.034175 -0.581161
v -2.689507 13.823407 2.072548
v -6.891788 13.913424 0.091614
v -0.749390 12.854243 4.168411
v -4.638721 14.007078 2.390747
v -0.794449 11.340571 8.682449
v -2.390617 13.229474 4.455490
v -4.162109 13.381343 4.623199
v -2.359863 11.565425 8.806839
v -0.884502 10.307858 10.786209
v -4.142075 11.665278 8.923416
v -0.798988 9.215511 12.747879
v -2.388641 10.469204 10.808670
v -2.231396 9.362453 12.755203
v -0.813995 9.060988 12.740585
v -2.196629 9.195202 12.782547
v -2.265179 8.695300 12.623947
v -3.639008 8.862545 12.719559
v -3.687420 9.392065 12.821083
v -5.366211 8.864986 12.842850
v -6.807617 8.597713 12.941971
v -5.323761 9.436407 12.902603
v -8.382324 8.093929 13.065262
v -7.021690 9.141212 12.966919
v -9.739258 7.396848 13.128983
v -8.650017 8.630524 13.046867
v -5.364212 9.559834 12.865440
v -11.304443 6.126310 13.103348
v -7.058758 9.266496 12.913216
v -10.092796 7.862397 13.111237
v -8.711449 8.731680 12.977562
v -12.757812 4.217283 12.944168
v -11.706085 6.481545 13.105774
v -10.168354 7.949135 13.033066
v -13.817383 1.918212 12.428299
v -13.218647 4.459129 12.959251
v -11.801868 6.558928 13.024147
v -14.114868 0.577880 12.023026
v -14.358612 2.089256 12.479286
v -14.177704 -1.422364 11.392944
v -14.712261 0.639401 12.027031
v -13.983887 -3.353760 10.689774
v -14.727570 -1.397083 11.463371
v -14.529358 -3.395569 10.830208
v -13.582016 -5.359146 10.046898
v -12.696003 -7.141679 9.245941
v -14.065212 -5.549821 10.095062
v -11.732491 -8.318429 8.651176
v -13.120277 -7.421499 9.310059
v -9.791504 -9.948057 7.816666
v -12.097851 -8.687394 8.731232
v -7.897705 -11.036192 7.061661
v -10.192581 -10.328744 7.784523
v -8.236900 -11.517308 7.032722
v -5.616211 -11.951628 6.367020
v -5.864746 -12.518552 6.254593
v -3.352783 -12.436002 5.862015
v -3.565418 -13.067105 5.759018
v -1.614456 -12.726132 5.630447
v -1.691650 -13.211667 5.569412
v -3.605724 -13.179233 5.657532
v -1.711670 -13.360593 5.441238
v -1.590485 -13.199948 5.541092
v -1.514008 -12.720212 5.595779
v -1.379250 -12.744077 5.546219
v -1.390198 -12.972409 5.458939
v -1.439270 -13.047360 5.310379
v -1.619446 -13.321225 5.392166
v -1.380249 -12.968747 4.467361
v -1.644958 -13.273313 4.452713
v -1.234680 -13.100827 3.228104
v -1.762939 -13.301999 4.432159
v -1.500305 -13.569805 2.989044
v -1.087341 -13.614010 2.512451
v -1.397644 -13.620113 2.622650
v -1.149353 -13.739742 2.287109
v -1.668213 -13.598873 2.952820
v -1.540771 -13.711666 2.399017
v -1.674194 -13.956051 0.464066
v -3.683769 -13.177945 4.595779
v -3.121613 -13.831722 -1.395844
v -3.436279 -13.636959 0.484390
v -3.637245 -13.621754 -1.411530
v -3.554993 -13.427243 2.416336
v -4.416748 -13.388913 0.462662
v -5.780743 -12.878645 2.477310
v -3.322540 -13.423520 -3.205658
v -4.077515 -13.274289 -1.409218
v -4.989746 -13.006833 0.387222
v -6.424248 -12.500048 2.104111
v -7.358948 -12.260983 1.547363
v -8.790642 -11.728949 2.873444
v -8.648193 -11.637693 3.777664
v -11.401611 -10.226316 4.262283
v -11.171143 -10.243895 4.650955
v -13.615723 -8.296965 5.270294
v -13.379150 -8.333250 5.527054
v -14.562057 -7.059612 5.518822
v -12.980469 -8.341795 6.149979
v -15.414013 -5.209384 5.842697
v -14.312790 -7.086681 5.827621
v -15.969971 -2.961914 5.791031
v -15.152050 -5.227237 6.203537
v -16.145920 -0.847734 5.557518
v -15.702393 -2.991943 6.317825
v -15.689453 -0.775574 6.208641
v -15.938477 1.103728 5.231888
v -15.615967 1.211242 5.722733
v -15.783447 3.213866 4.669388
v -15.472168 3.293944 5.337379
v -15.356445 5.104246 3.847549
v -14.763184 5.453733 4.615799
v -14.741013 7.237234 2.861656
v -14.123047 5.623411 5.656876
v -13.835831 9.050727 1.670525
v -14.073261 7.601922 3.569862
v -13.170074 9.405713 2.333008
v -12.106194 10.958920 0.909195
v -13.307022 7.883435 4.438118
v -12.424171 9.727023 3.206238
v -11.383537 11.429502 1.695007
v -10.978252 12.187323 -0.631676
v -10.294926 12.591675 0.326759
v -9.121216 13.250254 -0.794655
v -8.287407 13.485565 0.959778
v -9.350815 12.918208 1.835632
v -6.251522 13.799227 2.568878
v -7.412704 13.443992 2.771843
v -5.963902 13.211909 4.807266
v -8.192085 12.610445 4.987228
v -10.404564 11.781447 2.998024
v -5.825546 11.539546 9.024368
v -11.592789 9.961572 4.430214
v -9.491333 11.399165 5.728920
v -12.800537 8.027584 5.195633
v -11.043762 9.882734 6.395966
v -7.621948 10.946528 9.208450
v -9.207047 10.095455 9.320755
v -12.407181 7.959813 6.863411
v -10.551880 9.003414 9.425438
v -9.113068 9.432341 11.177429
v -7.329266 10.086626 11.078209
v -5.712929 10.540418 10.979439
v -10.593323 8.505957 11.259056
v -3.972000 10.615414 10.885086
v -3.729027 9.517663 12.797722
v -12.105225 7.277097 9.498665
v -12.075195 6.930417 11.331253
v -13.654297 5.606443 7.255264
v -13.504883 5.255369 9.491898
v -13.559570 4.983640 11.232376
v -15.080078 3.292845 6.289581
v -14.743652 3.208006 7.425034
v -15.341797 1.229552 6.579788
v -14.541260 2.966185 9.222961
v -15.120117 1.174804 7.554642
v -15.354980 -0.823121 7.417007
v -15.034180 1.055785 9.077713
v -14.589111 2.632933 10.876358
v -15.330322 -3.146667 7.440994
v -13.332943 4.531152 12.902992
v -14.476166 2.135596 12.404259
v -15.044197 0.962802 10.535919
v -14.844067 0.667163 11.952148
v -14.866722 -1.380280 11.400330
v -15.175049 -1.094971 10.036392
v -14.671368 -3.409099 10.771591
v -15.245552 -0.994624 8.869110
v -15.112305 -3.193596 9.457474
v -14.185406 -5.575473 10.025749
v -15.173828 -3.180054 8.462479
v -14.571278 -5.446061 8.876862
v -13.240341 -7.454671 9.241631
v -14.559067 -5.405472 7.885216
v -13.705978 -7.368573 8.121819
v -12.217777 -8.728086 8.663696
v -14.677933 -5.343510 7.090858
v -10.295670 -10.412031 7.714508
v -13.876389 -7.149090 6.582748
v -13.684494 -7.285900 7.252274
v -12.732422 -8.560545 6.825516
v -12.763184 -8.685301 7.572952
v -10.727539 -10.447020 6.658340
v -10.751465 -10.330809 5.922470
v -8.325798 -11.609435 6.955025
v -8.515015 -11.662107 5.698837
v -5.921631 -12.574216 6.137894
v -5.966187 -12.604733 5.013062
v -8.554073 -11.662730 4.716156
v -10.915283 -10.232176 5.237625
v -4.750244 9.661896 -7.978676
v -3.843750 8.247341 -9.198524
v -5.600586 10.293209 -7.092812
v -3.077881 6.588010 -10.140785
v -5.861572 7.335691 -6.220375
v -2.713379 4.858641 -10.797279
v -4.002441 4.833250 -7.852455
v -2.555054 2.532774 -11.083900
v -3.202148 1.874755 -8.318031
v -2.472412 0.155028 -11.266518
v -2.457031 -1.891281 -11.184486
v -2.708252 -1.101319 -8.329506
v -2.640137 -4.248687 -10.898109
v -2.830566 -6.129729 -10.660439
v -3.218750 -4.088378 -7.516273
v -3.151367 -7.945708 -10.289955
v -3.682129 -9.052366 -9.518532
v -3.732422 -7.399901 -6.087563
v -3.993408 -9.784605 -8.504311
v -4.314209 -10.266172 -6.964951
v -4.642822 -10.640318 -5.452316
v -5.210205 -10.696211 -3.738937
v -5.247681 -8.997770 -3.867844
v -6.005966 -10.368582 -2.340134
v -6.018673 -9.414492 -2.549362
v -6.958984 -9.922728 -0.941330
v -5.994141 -7.489180 -2.937180
v -7.663086 -8.159819 -0.951340
v -8.230713 -9.704435 0.298477
v -9.352295 -9.427763 1.339920
v -9.667725 -7.991484 0.798904
v -12.172852 -7.751814 3.105545
v -8.146400 -7.005892 -1.272736
v -14.205322 -5.275039 3.773026
v -11.747314 -6.861861 2.055496
v -9.833237 -6.850524 0.155640
v -6.769333 -6.391654 -2.995087
v -11.523445 -5.927097 1.154449
v -4.644531 -5.833739 -4.824875
v -13.580200 -5.041244 2.799637
v -3.824951 -3.765991 -6.061195
v -14.968018 -2.750488 3.766434
v -15.230225 -0.042481 3.523758
v -14.701782 -2.680588 2.991776
v -13.154243 -4.400078 1.729843
v -15.044434 2.470335 2.942215
v -15.164795 -0.080140 2.844559
v -14.142021 -2.433034 1.941147
v -14.210693 5.279188 1.534500
v -14.954834 2.432066 2.232132
v -14.522217 -0.279173 1.821594
v -13.102295 7.700192 0.281815
v -14.365879 1.893739 1.343079
v -11.960205 8.999294 -0.934250
v -13.552856 3.744627 0.314285
v -10.979736 10.000698 -1.855637
v -14.055664 4.658934 0.986404
v -9.865967 10.627682 -2.957687
v -10.753418 8.520138 -2.184494
v -12.830811 7.076902 -0.140549
v -8.472656 10.928584 -4.361496
v -12.651855 6.154905 -0.579269
v -7.081543 10.878291 -5.694992
v -8.218750 8.520870 -4.335129
v -8.755859 6.781491 -4.060959
v -10.858727 6.937955 -2.359566
v -6.841309 5.616086 -5.500168
v -9.133713 5.469821 -3.956932
v -10.812057 5.626957 -2.544342
v -12.373001 5.007260 -1.047928
v -6.131699 0.200462 1.886154
v -5.621292 -5.093689 -4.610413
v -4.888180 -3.294934 -5.658981
v -3.608154 -1.155396 -6.805336
v -4.709282 -1.152222 -6.290672
v -4.068359 1.393309 -6.980385
v -5.125954 1.049106 -6.404259
v -6.058487 2.984993 -6.037529
v -5.165527 3.827391 -6.551918
v -7.467266 4.555752 -5.177429
v 4.750244 9.661896 -7.978676
v 3.843750 8.247341 -9.198524
v 5.600586 10.293209 -7.092812
v 3.077881 6.588010 -10.140785
v 5.861572 7.335691 -6.220375
v 2.713379 4.858641 -10.797279
v 4.002441 4.833250 -7.852455
v 2.555054 2.532774 -11.083900
v 3.202148 1.874755 -8.318031
v 2.472412 0.155028 -11.266518
v 2.457031 -1.891281 -11.184486
v 2.708252 -1.101319 -8.329506
v 2.640137 -4.248687 -10.898109
v 2.830566 -6.129729 -10.660439
v 3.218750 -4.088378 -7.516273
v 3.151367 -7.945708 -10.289955
v 3.682129 -9.052366 -9.518532
v 3.732422 -7.399901 -6.087563
v 3.993408 -9.784605 -8.504311
v 4.314209 -10.266172 -6.964951
v 4.642822 -10.640318 -5.452316
v 5.210205 -10.696211 -3.738937
v 5.247681 -8.997770 -3.867844
v 6.005966 -10.368582 -2.340134
v 6.018673 -9.414492 -2.549362
v 6.958984 -9.922728 -0.941330
v 5.994141 -7.489180 -2.937180
v 7.663086 -8.159819 -0.951340
v 8.230713 -9.704435 0.298477
v 9.352295 -9.427763 1.339920
v 9.667725 -7.991484 0.798904
v 12.172852 -7.751814 3.105545
v 8.146400 -7.005892 -1.272736
v 14.205322 -5.275039 3.773026
v 11.747314 -6.861861 2.055496
v 9.833237 -6.850524 0.155640
v 14.968018 -2.750488 3.766434
v 13.580200 -5.041244 2.799637
v 11.523445 -5.927097 1.154449
v 15.230225 -0.042481 3.523758
v 14.701782 -2.680588 2.991776
v 13.154243 -4.400078 1.729843
v 15.044434 2.470335 2.942215
v 15.164795 -0.080140 2.844559
v 14.142021 -2.433034 1.941147
v 14.210693 5.279188 1.534500
v 14.954834 2.432066 2.232132
v 14.522217 -0.279173 1.821594
v 13.102295 7.700192 0.281815
v 14.365879 1.893739 1.343079
v 11.960205 8.999294 -0.934250
v 12.830811 7.076902 -0.140549
v 10.979736 10.000698 -1.855637
v 10.753418 8.520138 -2.184494
v 9.865967 10.627682 -2.957687
v 8.472656 10.928584 -4.361496
v 8.218750 8.520870 -4.335129
v 7.081543 10.878291 -5.694992
v 8.755859 6.781491 -4.060959
v 10.858727 6.937955 -2.359566
v 6.841309 5.616086 -5.500168
v 9.133713 5.469821 -3.956932
v 12.651855 6.154905 -0.579269
v 10.812057 5.626957 -2.544342
v 14.055664 4.658934 0.986404
v 12.373001 5.007260 -1.047928
v 13.552856 3.744627 0.314285
v 6.131699 0.200462 1.886154
v 7.467266 4.555752 -5.177429
v 5.165527 3.827391 -6.551918
v 6.058487 2.984993 -6.037529
v 4.068359 1.393309 -6.980385
v 5.125954 1.049106 -6.404259
v 3.608154 -1.155396 -6.805336
v 4.709282 -1.152222 -6.290672
v 4.888180 -3.294934 -5.658981
v 3.824951 -3.765991 -6.061195
v 4.644531 -5.833739 -4.824875
v 5.621292 -5.093689 -4.610413
v 6.769333 -6.391654 -2.995087
vt 0.286202 0.372747
vt 0.289634 0.364941
vt 0.289476 0.374083
vt 0.293233 0.365338
vt 0.290034 0.364129
vt 0.290507 0.363158
vt 0.294241 0.375828
vt 0.295945 0.354021
vt 0.306711 0.355077
vt 0.302332 0.342056
vt 0.323854 0.367650
vt 0.314180 0.383188
vt 0.385713 0.408718
vt 0.336646 0.353769
vt 0.324527 0.336717
vt 0.311378 0.329418
vt 0.321028 0.318759
vt 0.353278 0.343856
vt 0.347178 0.323614
vt 0.333011 0.308100
vt 0.341274 0.302988
vt 0.353234 0.297928
vt 0.372089 0.337341
vt 0.369101 0.318819
vt 0.366207 0.295386
vt 0.380089 0.294028
vt 0.391449 0.317705
vt 0.392117 0.294286
vt 0.401005 0.295651
vt 0.415146 0.301856
vt 0.391458 0.336773
vt 0.414285 0.324922
vt 0.426793 0.309805
vt 0.435534 0.318024
vt 0.410443 0.340900
vt 0.434104 0.339024
vt 0.440879 0.325106
vt 0.444602 0.332772
vt 0.448721 0.341383
vt 0.427673 0.348665
vt 0.448390 0.354779
vt 0.451721 0.351799
vt 0.454518 0.357937
vt 0.441803 0.361049
vt 0.453799 0.375403
vt 0.460498 0.371627
vt 0.461634 0.370988
vt 0.289634 0.364941
vt 0.293233 0.365338
vt 0.290034 0.364129
vt 0.290507 0.363158
vt 0.295945 0.354021
vt 0.306711 0.355077
vt 0.302332 0.342056
vt 0.323854 0.367650
vt 0.336646 0.353769
vt 0.324527 0.336717
vt 0.311378 0.329418
vt 0.321028 0.318759
vt 0.353278 0.343856
vt 0.347178 0.323614
vt 0.333011 0.308100
vt 0.341274 0.302988
vt 0.353234 0.297928
vt 0.372089 0.337341
vt 0.369101 0.318819
vt 0.366207 0.295386
vt 0.380089 0.294028
vt 0.391449 0.317705
vt 0.392117 0.294286
vt 0.401005 0.295651
vt 0.415146 0.301856
vt 0.391458 0.336773
vt 0.414285 0.324922
vt 0.426793 0.309805
vt 0.435534 0.318024
vt 0.410443 0.340900
vt 0.434104 0.339024
vt 0.440879 0.325106
vt 0.444602 0.332772
vt 0.448721 0.341383
vt 0.427673 0.348665
vt 0.448390 0.354779
vt 0.451721 0.351799
vt 0.454518 0.357937
vt 0.441803 0.361049
vt 0.007680 0.328113
vt 0.016515 0.337626
vt 0.006293 0.330110
vt 0.018696 0.335253
vt 0.028549 0.346645
vt 0.020686 0.332393
vt 0.009901 0.324916
vt 0.031316 0.343798
vt 0.011440 0.322754
vt 0.039294 0.356468
vt 0.022745 0.329748
vt 0.013107 0.320069
vt 0.034650 0.340816
vt 0.042633 0.352898
vt 0.024615 0.326870
vt 0.014424 0.318625
vt 0.025582 0.325435
vt 0.038460 0.334616
vt 0.039310 0.333347
vt 0.036702 0.337888
vt 0.049890 0.341420
vt 0.050826 0.339953
vt 0.048684 0.345483
vt 0.061856 0.347828
vt 0.063219 0.345923
vt 0.046708 0.348354
vt 0.075373 0.354531
vt 0.075743 0.353041
vt 0.059273 0.352471
vt 0.071751 0.358534
vt 0.086522 0.359591
vt 0.087170 0.358562
vt 0.057150 0.355549
vt 0.045039 0.350082
vt 0.054839 0.359049
vt 0.069059 0.362117
vt 0.052452 0.362183
vt 0.048756 0.366265
vt 0.064570 0.367656
vt 0.060870 0.371357
vt 0.057307 0.375326
vt 0.070449 0.374899
vt 0.066884 0.376664
vt 0.062990 0.380688
vt 0.075940 0.373469
vt 0.068727 0.378205
vt 0.064750 0.382347
vt 0.066160 0.383519
vt 0.071423 0.376413
vt 0.069861 0.379480
vt 0.077661 0.391934
vt 0.072927 0.378237
vt 0.081759 0.386751
vt 0.087962 0.399806
vt 0.076037 0.375843
vt 0.076117 0.377624
vt 0.092964 0.394130
vt 0.098383 0.408953
vt 0.086324 0.382036
vt 0.104212 0.402591
vt 0.104828 0.415991
vt 0.098701 0.388664
vt 0.087554 0.380282
vt 0.112010 0.409717
vt 0.110472 0.423663
vt 0.111130 0.396498
vt 0.100327 0.387702
vt 0.089283 0.378081
vt 0.112255 0.395236
vt 0.080670 0.367655
vt 0.101877 0.385536
vt 0.093004 0.373771
vt 0.083729 0.363242
vt 0.096998 0.369779
vt 0.105355 0.382307
vt 0.114490 0.393554
vt 0.099669 0.366071
vt 0.100284 0.364972
vt 0.111173 0.373068
vt 0.112017 0.370222
vt 0.108824 0.377151
vt 0.123232 0.378797
vt 0.124354 0.375883
vt 0.117479 0.388925
vt 0.120228 0.383739
vt 0.134846 0.384476
vt 0.136610 0.381375
vt 0.129669 0.394334
vt 0.147124 0.390276
vt 0.149818 0.386639
vt 0.132155 0.389467
vt 0.160040 0.391165
vt 0.144596 0.395678
vt 0.157495 0.394438
vt 0.170634 0.395373
vt 0.155486 0.400062
vt 0.168835 0.398514
vt 0.142239 0.400631
vt 0.192352 0.405302
vt 0.193772 0.402362
vt 0.210291 0.405360
vt 0.166832 0.403819
vt 0.210046 0.408327
vt 0.220423 0.406879
vt 0.189393 0.410159
vt 0.209127 0.413604
vt 0.220090 0.409976
vt 0.233678 0.408597
vt 0.219180 0.414789
vt 0.207248 0.418062
vt 0.217044 0.419208
vt 0.232286 0.416669
vt 0.187808 0.414289
vt 0.233129 0.411939
vt 0.206188 0.419989
vt 0.246628 0.413233
vt 0.247175 0.410166
vt 0.246144 0.418230
vt 0.259915 0.414103
vt 0.260434 0.411428
vt 0.259576 0.418853
vt 0.271265 0.414660
vt 0.271649 0.412110
vt 0.285296 0.415282
vt 0.285623 0.412849
vt 0.271348 0.419389
vt 0.299198 0.414880
vt 0.299855 0.412315
vt 0.285506 0.419812
vt 0.314606 0.414306
vt 0.315388 0.411994
vt 0.299321 0.419196
vt 0.330559 0.414413
vt 0.331797 0.411795
vt 0.315159 0.419102
vt 0.346793 0.415046
vt 0.347947 0.412534
vt 0.330554 0.418801
vt 0.361753 0.416226
vt 0.362214 0.412978
vt 0.346329 0.419037
vt 0.377355 0.417286
vt 0.377358 0.413529
vt 0.361411 0.419937
vt 0.346889 0.423025
vt 0.331043 0.424199
vt 0.315404 0.424670
vt 0.347727 0.429427
vt 0.299331 0.424926
vt 0.332117 0.430359
vt 0.285443 0.425521
vt 0.300304 0.431370
vt 0.316573 0.431058
vt 0.271081 0.425199
vt 0.284782 0.430203
vt 0.258224 0.423888
vt 0.270994 0.428974
vt 0.244534 0.423015
vt 0.257678 0.428873
vt 0.229852 0.421628
vt 0.243543 0.426609
vt 0.216093 0.421495
vt 0.228982 0.424266
vt 0.255574 0.436485
vt 0.204780 0.424399
vt 0.241060 0.433723
vt 0.214375 0.426686
vt 0.226791 0.430194
vt 0.225853 0.435123
vt 0.213119 0.430926
vt 0.203166 0.428821
vt 0.239638 0.440118
vt 0.212783 0.436400
vt 0.225174 0.441265
vt 0.203120 0.433551
vt 0.238460 0.446281
vt 0.201152 0.440920
vt 0.210789 0.443778
vt 0.222971 0.448570
vt 0.210445 0.444602
vt 0.252339 0.445171
vt 0.222671 0.449395
vt 0.235274 0.454536
vt 0.249983 0.452191
vt 0.264230 0.449605
vt 0.234892 0.455429
vt 0.246253 0.460398
vt 0.245786 0.461243
vt 0.260977 0.458218
vt 0.267696 0.440562
vt 0.256926 0.466494
vt 0.269695 0.434526
vt 0.275439 0.454217
vt 0.280483 0.443745
vt 0.283099 0.436585
vt 0.296181 0.449287
vt 0.299628 0.439166
vt 0.288912 0.461788
vt 0.317032 0.438553
vt 0.312126 0.454496
vt 0.332448 0.437826
vt 0.316560 0.444393
vt 0.331445 0.447317
vt 0.348566 0.436670
vt 0.347761 0.447063
vt 0.326067 0.459247
vt 0.339186 0.463294
vt 0.359767 0.447332
vt 0.323355 0.481228
vt 0.362073 0.436420
vt 0.350440 0.465863
vt 0.362831 0.428745
vt 0.368867 0.448672
vt 0.362090 0.423438
vt 0.373200 0.437520
vt 0.376601 0.429150
vt 0.377731 0.424316
vt 0.378331 0.421053
vt 0.389816 0.430511
vt 0.393073 0.418972
vt 0.394561 0.415163
vt 0.409662 0.418976
vt 0.391946 0.426032
vt 0.392538 0.422488
vt 0.409605 0.422273
vt 0.426391 0.421992
vt 0.408457 0.424902
vt 0.407264 0.427877
vt 0.426081 0.425245
vt 0.438398 0.424481
vt 0.424415 0.428151
vt 0.438319 0.427499
vt 0.452202 0.427048
vt 0.436595 0.430939
vt 0.422142 0.431014
vt 0.452788 0.430294
vt 0.467510 0.428662
vt 0.452491 0.433861
vt 0.467757 0.431175
vt 0.481123 0.428614
vt 0.467470 0.434918
vt 0.481479 0.430359
vt 0.496527 0.427385
vt 0.481931 0.434218
vt 0.511856 0.428339
vt 0.512152 0.426338
vt 0.496501 0.429254
vt 0.496726 0.433137
vt 0.512403 0.431510
vt 0.512655 0.434211
vt 0.496245 0.436194
vt 0.513410 0.438103
vt 0.481644 0.437122
vt 0.496125 0.440959
vt 0.514009 0.440480
vt 0.496250 0.442923
vt 0.466313 0.437796
vt 0.480646 0.443517
vt 0.480946 0.445345
vt 0.463407 0.450047
vt 0.463918 0.441883
vt 0.450572 0.438194
vt 0.462902 0.447218
vt 0.447110 0.442992
vt 0.433751 0.433955
vt 0.445136 0.455439
vt 0.446813 0.457606
vt 0.429597 0.440005
vt 0.430405 0.456617
vt 0.430363 0.464493
vt 0.431499 0.467199
vt 0.413134 0.474758
vt 0.415632 0.478465
vt 0.400137 0.490593
vt 0.396206 0.487063
vt 0.388196 0.500769
vt 0.407767 0.469744
vt 0.384995 0.497331
vt 0.367508 0.519182
vt 0.420139 0.450261
vt 0.363970 0.515689
vt 0.358228 0.528359
vt 0.418339 0.436387
vt 0.409251 0.446535
vt 0.404498 0.433025
vt 0.397507 0.443013
vt 0.398244 0.462705
vt 0.385261 0.439092
vt 0.388735 0.456868
vt 0.378837 0.451656
vt 0.386906 0.479077
vt 0.377802 0.471070
vt 0.370405 0.464447
vt 0.364399 0.460036
vt 0.361203 0.474907
vt 0.369507 0.482284
vt 0.377307 0.490021
vt 0.357058 0.508749
vt 0.349194 0.501151
vt 0.341622 0.494207
vt 0.353920 0.524920
vt 0.350131 0.538386
vt 0.347297 0.518472
vt 0.345996 0.535600
vt 0.349686 0.539153
vt 0.339058 0.529576
vt 0.345408 0.536334
vt 0.348091 0.541937
vt 0.338636 0.530584
vt 0.336485 0.533074
vt 0.347223 0.543384
vt 0.334534 0.534308
vt 0.330066 0.526542
vt 0.328624 0.529104
vt 0.320200 0.520318
vt 0.331876 0.523636
vt 0.321760 0.518552
vt 0.314503 0.512072
vt 0.312220 0.512875
vt 0.324438 0.516158
vt 0.306149 0.505185
vt 0.305174 0.506462
vt 0.297421 0.500608
vt 0.316290 0.508848
vt 0.298391 0.499131
vt 0.286942 0.493572
vt 0.308169 0.501932
vt 0.324827 0.515399
vt 0.288042 0.491855
vt 0.332175 0.522827
vt 0.340364 0.511606
vt 0.332494 0.504256
vt 0.316808 0.508117
vt 0.324479 0.497834
vt 0.308591 0.501171
vt 0.300203 0.495950
vt 0.332330 0.487418
vt 0.315405 0.490679
vt 0.314389 0.475752
vt 0.300604 0.495173
vt 0.306732 0.484819
vt 0.302134 0.468761
vt 0.295562 0.478534
vt 0.290024 0.488102
vt 0.283082 0.471247
vt 0.289621 0.488940
vt 0.269975 0.463397
vt 0.277300 0.480471
vt 0.264282 0.471688
vt 0.276868 0.481269
vt 0.263873 0.472513
vt 0.275411 0.484142
vt 0.274504 0.486047
vt 0.262097 0.475586
vt 0.261629 0.477158
vt 0.256490 0.467361
vt 0.254655 0.470664
vt 0.253848 0.472077
vt 0.243875 0.466059
vt 0.243845 0.464118
vt 0.232167 0.459610
vt 0.232881 0.458341
vt 0.220583 0.454028
vt 0.221397 0.452395
vt 0.208785 0.448996
vt 0.209335 0.447588
vt 0.199604 0.446130
vt 0.199816 0.444879
vt 0.184489 0.442991
vt 0.200770 0.441729
vt 0.184390 0.441523
vt 0.171071 0.441670
vt 0.185460 0.438222
vt 0.185666 0.437305
vt 0.171115 0.440479
vt 0.156600 0.442755
vt 0.186578 0.430165
vt 0.156610 0.441410
vt 0.143945 0.446419
vt 0.171737 0.436817
vt 0.156474 0.437420
vt 0.143236 0.445004
vt 0.133369 0.448751
vt 0.142982 0.440727
vt 0.132614 0.447490
vt 0.132086 0.448732
vt 0.132562 0.444658
vt 0.142817 0.439754
vt 0.131879 0.447527
vt 0.156438 0.436523
vt 0.131952 0.444769
vt 0.132377 0.443578
vt 0.130890 0.447438
vt 0.131167 0.448633
vt 0.122943 0.451256
vt 0.122690 0.450341
vt 0.122341 0.449171
vt 0.130474 0.445867
vt 0.122095 0.448503
vt 0.130268 0.444705
vt 0.131837 0.443689
vt 0.127819 0.440159
vt 0.120084 0.443585
vt 0.129812 0.438577
vt 0.130391 0.438036
vt 0.123944 0.434208
vt 0.117120 0.437262
vt 0.125336 0.430956
vt 0.140924 0.433396
vt 0.126081 0.430219
vt 0.123680 0.429480
vt 0.121688 0.429876
vt 0.115703 0.433085
vt 0.115159 0.431640
vt 0.121424 0.428384
vt 0.123849 0.427745
vt 0.119037 0.417721
vt 0.134660 0.421492
vt 0.128298 0.411618
vt 0.120099 0.403537
vt 0.122797 0.401302
vt 0.133551 0.408078
vt 0.125552 0.399098
vt 0.136959 0.405403
vt 0.147229 0.415176
vt 0.150428 0.411076
vt 0.154487 0.405393
vt 0.166638 0.410247
vt 0.167936 0.416034
vt 0.187087 0.417027
vt 0.186601 0.421023
vt 0.169223 0.421928
vt 0.186275 0.425501
vt 0.154414 0.429745
vt 0.170717 0.427998
vt 0.171858 0.435880
vt 0.007680 0.328113
vt 0.018696 0.335253
vt 0.020686 0.332393
vt 0.009901 0.324916
vt 0.031316 0.343798
vt 0.011440 0.322754
vt 0.022745 0.329748
vt 0.013107 0.320069
vt 0.034650 0.340816
vt 0.042633 0.352898
vt 0.024615 0.326870
vt 0.014424 0.318625
vt 0.025582 0.325435
vt 0.038460 0.334616
vt 0.039310 0.333347
vt 0.036702 0.337888
vt 0.049890 0.341420
vt 0.050826 0.339953
vt 0.048684 0.345483
vt 0.061856 0.347828
vt 0.063219 0.345923
vt 0.046708 0.348354
vt 0.075373 0.354531
vt 0.075743 0.353041
vt 0.059273 0.352471
vt 0.071751 0.358534
vt 0.086522 0.359591
vt 0.087170 0.358562
vt 0.057150 0.355549
vt 0.045039 0.350082
vt 0.054839 0.359049
vt 0.069059 0.362117
vt 0.052452 0.362183
vt 0.064570 0.367656
vt 0.060870 0.371357
vt 0.075940 0.373469
vt 0.066884 0.376664
vt 0.070449 0.374899
vt 0.068727 0.378205
vt 0.071423 0.376413
vt 0.069861 0.379480
vt 0.072927 0.378237
vt 0.081759 0.386751
vt 0.076037 0.375843
vt 0.076117 0.377624
vt 0.092964 0.394130
vt 0.086324 0.382036
vt 0.104212 0.402591
vt 0.098701 0.388664
vt 0.087554 0.380282
vt 0.112010 0.409717
vt 0.111130 0.396498
vt 0.100327 0.387702
vt 0.089283 0.378081
vt 0.112255 0.395236
vt 0.080670 0.367655
vt 0.101877 0.385536
vt 0.093004 0.373771
vt 0.083729 0.363242
vt 0.096998 0.369779
vt 0.105355 0.382307
vt 0.099669 0.366071
vt 0.100284 0.364972
vt 0.111173 0.373068
vt 0.112017 0.370222
vt 0.108824 0.377151
vt 0.123232 0.378797
vt 0.124354 0.375883
vt 0.117479 0.388925
vt 0.134846 0.384476
vt 0.136610 0.381375
vt 0.120228 0.383739
vt 0.147124 0.390276
vt 0.149818 0.386639
vt 0.160040 0.391165
vt 0.132155 0.389467
vt 0.157495 0.394438
vt 0.170634 0.395373
vt 0.144596 0.395678
vt 0.129669 0.394334
vt 0.155486 0.400062
vt 0.142239 0.400631
vt 0.168835 0.398514
vt 0.192352 0.405302
vt 0.193772 0.402362
vt 0.210291 0.405360
vt 0.166832 0.403819
vt 0.210046 0.408327
vt 0.220423 0.406879
vt 0.189393 0.410159
vt 0.209127 0.413604
vt 0.220090 0.409976
vt 0.233678 0.408597
vt 0.219180 0.414789
vt 0.233129 0.411939
vt 0.232286 0.416669
vt 0.246628 0.413233
vt 0.247175 0.410166
vt 0.246144 0.418230
vt 0.259915 0.414103
vt 0.260434 0.411428
vt 0.259576 0.418853
vt 0.271265 0.414660
vt 0.271649 0.412110
vt 0.285296 0.415282
vt 0.285623 0.412849
vt 0.271348 0.419389
vt 0.299198 0.414880
vt 0.299855 0.412315
vt 0.285506 0.419812
vt 0.314606 0.414306
vt 0.315388 0.411994
vt 0.299321 0.419196
vt 0.330559 0.414413
vt 0.331797 0.411795
vt 0.315159 0.419102
vt 0.346793 0.415046
vt 0.347947 0.412534
vt 0.330554 0.418801
vt 0.361753 0.416226
vt 0.362214 0.412978
vt 0.346329 0.419037
vt 0.377355 0.417286
vt 0.377358 0.413529
vt 0.361411 0.419937
vt 0.346889 0.423025
vt 0.393073 0.418972
vt 0.394561 0.415163
vt 0.409662 0.418976
vt 0.378331 0.421053
vt 0.409605 0.422273
vt 0.426391 0.421992
vt 0.392538 0.422488
vt 0.426081 0.425245
vt 0.438398 0.424481
vt 0.408457 0.424902
vt 0.424415 0.428151
vt 0.438319 0.427499
vt 0.452202 0.427048
vt 0.436595 0.430939
vt 0.452788 0.430294
vt 0.467510 0.428662
vt 0.452491 0.433861
vt 0.467757 0.431175
vt 0.481123 0.428614
vt 0.467470 0.434918
vt 0.481479 0.430359
vt 0.496527 0.427385
vt 0.481931 0.434218
vt 0.512152 0.426338
vt 0.511856 0.428339
vt 0.496501 0.429254
vt 0.496726 0.433137
vt 0.512403 0.431510
vt 0.512655 0.434211
vt 0.496245 0.436194
vt 0.513410 0.438103
vt 0.481644 0.437122
vt 0.496125 0.440959
vt 0.480646 0.443517
vt 0.466313 0.437796
vt 0.463918 0.441883
vt 0.450572 0.438194
vt 0.462902 0.447218
vt 0.447110 0.442992
vt 0.433751 0.433955
vt 0.445136 0.455439
vt 0.422142 0.431014
vt 0.430363 0.464493
vt 0.430405 0.456617
vt 0.413134 0.474758
vt 0.429597 0.440005
vt 0.396206 0.487063
vt 0.407767 0.469744
vt 0.420139 0.450261
vt 0.418339 0.436387
vt 0.409251 0.446535
vt 0.407264 0.427877
vt 0.404498 0.433025
vt 0.391946 0.426032
vt 0.397507 0.443013
vt 0.377731 0.424316
vt 0.389816 0.430511
vt 0.362090 0.423438
vt 0.376601 0.429150
vt 0.385261 0.439092
vt 0.398244 0.462705
vt 0.388735 0.456868
vt 0.386906 0.479077
vt 0.378837 0.451656
vt 0.384995 0.497331
vt 0.377802 0.471070
vt 0.363970 0.515689
vt 0.377307 0.490021
vt 0.369507 0.482284
vt 0.357058 0.508749
vt 0.353920 0.524920
vt 0.349194 0.501151
vt 0.345996 0.535600
vt 0.347297 0.518472
vt 0.339058 0.529576
vt 0.345408 0.536334
vt 0.338636 0.530584
vt 0.336485 0.533074
vt 0.334534 0.534308
vt 0.330066 0.526542
vt 0.328624 0.529104
vt 0.320200 0.520318
vt 0.331876 0.523636
vt 0.321760 0.518552
vt 0.314503 0.512072
vt 0.312220 0.512875
vt 0.324438 0.516158
vt 0.306149 0.505185
vt 0.305174 0.506462
vt 0.297421 0.500608
vt 0.316290 0.508848
vt 0.298391 0.499131
vt 0.286942 0.493572
vt 0.308169 0.501932
vt 0.324827 0.515399
vt 0.288042 0.491855
vt 0.316808 0.508117
vt 0.300203 0.495950
vt 0.308591 0.501171
vt 0.275411 0.484142
vt 0.274504 0.486047
vt 0.289621 0.488940
vt 0.300604 0.495173
vt 0.262097 0.475586
vt 0.261629 0.477158
vt 0.276868 0.481269
vt 0.290024 0.488102
vt 0.254655 0.470664
vt 0.253848 0.472077
vt 0.243875 0.466059
vt 0.263873 0.472513
vt 0.243845 0.464118
vt 0.232167 0.459610
vt 0.256490 0.467361
vt 0.232881 0.458341
vt 0.220583 0.454028
vt 0.245786 0.461243
vt 0.234892 0.455429
vt 0.221397 0.452395
vt 0.208785 0.448996
vt 0.209335 0.447588
vt 0.199604 0.446130
vt 0.222671 0.449395
vt 0.199816 0.444879
vt 0.184489 0.442991
vt 0.210445 0.444602
vt 0.184390 0.441523
vt 0.171071 0.441670
vt 0.200770 0.441729
vt 0.171115 0.440479
vt 0.156600 0.442755
vt 0.185460 0.438222
vt 0.171737 0.436817
vt 0.156610 0.441410
vt 0.143945 0.446419
vt 0.156474 0.437420
vt 0.143236 0.445004
vt 0.133369 0.448751
vt 0.142982 0.440727
vt 0.132614 0.447490
vt 0.132086 0.448732
vt 0.132562 0.444658
vt 0.142817 0.439754
vt 0.132377 0.443578
vt 0.131952 0.444769
vt 0.131879 0.447527
vt 0.130890 0.447438
vt 0.131167 0.448633
vt 0.130474 0.445867
vt 0.130268 0.444705
vt 0.131837 0.443689
vt 0.127819 0.440159
vt 0.129812 0.438577
vt 0.123944 0.434208
vt 0.130391 0.438036
vt 0.125336 0.430956
vt 0.121688 0.429876
vt 0.123680 0.429480
vt 0.121424 0.428384
vt 0.126081 0.430219
vt 0.123849 0.427745
vt 0.119037 0.417721
vt 0.140924 0.433396
vt 0.120099 0.403537
vt 0.128298 0.411618
vt 0.122797 0.401302
vt 0.134660 0.421492
vt 0.133551 0.408078
vt 0.147229 0.415176
vt 0.114490 0.393554
vt 0.125552 0.399098
vt 0.136959 0.405403
vt 0.150428 0.411076
vt 0.154487 0.405393
vt 0.166638 0.410247
vt 0.167936 0.416034
vt 0.187808 0.414289
vt 0.187087 0.417027
vt 0.207248 0.418062
vt 0.206188 0.419989
vt 0.217044 0.419208
vt 0.204780 0.424399
vt 0.229852 0.421628
vt 0.216093 0.421495
vt 0.244534 0.423015
vt 0.228982 0.424266
vt 0.258224 0.423888
vt 0.243543 0.426609
vt 0.257678 0.428873
vt 0.271081 0.425199
vt 0.270994 0.428974
vt 0.285443 0.425521
vt 0.284782 0.430203
vt 0.299331 0.424926
vt 0.300304 0.431370
vt 0.315404 0.424670
vt 0.299628 0.439166
vt 0.331043 0.424199
vt 0.316573 0.431058
vt 0.332117 0.430359
vt 0.347727 0.429427
vt 0.317032 0.438553
vt 0.332448 0.437826
vt 0.348566 0.436670
vt 0.362831 0.428745
vt 0.362073 0.436420
vt 0.373200 0.437520
vt 0.368867 0.448672
vt 0.359767 0.447332
vt 0.370405 0.464447
vt 0.364399 0.460036
vt 0.361203 0.474907
vt 0.350440 0.465863
vt 0.347761 0.447063
vt 0.341622 0.494207
vt 0.331445 0.447317
vt 0.339186 0.463294
vt 0.316560 0.444393
vt 0.326067 0.459247
vt 0.332330 0.487418
vt 0.323355 0.481228
vt 0.312126 0.454496
vt 0.314389 0.475752
vt 0.315405 0.490679
vt 0.324479 0.497834
vt 0.332494 0.504256
vt 0.306732 0.484819
vt 0.340364 0.511606
vt 0.332175 0.522827
vt 0.302134 0.468761
vt 0.295562 0.478534
vt 0.296181 0.449287
vt 0.288912 0.461788
vt 0.283082 0.471247
vt 0.283099 0.436585
vt 0.280483 0.443745
vt 0.269695 0.434526
vt 0.275439 0.454217
vt 0.267696 0.440562
vt 0.255574 0.436485
vt 0.264230 0.449605
vt 0.269975 0.463397
vt 0.241060 0.433723
vt 0.277300 0.480471
vt 0.264282 0.471688
vt 0.260977 0.458218
vt 0.256926 0.466494
vt 0.246253 0.460398
vt 0.249983 0.452191
vt 0.235274 0.454536
vt 0.252339 0.445171
vt 0.238460 0.446281
vt 0.222971 0.448570
vt 0.239638 0.440118
vt 0.225174 0.441265
vt 0.210789 0.443778
vt 0.225853 0.435123
vt 0.212783 0.436400
vt 0.201152 0.440920
vt 0.226791 0.430194
vt 0.185666 0.437305
vt 0.214375 0.426686
vt 0.213119 0.430926
vt 0.203166 0.428821
vt 0.203120 0.433551
vt 0.186578 0.430165
vt 0.186275 0.425501
vt 0.171858 0.435880
vt 0.170717 0.427998
vt 0.156438 0.436523
vt 0.154414 0.429745
vt 0.169223 0.421928
vt 0.186601 0.421023
vt 0.210114 0.625442
vt 0.196294 0.619293
vt 0.196771 0.623343
vt 0.186092 0.620214
vt 0.209828 0.620576
vt 0.225173 0.625297
vt 0.187859 0.616104
vt 0.223292 0.619761
vt 0.238134 0.621724
vt 0.198430 0.600047
vt 0.235292 0.616483
vt 0.252187 0.614471
vt 0.222240 0.600971
vt 0.249003 0.608971
vt 0.266418 0.605784
vt 0.241459 0.592547
vt 0.262484 0.600300
vt 0.277183 0.596556
vt 0.273099 0.591396
vt 0.288882 0.584696
vt 0.258142 0.580882
vt 0.283897 0.579615
vt 0.292143 0.570117
vt 0.297637 0.574947
vt 0.303966 0.564314
vt 0.269918 0.563380
vt 0.299291 0.560138
vt 0.306648 0.552371
vt 0.301574 0.550990
vt 0.305599 0.541938
vt 0.280204 0.541291
vt 0.301043 0.542645
vt 0.297053 0.532682
vt 0.301783 0.530091
vt 0.292512 0.523157
vt 0.296986 0.520099
vt 0.285761 0.513165
vt 0.289837 0.510674
vt 0.281900 0.501734
vt 0.277797 0.520247
vt 0.277632 0.505567
vt 0.273586 0.510141
vt 0.268381 0.497822
vt 0.273076 0.491726
vt 0.266009 0.519682
vt 0.257456 0.502511
vt 0.259198 0.489318
vt 0.264640 0.485199
vt 0.256304 0.478645
vt 0.250903 0.482268
vt 0.234670 0.468750
vt 0.243772 0.488932
vt 0.226752 0.472291
vt 0.218246 0.466257
vt 0.250989 0.506927
vt 0.203633 0.472643
vt 0.208518 0.466830
vt 0.195829 0.470426
vt 0.226078 0.481109
vt 0.238989 0.495270
vt 0.258309 0.522081
vt 0.223994 0.488741
vt 0.267243 0.539668
vt 0.206719 0.479239
vt 0.262657 0.556818
vt 0.186149 0.480515
vt 0.183373 0.476977
vt 0.172511 0.486455
vt 0.170141 0.493406
vt 0.164505 0.495771
vt 0.188477 0.484957
vt 0.206986 0.487046
vt 0.159032 0.509662
vt 0.156098 0.508668
vt 0.151025 0.522911
vt 0.172829 0.496650
vt 0.191433 0.491622
vt 0.152762 0.533149
vt 0.146975 0.538115
vt 0.162204 0.512894
vt 0.178500 0.501338
vt 0.149930 0.554033
vt 0.145448 0.553765
vt 0.169054 0.515311
vt 0.152390 0.568399
vt 0.146931 0.568279
vt 0.165406 0.532105
vt 0.154394 0.579497
vt 0.149789 0.580226
vt 0.157955 0.532557
vt 0.159078 0.589680
vt 0.155338 0.591760
vt 0.163369 0.603772
vt 0.162563 0.574705
vt 0.154836 0.553355
vt 0.166840 0.600329
vt 0.173132 0.612746
vt 0.160763 0.551097
vt 0.175862 0.609118
vt 0.178562 0.590820
vt 0.183460 0.580792
vt 0.169441 0.567842
vt 0.200864 0.587565
vt 0.187450 0.573789
vt 0.175566 0.563004
vt 0.167861 0.548363
vt 0.213451 0.533922
vt 0.260023 0.538813
vt 0.256006 0.554041
vt 0.251891 0.572350
vt 0.246896 0.567219
vt 0.237510 0.583276
vt 0.233916 0.576695
vt 0.218893 0.581138
vt 0.219512 0.589064
vt 0.202493 0.580217
vt 0.210114 0.625442
vt 0.196771 0.623343
vt 0.196294 0.619293
vt 0.186092 0.620214
vt 0.209828 0.620576
vt 0.225173 0.625297
vt 0.187859 0.616104
vt 0.223292 0.619761
vt 0.238134 0.621724
vt 0.198430 0.600047
vt 0.235292 0.616483
vt 0.252187 0.614471
vt 0.222240 0.600971
vt 0.249003 0.608971
vt 0.266418 0.605784
vt 0.241459 0.592547
vt 0.262484 0.600300
vt 0.277183 0.596556
vt 0.273099 0.591396
vt 0.288882 0.584696
vt 0.258142 0.580882
vt 0.283897 0.579615
vt 0.292143 0.570117
vt 0.297637 0.574947
vt 0.303966 0.564314
vt 0.269918 0.563380
vt 0.299291 0.560138
vt 0.306648 0.552371
vt 0.301574 0.550990
vt 0.305599 0.541938
vt 0.280204 0.541291
vt 0.301043 0.542645
vt 0.297053 0.532682
vt 0.301783 0.530091
vt 0.292512 0.523157
vt 0.296986 0.520099
vt 0.285761 0.513165
vt 0.289837 0.510674
vt 0.281900 0.501734
vt 0.277797 0.520247
vt 0.277632 0.505567
vt 0.273586 0.510141
vt 0.268381 0.497822
vt 0.273076 0.491726
vt 0.266009 0.519682
vt 0.257456 0.502511
vt 0.259198 0.489318
vt 0.264640 0.485199
vt 0.256304 0.478645
vt 0.250903 0.482268
vt 0.234670 0.468750
vt 0.243772 0.488932
vt 0.226752 0.472291
vt 0.218246 0.466257
vt 0.250989 0.506927
vt 0.203633 0.472643
vt 0.208518 0.466830
vt 0.195829 0.470426
vt 0.226078 0.481109
vt 0.238989 0.495270
vt 0.186149 0.480515
vt 0.183373 0.476977
vt 0.172511 0.486455
vt 0.206719 0.479239
vt 0.223994 0.488741
vt 0.170141 0.493406
vt 0.164505 0.495771
vt 0.188477 0.484957
vt 0.206986 0.487046
vt 0.159032 0.509662
vt 0.156098 0.508668
vt 0.151025 0.522911
vt 0.172829 0.496650
vt 0.191433 0.491622
vt 0.152762 0.533149
vt 0.146975 0.538115
vt 0.162204 0.512894
vt 0.178500 0.501338
vt 0.149930 0.554033
vt 0.145448 0.553765
vt 0.169054 0.515311
vt 0.152390 0.568399
vt 0.146931 0.568279
vt 0.154836 0.553355
vt 0.154394 0.579497
vt 0.149789 0.580226
vt 0.162563 0.574705
vt 0.159078 0.589680
vt 0.155338 0.591760
vt 0.163369 0.603772
vt 0.166840 0.600329
vt 0.173132 0.612746
vt 0.178562 0.590820
vt 0.175862 0.609118
vt 0.183460 0.580792
vt 0.169441 0.567842
vt 0.200864 0.587565
vt 0.187450 0.573789
vt 0.160763 0.551097
vt 0.175566 0.563004
vt 0.157955 0.532557
vt 0.167861 0.548363
vt 0.165406 0.532105
vt 0.213451 0.533922
vt 0.202493 0.580217
vt 0.219512 0.589064
vt 0.218893 0.581138
vt 0.237510 0.583276
vt 0.233916 0.576695
vt 0.251891 0.572350
vt 0.246896 0.567219
vt 0.256006 0.554041
vt 0.262657 0.556818
vt 0.267243 0.539668
vt 0.260023 0.538813
vt 0.258309 0.522081
vn -0.0287 0.0379 0.9989
vn -0.0413 0.0121 0.9991
vn -0.0368 -0.0035 0.9993
vn -0.0749 -0.0316 0.9967
vn -0.0903 0.0170 0.9958
vn -0.1373 0.0037 0.9905
vn -0.0258 -0.2411 0.9701
vn -0.1824 0.0726 0.9805
vn -0.0904 -0.1735 0.9807
vn -0.2700 0.1110 0.9564
vn -0.1675 0.1438 0.9753
vn -0.0964 0.1799 0.9790
vn -0.4867 -0.3114 0.8162
vn -0.3157 0.0544 0.9473
vn -0.2113 -0.1242 0.9695
vn -0.3785 0.1506 0.9133
vn -0.4491 0.0793 0.8900
vn -0.4333 -0.0686 0.8987
vn -0.2892 -0.1658 0.9428
vn -0.4743 0.0464 0.8791
vn -0.5465 -0.0544 0.8357
vn -0.5792 -0.1035 0.8086
vn -0.4752 -0.2197 0.8520
vn -0.3292 -0.2544 0.9094
vn -0.6247 -0.1808 0.7597
vn -0.6095 -0.2484 0.7528
vn -0.3158 -0.3766 0.8709
vn -0.5951 -0.2793 0.7535
vn -0.5551 -0.3983 0.7302
vn -0.4710 -0.4640 0.7502
vn -0.4876 -0.3901 0.7811
vn -0.2071 -0.4437 0.8719
vn -0.4137 -0.4583 0.7867
vn -0.2610 -0.5134 0.8175
vn -0.4509 -0.5401 0.7106
vn -0.0641 -0.3897 0.9187
vn -0.2485 -0.3956 0.8842
vn -0.1919 -0.4347 0.8799
vn -0.0416 -0.3858 0.9216
vn -0.3504 -0.6831 0.6408
vn 0.0009 -0.2553 0.9669
vn -0.0719 -0.1496 0.9861
vn -0.0242 -0.1802 0.9833
vn -0.2012 -0.7905 0.5784
vn -0.1114 -0.8229 0.5572
vn 0.0111 -0.1723 0.9850
vn -0.0078 -0.3368 0.9416
vn 0.0368 -0.0035 0.9993
vn 0.0413 0.0121 0.9991
vn 0.0287 0.0379 0.9989
vn 0.0749 -0.0316 0.9967
vn 0.0898 0.0170 0.9958
vn 0.1373 0.0037 0.9905
vn 0.0258 -0.2411 0.9701
vn 0.1824 0.0726 0.9805
vn 0.0904 -0.1735 0.9807
vn 0.2700 0.1110 0.9565
vn 0.1675 0.1438 0.9753
vn 0.0964 0.1799 0.9790
vn 0.4867 -0.3114 0.8162
vn 0.3157 0.0544 0.9473
vn 0.2113 -0.1242 0.9695
vn 0.3784 0.1506 0.9133
vn 0.4491 0.0793 0.8900
vn 0.4332 -0.0686 0.8987
vn 0.2892 -0.1658 0.9428
vn 0.4743 0.0464 0.8791
vn 0.5465 -0.0544 0.8357
vn 0.5792 -0.1035 0.8086
vn 0.4752 -0.2197 0.8520
vn 0.3292 -0.2544 0.9093
vn 0.6247 -0.1811 0.7596
vn 0.6095 -0.2485 0.7528
vn 0.3158 -0.3766 0.8709
vn 0.5951 -0.2793 0.7535
vn 0.5551 -0.3983 0.7302
vn 0.4710 -0.4640 0.7503
vn 0.4876 -0.3902 0.7811
vn 0.2071 -0.4437 0.8719
vn 0.4137 -0.4582 0.7867
vn 0.2610 -0.5134 0.8175
vn 0.4509 -0.5401 0.7106
vn 0.0641 -0.3897 0.9187
vn 0.2485 -0.3956 0.8842
vn 0.1918 -0.4347 0.8799
vn 0.0416 -0.3858 0.9216
vn 0.3499 -0.6835 0.6406
vn -0.0009 -0.2553 0.9669
vn 0.0719 -0.1496 0.9861
vn 0.0242 -0.1802 0.9833
vn 0.2012 -0.7905 0.5784
vn 0.1114 -0.8229 0.5572
vn -0.0112 -0.1723 0.9850
vn 0.0078 -0.3368 0.9416
vn 0.0813 0.0611 -0.9948
vn 0.0688 0.0586 -0.9959
vn 0.0386 0.0954 -0.9947
vn 0.1819 0.0639 -0.9812
vn 0.0352 0.0529 -0.9980
vn 0.2791 0.0384 -0.9595
vn 0.0278 0.0305 -0.9991
vn 0.1795 0.0537 -0.9823
vn 0.4643 0.0062 -0.8857
vn 0.1016 -0.0481 -0.9937
vn 0.5994 0.0073 -0.8004
vn 0.9434 0.0130 -0.3314
vn 0.4397 0.0466 -0.8970
vn 0.1852 -0.0379 -0.9820
vn 0.9725 0.0335 -0.2303
vn 0.9172 0.0501 0.3951
vn 0.8201 0.0778 0.5668
vn 0.9669 0.0813 -0.2417
vn 0.7603 0.1219 0.6381
vn 0.7378 0.0430 -0.6736
vn 0.9643 0.1825 -0.1918
vn 0.7496 0.2571 0.6099
vn 0.7982 0.1212 -0.5900
vn 0.9569 0.2248 -0.1840
vn 0.6336 0.4927 0.5965
vn 0.5986 0.0498 -0.7995
vn 0.9303 0.0091 -0.3666
vn 0.8690 0.4924 0.0484
vn 0.7828 -0.0321 -0.6214
vn 0.8001 -0.2557 -0.5427
vn 0.9253 -0.1890 -0.3287
vn 0.9644 0.0811 -0.2518
vn 0.4981 -0.2032 -0.8430
vn 0.3654 -0.0117 -0.9308
vn 0.3274 -0.2874 -0.9001
vn 0.5077 -0.5066 -0.6969
vn 0.1864 -0.2736 -0.9436
vn 0.1223 -0.2497 -0.9606
vn 0.4267 -0.4981 -0.7548
vn 0.3659 -0.4169 -0.8320
vn 0.1883 -0.4358 -0.8801
vn 0.6582 -0.4368 -0.6132
vn 0.3599 -0.5404 -0.7605
vn 0.1992 -0.5775 -0.7917
vn 0.6182 -0.6276 -0.4733
vn 0.3145 -0.6525 -0.6894
vn 0.1707 -0.7033 -0.6901
vn 0.1299 -0.9179 -0.3748
vn 0.6112 -0.5595 -0.5598
vn 0.1854 -0.9061 -0.3802
vn 0.0757 -0.9533 -0.2925
vn 0.4179 -0.8286 -0.3726
vn 0.1795 -0.9399 -0.2903
vn 0.0974 -0.9892 -0.1093
vn 0.7547 -0.5253 -0.3930
vn 0.4168 -0.8195 -0.3932
vn 0.1842 -0.9757 -0.1185
vn 0.0627 -0.9980 -0.0037
vn 0.3992 -0.8721 -0.2830
vn 0.1283 -0.9915 -0.0236
vn 0.0480 -0.9970 0.0607
vn 0.3301 -0.9341 -0.1361
vn 0.8172 -0.5010 -0.2850
vn 0.1127 -0.9924 0.0503
vn 0.0335 -0.9935 0.1091
vn 0.2583 -0.9649 -0.0480
vn 0.7739 -0.6024 -0.1956
vn 0.6955 -0.6507 -0.3048
vn 0.6789 -0.7165 -0.1606
vn 0.5977 -0.6777 -0.4284
vn 0.6400 -0.7334 -0.2293
vn 0.5305 -0.7812 -0.3291
vn 0.7478 -0.5128 -0.4216
vn 0.6773 -0.6441 -0.3556
vn 0.4458 -0.8625 -0.2397
vn 0.5173 -0.8405 -0.1608
vn 0.9327 -0.2023 -0.2984
vn 0.9249 0.3713 -0.0819
vn 0.9597 -0.0785 -0.2698
vn 0.7293 0.6807 -0.0692
vn 0.6153 -0.7339 -0.2878
vn 0.9203 -0.1155 -0.3738
vn 0.7625 0.5497 -0.3413
vn 0.3893 -0.9088 -0.1501
vn 0.6350 -0.7308 -0.2504
vn 0.8800 -0.1284 -0.4574
vn 0.7406 0.4909 -0.4589
vn 0.3797 -0.9207 -0.0903
vn 0.8101 -0.0636 -0.5829
vn 0.5542 0.6008 -0.5761
vn 0.6483 -0.7158 -0.2595
vn 0.5069 0.4664 -0.7249
vn 0.6026 -0.7348 -0.3112
vn 0.6932 -0.1958 -0.6936
vn 0.3581 0.4372 -0.8250
vn 0.5449 -0.7693 -0.3336
vn 0.6445 -0.2525 -0.7217
vn 0.3513 -0.9346 -0.0557
vn 0.6329 -0.3219 -0.7041
vn 0.2004 0.4107 -0.8895
vn -0.0348 0.3719 -0.9276
vn 0.5737 -0.7741 -0.2678
vn 0.5888 -0.2931 -0.7533
vn -0.1079 0.2154 -0.9705
vn 0.6421 -0.7331 -0.2241
vn 0.7449 -0.6408 -0.1858
vn 0.6219 -0.2418 -0.7448
vn -0.1198 0.0764 -0.9898
vn 0.8728 -0.4768 -0.1046
vn 0.6626 -0.7256 0.1858
vn 0.7951 -0.5270 0.3001
vn 0.9539 -0.2958 -0.0512
vn 0.5252 -0.8401 0.1356
vn 0.6459 -0.1658 -0.7452
vn 0.5794 -0.7219 0.3782
vn 0.6764 -0.1413 -0.7229
vn -0.1845 -0.0555 -0.9813
vn 0.9870 -0.1356 -0.0865
vn 0.6892 -0.1227 -0.7141
vn -0.1373 -0.1603 -0.9775
vn 0.9943 -0.0088 -0.1058
vn 0.6840 -0.1090 -0.7213
vn -0.1344 -0.2260 -0.9648
vn 0.6639 -0.1348 -0.7356
vn -0.1937 -0.3300 -0.9239
vn 0.9973 0.0573 -0.0456
vn 0.6371 -0.1807 -0.7493
vn -0.1328 -0.4396 -0.8883
vn 0.9858 0.1216 -0.1160
vn 0.6279 -0.1417 -0.7653
vn -0.2302 -0.5225 -0.8210
vn 0.9776 0.1848 -0.1004
vn 0.5117 -0.2447 -0.8236
vn -0.2606 -0.6566 -0.7078
vn 0.9433 0.2744 -0.1866
vn 0.5363 -0.2321 -0.8115
vn -0.1940 -0.7540 -0.6275
vn 0.8971 0.3468 -0.2738
vn 0.5535 -0.3260 -0.7664
vn -0.0481 -0.8352 -0.5478
vn 0.8244 0.3644 -0.4331
vn 0.5742 -0.4195 -0.7031
vn 0.0776 -0.9003 -0.4283
vn 0.7849 0.4360 -0.4402
vn 0.7397 0.6727 0.0176
vn 0.7661 0.6102 0.2017
vn 0.8302 0.4816 0.2806
vn 0.6666 0.7238 0.1784
vn 0.8785 0.3582 0.3161
vn 0.6827 0.6522 0.3295
vn 0.9348 0.2524 0.2500
vn 0.7910 0.4370 0.4281
vn 0.7224 0.5403 0.4316
vn 0.9284 0.1379 0.3451
vn 0.8736 0.3049 0.3793
vn 0.9385 0.0552 0.3408
vn 0.9036 0.1469 0.4024
vn 0.9424 -0.1174 0.3132
vn 0.9217 0.0741 0.3808
vn 0.8797 -0.3340 0.3383
vn 0.9329 -0.1057 0.3443
vn 0.7362 -0.5168 0.4370
vn 0.8312 -0.3557 0.4273
vn 0.9838 0.0468 0.1732
vn 0.6588 -0.7234 0.2066
vn 0.9614 -0.1475 0.2321
vn 0.8005 -0.5333 0.2734
vn 0.8819 -0.3873 0.2689
vn 0.9361 -0.3499 0.0362
vn 0.8634 -0.5042 0.0185
vn 0.7198 -0.6919 -0.0563
vn 0.9844 -0.1518 0.0890
vn 0.8341 -0.5324 0.1447
vn 0.9183 -0.3683 0.1450
vn 0.6857 -0.7165 0.1280
vn 0.9665 -0.1767 0.1864
vn 0.5924 -0.7387 0.3216
vn 0.7474 -0.5810 0.3222
vn 0.8594 -0.4052 0.3117
vn -0.1634 -0.3141 0.9352
vn 0.9972 0.0229 0.0711
vn -0.0753 -0.3352 0.9391
vn 0.9152 -0.2304 0.3307
vn 0.9892 -0.0240 0.1443
vn 0.9847 0.1684 0.0441
vn -0.1102 -0.3053 0.9459
vn 0.9602 -0.0972 0.2619
vn 0.0237 -0.2960 0.9549
vn 0.9880 0.1287 0.0848
vn 0.9773 0.1600 0.1392
vn 0.9738 0.0504 0.2218
vn 0.9530 0.1406 0.2685
vn 0.9394 0.3309 0.0896
vn 0.9269 0.3205 0.1950
vn 0.8946 0.3173 0.3147
vn 0.8595 0.4700 0.2009
vn 0.8286 0.4632 0.3145
vn 0.8620 0.4958 0.1051
vn 0.7274 0.5465 0.4149
vn 0.7933 0.5584 0.2427
vn 0.6825 0.6449 0.3441
vn 0.7872 0.5517 0.2754
vn 0.6959 0.6554 0.2935
vn 0.6423 0.7287 0.2375
vn 0.6071 0.7400 0.2897
vn 0.6777 0.6818 0.2755
vn 0.5639 0.7597 0.3237
vn 0.4769 0.8546 0.2055
vn 0.5093 0.7979 0.3224
vn 0.5414 0.8335 0.1104
vn 0.3681 0.8690 0.3306
vn 0.6147 0.7887 -0.0142
vn 0.3200 0.9429 0.0924
vn 0.6919 0.6977 -0.1857
vn 0.3744 0.9271 -0.0193
vn 0.4643 0.8713 -0.1587
vn 0.5831 0.7580 -0.2924
vn 0.7181 0.4482 -0.5324
vn 0.2607 0.9286 -0.2640
vn 0.5469 -0.5434 -0.6369
vn 0.1464 -0.9618 -0.2311
vn 0.3914 -0.8881 -0.2411
vn 0.3827 0.8380 -0.3889
vn 0.6201 0.4770 -0.6228
vn 0.6597 -0.4352 -0.6127
vn 0.5493 -0.8338 -0.0555
vn 0.4957 0.5318 -0.6866
vn 0.1786 0.8738 -0.4522
vn 0.7364 -0.3965 -0.5482
vn 0.7467 -0.6627 -0.0568
vn 0.3629 0.5391 -0.7600
vn 0.7778 -0.1539 -0.6094
vn 0.8779 -0.4138 -0.2408
vn 0.1402 0.6076 -0.7818
vn -0.0379 0.8631 -0.5035
vn 0.7500 0.0368 -0.6604
vn 0.9574 -0.2614 -0.1229
vn -0.0338 0.6224 -0.7820
vn 0.7716 0.0776 -0.6314
vn 0.9877 -0.1427 0.0641
vn 0.1046 0.4174 -0.9027
vn 0.8590 0.0267 -0.5113
vn 0.9768 -0.0743 0.2008
vn 0.2905 0.2074 -0.9341
vn 0.9544 -0.0037 -0.2986
vn 0.9316 -0.0827 0.3540
vn 0.9126 0.0023 -0.4090
vn 0.3450 0.0970 -0.9336
vn 0.4393 0.0637 -0.8961
vn 0.0153 0.1005 -0.9948
vn -0.2925 0.1674 -0.9415
vn 0.0021 0.1698 -0.9855
vn -0.4046 0.3225 -0.8558
vn -0.2988 0.2116 -0.9306
vn 0.0181 0.2236 -0.9745
vn -0.1572 0.2502 -0.9553
vn -0.4648 0.5162 -0.7194
vn -0.3916 0.3939 -0.8316
vn -0.1541 0.4309 -0.8891
vn -0.2872 0.6626 -0.6917
vn -0.4747 0.5713 -0.6695
vn -0.4042 0.7207 -0.5632
vn -0.4219 0.6364 -0.6458
vn -0.4248 0.7529 -0.5026
vn -0.2740 0.8092 -0.5197
vn -0.3380 0.7983 -0.4986
vn -0.0551 0.8213 -0.5678
vn -0.3627 0.8156 -0.4508
vn -0.4238 0.8076 -0.4101
vn -0.3052 0.8645 -0.3994
vn -0.0812 0.8983 -0.4319
vn -0.3626 0.8860 -0.2890
vn -0.0820 0.9501 -0.3010
vn -0.0962 0.9931 -0.0673
vn -0.2645 0.9643 -0.0103
vn -0.0728 0.9666 0.2457
vn -0.4011 0.8881 -0.2244
vn -0.2098 0.9436 0.2563
vn -0.0284 0.9341 0.3559
vn -0.3864 0.8329 -0.3961
vn -0.1272 0.9200 0.3708
vn -0.0199 0.8878 0.4598
vn -0.1373 0.8872 -0.4404
vn -0.1756 0.9244 -0.3385
vn 0.0908 0.9295 -0.3574
vn 0.0578 0.9730 -0.2234
vn -0.1952 0.9723 -0.1285
vn 0.1998 0.9697 -0.1405
vn 0.0168 0.9980 -0.0611
vn 0.1651 0.9863 -0.0012
vn -0.2141 0.9748 0.0623
vn -0.0210 0.9918 0.1264
vn 0.1631 0.9707 0.1765
vn 0.2938 0.9297 0.2223
vn 0.1425 0.9298 0.3393
vn -0.0333 0.9445 0.3268
vn -0.1799 0.9381 0.2959
vn -0.1166 0.9111 0.3953
vn -0.0191 0.9154 0.4021
vn 0.1515 0.9044 0.3989
vn -0.0778 0.8793 0.4699
vn -0.0069 0.8445 0.5355
vn -0.0996 0.8717 0.4799
vn -0.0582 0.8412 0.5376
vn -0.0382 -0.2687 0.9625
vn -0.0974 0.8422 0.5303
vn -0.0166 -0.3002 0.9537
vn 0.0017 -0.6464 0.7630
vn -0.0164 -0.1847 0.9827
vn 0.0014 -0.5743 0.8186
vn 0.0251 -0.8614 0.5073
vn 0.0257 -0.7870 0.6164
vn -0.0303 -0.4505 0.8923
vn -0.0126 -0.7335 0.6796
vn -0.1073 -0.7510 0.6515
vn -0.0419 -0.1045 0.9936
vn -0.0795 -0.3683 0.9263
vn -0.1399 -0.3049 0.9420
vn -0.2512 -0.7424 0.6211
vn -0.0452 -0.0255 0.9987
vn -0.1278 -0.1764 0.9760
vn -0.3505 -0.7181 0.6013
vn -0.4015 -0.5998 0.6921
vn -0.0430 0.0703 0.9966
vn -0.1231 -0.1666 0.9783
vn -0.5501 -0.5560 0.6231
vn 0.0130 0.1430 0.9896
vn 0.0521 0.8571 0.5126
vn -0.1888 -0.2293 0.9549
vn -0.0746 0.8488 0.5235
vn -0.0488 0.8790 0.4743
vn 0.1104 0.8809 0.4603
vn 0.2103 0.8532 0.4773
vn 0.2553 0.8655 0.4310
vn 0.3392 0.8297 0.4434
vn 0.0744 0.1275 0.9890
vn 0.3320 0.8617 0.3839
vn 0.4136 0.8364 0.3596
vn 0.6625 0.7016 0.2623
vn 0.5279 0.7436 0.4104
vn 0.6142 0.7452 0.2596
vn 0.7788 0.5992 0.1859
vn 0.7572 0.6258 0.1872
vn 0.7120 0.6205 0.3285
vn 0.8584 0.4901 0.1517
vn 0.1197 0.0635 0.9908
vn 0.9357 0.3339 0.1137
vn 0.8376 0.4571 0.2992
vn 0.9214 0.3057 0.2400
vn 0.1184 -0.0777 0.9899
vn 0.1159 -0.1886 0.9752
vn -0.2210 -0.2751 0.9357
vn -0.6458 -0.4864 0.5885
vn -0.2596 -0.3196 0.9113
vn -0.8271 -0.4390 0.3510
vn 0.1361 -0.2624 0.9553
vn -0.2106 -0.2948 0.9321
vn -0.7439 -0.2547 0.6179
vn -0.7151 -0.2115 0.6663
vn -0.3210 -0.2786 0.9052
vn -0.6993 -0.1461 0.6997
vn -0.3985 -0.2436 0.8842
vn -0.7852 0.0310 0.6185
vn -0.4179 -0.2025 0.8856
vn -0.7525 0.1688 0.6366
vn -0.4464 -0.1282 0.8856
vn -0.6501 0.3048 0.6960
vn -0.4253 -0.0370 0.9043
vn -0.5849 0.3990 0.7062
vn -0.2253 -0.2655 0.9374
vn -0.3146 -0.0946 0.9445
vn -0.4762 0.4502 0.7553
vn -0.1355 -0.3466 0.9282
vn 0.4803 -0.8226 0.3045
vn -0.2991 -0.0745 0.9513
vn -0.3570 0.4461 0.8207
vn 0.5601 -0.8233 0.0920
vn -0.2225 -0.0994 0.9699
vn -0.2690 0.5613 0.7826
vn -0.1752 -0.3236 0.9298
vn -0.1066 -0.4022 0.9093
vn -0.1746 0.0008 0.9846
vn -0.2033 0.6591 0.7240
vn -0.1101 -0.3129 0.9434
vn -0.1524 0.0675 0.9860
vn -0.1773 0.5959 0.7833
vn -0.0924 -0.3025 0.9487
vn 0.1648 -0.9808 0.1040
vn -0.4043 0.0746 0.9116
vn 0.2914 -0.9521 0.0925
vn -0.6170 -0.4019 0.6766
vn 0.0476 -0.9951 0.0864
vn -0.0637 0.0025 0.9980
vn -0.0460 0.4530 0.8903
vn -0.0406 0.4342 0.8999
vn -0.0427 0.0119 0.9990
vn -0.0373 -0.5666 0.8231
vn -0.1649 -0.6086 0.7761
vn -0.0186 -0.9998 0.0019
vn -0.2494 -0.9683 -0.0168
vn -0.7105 -0.7037 -0.0047
vn -0.1930 -0.9803 0.0410
vn -0.0242 -0.9993 0.0299
vn -0.6639 -0.7402 0.1065
vn 0.0405 -0.9939 0.1027
vn -0.2743 -0.9215 0.2751
vn -0.0673 -0.9534 0.2941
vn -0.6275 -0.7428 0.2335
vn 0.1807 -0.9807 0.0747
vn 0.0891 -0.9849 0.1481
vn -0.2911 -0.8466 0.4455
vn -0.0873 -0.8116 0.5777
vn -0.0554 -0.7838 0.6185
vn 0.0000 -0.9790 0.2037
vn 0.0194 -0.9864 0.1633
vn 0.1296 -0.9828 0.1316
vn 0.1132 -0.9880 0.1054
vn 0.1869 -0.9775 0.0975
vn 0.1963 -0.9771 0.0816
vn 0.2303 -0.9727 0.0300
vn 0.4743 -0.8763 -0.0851
vn 0.3376 -0.9413 0.0032
vn 0.4450 -0.8894 -0.1045
vn 0.4093 -0.9095 -0.0731
vn 0.3115 -0.9493 0.0417
vn 0.3700 -0.9281 -0.0416
vn 0.3216 -0.9469 0.0014
vn 0.3984 -0.9146 0.0693
vn 0.4118 -0.9080 0.0770
vn 0.4888 -0.8392 0.2384
vn 0.5542 -0.8233 0.1228
vn 0.4199 -0.9069 0.0342
vn 0.5961 -0.8022 -0.0344
vn 0.2981 -0.9524 0.0645
vn 0.4117 -0.9097 0.0534
vn 0.3745 -0.9090 0.1827
vn -0.0688 0.0586 -0.9959
vn -0.0813 0.0611 -0.9948
vn -0.0386 0.0954 -0.9947
vn -0.1819 0.0639 -0.9812
vn -0.0351 0.0530 -0.9980
vn -0.2790 0.0383 -0.9595
vn -0.0279 0.0305 -0.9991
vn -0.1796 0.0537 -0.9823
vn -0.4643 0.0062 -0.8857
vn -0.1016 -0.0481 -0.9937
vn -0.5994 0.0074 -0.8004
vn -0.9434 0.0130 -0.3314
vn -0.4397 0.0466 -0.8970
vn -0.1852 -0.0379 -0.9820
vn -0.9725 0.0335 -0.2303
vn -0.9173 0.0501 0.3951
vn -0.8201 0.0777 0.5669
vn -0.9669 0.0813 -0.2417
vn -0.7603 0.1220 0.6381
vn -0.7378 0.0429 -0.6736
vn -0.9643 0.1825 -0.1918
vn -0.7496 0.2570 0.6100
vn -0.7982 0.1212 -0.5900
vn -0.9569 0.2248 -0.1840
vn -0.6336 0.4927 0.5965
vn -0.5986 0.0498 -0.7995
vn -0.9303 0.0091 -0.3666
vn -0.8690 0.4924 0.0484
vn -0.7828 -0.0321 -0.6214
vn -0.8001 -0.2557 -0.5427
vn -0.9253 -0.1890 -0.3287
vn -0.9644 0.0812 -0.2518
vn -0.4981 -0.2032 -0.8430
vn -0.3654 -0.0117 -0.9308
vn -0.3274 -0.2874 -0.9001
vn -0.5077 -0.5066 -0.6969
vn -0.1864 -0.2736 -0.9436
vn -0.1223 -0.2497 -0.9606
vn -0.4267 -0.4981 -0.7548
vn -0.3659 -0.4169 -0.8320
vn -0.1883 -0.4358 -0.8801
vn -0.6182 -0.6276 -0.4733
vn -0.3599 -0.5404 -0.7605
vn -0.1992 -0.5775 -0.7917
vn -0.6582 -0.4368 -0.6132
vn -0.3146 -0.6525 -0.6894
vn -0.1707 -0.7033 -0.6901
vn -0.1299 -0.9179 -0.3748
vn -0.6112 -0.5595 -0.5598
vn -0.1854 -0.9061 -0.3802
vn -0.0757 -0.9532 -0.2925
vn -0.4179 -0.8286 -0.3726
vn -0.1795 -0.9399 -0.2903
vn -0.0974 -0.9892 -0.1093
vn -0.7547 -0.5253 -0.3930
vn -0.4168 -0.8195 -0.3932
vn -0.1842 -0.9757 -0.1185
vn -0.0627 -0.9980 -0.0037
vn -0.3992 -0.8721 -0.2830
vn -0.1283 -0.9915 -0.0236
vn -0.0478 -0.9970 0.0610
vn -0.3301 -0.9341 -0.1361
vn -0.8172 -0.5010 -0.2850
vn -0.1127 -0.9924 0.0503
vn -0.0335 -0.9935 0.1091
vn -0.2583 -0.9649 -0.0480
vn -0.7739 -0.6024 -0.1956
vn -0.6955 -0.6507 -0.3048
vn -0.6789 -0.7165 -0.1607
vn -0.5976 -0.6777 -0.4284
vn -0.6400 -0.7334 -0.2293
vn -0.5305 -0.7812 -0.3291
vn -0.7478 -0.5128 -0.4216
vn -0.6773 -0.6441 -0.3556
vn -0.4455 -0.8626 -0.2398
vn -0.9327 -0.2023 -0.2984
vn -0.9249 0.3713 -0.0819
vn -0.9597 -0.0785 -0.2698
vn -0.7293 0.6807 -0.0692
vn -0.6153 -0.7339 -0.2878
vn -0.9203 -0.1155 -0.3738
vn -0.7624 0.5498 -0.3413
vn -0.3893 -0.9088 -0.1501
vn -0.8800 -0.1284 -0.4574
vn -0.7406 0.4909 -0.4589
vn -0.6350 -0.7308 -0.2504
vn -0.8101 -0.0636 -0.5829
vn -0.5542 0.6008 -0.5761
vn -0.5070 0.4662 -0.7249
vn -0.6484 -0.7157 -0.2595
vn -0.6932 -0.1958 -0.6936
vn -0.3581 0.4372 -0.8250
vn -0.6026 -0.7348 -0.3112
vn -0.3797 -0.9207 -0.0903
vn -0.5449 -0.7693 -0.3336
vn -0.3513 -0.9346 -0.0557
vn -0.6445 -0.2525 -0.7217
vn -0.6329 -0.3219 -0.7041
vn -0.2004 0.4107 -0.8895
vn 0.0348 0.3719 -0.9276
vn -0.5737 -0.7741 -0.2678
vn -0.5888 -0.2931 -0.7533
vn 0.1079 0.2154 -0.9705
vn -0.6421 -0.7331 -0.2241
vn -0.7449 -0.6408 -0.1858
vn -0.6219 -0.2418 -0.7448
vn 0.1198 0.0765 -0.9898
vn -0.8728 -0.4768 -0.1046
vn -0.6459 -0.1658 -0.7452
vn -0.9539 -0.2958 -0.0512
vn -0.6764 -0.1413 -0.7229
vn 0.1845 -0.0556 -0.9813
vn -0.9870 -0.1356 -0.0866
vn -0.6892 -0.1228 -0.7141
vn 0.1373 -0.1603 -0.9775
vn -0.9943 -0.0088 -0.1058
vn -0.6840 -0.1091 -0.7213
vn 0.1344 -0.2260 -0.9648
vn -0.6639 -0.1348 -0.7356
vn 0.1939 -0.3304 -0.9237
vn -0.9973 0.0573 -0.0456
vn -0.6371 -0.1808 -0.7493
vn 0.1326 -0.4400 -0.8881
vn -0.9858 0.1216 -0.1160
vn -0.6279 -0.1417 -0.7653
vn 0.2302 -0.5225 -0.8210
vn -0.9776 0.1848 -0.1004
vn -0.5117 -0.2447 -0.8236
vn 0.2605 -0.6567 -0.7077
vn -0.9433 0.2744 -0.1866
vn -0.5363 -0.2322 -0.8114
vn 0.1940 -0.7540 -0.6275
vn -0.8971 0.3468 -0.2738
vn -0.5535 -0.3260 -0.7664
vn 0.0481 -0.8352 -0.5478
vn -0.8244 0.3644 -0.4331
vn -0.5742 -0.4195 -0.7031
vn -0.0776 -0.9003 -0.4283
vn -0.7849 0.4360 -0.4402
vn -0.7397 0.6727 0.0176
vn -0.5469 -0.5434 -0.6369
vn -0.1464 -0.9618 -0.2311
vn -0.3914 -0.8881 -0.2412
vn -0.7181 0.4482 -0.5324
vn -0.6597 -0.4352 -0.6127
vn -0.5493 -0.8338 -0.0555
vn -0.6201 0.4770 -0.6228
vn -0.7364 -0.3965 -0.5482
vn -0.7467 -0.6627 -0.0568
vn -0.4957 0.5318 -0.6866
vn -0.3629 0.5391 -0.7600
vn -0.7778 -0.1539 -0.6094
vn -0.8779 -0.4138 -0.2408
vn -0.1402 0.6076 -0.7818
vn -0.7500 0.0368 -0.6604
vn -0.9574 -0.2613 -0.1228
vn 0.0338 0.6224 -0.7820
vn -0.7716 0.0776 -0.6314
vn -0.9877 -0.1427 0.0641
vn -0.1046 0.4174 -0.9027
vn -0.8590 0.0267 -0.5113
vn -0.9768 -0.0744 0.2006
vn -0.2905 0.2074 -0.9341
vn -0.9316 -0.0827 0.3540
vn -0.9544 -0.0037 -0.2986
vn -0.9126 0.0023 -0.4090
vn -0.3450 0.0970 -0.9336
vn -0.4393 0.0637 -0.8961
vn -0.0153 0.1005 -0.9948
vn 0.2925 0.1674 -0.9415
vn -0.0021 0.1698 -0.9855
vn 0.4046 0.3225 -0.8558
vn 0.2988 0.2116 -0.9306
vn -0.0181 0.2236 -0.9745
vn 0.1572 0.2502 -0.9553
vn 0.3916 0.3939 -0.8316
vn 0.1541 0.4310 -0.8891
vn 0.2872 0.6626 -0.6917
vn 0.4648 0.5162 -0.7194
vn 0.4747 0.5714 -0.6695
vn 0.4042 0.7208 -0.5632
vn 0.4219 0.6364 -0.6458
vn 0.4248 0.7529 -0.5026
vn 0.2740 0.8092 -0.5197
vn 0.3380 0.7983 -0.4985
vn 0.0551 0.8213 -0.5678
vn 0.0379 0.8631 -0.5035
vn 0.3052 0.8645 -0.3994
vn 0.0812 0.8982 -0.4320
vn 0.4238 0.8076 -0.4101
vn 0.3626 0.8860 -0.2890
vn 0.0820 0.9501 -0.3010
vn 0.0962 0.9931 -0.0673
vn 0.3627 0.8156 -0.4508
vn 0.2645 0.9643 -0.0103
vn 0.0730 0.9666 0.2457
vn 0.4010 0.8882 -0.2244
vn 0.3864 0.8329 -0.3961
vn 0.1373 0.8872 -0.4404
vn 0.1756 0.9244 -0.3385
vn -0.1786 0.8738 -0.4522
vn -0.0908 0.9295 -0.3574
vn -0.3827 0.8380 -0.3889
vn -0.0578 0.9730 -0.2234
vn -0.5831 0.7580 -0.2924
vn -0.2607 0.9286 -0.2640
vn -0.6919 0.6977 -0.1857
vn -0.4643 0.8713 -0.1587
vn -0.1999 0.9697 -0.1406
vn 0.1952 0.9723 -0.1285
vn -0.0168 0.9980 -0.0611
vn 0.2141 0.9748 0.0623
vn -0.1651 0.9863 -0.0012
vn 0.2098 0.9436 0.2563
vn 0.0284 0.9341 0.3559
vn 0.0210 0.9918 0.1264
vn 0.1272 0.9200 0.3708
vn 0.0199 0.8878 0.4598
vn 0.1799 0.9381 0.2959
vn 0.0333 0.9445 0.3268
vn 0.1166 0.9111 0.3953
vn 0.0778 0.8793 0.4699
vn 0.0068 0.8445 0.5355
vn 0.0191 0.9154 0.4021
vn 0.0582 0.8412 0.5376
vn 0.0382 -0.2687 0.9625
vn 0.0996 0.8717 0.4799
vn 0.0974 0.8422 0.5303
vn 0.0166 -0.3002 0.9537
vn -0.0017 -0.6464 0.7630
vn 0.0164 -0.1847 0.9827
vn -0.0014 -0.5743 0.8186
vn -0.0251 -0.8614 0.5073
vn -0.0257 -0.7870 0.6164
vn 0.0303 -0.4505 0.8923
vn 0.0126 -0.7335 0.6796
vn 0.1073 -0.7510 0.6515
vn 0.0418 -0.1045 0.9936
vn 0.0795 -0.3683 0.9263
vn 0.1399 -0.3049 0.9420
vn 0.2512 -0.7424 0.6211
vn 0.0452 -0.0255 0.9987
vn 0.1278 -0.1764 0.9760
vn 0.3505 -0.7180 0.6013
vn 0.4015 -0.5998 0.6921
vn 0.0430 0.0703 0.9966
vn 0.1231 -0.1666 0.9783
vn 0.5501 -0.5560 0.6231
vn -0.0130 0.1430 0.9896
vn -0.0520 0.8571 0.5126
vn 0.1888 -0.2293 0.9549
vn -0.2105 0.8532 0.4773
vn -0.0744 0.1275 0.9890
vn -0.3392 0.8297 0.4434
vn 0.2210 -0.2751 0.9357
vn 0.6458 -0.4864 0.5885
vn -0.1197 0.0635 0.9908
vn -0.5279 0.7435 0.4105
vn 0.2596 -0.3196 0.9113
vn 0.8271 -0.4391 0.3510
vn -0.1184 -0.0777 0.9899
vn -0.7120 0.6206 0.3285
vn 0.2106 -0.2947 0.9321
vn 0.7439 -0.2547 0.6179
vn 0.7151 -0.2115 0.6663
vn -0.1159 -0.1886 0.9752
vn 0.3210 -0.2786 0.9052
vn 0.6993 -0.1461 0.6997
vn -0.1361 -0.2624 0.9553
vn 0.3985 -0.2436 0.8842
vn 0.7852 0.0310 0.6184
vn -0.0237 -0.2959 0.9549
vn 0.1101 -0.3054 0.9458
vn 0.4179 -0.2025 0.8856
vn 0.7525 0.1688 0.6366
vn 0.4464 -0.1282 0.8856
vn 0.6501 0.3048 0.6960
vn 0.0753 -0.3352 0.9391
vn 0.4253 -0.0370 0.9043
vn 0.5849 0.3990 0.7062
vn 0.1634 -0.3141 0.9352
vn 0.3145 -0.0946 0.9445
vn 0.4763 0.4502 0.7553
vn 0.2254 -0.2655 0.9374
vn 0.2992 -0.0745 0.9513
vn 0.3570 0.4461 0.8207
vn 0.1355 -0.3466 0.9282
vn 0.1752 -0.3236 0.9298
vn 0.2225 -0.0994 0.9699
vn 0.2690 0.5613 0.7826
vn 0.1066 -0.4022 0.9093
vn 0.1746 0.0008 0.9846
vn 0.2033 0.6591 0.7240
vn 0.1100 -0.3129 0.9434
vn 0.1525 0.0676 0.9860
vn 0.1773 0.5959 0.7833
vn 0.0924 -0.3025 0.9487
vn -0.1648 -0.9808 0.1040
vn -0.0477 -0.9951 0.0864
vn 0.6170 -0.4019 0.6766
vn 0.4043 0.0746 0.9116
vn 0.0637 0.0025 0.9980
vn 0.0460 0.4530 0.8903
vn 0.0406 0.4341 0.8999
vn 0.0427 0.0119 0.9990
vn 0.0379 -0.5666 0.8231
vn 0.1649 -0.6086 0.7762
vn 0.0186 -0.9998 0.0019
vn 0.2494 -0.9683 -0.0168
vn 0.7104 -0.7037 -0.0047
vn 0.1930 -0.9803 0.0410
vn 0.0242 -0.9993 0.0299
vn 0.6639 -0.7402 0.1065
vn 0.2743 -0.9215 0.2751
vn 0.0673 -0.9534 0.2941
vn -0.0405 -0.9939 0.1027
vn 0.6275 -0.7428 0.2335
vn 0.0873 -0.8116 0.5777
vn 0.0554 -0.7838 0.6185
vn 0.2911 -0.8466 0.4455
vn -0.0193 -0.9864 0.1633
vn -0.0891 -0.9849 0.1481
vn -0.1297 -0.9828 0.1316
vn -0.1132 -0.9880 0.1054
vn -0.1807 -0.9807 0.0747
vn -0.2303 -0.9727 0.0300
vn -0.1963 -0.9771 0.0816
vn -0.4743 -0.8763 -0.0851
vn -0.1869 -0.9775 0.0975
vn -0.3376 -0.9413 0.0032
vn -0.3115 -0.9493 0.0417
vn -0.5173 -0.8405 -0.1608
vn -0.4450 -0.8894 -0.1045
vn -0.4093 -0.9095 -0.0731
vn -0.3700 -0.9281 -0.0417
vn -0.3216 -0.9469 0.0014
vn -0.3984 -0.9146 0.0693
vn -0.4118 -0.9080 0.0770
vn -0.5252 -0.8401 0.1356
vn -0.4888 -0.8392 0.2384
vn -0.6625 -0.7256 0.1858
vn -0.5794 -0.7219 0.3782
vn -0.7951 -0.5270 0.3001
vn -0.6588 -0.7234 0.2066
vn -0.8797 -0.3340 0.3383
vn -0.7362 -0.5168 0.4370
vn -0.9424 -0.1174 0.3132
vn -0.8312 -0.3557 0.4273
vn -0.9385 0.0552 0.3408
vn -0.9329 -0.1057 0.3443
vn -0.9217 0.0741 0.3808
vn -0.9284 0.1379 0.3451
vn -0.9036 0.1469 0.4024
vn -0.9348 0.2524 0.2500
vn -0.8736 0.3049 0.3793
vn -0.8785 0.3582 0.3161
vn -0.7910 0.4371 0.4281
vn -0.8302 0.4816 0.2806
vn -0.8286 0.4632 0.3145
vn -0.7661 0.6102 0.2017
vn -0.7224 0.5403 0.4316
vn -0.6826 0.6524 0.3293
vn -0.6666 0.7238 0.1783
vn -0.7274 0.5465 0.4150
vn -0.6825 0.6449 0.3441
vn -0.6423 0.7287 0.2375
vn -0.6147 0.7887 -0.0142
vn -0.5414 0.8335 0.1104
vn -0.3744 0.9271 -0.0193
vn -0.3200 0.9429 0.0924
vn -0.4769 0.8546 0.2055
vn -0.1631 0.9707 0.1765
vn -0.2938 0.9297 0.2223
vn -0.1425 0.9298 0.3393
vn -0.3681 0.8690 0.3306
vn -0.6071 0.7400 0.2896
vn -0.1515 0.9044 0.3989
vn -0.6959 0.6554 0.2935
vn -0.5639 0.7597 0.3237
vn -0.7872 0.5517 0.2754
vn -0.6777 0.6818 0.2755
vn -0.3320 0.8617 0.3839
vn -0.5093 0.7980 0.3223
vn -0.7933 0.5584 0.2427
vn -0.6625 0.7016 0.2623
vn -0.4136 0.8364 0.3596
vn -0.2553 0.8655 0.4310
vn -0.1104 0.8809 0.4603
vn -0.6142 0.7452 0.2596
vn 0.0488 0.8790 0.4743
vn 0.0746 0.8488 0.5235
vn -0.7788 0.5992 0.1859
vn -0.7572 0.6258 0.1872
vn -0.8595 0.4700 0.2009
vn -0.8620 0.4958 0.1052
vn -0.8583 0.4902 0.1517
vn -0.8946 0.3172 0.3147
vn -0.9269 0.3205 0.1950
vn -0.9530 0.1406 0.2684
vn -0.9394 0.3309 0.0896
vn -0.9773 0.1600 0.1392
vn -0.9838 0.0468 0.1732
vn -0.9847 0.1684 0.0441
vn -0.9357 0.3339 0.1137
vn -0.9614 -0.1475 0.2321
vn -0.8376 0.4571 0.2992
vn -0.9214 0.3057 0.2400
vn -0.9880 0.1287 0.0849
vn -0.9738 0.0504 0.2218
vn -0.9602 -0.0972 0.2619
vn -0.9893 -0.0240 0.1442
vn -0.9152 -0.2304 0.3307
vn -0.9972 0.0229 0.0711
vn -0.9665 -0.1766 0.1863
vn -0.8594 -0.4052 0.3117
vn -0.9844 -0.1518 0.0890
vn -0.9183 -0.3683 0.1449
vn -0.7474 -0.5810 0.3222
vn -0.9361 -0.3500 0.0362
vn -0.8341 -0.5324 0.1447
vn -0.5924 -0.7387 0.3216
vn -0.8819 -0.3873 0.2689
vn -0.4803 -0.8226 0.3045
vn -0.8005 -0.5333 0.2734
vn -0.8634 -0.5042 0.0185
vn -0.7198 -0.6919 -0.0563
vn -0.6857 -0.7165 0.1280
vn -0.5601 -0.8233 0.0920
vn -0.5961 -0.8022 -0.0345
vn -0.3745 -0.9091 0.1826
vn -0.4117 -0.9097 0.0535
vn -0.2914 -0.9521 0.0926
vn -0.2981 -0.9524 0.0645
vn -0.4199 -0.9069 0.0342
vn -0.5541 -0.8233 0.1229
vn -0.5584 0.2749 -0.7827
vn -0.7688 -0.0012 -0.6395
vn -0.5897 0.2540 -0.7667
vn -0.6174 0.2134 -0.7572
vn -0.7894 -0.0634 -0.6106
vn -0.6253 0.1742 -0.7607
vn -0.6940 -0.0631 -0.7172
vn -0.8452 -0.0319 -0.5335
vn -0.6612 0.0893 -0.7449
vn -0.7004 -0.0898 -0.7081
vn -0.8853 -0.0528 -0.4620
vn -0.6641 0.0420 -0.7465
vn -0.8092 -0.1395 -0.5708
vn -0.9222 -0.0091 -0.3865
vn -0.6675 0.0082 -0.7446
vn -0.9104 -0.1353 -0.3910
vn -0.9446 -0.0527 -0.3240
vn -0.6831 -0.0070 -0.7303
vn -0.9582 0.0226 -0.2852
vn -0.7549 -0.0021 -0.6558
vn -0.9627 -0.0339 -0.2686
vn -0.9567 0.0672 -0.2833
vn -0.9609 0.0865 -0.2630
vn -0.7890 0.0418 -0.6130
vn -0.8176 0.0488 -0.5737
vn -0.9644 0.0630 -0.2569
vn -0.9516 0.1669 -0.2582
vn -0.8843 0.0273 -0.4661
vn -0.9464 0.2371 -0.2193
vn -0.9635 -0.0160 -0.2674
vn -0.9337 0.0753 -0.3502
vn -0.9712 0.1820 -0.1535
vn -0.9712 0.1795 -0.1568
vn -0.9777 -0.0512 -0.2038
vn -0.9433 0.0650 -0.3255
vn -0.9428 -0.2358 -0.2355
vn -0.9138 -0.1312 -0.3843
vn -0.9059 -0.2371 -0.3509
vn -0.8484 -0.3294 -0.4144
vn -0.8566 0.0127 -0.5158
vn -0.8535 -0.2153 -0.4746
vn -0.8077 -0.1409 -0.5725
vn -0.7566 -0.3494 -0.5528
vn -0.7541 -0.4458 -0.4823
vn -0.7266 -0.2098 -0.6543
vn -0.6737 -0.3363 -0.6580
vn -0.6572 -0.3613 -0.6615
vn -0.6330 -0.4309 -0.6432
vn -0.6449 -0.3702 -0.6686
vn -0.6500 -0.3707 -0.6634
vn -0.6292 -0.3220 -0.7074
vn -0.6349 -0.4060 -0.6573
vn -0.6455 -0.3687 -0.6689
vn -0.6112 -0.3071 -0.7294
vn -0.7049 0.3122 -0.6369
vn -0.7284 -0.3032 -0.6144
vn -0.6245 -0.2865 -0.7266
vn -0.7451 -0.2250 -0.6278
vn -0.6538 -0.4327 -0.6207
vn -0.4972 0.2845 -0.8197
vn -0.8356 0.2503 -0.4891
vn -0.3058 0.1846 -0.9340
vn -0.7621 -0.1386 -0.6325
vn -0.7370 -0.3933 -0.5497
vn -0.7872 -0.0749 -0.6121
vn -0.8556 -0.2148 -0.4710
vn -0.8046 -0.1715 -0.5686
vn -0.7882 -0.1282 -0.6019
vn -0.9452 -0.0838 -0.3157
vn -0.8117 -0.0741 -0.5794
vn -0.8679 -0.2607 -0.4229
vn -0.2064 0.0642 -0.9764
vn -0.9517 0.0565 -0.3019
vn -0.8648 -0.0351 -0.5009
vn -0.7946 -0.0643 -0.6038
vn -0.9344 -0.0936 -0.3436
vn -0.1506 -0.0269 -0.9882
vn -0.8366 0.0832 -0.5414
vn -0.7621 0.0020 -0.6475
vn -0.9218 0.0622 -0.3827
vn -0.1183 -0.1422 -0.9827
vn -0.7761 0.0635 -0.6274
vn -0.7679 0.0598 -0.6378
vn -0.1508 -0.3151 -0.9370
vn -0.7261 0.0511 -0.6857
vn -0.7495 0.0747 -0.6578
vn -0.2212 -0.5031 -0.8354
vn -0.7233 0.0897 -0.6846
vn -0.7360 0.1763 -0.6537
vn -0.8334 0.0995 -0.5437
vn -0.6860 0.0339 -0.7268
vn -0.7157 0.2140 -0.6648
vn -0.7027 0.2749 -0.6562
vn -0.6796 0.0620 -0.7310
vn -0.7714 0.0987 -0.6286
vn -0.7061 0.0121 -0.7080
vn -0.6588 0.1409 -0.7390
vn -0.7636 0.1171 -0.6350
vn -0.6897 -0.0246 -0.7236
vn -0.6557 -0.0242 -0.7547
vn -0.6111 0.0798 -0.7875
vn -0.6813 0.1118 -0.7234
vn -0.5951 0.0132 -0.8035
vn -0.5935 -0.6320 -0.4984
vn -0.4517 -0.6566 -0.6041
vn -0.3285 -0.6133 -0.7183
vn -0.6428 -0.1869 -0.7429
vn -0.8934 0.1882 -0.4079
vn -0.9366 0.0720 -0.3428
vn -0.7475 -0.1196 -0.6534
vn -0.9516 -0.1020 -0.2899
vn -0.6994 -0.1636 -0.6957
vn -0.9195 -0.2830 -0.2729
vn -0.8353 -0.4459 -0.3216
vn -0.6321 -0.1111 -0.7669
vn -0.7235 -0.5718 -0.3868
vn 0.5585 0.2749 -0.7827
vn 0.5896 0.2537 -0.7668
vn 0.7688 -0.0012 -0.6395
vn 0.6174 0.2133 -0.7572
vn 0.7894 -0.0634 -0.6106
vn 0.6252 0.1742 -0.7607
vn 0.6940 -0.0631 -0.7172
vn 0.8452 -0.0319 -0.5335
vn 0.6612 0.0893 -0.7449
vn 0.7004 -0.0898 -0.7081
vn 0.8853 -0.0528 -0.4620
vn 0.6641 0.0420 -0.7465
vn 0.8092 -0.1395 -0.5708
vn 0.9222 -0.0091 -0.3865
vn 0.6675 0.0081 -0.7446
vn 0.9104 -0.1353 -0.3910
vn 0.9446 -0.0527 -0.3240
vn 0.6831 -0.0071 -0.7303
vn 0.9582 0.0226 -0.2852
vn 0.7549 -0.0021 -0.6559
vn 0.9627 -0.0339 -0.2686
vn 0.9567 0.0672 -0.2833
vn 0.9609 0.0865 -0.2630
vn 0.7890 0.0413 -0.6130
vn 0.8176 0.0488 -0.5737
vn 0.9644 0.0630 -0.2569
vn 0.9516 0.1669 -0.2582
vn 0.8843 0.0273 -0.4661
vn 0.9464 0.2371 -0.2193
vn 0.9635 -0.0159 -0.2674
vn 0.9337 0.0753 -0.3502
vn 0.9712 0.1820 -0.1535
vn 0.9712 0.1795 -0.1568
vn 0.9777 -0.0511 -0.2038
vn 0.9433 0.0650 -0.3255
vn 0.9428 -0.2358 -0.2355
vn 0.9138 -0.1311 -0.3843
vn 0.9059 -0.2371 -0.3508
vn 0.8484 -0.3294 -0.4144
vn 0.8566 0.0127 -0.5158
vn 0.8535 -0.2153 -0.4746
vn 0.8077 -0.1409 -0.5725
vn 0.7566 -0.3494 -0.5528
vn 0.7541 -0.4458 -0.4823
vn 0.7266 -0.2098 -0.6543
vn 0.6737 -0.3363 -0.6580
vn 0.6572 -0.3613 -0.6615
vn 0.6330 -0.4309 -0.6432
vn 0.6449 -0.3702 -0.6686
vn 0.6500 -0.3707 -0.6634
vn 0.6291 -0.3220 -0.7075
vn 0.6349 -0.4060 -0.6573
vn 0.6455 -0.3687 -0.6689
vn 0.6113 -0.3071 -0.7294
vn 0.7049 0.3122 -0.6369
vn 0.7284 -0.3032 -0.6144
vn 0.6245 -0.2865 -0.7266
vn 0.7451 -0.2250 -0.6278
vn 0.6538 -0.4327 -0.6207
vn 0.4972 0.2845 -0.8197
vn 0.8556 -0.2148 -0.4710
vn 0.8046 -0.1715 -0.5686
vn 0.7882 -0.1283 -0.6019
vn 0.7370 -0.3933 -0.5497
vn 0.3059 0.1846 -0.9340
vn 0.9452 -0.0838 -0.3157
vn 0.8117 -0.0741 -0.5793
vn 0.8679 -0.2607 -0.4229
vn 0.2064 0.0642 -0.9764
vn 0.9517 0.0565 -0.3019
vn 0.8648 -0.0351 -0.5009
vn 0.7946 -0.0643 -0.6038
vn 0.9344 -0.0936 -0.3436
vn 0.1506 -0.0269 -0.9882
vn 0.8366 0.0832 -0.5414
vn 0.7621 0.0020 -0.6475
vn 0.9218 0.0622 -0.3827
vn 0.1183 -0.1422 -0.9827
vn 0.7761 0.0635 -0.6274
vn 0.7679 0.0601 -0.6377
vn 0.1508 -0.3150 -0.9370
vn 0.7261 0.0511 -0.6857
vn 0.7495 0.0747 -0.6578
vn 0.7714 0.0987 -0.6286
vn 0.7233 0.0897 -0.6846
vn 0.7360 0.1763 -0.6537
vn 0.6796 0.0620 -0.7310
vn 0.6860 0.0339 -0.7268
vn 0.7158 0.2140 -0.6647
vn 0.7027 0.2749 -0.6562
vn 0.7061 0.0121 -0.7080
vn 0.6588 0.1409 -0.7390
vn 0.6557 -0.0242 -0.7547
vn 0.6897 -0.0246 -0.7236
vn 0.6111 0.0798 -0.7875
vn 0.6813 0.1118 -0.7234
vn 0.5951 0.0132 -0.8035
vn 0.5935 -0.6320 -0.4984
vn 0.7636 0.1171 -0.6350
vn 0.4517 -0.6566 -0.6041
vn 0.8335 0.0994 -0.5436
vn 0.3285 -0.6133 -0.7183
vn 0.2213 -0.5031 -0.8354
vn 0.6428 -0.1870 -0.7429
vn 0.7235 -0.5718 -0.3868
vn 0.6321 -0.1111 -0.7669
vn 0.8353 -0.4459 -0.3216
vn 0.6994 -0.1636 -0.6957
vn 0.9195 -0.2830 -0.2729
vn 0.7475 -0.1196 -0.6534
vn 0.9516 -0.1020 -0.2899
vn 0.9366 0.0720 -0.3428
vn 0.7872 -0.0749 -0.6121
vn 0.7621 -0.1386 -0.6325
vn 0.8934 0.1883 -0.4079
vn 0.8356 0.2502 -0.4890
s 1
f 1/1/1 2/2/2 3/3/3
f 4/4/4 3/3/3 2/2/2
f 5/5/5 4/4/4 2/2/2
f 5/5/5 6/6/6 4/4/4
f 7/7/7 3/3/3 4/4/4
f 6/6/6 8/8/8 4/4/4
f 9/9/9 4/4/4 8/8/8
f 4/4/4 9/9/9 7/7/7
f 8/8/8 10/10/10 9/9/9
f 7/7/7 9/9/9 11/11/11
f 11/11/11 12/12/12 7/7/7
f 12/12/12 11/11/11 13/13/13
f 11/11/11 9/9/9 14/14/14
f 11/11/11 14/14/14 13/13/13
f 15/15/15 9/9/9 10/10/10
f 9/9/9 15/15/15 14/14/14
f 15/15/15 10/10/10 16/16/16
f 16/16/16 17/17/17 15/15/15
f 15/15/15 18/18/18 14/14/14
f 14/14/14 18/18/18 13/13/13
f 17/17/17 19/19/19 15/15/15
f 19/19/19 18/18/18 15/15/15
f 17/17/17 20/20/20 19/19/19
f 20/20/20 21/21/21 19/19/19
f 19/19/19 21/21/21 22/22/22
f 19/19/19 23/23/23 18/18/18
f 18/18/18 23/23/23 13/13/13
f 22/22/22 24/24/24 19/19/19
f 23/23/23 19/19/19 24/24/24
f 24/24/24 22/22/22 25/25/25
f 26/26/26 24/24/24 25/25/25
f 24/24/24 26/26/26 27/27/27
f 27/27/27 23/23/23 24/24/24
f 26/26/26 28/28/28 27/27/27
f 28/28/28 29/29/29 27/27/27
f 30/30/30 27/27/27 29/29/29
f 23/23/23 27/27/27 31/31/31
f 23/23/23 31/31/31 13/13/13
f 27/27/27 30/30/30 32/32/32
f 32/32/32 31/31/31 27/27/27
f 30/30/30 33/33/33 32/32/32
f 33/33/33 34/34/34 32/32/32
f 31/31/31 32/32/32 35/35/35
f 31/31/31 35/35/35 13/13/13
f 32/32/32 34/34/34 36/36/36
f 36/36/36 35/35/35 32/32/32
f 36/36/36 34/34/34 37/37/37
f 37/37/37 38/38/38 36/36/36
f 38/38/38 39/39/39 36/36/36
f 35/35/35 40/40/40 13/13/13
f 35/35/35 36/36/36 40/40/40
f 39/39/39 41/41/41 36/36/36
f 41/41/41 40/40/40 36/36/36
f 41/41/41 39/39/39 42/42/42
f 41/41/41 42/42/42 43/43/43
f 40/40/40 44/44/44 13/13/13
f 40/40/40 41/41/41 44/44/44
f 44/44/44 45/45/45 13/13/13
f 44/44/44 46/46/46 45/45/45
f 46/46/46 44/44/44 41/41/41
f 46/46/46 41/41/41 43/43/43
f 43/43/43 47/47/47 46/46/46
f 3/3/48 48/48/49 1/1/50
f 3/3/48 49/49/51 48/48/49
f 50/50/52 48/48/49 49/49/51
f 50/50/52 49/49/51 51/51/53
f 7/7/54 49/49/51 3/3/48
f 49/49/51 52/52/55 51/51/53
f 49/49/51 53/53/56 52/52/55
f 49/49/51 7/7/54 53/53/56
f 52/52/55 53/53/56 54/54/57
f 7/7/54 55/55/58 53/53/56
f 55/55/58 7/7/54 12/12/59
f 12/12/59 13/13/60 55/55/58
f 56/56/61 53/53/56 55/55/58
f 55/55/58 13/13/60 56/56/61
f 53/53/56 57/57/62 54/54/57
f 53/53/56 56/56/61 57/57/62
f 54/54/57 57/57/62 58/58/63
f 58/58/63 57/57/62 59/59/64
f 57/57/62 56/56/61 60/60/65
f 56/56/61 13/13/60 60/60/65
f 57/57/62 61/61/66 59/59/64
f 61/61/66 57/57/62 60/60/65
f 59/59/64 61/61/66 62/62/67
f 62/62/67 61/61/66 63/63/68
f 61/61/66 64/64/69 63/63/68
f 61/61/66 60/60/65 65/65/70
f 60/60/65 13/13/60 65/65/70
f 64/64/69 61/61/66 66/66/71
f 66/66/71 61/61/66 65/65/70
f 66/66/71 67/67/72 64/64/69
f 66/66/71 68/68/73 67/67/72
f 68/68/73 66/66/71 69/69/74
f 65/65/70 69/69/74 66/66/71
f 68/68/73 69/69/74 70/70/75
f 70/70/75 69/69/74 71/71/76
f 69/69/74 72/72/77 71/71/76
f 69/69/74 65/65/70 73/73/78
f 65/65/70 13/13/60 73/73/78
f 72/72/77 69/69/74 74/74/79
f 73/73/78 74/74/79 69/69/74
f 72/72/77 74/74/79 75/75/80
f 75/75/80 74/74/79 76/76/81
f 74/74/79 73/73/78 77/77/82
f 73/73/78 13/13/60 77/77/82
f 74/74/79 78/78/83 76/76/81
f 77/77/82 78/78/83 74/74/79
f 76/76/81 78/78/83 79/79/84
f 79/79/84 78/78/83 80/80/85
f 80/80/85 78/78/83 81/81/86
f 77/77/82 13/13/60 82/82/87
f 78/78/83 77/77/82 82/82/87
f 83/83/88 81/81/86 78/78/83
f 82/82/87 83/83/88 78/78/83
f 81/81/86 83/83/88 84/84/89
f 83/83/88 85/85/90 84/84/89
f 82/82/87 13/13/60 86/86/91
f 83/83/88 82/82/87 86/86/91
f 86/86/91 13/13/60 45/45/92
f 46/46/93 86/86/91 45/45/92
f 86/86/91 46/46/93 83/83/88
f 83/83/88 46/46/93 85/85/90
f 47/47/94 85/85/90 46/46/93
f 87/87/95 88/88/96 89/89/97
f 88/88/96 87/87/95 90/90/98
f 91/91/99 88/88/96 90/90/98
f 87/87/95 92/92/100 90/90/98
f 92/92/100 87/87/95 93/93/101
f 90/90/98 94/94/102 91/91/99
f 94/94/102 90/90/98 92/92/100
f 95/95/103 92/92/100 93/93/101
f 96/96/104 91/91/99 94/94/102
f 92/92/100 95/95/103 97/97/105
f 98/98/106 97/97/105 95/95/103
f 92/92/100 99/99/107 94/94/102
f 97/97/105 99/99/107 92/92/100
f 94/94/102 100/100/108 96/96/104
f 99/99/107 100/100/108 94/94/102
f 98/98/106 101/101/109 97/97/105
f 102/102/110 101/101/109 98/98/106
f 102/102/110 103/103/111 101/101/109
f 103/103/111 104/104/112 101/101/109
f 101/101/109 104/104/112 97/97/105
f 103/103/111 105/105/113 104/104/112
f 106/106/114 97/97/105 104/104/112
f 99/99/107 97/97/105 106/106/114
f 105/105/113 107/107/115 104/104/112
f 104/104/112 107/107/115 106/106/114
f 105/105/113 108/108/116 107/107/115
f 109/109/117 106/106/114 107/107/115
f 109/109/117 99/99/107 106/106/114
f 108/108/116 110/110/118 107/107/115
f 107/107/115 110/110/118 109/109/117
f 108/108/116 111/111/119 110/110/118
f 99/99/107 109/109/117 112/112/120
f 111/111/119 113/113/121 110/110/118
f 113/113/121 111/111/119 114/114/122
f 110/110/118 115/115/123 109/109/117
f 115/115/123 112/112/120 109/109/117
f 116/116/124 110/110/118 113/113/121
f 110/110/118 116/116/124 115/115/123
f 114/114/122 117/117/125 113/113/121
f 117/117/125 114/114/122 118/118/126
f 112/112/120 115/115/123 119/119/127
f 116/116/124 119/119/127 115/115/123
f 99/99/107 112/112/120 120/120/128
f 119/119/127 120/120/128 112/112/120
f 100/100/108 99/99/107 120/120/128
f 121/121/129 120/120/128 119/119/127
f 121/121/129 100/100/108 120/120/128
f 119/119/127 116/116/124 122/122/130
f 119/119/127 122/122/130 121/121/129
f 123/123/131 100/100/108 121/121/129
f 123/123/131 96/96/104 100/100/108
f 96/96/104 123/123/131 124/124/132
f 125/125/133 123/123/131 121/121/129
f 125/125/133 121/121/129 122/122/130
f 126/126/134 124/124/132 123/123/131
f 126/126/134 123/123/131 125/125/133
f 124/124/132 126/126/134 127/127/135
f 128/128/136 126/126/134 125/125/133
f 129/129/137 127/127/135 126/126/134
f 126/126/134 128/128/136 129/129/137
f 130/130/138 127/127/135 129/129/137
f 125/125/133 131/131/139 128/128/136
f 131/131/139 125/125/133 122/122/130
f 132/132/140 130/130/138 129/129/137
f 130/130/138 132/132/140 133/133/141
f 133/133/141 132/132/140 134/134/142
f 135/135/143 129/129/137 128/128/136
f 129/129/137 135/135/143 132/132/140
f 131/131/139 135/135/143 128/128/136
f 136/136/144 134/134/142 132/132/140
f 132/132/140 135/135/143 136/136/144
f 137/137/145 134/134/142 136/136/144
f 135/135/143 138/138/146 136/136/144
f 136/136/144 139/139/147 137/137/145
f 139/139/147 136/136/144 138/138/146
f 140/140/148 137/137/145 139/139/147
f 135/135/143 141/141/149 138/138/146
f 141/141/149 135/135/143 131/131/139
f 142/142/150 139/139/147 138/138/146
f 138/138/146 141/141/149 142/142/150
f 139/139/147 143/143/151 140/140/148
f 144/144/152 140/140/148 143/143/151
f 142/142/150 145/145/153 139/139/147
f 145/145/153 143/143/151 139/139/147
f 141/141/149 145/145/153 142/142/150
f 143/143/151 146/146/154 144/144/152
f 147/147/155 144/144/152 146/146/154
f 143/143/151 145/145/153 148/148/156
f 148/148/156 146/146/154 143/143/151
f 145/145/153 141/141/149 149/149/157
f 149/149/157 148/148/156 145/145/153
f 150/150/158 147/147/155 146/146/154
f 151/151/159 147/147/155 150/150/158
f 146/146/154 148/148/156 152/152/160
f 152/152/160 150/150/158 146/146/154
f 148/148/156 149/149/157 153/153/161
f 152/152/160 148/148/156 153/153/161
f 149/149/157 141/141/149 154/154/162
f 154/154/162 153/153/161 149/149/157
f 131/131/139 154/154/162 141/141/149
f 152/152/160 153/153/161 155/155/163
f 156/156/164 154/154/162 131/131/139
f 122/122/130 156/156/164 131/131/139
f 116/116/124 156/156/164 122/122/130
f 153/153/161 154/154/162 157/157/165
f 155/155/163 153/153/161 157/157/165
f 154/154/162 156/156/164 158/158/166
f 157/157/165 154/154/162 158/158/166
f 156/156/164 116/116/124 159/159/167
f 158/158/166 156/156/164 159/159/167
f 159/159/167 116/116/124 113/113/121
f 159/159/167 113/113/121 117/117/125
f 158/158/166 159/159/167 160/160/168
f 160/160/168 159/159/167 117/117/125
f 158/158/166 161/161/169 157/157/165
f 161/161/169 158/158/166 160/160/168
f 161/161/169 162/162/170 157/157/165
f 157/157/165 162/162/170 155/155/163
f 160/160/168 117/117/125 163/163/171
f 118/118/126 163/163/171 117/117/125
f 163/163/171 118/118/126 164/164/172
f 164/164/172 165/165/173 163/163/171
f 165/165/173 160/160/168 163/163/171
f 165/165/173 164/164/172 166/166/174
f 160/160/168 165/165/173 167/167/175
f 160/160/168 167/167/175 161/161/169
f 168/168/176 165/165/173 166/166/174
f 168/168/176 167/167/175 165/165/173
f 166/166/174 169/169/177 168/168/176
f 167/167/175 170/170/178 161/161/169
f 162/162/170 161/161/169 170/170/178
f 167/167/175 168/168/176 171/171/179
f 170/170/178 167/167/175 171/171/179
f 172/172/180 168/168/176 169/169/177
f 172/172/180 171/171/179 168/168/176
f 169/169/177 173/173/181 172/172/180
f 171/171/179 174/174/182 170/170/178
f 175/175/183 172/172/180 173/173/181
f 173/173/181 176/176/184 175/175/183
f 171/171/179 172/172/180 177/177/185
f 175/175/183 177/177/185 172/172/180
f 171/171/179 177/177/185 174/174/182
f 178/178/186 175/175/183 176/176/184
f 179/179/187 177/177/185 175/175/183
f 179/179/187 174/174/182 177/177/185
f 175/175/183 178/178/186 180/180/188
f 180/180/188 179/179/187 175/175/183
f 181/181/189 180/180/188 178/178/186
f 179/179/187 180/180/188 182/182/190
f 180/180/188 181/181/189 183/183/191
f 180/180/188 183/183/191 182/182/190
f 174/174/182 179/179/187 184/184/192
f 182/182/190 184/184/192 179/179/187
f 181/181/189 185/185/193 183/183/191
f 185/185/193 181/181/189 186/186/194
f 187/187/195 185/185/193 186/186/194
f 183/183/191 188/188/196 182/182/190
f 189/189/197 185/185/193 187/187/195
f 187/187/195 190/190/198 189/189/197
f 191/191/199 183/183/191 185/185/193
f 183/183/191 191/191/199 188/188/196
f 185/185/193 189/189/197 192/192/200
f 192/192/200 191/191/199 185/185/193
f 193/193/201 189/189/197 190/190/198
f 190/190/198 194/194/202 193/193/201
f 189/189/197 195/195/203 192/192/200
f 195/195/203 189/189/197 193/193/201
f 191/191/199 192/192/200 196/196/204
f 192/192/200 195/195/203 197/197/205
f 197/197/205 196/196/204 192/192/200
f 193/193/201 198/198/206 195/195/203
f 196/196/204 199/199/207 191/191/199
f 198/198/206 193/193/201 200/200/208
f 200/200/208 193/193/201 194/194/202
f 199/199/207 196/196/204 201/201/209
f 197/197/205 201/201/209 196/196/204
f 202/202/210 200/200/208 194/194/202
f 194/194/202 203/203/211 202/202/210
f 204/204/212 200/200/208 202/202/210
f 204/204/212 198/198/206 200/200/208
f 205/205/213 202/202/210 203/203/211
f 203/203/211 206/206/214 205/205/213
f 207/207/215 204/204/212 202/202/210
f 207/207/215 202/202/210 205/205/213
f 208/208/216 205/205/213 206/206/214
f 208/208/216 207/207/215 205/205/213
f 206/206/214 209/209/217 208/208/216
f 210/210/218 208/208/216 209/209/217
f 209/209/217 211/211/219 210/210/218
f 207/207/215 208/208/216 212/212/220
f 210/210/218 212/212/220 208/208/216
f 213/213/221 210/210/218 211/211/219
f 211/211/219 214/214/222 213/213/221
f 212/212/220 210/210/218 215/215/223
f 213/213/221 215/215/223 210/210/218
f 216/216/224 213/213/221 214/214/222
f 214/214/222 217/217/225 216/216/224
f 218/218/226 215/215/223 213/213/221
f 216/216/224 218/218/226 213/213/221
f 219/219/227 216/216/224 217/217/225
f 217/217/225 220/220/228 219/219/227
f 221/221/229 218/218/226 216/216/224
f 219/219/227 221/221/229 216/216/224
f 222/222/230 219/219/227 220/220/228
f 222/222/230 220/220/228 223/223/231
f 224/224/232 221/221/229 219/219/227
f 219/219/227 222/222/230 224/224/232
f 225/225/233 222/222/230 223/223/231
f 225/225/233 223/223/231 226/226/234
f 227/227/235 224/224/232 222/222/230
f 222/222/230 225/225/233 227/227/235
f 228/228/236 225/225/233 226/226/234
f 228/228/236 226/226/234 229/229/237
f 230/230/238 227/227/235 225/225/233
f 225/225/233 228/228/236 230/230/238
f 231/231/239 224/224/232 227/227/235
f 230/230/238 231/231/239 227/227/235
f 232/232/240 221/221/229 224/224/232
f 224/224/232 231/231/239 232/232/240
f 221/221/229 232/232/240 233/233/241
f 233/233/241 218/218/226 221/221/229
f 232/232/240 231/231/239 234/234/242
f 218/218/226 233/233/241 235/235/243
f 235/235/243 215/215/223 218/218/226
f 233/233/241 232/232/240 236/236/244
f 234/234/242 236/236/244 232/232/240
f 215/215/223 235/235/243 237/237/245
f 237/237/245 212/212/220 215/215/223
f 233/233/241 238/238/246 235/235/243
f 238/238/246 237/237/245 235/235/243
f 236/236/244 239/239/247 233/233/241
f 238/238/246 233/233/241 239/239/247
f 212/212/220 237/237/245 240/240/248
f 240/240/248 207/207/215 212/212/220
f 237/237/245 238/238/246 241/241/249
f 241/241/249 240/240/248 237/237/245
f 207/207/215 240/240/248 242/242/250
f 242/242/250 204/204/212 207/207/215
f 241/241/249 243/243/251 240/240/248
f 243/243/251 242/242/250 240/240/248
f 242/242/250 244/244/252 204/204/212
f 244/244/252 198/198/206 204/204/212
f 243/243/251 245/245/253 242/242/250
f 245/245/253 244/244/252 242/242/250
f 244/244/252 246/246/254 198/198/206
f 195/195/203 198/198/206 246/246/254
f 246/246/254 197/197/205 195/195/203
f 245/245/253 247/247/255 244/244/252
f 247/247/255 246/246/254 244/244/252
f 246/246/254 248/248/256 197/197/205
f 201/201/209 197/197/205 248/248/256
f 247/247/255 249/249/257 246/246/254
f 248/248/256 246/246/254 249/249/257
f 250/250/258 247/247/255 245/245/253
f 248/248/256 251/251/259 201/201/209
f 252/252/260 249/249/257 247/247/255
f 250/250/258 252/252/260 247/247/255
f 249/249/257 253/253/261 248/248/256
f 251/251/259 248/248/256 253/253/261
f 249/249/257 252/252/260 254/254/262
f 253/253/261 249/249/257 254/254/262
f 254/254/262 252/252/260 255/255/263
f 253/253/261 254/254/262 256/256/264
f 255/255/263 256/256/264 254/254/262
f 257/257/265 253/253/261 256/256/264
f 253/253/261 257/257/265 251/251/259
f 258/258/266 255/255/263 252/252/260
f 250/250/258 258/258/266 252/252/260
f 256/256/264 255/255/263 259/259/267
f 258/258/266 260/260/268 255/255/263
f 260/260/268 259/259/267 255/255/263
f 256/256/264 261/261/269 257/257/265
f 261/261/269 256/256/264 259/259/267
f 260/260/268 258/258/266 262/262/270
f 259/259/267 263/263/271 261/261/269
f 260/260/268 264/264/272 259/259/267
f 263/263/271 259/259/267 264/264/272
f 264/264/272 260/260/268 265/265/273
f 262/262/270 265/265/273 260/260/268
f 263/263/271 264/264/272 266/266/274
f 258/258/266 267/267/275 262/262/270
f 258/258/266 250/250/258 267/267/275
f 268/268/276 264/264/272 265/265/273
f 264/264/272 268/268/276 266/266/274
f 265/265/273 262/262/270 269/269/277
f 270/270/278 262/262/270 267/267/275
f 270/270/278 269/269/277 262/262/270
f 271/271/279 270/270/278 267/267/275
f 271/271/279 267/267/275 250/250/258
f 272/272/280 265/265/273 269/269/277
f 265/265/273 272/272/280 268/268/276
f 269/269/277 270/270/278 273/273/281
f 269/269/277 274/274/282 272/272/280
f 274/274/282 269/269/277 273/273/281
f 270/270/278 271/271/279 275/275/283
f 275/275/283 273/273/281 270/270/278
f 271/271/279 250/250/258 276/276/284
f 273/273/281 275/275/283 277/277/285
f 276/276/284 250/250/258 278/278/286
f 250/250/258 245/245/253 278/278/286
f 245/245/253 243/243/251 278/278/286
f 276/276/284 279/279/287 271/271/279
f 275/275/283 271/271/279 279/279/287
f 280/280/288 276/276/284 278/278/286
f 279/279/287 276/276/284 280/280/288
f 281/281/289 278/278/286 243/243/251
f 280/280/288 278/278/286 281/281/289
f 281/281/289 243/243/251 241/241/249
f 281/281/289 282/282/290 280/280/288
f 241/241/249 283/283/291 281/281/289
f 282/282/290 281/281/289 283/283/291
f 283/283/291 241/241/249 238/238/246
f 284/284/292 280/280/288 282/282/290
f 280/280/288 284/284/292 279/279/287
f 238/238/246 285/285/293 283/283/291
f 285/285/293 238/238/246 239/239/247
f 286/286/294 282/282/290 283/283/291
f 239/239/247 287/287/295 285/285/293
f 287/287/295 239/239/247 236/236/244
f 288/288/296 283/283/291 285/285/293
f 286/286/294 283/283/291 288/288/296
f 289/289/297 285/285/293 287/287/295
f 285/285/293 289/289/297 288/288/296
f 236/236/244 290/290/298 287/287/295
f 290/290/298 236/236/244 234/234/242
f 287/287/295 291/291/299 289/289/297
f 291/291/299 287/287/295 290/290/298
f 292/292/300 288/288/296 289/289/297
f 292/292/300 286/286/294 288/288/296
f 293/293/301 289/289/297 291/291/299
f 289/289/297 293/293/301 292/292/300
f 290/290/298 294/294/302 291/291/299
f 293/293/301 295/295/303 292/292/300
f 294/294/302 290/290/298 296/296/304
f 234/234/242 296/296/304 290/290/298
f 293/293/301 291/291/299 297/297/305
f 294/294/302 297/297/305 291/291/299
f 296/296/304 234/234/242 298/298/306
f 231/231/239 298/298/306 234/234/242
f 296/296/304 299/299/307 294/294/302
f 298/298/306 231/231/239 300/300/308
f 231/231/239 230/230/238 300/300/308
f 298/298/306 301/301/309 296/296/304
f 299/299/307 296/296/304 301/301/309
f 302/302/310 298/298/306 300/300/308
f 301/301/309 298/298/306 302/302/310
f 230/230/238 303/303/311 300/300/308
f 300/300/308 303/303/311 302/302/310
f 303/303/311 230/230/238 304/304/312
f 304/304/312 230/230/238 228/228/236
f 303/303/311 305/305/313 302/302/310
f 306/306/314 304/304/312 228/228/236
f 229/229/237 306/306/314 228/228/236
f 306/306/314 229/229/237 307/307/315
f 308/308/316 306/306/314 307/307/315
f 304/304/312 309/309/317 303/303/311
f 305/305/313 303/303/311 309/309/317
f 304/304/312 306/306/314 310/310/318
f 309/309/317 304/304/312 310/310/318
f 306/306/314 308/308/316 311/311/319
f 312/312/320 311/311/319 308/308/316
f 306/306/314 313/313/321 310/310/318
f 306/306/314 311/311/319 313/313/321
f 310/310/318 314/314/322 309/309/317
f 314/314/322 310/310/318 313/313/321
f 311/311/319 312/312/320 315/315/323
f 316/316/324 315/315/323 312/312/320
f 317/317/325 313/313/321 311/311/319
f 311/311/319 315/315/323 317/317/325
f 318/318/326 315/315/323 316/316/324
f 319/319/327 318/318/326 316/316/324
f 320/320/328 317/317/325 315/315/323
f 315/315/323 318/318/326 320/320/328
f 313/313/321 317/317/325 321/321/329
f 321/321/329 314/314/322 313/313/321
f 322/322/330 318/318/326 319/319/327
f 323/323/331 322/322/330 319/319/327
f 324/324/332 318/318/326 322/322/330
f 324/324/332 320/320/328 318/318/326
f 322/322/330 323/323/331 325/325/333
f 326/326/334 325/325/333 323/323/331
f 327/327/335 324/324/332 322/322/330
f 327/327/335 322/322/330 325/325/333
f 325/325/333 326/326/334 328/328/336
f 326/326/334 329/329/337 328/328/336
f 330/330/338 327/327/335 325/325/333
f 325/325/333 328/328/336 330/330/338
f 98/331/339 329/329/337 102/332/340
f 331/333/341 328/328/336 329/329/337
f 329/329/337 98/331/339 331/333/341
f 332/334/342 328/328/336 331/333/341
f 331/333/341 98/331/339 332/334/342
f 328/328/336 332/334/342 330/330/338
f 95/335/343 332/334/342 98/331/339
f 332/334/342 95/335/343 93/336/344
f 93/336/344 333/337/345 332/334/342
f 333/337/345 330/330/338 332/334/342
f 87/338/346 333/337/345 93/336/344
f 330/330/338 333/337/345 334/339/347
f 334/339/347 327/327/335 330/330/338
f 333/337/345 87/338/346 335/340/348
f 334/339/347 333/337/345 335/340/348
f 89/341/349 335/340/348 87/338/346
f 335/340/348 89/341/349 336/342/350
f 334/339/347 337/343/351 327/327/335
f 337/343/351 324/324/332 327/327/335
f 338/344/352 335/340/348 336/342/350
f 335/340/348 338/344/352 334/339/347
f 336/342/350 339/345/353 338/344/352
f 340/346/354 338/344/352 339/345/353
f 337/343/351 334/339/347 341/347/355
f 341/347/355 334/339/347 338/344/352
f 337/343/351 342/348/356 324/324/332
f 342/348/356 337/343/351 341/347/355
f 342/348/356 320/320/328 324/324/332
f 338/344/352 343/349/357 341/347/355
f 338/344/352 340/346/354 343/349/357
f 342/348/356 341/347/355 344/350/358
f 344/350/358 341/347/355 343/349/357
f 320/320/328 342/348/356 345/351/359
f 344/350/358 345/351/359 342/348/356
f 317/317/325 320/320/328 345/351/359
f 345/351/359 321/321/329 317/317/325
f 340/346/354 346/352/360 343/349/357
f 343/349/357 346/352/360 344/350/358
f 346/352/360 340/346/354 347/353/361
f 345/351/359 344/350/358 348/354/362
f 345/351/359 348/354/362 321/321/329
f 349/355/363 344/350/358 346/352/360
f 344/350/358 349/355/363 348/354/362
f 347/353/361 350/356/364 346/352/360
f 346/352/360 350/356/364 349/355/363
f 350/356/364 347/353/361 351/357/365
f 351/357/365 352/358/366 350/356/364
f 349/355/363 350/356/364 352/358/366
f 352/358/366 351/357/365 353/359/367
f 354/360/368 352/358/366 353/359/367
f 355/361/369 352/358/366 354/360/368
f 356/362/370 355/361/369 354/360/368
f 357/363/371 349/355/363 352/358/366
f 352/358/366 355/361/369 357/363/371
f 358/364/372 355/361/369 356/362/370
f 359/365/373 358/364/372 356/362/370
f 349/355/363 357/363/371 360/366/374
f 360/366/374 348/354/362 349/355/363
f 361/367/375 358/364/372 359/365/373
f 362/368/376 361/367/375 359/365/373
f 348/354/362 360/366/374 363/369/377
f 348/354/362 363/369/377 321/321/329
f 314/314/322 321/321/329 363/369/377
f 364/370/378 363/369/377 360/366/374
f 360/366/374 357/363/371 364/370/378
f 363/369/377 365/371/379 314/314/322
f 363/369/377 364/370/378 365/371/379
f 365/371/379 309/309/317 314/314/322
f 309/309/317 365/371/379 305/305/313
f 364/370/378 366/372/380 365/371/379
f 366/372/380 305/305/313 365/371/379
f 367/373/381 364/370/378 357/363/371
f 364/370/378 367/373/381 366/372/380
f 305/305/313 366/372/380 368/374/382
f 305/305/313 368/374/382 302/302/310
f 368/374/382 301/301/309 302/302/310
f 369/375/383 366/372/380 367/373/381
f 369/375/383 368/374/382 366/372/380
f 368/374/382 370/376/384 301/301/309
f 368/374/382 369/375/383 370/376/384
f 370/376/384 299/299/307 301/301/309
f 371/377/385 369/375/383 367/373/381
f 371/377/385 367/373/381 357/363/371
f 357/363/371 355/361/369 371/377/385
f 358/364/372 371/377/385 355/361/369
f 372/378/386 370/376/384 369/375/383
f 369/375/383 371/377/385 372/378/386
f 373/379/387 299/299/307 370/376/384
f 370/376/384 372/378/386 373/379/387
f 299/299/307 373/379/387 374/380/388
f 374/380/388 294/294/302 299/299/307
f 294/294/302 374/380/388 297/297/305
f 375/381/389 374/380/388 373/379/387
f 372/378/386 375/381/389 373/379/387
f 375/381/389 297/297/305 374/380/388
f 371/377/385 376/382/390 372/378/386
f 375/381/389 372/378/386 376/382/390
f 371/377/385 358/364/372 377/383/391
f 376/382/390 371/377/385 377/383/391
f 361/367/375 377/383/391 358/364/372
f 378/384/392 376/382/390 377/383/391
f 378/384/392 377/383/391 361/367/375
f 379/385/393 375/381/389 376/382/390
f 379/385/393 376/382/390 378/384/392
f 380/386/394 297/297/305 375/381/389
f 380/386/394 375/381/389 379/385/393
f 381/387/395 378/384/392 361/367/375
f 381/387/395 361/367/375 362/368/376
f 382/388/396 381/387/395 362/368/376
f 383/389/397 379/385/393 378/384/392
f 383/389/397 378/384/392 381/387/395
f 384/390/398 381/387/395 382/388/396
f 384/390/398 382/388/396 385/391/399
f 381/387/395 386/392/400 383/389/397
f 386/392/400 381/387/395 384/390/398
f 384/390/398 385/391/399 387/393/401
f 388/394/402 387/393/401 385/391/399
f 386/392/400 384/390/398 389/395/403
f 387/393/401 389/395/403 384/390/398
f 387/393/401 388/394/402 390/396/404
f 387/393/401 390/396/404 389/395/403
f 47/397/405 390/396/404 388/394/402
f 390/396/404 47/397/405 43/398/406
f 43/398/406 391/399/407 390/396/404
f 390/396/404 391/399/407 389/395/403
f 391/399/407 43/398/406 42/400/408
f 42/400/408 39/401/409 391/399/407
f 392/402/410 389/395/403 391/399/407
f 389/395/403 392/402/410 386/392/400
f 393/403/411 391/399/407 39/401/409
f 391/399/407 393/403/411 392/402/410
f 39/401/409 394/404/412 393/403/411
f 394/404/412 39/401/409 38/405/413
f 395/406/414 392/402/410 393/403/411
f 38/405/413 396/407/415 394/404/412
f 396/407/415 38/405/413 37/408/416
f 37/408/416 34/409/417 396/407/415
f 397/410/418 393/403/411 394/404/412
f 397/410/418 394/404/412 396/407/415
f 397/410/418 395/406/414 393/403/411
f 398/411/419 396/407/415 34/409/417
f 33/412/420 398/411/419 34/409/417
f 399/413/421 397/410/418 396/407/415
f 398/411/419 399/413/421 396/407/415
f 395/406/414 397/410/418 400/414/422
f 401/415/423 398/411/419 33/412/420
f 392/402/410 395/406/414 402/416/424
f 402/416/424 386/392/400 392/402/410
f 400/414/422 402/416/424 395/406/414
f 402/416/424 383/389/397 386/392/400
f 383/389/397 402/416/424 403/417/425
f 400/414/422 403/417/425 402/416/424
f 403/417/425 379/385/393 383/389/397
f 403/417/425 404/418/426 379/385/393
f 403/417/425 400/414/422 404/418/426
f 404/418/426 380/386/394 379/385/393
f 405/419/427 400/414/422 397/410/418
f 405/419/427 404/418/426 400/414/422
f 397/410/418 399/413/421 405/419/427
f 406/420/428 380/386/394 404/418/426
f 404/418/426 405/419/427 406/420/428
f 407/421/429 405/419/427 399/413/421
f 407/421/429 406/420/428 405/419/427
f 399/413/421 398/411/419 408/422/430
f 407/421/429 399/413/421 408/422/430
f 401/415/423 408/422/430 398/411/419
f 380/386/394 406/420/428 409/423/431
f 409/423/431 297/297/305 380/386/394
f 297/297/305 409/423/431 293/293/301
f 295/295/303 293/293/301 409/423/431
f 410/424/432 409/423/431 406/420/428
f 409/423/431 410/424/432 295/295/303
f 406/420/428 407/421/429 410/424/432
f 410/424/432 411/425/433 295/295/303
f 411/425/433 292/292/300 295/295/303
f 411/425/433 286/286/294 292/292/300
f 412/426/434 410/424/432 407/421/429
f 412/426/434 407/421/429 408/422/430
f 413/427/435 411/425/433 410/424/432
f 410/424/432 412/426/434 413/427/435
f 414/428/436 286/286/294 411/425/433
f 413/427/435 414/428/436 411/425/433
f 414/428/436 282/282/290 286/286/294
f 284/284/292 282/282/290 414/428/436
f 415/429/437 414/428/436 413/427/435
f 415/429/437 284/284/292 414/428/436
f 416/430/438 413/427/435 412/426/434
f 413/427/435 416/430/438 415/429/437
f 284/284/292 415/429/437 417/431/439
f 417/431/439 415/429/437 416/430/438
f 417/431/439 279/279/287 284/284/292
f 416/430/438 412/426/434 418/432/440
f 418/432/440 412/426/434 408/422/430
f 408/422/430 401/415/423 418/432/440
f 279/279/287 417/431/439 419/433/441
f 275/275/283 279/279/287 419/433/441
f 416/430/438 420/434/442 417/431/439
f 420/434/442 419/433/441 417/431/439
f 275/275/283 419/433/441 421/435/443
f 419/433/441 420/434/442 421/435/443
f 421/435/443 277/277/285 275/275/283
f 420/434/442 416/430/438 422/436/444
f 422/436/444 421/435/443 420/434/442
f 422/436/444 416/430/438 418/432/440
f 423/437/445 277/277/285 421/435/443
f 421/435/443 422/436/444 423/437/445
f 424/438/446 418/432/440 401/415/423
f 418/432/440 424/438/446 422/436/444
f 33/412/420 424/438/446 401/415/423
f 424/438/446 33/412/420 30/439/447
f 425/440/448 422/436/444 424/438/446
f 30/439/447 425/440/448 424/438/446
f 422/436/444 425/440/448 423/437/445
f 425/440/448 30/439/447 29/441/449
f 277/277/285 423/437/445 426/442/450
f 426/442/450 273/273/281 277/277/285
f 273/273/281 426/442/450 274/274/282
f 427/443/451 423/437/445 425/440/448
f 423/437/445 427/443/451 426/442/450
f 29/441/449 427/443/451 425/440/448
f 427/443/451 274/274/282 426/442/450
f 427/443/451 29/441/449 28/444/452
f 28/444/452 26/445/453 427/443/451
f 274/274/282 427/443/451 428/446/454
f 428/446/454 427/443/451 26/445/453
f 428/446/454 272/272/280 274/274/282
f 26/445/453 25/447/455 428/446/454
f 429/448/456 428/446/454 25/447/455
f 272/272/280 428/446/454 429/448/456
f 25/447/455 22/449/457 429/448/456
f 429/448/456 430/450/458 272/272/280
f 430/450/458 429/448/456 22/449/457
f 268/268/276 272/272/280 430/450/458
f 21/451/459 430/450/458 22/449/457
f 431/452/460 268/268/276 430/450/458
f 430/450/458 21/451/459 431/452/460
f 268/268/276 431/452/460 266/266/274
f 431/452/460 21/451/459 20/453/461
f 432/454/462 431/452/460 20/453/461
f 431/452/460 432/454/462 266/266/274
f 20/453/461 17/455/463 432/454/462
f 433/456/464 266/266/274 432/454/462
f 266/266/274 433/456/464 263/263/271
f 434/457/465 432/454/462 17/455/463
f 16/458/466 434/457/465 17/455/463
f 432/454/462 435/459/467 433/456/464
f 435/459/467 432/454/462 434/457/465
f 433/456/464 436/460/468 263/263/271
f 436/460/468 433/456/464 435/459/467
f 436/460/468 261/261/269 263/263/271
f 437/461/469 434/457/465 16/458/466
f 10/462/470 437/461/469 16/458/466
f 261/261/269 436/460/468 438/463/471
f 438/463/471 257/257/265 261/261/269
f 439/464/472 437/461/469 10/462/470
f 8/465/473 439/464/472 10/462/470
f 440/466/474 434/457/465 437/461/469
f 434/457/465 440/466/474 435/459/467
f 441/467/475 437/461/469 439/464/472
f 437/461/469 441/467/475 440/466/474
f 442/468/476 439/464/472 8/465/473
f 6/469/477 442/468/476 8/465/473
f 443/470/478 441/467/475 439/464/472
f 439/464/472 442/468/476 443/470/478
f 444/471/479 442/468/476 6/469/477
f 5/472/480 444/471/479 6/469/477
f 445/473/481 443/470/478 442/468/476
f 442/468/476 444/471/479 445/473/481
f 446/474/482 441/467/475 443/470/478
f 444/471/479 5/472/480 447/475/483
f 441/467/475 446/474/482 448/476/484
f 448/476/484 440/466/474 441/467/475
f 444/471/479 449/477/485 445/473/481
f 447/475/483 449/477/485 444/471/479
f 450/478/486 443/470/478 445/473/481
f 449/477/485 450/478/486 445/473/481
f 443/470/478 450/478/486 446/474/482
f 451/479/487 447/475/483 5/472/480
f 2/480/488 451/479/487 5/472/480
f 1/481/489 451/479/487 2/480/488
f 451/479/487 1/481/489 452/482/490
f 451/479/487 452/482/490 453/483/491
f 454/484/492 447/475/483 451/479/487
f 451/479/487 453/483/491 454/484/492
f 449/477/485 447/475/483 454/484/492
f 454/484/492 453/483/491 455/485/493
f 456/486/494 449/477/485 454/484/492
f 455/485/493 456/486/494 454/484/492
f 449/477/485 456/486/494 457/487/495
f 450/478/486 449/477/485 457/487/495
f 455/485/493 458/488/496 456/486/494
f 458/488/496 455/485/493 459/489/497
f 456/486/494 460/490/498 457/487/495
f 460/490/498 456/486/494 458/488/496
f 461/491/499 450/478/486 457/487/495
f 457/487/495 460/490/498 461/491/499
f 458/488/496 459/489/497 462/492/500
f 458/488/496 462/492/500 460/490/498
f 459/489/497 463/493/501 462/492/500
f 460/490/498 464/494/502 461/491/499
f 464/494/502 460/490/498 462/492/500
f 465/495/503 450/478/486 461/491/499
f 450/478/486 465/495/503 446/474/482
f 461/491/499 464/494/502 466/496/504
f 466/496/504 465/495/503 461/491/499
f 462/492/500 467/497/505 464/494/502
f 464/494/502 467/497/505 466/496/504
f 463/493/501 468/498/506 462/492/500
f 462/492/500 468/498/506 467/497/505
f 468/498/506 463/493/501 469/499/507
f 470/500/508 468/498/506 469/499/507
f 468/498/506 470/500/508 471/501/509
f 471/501/509 467/497/505 468/498/506
f 151/151/159 471/501/509 470/500/508
f 467/497/505 471/501/509 472/502/510
f 472/502/510 466/496/504 467/497/505
f 471/501/509 151/151/159 473/503/511
f 473/503/511 472/502/510 471/501/509
f 473/503/511 151/151/159 150/150/158
f 474/504/512 466/496/504 472/502/510
f 465/495/503 466/496/504 474/504/512
f 475/505/513 472/502/510 473/503/511
f 472/502/510 475/505/513 474/504/512
f 476/506/514 473/503/511 150/150/158
f 473/503/511 476/506/514 475/505/513
f 150/150/158 152/152/160 476/506/514
f 155/155/163 476/506/514 152/152/160
f 476/506/514 155/155/163 477/507/515
f 477/507/515 475/505/513 476/506/514
f 162/162/170 477/507/515 155/155/163
f 475/505/513 477/507/515 478/508/516
f 478/508/516 474/504/512 475/505/513
f 477/507/515 162/162/170 479/509/517
f 479/509/517 478/508/516 477/507/515
f 170/170/178 479/509/517 162/162/170
f 479/509/517 170/170/178 174/174/182
f 174/174/182 480/510/518 479/509/517
f 478/508/516 479/509/517 480/510/518
f 184/184/192 480/510/518 174/174/182
f 481/511/519 474/504/512 478/508/516
f 480/510/518 481/511/519 478/508/516
f 481/511/519 465/495/503 474/504/512
f 482/512/520 480/510/518 184/184/192
f 480/510/518 482/512/520 481/511/519
f 184/184/192 483/513/521 482/512/520
f 184/184/192 182/182/190 483/513/521
f 182/182/190 188/188/196 483/513/521
f 483/513/521 188/188/196 484/514/522
f 484/514/522 482/512/520 483/513/521
f 188/188/196 191/191/199 484/514/522
f 484/514/522 191/191/199 199/199/207
f 485/515/523 482/512/520 484/514/522
f 485/515/523 481/511/519 482/512/520
f 486/516/524 484/514/522 199/199/207
f 484/514/522 486/516/524 485/515/523
f 201/201/209 486/516/524 199/199/207
f 486/516/524 201/201/209 251/251/259
f 485/515/523 486/516/524 487/517/525
f 251/251/259 487/517/525 486/516/524
f 488/518/526 481/511/519 485/515/523
f 485/515/523 487/517/525 488/518/526
f 251/251/259 489/519/527 487/517/525
f 488/518/526 487/517/525 489/519/527
f 489/519/527 251/251/259 257/257/265
f 489/519/527 257/257/265 438/463/471
f 490/520/528 481/511/519 488/518/526
f 465/495/503 481/511/519 490/520/528
f 490/520/528 446/474/482 465/495/503
f 446/474/482 490/520/528 448/476/484
f 488/518/526 489/519/527 491/521/529
f 490/520/528 488/518/526 491/521/529
f 491/521/529 489/519/527 438/463/471
f 491/521/529 448/476/484 490/520/528
f 438/463/471 492/522/530 491/521/529
f 448/476/484 491/521/529 492/522/530
f 492/522/530 438/463/471 436/460/468
f 440/466/474 448/476/484 492/522/530
f 492/522/530 436/460/468 435/459/467
f 492/522/530 435/459/467 440/466/474
f 88/88/531 493/523/532 89/89/533
f 493/523/532 88/88/531 494/524/534
f 91/91/535 494/524/534 88/88/531
f 495/525/536 493/523/532 494/524/534
f 493/523/532 495/525/536 496/526/537
f 497/527/538 494/524/534 91/91/535
f 497/527/538 495/525/536 494/524/534
f 495/525/536 498/528/539 496/526/537
f 96/96/540 497/527/538 91/91/535
f 499/529/541 498/528/539 495/525/536
f 499/529/541 500/530/542 498/528/539
f 501/531/543 495/525/536 497/527/538
f 499/529/541 495/525/536 501/531/543
f 497/527/538 96/96/540 502/532/544
f 501/531/543 497/527/538 502/532/544
f 500/530/542 499/529/541 503/533/545
f 500/530/542 503/533/545 504/534/546
f 505/535/547 504/534/546 503/533/545
f 503/533/545 506/536/548 505/535/547
f 499/529/541 506/536/548 503/533/545
f 507/537/549 505/535/547 506/536/548
f 506/536/548 499/529/541 508/538/550
f 508/538/550 499/529/541 501/531/543
f 506/536/548 509/539/551 507/537/549
f 508/538/550 509/539/551 506/536/548
f 510/540/552 507/537/549 509/539/551
f 509/539/551 508/538/550 511/541/553
f 501/531/543 511/541/553 508/538/550
f 509/539/551 512/542/554 510/540/552
f 511/541/553 512/542/554 509/539/551
f 510/540/552 512/542/554 513/543/555
f 511/541/553 501/531/543 514/544/556
f 512/542/554 515/545/557 513/543/555
f 515/545/557 516/546/558 513/543/555
f 512/542/554 511/541/553 517/547/559
f 514/544/556 517/547/559 511/541/553
f 512/542/554 518/548/560 515/545/557
f 517/547/559 518/548/560 512/542/554
f 515/545/557 519/549/561 516/546/558
f 520/550/562 516/546/558 519/549/561
f 517/547/559 514/544/556 521/551/563
f 521/551/563 518/548/560 517/547/559
f 501/531/543 522/552/564 514/544/556
f 522/552/564 521/551/563 514/544/556
f 522/552/564 501/531/543 502/532/544
f 521/551/563 522/552/564 523/553/565
f 502/532/544 523/553/565 522/552/564
f 518/548/560 521/551/563 524/554/566
f 524/554/566 521/551/563 523/553/565
f 523/553/565 502/532/544 525/555/567
f 96/96/540 525/555/567 502/532/544
f 525/555/567 96/96/540 124/124/568
f 525/555/567 526/556/569 523/553/565
f 526/556/569 524/554/566 523/553/565
f 124/124/568 527/557/570 525/555/567
f 526/556/569 525/555/567 527/557/570
f 527/557/570 124/124/568 127/127/571
f 526/556/569 528/558/572 524/554/566
f 529/559/573 527/557/570 127/127/571
f 130/130/574 529/559/573 127/127/571
f 527/557/570 530/560/575 526/556/569
f 530/560/575 527/557/570 529/559/573
f 528/558/572 526/556/569 530/560/575
f 130/130/574 531/561/576 529/559/573
f 531/561/576 130/130/574 133/133/577
f 134/134/578 531/561/576 133/133/577
f 529/559/573 532/562/579 530/560/575
f 532/562/579 529/559/573 531/561/576
f 528/558/572 530/560/575 532/562/579
f 134/134/578 533/563/580 531/561/576
f 533/563/580 532/562/579 531/561/576
f 137/137/581 533/563/580 134/134/578
f 532/562/579 533/563/580 534/564/582
f 535/565/583 533/563/580 137/137/581
f 535/565/583 534/564/582 533/563/580
f 140/140/584 535/565/583 137/137/581
f 536/566/585 532/562/579 534/564/582
f 528/558/572 532/562/579 536/566/585
f 537/567/586 534/564/582 535/565/583
f 536/566/585 534/564/582 537/567/586
f 538/568/587 535/565/583 140/140/584
f 144/144/588 538/568/587 140/140/584
f 537/567/586 535/565/583 539/569/589
f 538/568/587 539/569/589 535/565/583
f 539/569/589 536/566/585 537/567/586
f 538/568/587 144/144/588 540/570/590
f 147/147/591 540/570/590 144/144/588
f 541/571/592 539/569/589 538/568/587
f 540/570/590 541/571/592 538/568/587
f 536/566/585 539/569/589 542/572/593
f 539/569/589 541/571/592 542/572/593
f 543/573/594 540/570/590 147/147/591
f 151/151/595 543/573/594 147/147/591
f 544/574/596 541/571/592 540/570/590
f 543/573/594 544/574/596 540/570/590
f 545/575/597 542/572/593 541/571/592
f 541/571/592 544/574/596 545/575/597
f 546/576/598 536/566/585 542/572/593
f 545/575/597 546/576/598 542/572/593
f 536/566/585 546/576/598 528/558/572
f 547/577/599 545/575/597 544/574/596
f 546/576/598 548/578/600 528/558/572
f 524/554/566 528/558/572 548/578/600
f 548/578/600 518/548/560 524/554/566
f 546/576/598 545/575/597 549/579/601
f 547/577/599 549/579/601 545/575/597
f 548/578/600 546/576/598 550/580/602
f 549/579/601 550/580/602 546/576/598
f 518/548/560 548/578/600 551/581/603
f 551/581/603 548/578/600 550/580/602
f 518/548/560 551/581/603 515/545/557
f 515/545/557 551/581/603 519/549/561
f 552/582/604 551/581/603 550/580/602
f 552/582/604 519/549/561 551/581/603
f 553/583/605 550/580/602 549/579/601
f 553/583/605 552/582/604 550/580/602
f 519/549/561 552/582/604 554/584/606
f 554/584/606 520/550/562 519/549/561
f 520/550/562 554/584/606 555/585/607
f 556/586/608 555/585/607 554/584/606
f 552/582/604 556/586/608 554/584/606
f 555/585/607 556/586/608 557/587/609
f 556/586/608 552/582/604 558/588/610
f 552/582/604 553/583/605 558/588/610
f 559/589/611 557/587/609 556/586/608
f 558/588/610 559/589/611 556/586/608
f 560/590/612 557/587/609 559/589/611
f 561/591/613 558/588/610 553/583/605
f 562/592/614 560/590/612 559/589/611
f 563/593/615 560/590/612 562/592/614
f 559/589/611 558/588/610 564/594/616
f 564/594/616 562/592/614 559/589/611
f 558/588/610 561/591/613 564/594/616
f 565/595/617 563/593/615 562/592/614
f 566/596/618 563/593/615 565/595/617
f 565/595/617 567/597/619 566/596/618
f 562/592/614 564/594/616 568/598/620
f 565/595/617 562/592/614 568/598/620
f 567/597/619 565/595/617 569/599/621
f 569/599/621 570/600/622 567/597/619
f 565/595/617 568/598/620 571/601/623
f 571/601/623 569/599/621 565/595/617
f 564/594/616 572/602/624 568/598/620
f 571/601/623 568/598/620 572/602/624
f 572/602/624 564/594/616 561/591/613
f 569/599/621 571/601/623 573/603/625
f 571/601/623 572/602/624 574/604/626
f 574/604/626 573/603/625 571/601/623
f 570/600/622 569/599/621 575/605/627
f 569/599/621 573/603/625 575/605/627
f 576/606/628 570/600/622 575/605/627
f 577/607/629 570/600/622 576/606/628
f 578/608/630 577/607/629 576/606/628
f 575/605/627 573/603/625 579/609/631
f 576/606/628 580/610/632 578/608/630
f 581/611/633 578/608/630 580/610/632
f 575/605/627 582/612/634 576/606/628
f 582/612/634 575/605/627 579/609/631
f 576/606/628 583/613/635 580/610/632
f 582/612/634 583/613/635 576/606/628
f 581/611/633 580/610/632 584/614/636
f 584/614/636 585/615/637 581/611/633
f 583/613/635 586/616/638 580/610/632
f 586/616/638 584/614/636 580/610/632
f 585/615/637 584/614/636 587/617/639
f 588/618/640 584/614/636 586/616/638
f 584/614/636 588/618/640 587/617/639
f 587/617/639 589/619/641 585/615/637
f 585/615/637 589/619/641 590/620/642
f 588/618/640 591/621/643 587/617/639
f 589/619/641 587/617/639 591/621/643
f 589/619/641 592/622/644 590/620/642
f 590/620/642 592/622/644 593/623/645
f 589/619/641 594/624/646 592/622/644
f 594/624/646 589/619/641 591/621/643
f 592/622/644 595/625/647 593/623/645
f 594/624/646 595/625/647 592/622/644
f 593/623/645 595/625/647 596/626/648
f 595/625/647 597/627/649 596/626/648
f 596/626/648 597/627/649 598/628/650
f 594/624/646 599/629/651 595/625/647
f 597/627/649 595/625/647 599/629/651
f 597/627/649 600/630/652 598/628/650
f 598/628/650 600/630/652 601/631/653
f 599/629/651 602/632/654 597/627/649
f 600/630/652 597/627/649 602/632/654
f 600/630/652 603/633/655 601/631/653
f 601/631/653 603/633/655 604/634/656
f 602/632/654 605/635/657 600/630/652
f 603/633/655 600/630/652 605/635/657
f 603/633/655 606/636/658 604/634/656
f 604/634/656 606/636/658 607/637/659
f 605/635/657 608/638/660 603/633/655
f 606/636/658 603/633/655 608/638/660
f 609/639/661 607/637/659 606/636/658
f 607/637/659 609/639/661 610/640/662
f 608/638/660 611/641/663 606/636/658
f 609/639/661 606/636/658 611/641/663
f 612/642/664 610/640/662 609/639/661
f 613/643/665 610/640/662 612/642/664
f 611/641/663 614/644/666 609/639/661
f 612/642/664 609/639/661 614/644/666
f 615/645/667 613/643/665 612/642/664
f 613/643/665 615/645/667 616/646/668
f 612/642/664 614/644/666 617/647/669
f 617/647/669 615/645/667 612/642/664
f 611/641/663 618/648/670 614/644/666
f 618/648/670 617/647/669 614/644/666
f 619/649/671 616/646/668 615/645/667
f 620/650/672 616/646/668 619/649/671
f 619/649/671 621/651/673 620/650/672
f 615/645/667 617/647/669 622/652/674
f 619/649/671 615/645/667 622/652/674
f 621/651/673 619/649/671 623/653/675
f 623/653/675 624/654/676 621/651/673
f 622/652/674 625/655/677 619/649/671
f 624/654/676 623/653/675 626/656/678
f 627/657/679 624/654/676 626/656/678
f 623/653/675 619/649/671 628/658/680
f 625/655/677 628/658/680 619/649/671
f 626/656/678 623/653/675 629/659/681
f 628/658/680 629/659/681 623/653/675
f 626/656/678 630/660/682 627/657/679
f 631/661/683 627/657/679 630/660/682
f 629/659/681 632/662/684 626/656/678
f 626/656/678 632/662/684 630/660/682
f 630/660/682 633/663/685 631/661/683
f 633/663/685 634/664/686 631/661/683
f 632/662/684 635/665/687 630/660/682
f 630/660/682 635/665/687 633/663/685
f 634/664/686 633/663/685 636/666/688
f 636/666/688 637/667/689 634/664/686
f 638/668/690 633/663/685 635/665/687
f 633/663/685 638/668/690 636/666/688
f 637/667/689 636/666/688 639/669/691
f 640/670/692 637/667/689 639/669/691
f 638/668/690 641/671/693 636/666/688
f 639/669/691 636/666/688 641/671/693
f 504/672/694 640/670/692 500/673/695
f 639/669/691 642/674/696 640/670/692
f 642/674/696 500/673/695 640/670/692
f 639/669/691 643/675/697 642/674/696
f 500/673/695 642/674/696 643/675/697
f 643/675/697 639/669/691 641/671/693
f 500/673/695 643/675/697 498/676/698
f 643/675/697 496/677/699 498/676/698
f 496/677/699 643/675/697 644/678/700
f 641/671/693 644/678/700 643/675/697
f 496/677/699 644/678/700 493/679/701
f 644/678/700 641/671/693 645/680/702
f 641/671/693 638/668/690 645/680/702
f 493/679/701 644/678/700 646/681/703
f 644/678/700 645/680/702 646/681/703
f 493/679/701 646/681/703 89/341/704
f 89/341/704 646/681/703 336/342/705
f 646/681/703 647/682/706 336/342/705
f 646/681/703 645/680/702 647/682/706
f 336/342/705 647/682/706 339/345/707
f 647/682/706 340/346/708 339/345/707
f 645/680/702 638/668/690 648/683/709
f 635/665/687 648/683/709 638/668/690
f 645/680/702 649/684/710 647/682/706
f 648/683/709 649/684/710 645/680/702
f 648/683/709 635/665/687 650/685/711
f 648/683/709 650/685/711 649/684/710
f 635/665/687 632/662/684 650/685/711
f 647/682/706 649/684/710 651/686/712
f 340/346/708 647/682/706 651/686/712
f 652/687/713 649/684/710 650/685/711
f 652/687/713 651/686/712 649/684/710
f 632/662/684 653/688/714 650/685/711
f 650/685/711 653/688/714 652/687/713
f 632/662/684 629/659/681 653/688/714
f 654/689/715 340/346/708 651/686/712
f 652/687/713 654/689/715 651/686/712
f 340/346/708 654/689/715 347/353/716
f 653/688/714 629/659/681 655/690/717
f 629/659/681 628/658/680 655/690/717
f 656/691/718 347/353/716 654/689/715
f 351/357/719 347/353/716 656/691/718
f 656/691/718 654/689/715 657/692/720
f 652/687/713 657/692/720 654/689/715
f 658/693/721 351/357/719 656/691/718
f 657/692/720 658/693/721 656/691/718
f 353/359/722 351/357/719 658/693/721
f 658/693/721 354/360/723 353/359/722
f 653/688/714 659/694/724 652/687/713
f 657/692/720 652/687/713 659/694/724
f 653/688/714 655/690/717 659/694/724
f 354/360/723 658/693/721 660/695/725
f 356/362/726 354/360/723 660/695/725
f 657/692/720 661/696/727 658/693/721
f 658/693/721 661/696/727 660/695/725
f 657/692/720 659/694/724 662/697/728
f 661/696/727 657/692/720 662/697/728
f 662/697/728 659/694/724 663/698/729
f 659/694/724 655/690/717 663/698/729
f 661/696/727 662/697/728 664/699/730
f 662/697/728 663/698/729 664/699/730
f 655/690/717 665/700/731 663/698/729
f 655/690/717 628/658/680 665/700/731
f 628/658/680 625/655/677 665/700/731
f 663/698/729 665/700/731 666/701/732
f 663/698/729 666/701/732 664/699/730
f 667/702/733 665/700/731 625/655/677
f 665/700/731 667/702/733 666/701/732
f 622/652/674 667/702/733 625/655/677
f 664/699/730 666/701/732 668/703/734
f 667/702/733 622/652/674 669/704/735
f 617/647/669 669/704/735 622/652/674
f 667/702/733 670/705/736 666/701/732
f 669/704/735 670/705/736 667/702/733
f 668/703/734 666/701/732 670/705/736
f 669/704/735 617/647/669 671/706/737
f 617/647/669 618/648/670 671/706/737
f 670/705/736 669/704/735 672/707/738
f 669/704/735 671/706/737 672/707/738
f 668/703/734 670/705/736 673/708/739
f 670/705/736 672/707/738 673/708/739
f 674/709/740 664/699/730 668/703/734
f 661/696/727 664/699/730 674/709/740
f 674/709/740 668/703/734 675/710/741
f 675/710/741 668/703/734 673/708/739
f 676/711/742 661/696/727 674/709/740
f 675/710/741 676/711/742 674/709/740
f 661/696/727 676/711/742 660/695/725
f 675/710/741 673/708/739 677/712/743
f 676/711/742 678/713/744 660/695/725
f 660/695/725 678/713/744 356/362/726
f 359/365/745 356/362/726 678/713/744
f 676/711/742 675/710/741 679/714/746
f 677/712/743 679/714/746 675/710/741
f 678/713/744 680/715/747 359/365/745
f 362/368/748 359/365/745 680/715/747
f 678/713/744 676/711/742 681/716/749
f 680/715/747 678/713/744 681/716/749
f 681/716/749 676/711/742 682/717/750
f 676/711/742 679/714/746 682/717/750
f 681/716/749 683/718/751 680/715/747
f 683/718/751 681/716/749 682/717/750
f 680/715/747 684/719/752 362/368/748
f 684/719/752 680/715/747 683/718/751
f 684/719/752 382/388/753 362/368/748
f 682/717/750 685/720/754 683/718/751
f 382/388/753 684/719/752 686/721/755
f 686/721/755 385/391/756 382/388/753
f 687/722/757 684/719/752 683/718/751
f 687/722/757 683/718/751 685/720/754
f 688/723/758 686/721/755 684/719/752
f 688/723/758 684/719/752 687/722/757
f 385/391/756 686/721/755 689/724/759
f 388/394/760 385/391/756 689/724/759
f 686/721/755 688/723/758 690/725/761
f 686/721/755 690/725/761 689/724/759
f 689/724/759 691/726/762 388/394/760
f 689/724/759 690/725/761 691/726/762
f 388/394/760 691/726/762 47/397/763
f 85/727/764 47/397/763 691/726/762
f 692/728/765 85/727/764 691/726/762
f 690/725/761 692/728/765 691/726/762
f 85/727/764 692/728/765 84/729/766
f 692/728/765 81/730/767 84/729/766
f 690/725/761 693/731/768 692/728/765
f 693/731/768 690/725/761 688/723/758
f 692/728/765 694/732/769 81/730/767
f 693/731/768 694/732/769 692/728/765
f 695/733/770 81/730/767 694/732/769
f 81/730/767 695/733/770 80/734/771
f 693/731/768 696/735/772 694/732/769
f 697/736/773 80/734/771 695/733/770
f 80/734/771 697/736/773 79/737/774
f 697/736/773 76/738/775 79/737/774
f 695/733/770 694/732/769 698/739/776
f 698/739/776 697/736/773 695/733/770
f 696/735/772 698/739/776 694/732/769
f 697/736/773 699/740/777 76/738/775
f 699/740/777 75/741/778 76/738/775
f 697/736/773 698/739/776 700/742/779
f 700/742/779 699/740/777 697/736/773
f 701/743/780 698/739/776 696/735/772
f 75/741/778 699/740/777 702/744/781
f 698/739/776 701/743/780 703/745/782
f 703/745/782 700/742/779 698/739/776
f 699/740/777 700/742/779 704/746/783
f 704/746/783 702/744/781 699/740/777
f 700/742/779 703/745/782 705/747/784
f 705/747/784 704/746/783 700/742/779
f 706/748/785 75/741/778 702/744/781
f 75/741/778 706/748/785 72/749/786
f 702/744/781 704/746/783 707/750/787
f 706/748/785 702/744/781 707/750/787
f 704/746/783 705/747/784 708/751/788
f 708/751/788 707/750/787 704/746/783
f 709/752/789 72/749/786 706/748/785
f 72/749/786 709/752/789 71/753/790
f 706/748/785 707/750/787 710/754/791
f 709/752/789 706/748/785 710/754/791
f 707/750/787 708/751/788 711/755/792
f 710/754/791 707/750/787 711/755/792
f 712/756/793 71/753/790 709/752/789
f 71/753/790 712/756/793 70/757/794
f 712/756/793 68/758/795 70/757/794
f 710/754/791 713/759/796 709/752/789
f 712/756/793 709/752/789 713/759/796
f 68/758/795 712/756/793 714/760/797
f 67/761/798 68/758/795 714/760/797
f 713/759/796 715/762/799 712/756/793
f 67/761/798 714/760/797 716/763/800
f 716/763/800 64/764/801 67/761/798
f 712/756/793 717/765/802 714/760/797
f 717/765/802 712/756/793 715/762/799
f 714/760/797 718/766/803 716/763/800
f 718/766/803 714/760/797 717/765/802
f 64/764/801 716/763/800 719/767/804
f 719/767/804 716/763/800 718/766/803
f 719/767/804 63/768/805 64/764/801
f 63/768/805 719/767/804 720/769/806
f 720/769/806 62/770/807 63/768/805
f 718/766/803 721/771/808 719/767/804
f 721/771/808 720/769/806 719/767/804
f 62/770/807 720/769/806 722/772/809
f 722/772/809 59/773/810 62/770/807
f 720/769/806 721/771/808 723/774/811
f 723/774/811 722/772/809 720/769/806
f 59/773/810 722/772/809 724/775/812
f 58/776/813 59/773/810 724/775/812
f 722/772/809 723/774/811 725/777/814
f 58/776/813 724/775/812 726/778/815
f 54/779/816 58/776/813 726/778/815
f 722/772/809 727/780/817 724/775/812
f 727/780/817 722/772/809 725/777/814
f 724/775/812 728/781/818 726/778/815
f 728/781/818 724/775/812 727/780/817
f 54/779/816 726/778/815 729/782/819
f 729/782/819 52/783/820 54/779/816
f 730/784/821 726/778/815 728/781/818
f 726/778/815 730/784/821 729/782/819
f 729/782/819 731/785/822 52/783/820
f 51/786/823 52/783/820 731/785/822
f 732/787/824 729/782/819 730/784/821
f 729/782/819 732/787/824 731/785/822
f 731/785/822 733/788/825 51/786/823
f 733/788/825 50/789/826 51/786/823
f 734/790/827 731/785/822 732/787/824
f 731/785/822 734/790/827 733/788/825
f 730/784/821 735/791/828 732/787/824
f 734/790/827 732/787/824 736/792/829
f 735/791/828 736/792/829 732/787/824
f 733/788/825 734/790/827 737/793/830
f 736/792/829 737/793/830 734/790/827
f 50/789/826 733/788/825 738/794/831
f 737/793/830 738/794/831 733/788/825
f 739/795/832 50/789/826 738/794/831
f 48/796/833 50/789/826 739/795/832
f 1/481/834 48/796/833 739/795/832
f 1/481/834 739/795/832 452/482/835
f 739/795/832 453/483/836 452/482/835
f 739/795/832 738/794/831 740/797/837
f 453/483/836 739/795/832 740/797/837
f 738/794/831 737/793/830 740/797/837
f 740/797/837 455/485/838 453/483/836
f 740/797/837 737/793/830 741/798/839
f 455/485/838 740/797/837 741/798/839
f 737/793/830 742/799/840 741/798/839
f 737/793/830 736/792/829 742/799/840
f 743/800/841 455/485/838 741/798/839
f 455/485/838 743/800/841 459/489/842
f 742/799/840 744/801/843 741/798/839
f 744/801/843 743/800/841 741/798/839
f 743/800/841 745/802/844 459/489/842
f 745/802/844 743/800/841 744/801/843
f 459/489/842 745/802/844 463/493/845
f 742/799/840 746/803/846 744/801/843
f 736/792/829 746/803/846 742/799/840
f 744/801/843 747/804/847 745/802/844
f 746/803/846 747/804/847 744/801/843
f 463/493/845 745/802/844 748/805/848
f 463/493/845 748/805/848 469/499/849
f 748/805/848 470/500/508 469/499/849
f 745/802/844 747/804/847 749/806/850
f 745/802/844 749/806/850 748/805/848
f 470/500/508 748/805/848 750/807/851
f 748/805/848 749/806/850 750/807/851
f 750/807/851 151/151/595 470/500/508
f 751/808/852 749/806/850 747/804/847
f 747/804/847 746/803/846 751/808/852
f 749/806/850 752/809/853 750/807/851
f 751/808/852 752/809/853 749/806/850
f 151/151/595 750/807/851 753/810/854
f 753/810/854 750/807/851 752/809/853
f 753/810/854 543/573/594 151/151/595
f 754/811/855 751/808/852 746/803/846
f 736/792/829 754/811/855 746/803/846
f 754/811/855 736/792/829 735/791/828
f 753/810/854 755/812/856 543/573/594
f 543/573/594 755/812/856 544/574/596
f 544/574/596 755/812/856 547/577/599
f 753/810/854 756/813/857 755/812/856
f 752/809/853 756/813/857 753/810/854
f 757/814/858 547/577/599 755/812/856
f 757/814/858 755/812/856 756/813/857
f 758/815/859 752/809/853 751/808/852
f 752/809/853 758/815/859 756/813/857
f 751/808/852 754/811/855 758/815/859
f 758/815/859 759/816/860 756/813/857
f 759/816/860 757/814/858 756/813/857
f 754/811/855 760/817/861 758/815/859
f 760/817/861 759/816/860 758/815/859
f 547/577/599 757/814/858 761/818/862
f 761/818/862 549/579/601 547/577/599
f 761/818/862 553/583/605 549/579/601
f 553/583/605 761/818/862 561/591/613
f 762/819/863 761/818/862 757/814/858
f 561/591/613 761/818/862 762/819/863
f 757/814/858 759/816/860 762/819/863
f 572/602/624 561/591/613 762/819/863
f 763/820/864 762/819/863 759/816/860
f 572/602/624 762/819/863 763/820/864
f 759/816/860 760/817/861 763/820/864
f 574/604/626 572/602/624 763/820/864
f 764/821/865 574/604/626 763/820/864
f 764/821/865 763/820/864 760/817/861
f 574/604/626 764/821/865 765/822/866
f 573/603/625 574/604/626 765/822/866
f 579/609/631 573/603/625 765/822/866
f 765/822/866 766/823/867 579/609/631
f 766/823/867 765/822/866 764/821/865
f 582/612/634 579/609/631 766/823/867
f 767/824/868 764/821/865 760/817/861
f 764/821/865 767/824/868 766/823/867
f 766/823/867 768/825/869 582/612/634
f 769/826/870 766/823/867 767/824/868
f 769/826/870 768/825/869 766/823/867
f 768/825/869 770/827/871 582/612/634
f 582/612/634 770/827/871 583/613/635
f 769/826/870 771/828/872 768/825/869
f 768/825/869 771/828/872 770/827/871
f 772/829/873 583/613/635 770/827/871
f 771/828/872 772/829/873 770/827/871
f 583/613/635 772/829/873 586/616/638
f 769/826/870 773/830/874 771/828/872
f 774/831/875 586/616/638 772/829/873
f 586/616/638 774/831/875 588/618/640
f 772/829/873 771/828/872 775/832/876
f 775/832/876 774/831/875 772/829/873
f 773/830/874 775/832/876 771/828/872
f 776/833/877 588/618/640 774/831/875
f 588/618/640 776/833/877 591/621/643
f 774/831/875 775/832/876 777/834/878
f 778/835/879 591/621/643 776/833/877
f 591/621/643 778/835/879 594/624/646
f 774/831/875 779/836/880 776/833/877
f 779/836/880 774/831/875 777/834/878
f 778/835/879 776/833/877 780/837/881
f 779/836/880 780/837/881 776/833/877
f 781/838/882 594/624/646 778/835/879
f 594/624/646 781/838/882 599/629/651
f 780/837/881 782/839/883 778/835/879
f 781/838/882 778/835/879 782/839/883
f 783/840/884 599/629/651 781/838/882
f 599/629/651 783/840/884 602/632/654
f 782/839/883 784/841/885 781/838/882
f 783/840/884 781/838/882 784/841/885
f 785/842/886 602/632/654 783/840/884
f 602/632/654 785/842/886 605/635/657
f 783/840/884 786/843/887 785/842/886
f 786/843/887 783/840/884 784/841/885
f 787/844/888 605/635/657 785/842/886
f 786/843/887 787/844/888 785/842/886
f 605/635/657 787/844/888 608/638/660
f 784/841/885 788/845/889 786/843/887
f 789/846/890 608/638/660 787/844/888
f 608/638/660 789/846/890 611/641/663
f 618/648/670 611/641/663 789/846/890
f 787/844/888 786/843/887 790/847/891
f 789/846/890 787/844/888 791/848/892
f 791/848/892 787/844/888 790/847/891
f 789/846/890 792/849/893 618/648/670
f 792/849/893 789/846/890 791/848/892
f 786/843/887 793/850/894 790/847/891
f 793/850/894 786/843/887 788/845/889
f 790/847/891 794/851/895 791/848/892
f 794/851/895 790/847/891 793/850/894
f 791/848/892 795/852/896 792/849/893
f 795/852/896 791/848/892 794/851/895
f 618/648/670 792/849/893 796/853/897
f 671/706/737 618/648/670 796/853/897
f 672/707/738 671/706/737 796/853/897
f 796/853/897 792/849/893 797/854/898
f 792/849/893 795/852/896 797/854/898
f 672/707/738 796/853/897 798/855/899
f 796/853/897 797/854/898 798/855/899
f 673/708/739 672/707/738 798/855/899
f 673/708/739 798/855/899 677/712/743
f 799/856/900 798/855/899 797/854/898
f 677/712/743 798/855/899 799/856/900
f 800/857/901 797/854/898 795/852/896
f 797/854/898 800/857/901 799/856/900
f 801/858/902 677/712/743 799/856/900
f 679/714/746 677/712/743 801/858/902
f 801/858/902 799/856/900 802/859/903
f 802/859/903 799/856/900 800/857/901
f 803/860/904 679/714/746 801/858/902
f 802/859/903 803/860/904 801/858/902
f 682/717/750 679/714/746 803/860/904
f 685/720/754 682/717/750 803/860/904
f 800/857/901 804/861/905 802/859/903
f 803/860/904 802/859/903 804/861/905
f 795/852/896 805/862/906 800/857/901
f 804/861/905 800/857/901 805/862/906
f 795/852/896 794/851/895 805/862/906
f 806/863/907 803/860/904 804/861/905
f 803/860/904 806/863/907 685/720/754
f 794/851/895 807/864/908 805/862/906
f 793/850/894 807/864/908 794/851/895
f 804/861/905 805/862/906 808/865/909
f 808/865/909 805/862/906 807/864/908
f 807/864/908 793/850/894 809/866/910
f 809/866/910 793/850/894 788/845/889
f 808/865/909 807/864/908 810/867/911
f 809/866/910 810/867/911 807/864/908
f 811/868/912 804/861/905 808/865/909
f 806/863/907 804/861/905 811/868/912
f 812/869/913 808/865/909 810/867/911
f 808/865/909 812/869/913 811/868/912
f 810/867/911 809/866/910 813/870/914
f 788/845/889 813/870/914 809/866/910
f 812/869/913 810/867/911 814/871/915
f 814/871/915 810/867/911 813/870/914
f 815/872/916 811/868/912 812/869/913
f 815/872/916 812/869/913 814/871/915
f 816/873/917 806/863/907 811/868/912
f 811/868/912 815/872/916 816/873/917
f 806/863/907 816/873/917 817/874/918
f 817/874/918 685/720/754 806/863/907
f 816/873/917 815/872/916 705/747/784
f 705/747/784 703/745/782 816/873/917
f 703/745/782 817/874/918 816/873/917
f 705/747/784 815/872/916 708/751/788
f 703/745/782 701/743/780 817/874/918
f 815/872/916 818/875/919 708/751/788
f 818/875/919 815/872/916 814/871/915
f 711/755/792 708/751/788 818/875/919
f 685/720/754 817/874/918 819/876/920
f 819/876/920 817/874/918 701/743/780
f 819/876/920 687/722/757 685/720/754
f 701/743/780 820/877/921 819/876/920
f 820/877/921 687/722/757 819/876/920
f 820/877/921 701/743/780 696/735/772
f 820/877/921 688/723/758 687/722/757
f 820/877/921 696/735/772 693/731/768
f 688/723/758 820/877/921 693/731/768
f 818/875/919 814/871/915 821/878/922
f 813/870/914 821/878/922 814/871/915
f 822/879/923 818/875/919 821/878/922
f 818/875/919 822/879/923 711/755/792
f 821/878/922 813/870/914 823/880/924
f 813/870/914 788/845/889 823/880/924
f 822/879/923 821/878/922 824/881/925
f 824/881/925 821/878/922 823/880/924
f 825/882/926 711/755/792 822/879/923
f 825/882/926 822/879/923 824/881/925
f 826/883/927 823/880/924 788/845/889
f 788/845/889 784/841/885 826/883/927
f 784/841/885 782/839/883 826/883/927
f 827/884/928 824/881/925 823/880/924
f 823/880/924 826/883/927 827/884/928
f 828/885/929 826/883/927 782/839/883
f 826/883/927 828/885/929 827/884/928
f 780/837/881 828/885/929 782/839/883
f 824/881/925 827/884/928 829/886/930
f 829/886/930 825/882/926 824/881/925
f 830/887/931 827/884/928 828/885/929
f 829/886/930 827/884/928 830/887/931
f 831/888/932 828/885/929 780/837/881
f 830/887/931 828/885/929 831/888/932
f 780/837/881 779/836/880 831/888/932
f 832/889/933 829/886/930 830/887/931
f 831/888/932 832/889/933 830/887/931
f 825/882/926 829/886/930 833/890/934
f 834/891/935 831/888/932 779/836/880
f 834/891/935 779/836/880 777/834/878
f 833/890/934 835/892/936 825/882/926
f 711/755/792 825/882/926 835/892/936
f 710/754/791 711/755/792 835/892/936
f 836/893/937 710/754/791 835/892/936
f 835/892/936 833/890/934 836/893/937
f 710/754/791 836/893/937 713/759/796
f 833/890/934 829/886/930 837/894/938
f 837/894/938 836/893/937 833/890/934
f 837/894/938 829/886/930 832/889/933
f 838/895/939 713/759/796 836/893/937
f 836/893/937 837/894/938 838/895/939
f 713/759/796 838/895/939 715/762/799
f 839/896/940 715/762/799 838/895/939
f 837/894/938 839/896/940 838/895/939
f 715/762/799 839/896/940 717/765/802
f 840/897/941 837/894/938 832/889/933
f 839/896/940 837/894/938 840/897/941
f 841/898/942 717/765/802 839/896/940
f 840/897/941 841/898/942 839/896/940
f 717/765/802 841/898/942 718/766/803
f 840/897/941 832/889/933 842/899/943
f 832/889/933 831/888/932 842/899/943
f 841/898/942 840/897/941 843/900/944
f 843/900/944 840/897/941 842/899/943
f 844/901/945 718/766/803 841/898/942
f 843/900/944 844/901/945 841/898/942
f 718/766/803 844/901/945 721/771/808
f 831/888/932 845/902/946 842/899/943
f 843/900/944 842/899/943 845/902/946
f 845/902/946 831/888/932 834/891/935
f 844/901/945 843/900/944 846/903/947
f 846/903/947 843/900/944 845/902/946
f 844/901/945 847/904/948 721/771/808
f 847/904/948 844/901/945 846/903/947
f 723/774/811 721/771/808 847/904/948
f 846/903/947 845/902/946 848/905/949
f 848/905/949 845/902/946 834/891/935
f 847/904/948 846/903/947 849/906/950
f 849/906/950 846/903/947 848/905/949
f 847/904/948 850/907/951 723/774/811
f 850/907/951 847/904/948 849/906/950
f 725/777/814 723/774/811 850/907/951
f 848/905/949 834/891/935 851/908/952
f 851/908/952 834/891/935 777/834/878
f 852/909/953 725/777/814 850/907/951
f 725/777/814 852/909/953 727/780/817
f 777/834/878 853/910/954 851/908/952
f 853/910/954 777/834/878 775/832/876
f 775/832/876 773/830/874 853/910/954
f 854/911/955 848/905/949 851/908/952
f 854/911/955 851/908/952 853/910/954
f 849/906/950 848/905/949 854/911/955
f 853/910/954 855/912/956 854/911/955
f 855/912/956 853/910/954 773/830/874
f 856/913/957 849/906/950 854/911/955
f 856/913/957 854/911/955 855/912/956
f 850/907/951 849/906/950 856/913/957
f 856/913/957 852/909/953 850/907/951
f 857/914/958 856/913/957 855/912/956
f 852/909/953 856/913/957 857/914/958
f 773/830/874 858/915/959 855/912/956
f 857/914/958 855/912/956 858/915/959
f 857/914/958 859/916/960 852/909/953
f 859/916/960 727/780/817 852/909/953
f 728/781/818 727/780/817 859/916/960
f 859/916/960 857/914/958 860/917/961
f 860/917/961 857/914/958 858/915/959
f 861/918/962 728/781/818 859/916/960
f 860/917/961 861/918/962 859/916/960
f 728/781/818 861/918/962 730/784/821
f 735/791/828 730/784/821 861/918/962
f 862/919/963 735/791/828 861/918/962
f 861/918/962 860/917/961 862/919/963
f 735/791/828 862/919/963 754/811/855
f 754/811/855 862/919/963 760/817/861
f 862/919/963 860/917/961 863/920/964
f 862/919/963 863/920/964 760/817/861
f 860/917/961 858/915/959 863/920/964
f 760/817/861 863/920/964 767/824/868
f 864/921/965 863/920/964 858/915/959
f 863/920/964 864/921/965 767/824/868
f 858/915/959 773/830/874 864/921/965
f 767/824/868 864/921/965 769/826/870
f 773/830/874 769/826/870 864/921/965
f 631/922/966 865/923/967 627/924/968
f 865/923/967 624/925/969 627/924/968
f 865/923/967 631/922/966 866/926/970
f 634/927/971 866/926/970 631/922/966
f 624/925/969 865/923/967 867/928/972
f 866/926/970 634/927/971 868/929/973
f 637/930/974 868/929/973 634/927/971
f 869/931/975 865/923/967 866/926/970
f 869/931/975 867/928/972 865/923/967
f 868/929/973 637/930/974 870/932/976
f 640/933/977 870/932/976 637/930/974
f 871/934/978 866/926/970 868/929/973
f 871/934/978 868/929/973 870/932/976
f 866/926/970 871/934/978 869/931/975
f 872/935/979 870/932/976 640/933/977
f 504/936/980 872/935/979 640/933/977
f 873/937/981 870/932/976 872/935/979
f 873/937/981 871/934/978 870/932/976
f 874/938/982 872/935/979 504/936/980
f 874/938/982 873/937/981 872/935/979
f 505/939/983 874/938/982 504/936/980
f 875/940/984 874/938/982 505/939/983
f 505/939/983 507/941/985 875/940/984
f 876/942/986 874/938/982 875/940/984
f 873/937/981 874/938/982 876/942/986
f 877/943/987 875/940/984 507/941/985
f 877/943/987 876/942/986 875/940/984
f 507/941/985 878/944/988 877/943/987
f 878/944/988 507/941/985 510/945/989
f 510/945/989 513/946/990 878/944/988
f 876/942/986 877/943/987 879/947/991
f 879/947/991 877/943/987 878/944/988
f 878/944/988 513/946/990 880/948/992
f 513/946/990 516/949/993 880/948/992
f 880/948/992 516/949/993 881/950/994
f 520/951/995 881/950/994 516/949/993
f 882/952/996 878/944/988 880/948/992
f 881/950/994 882/952/996 880/948/992
f 878/944/988 882/952/996 879/947/991
f 881/950/994 520/951/995 883/953/997
f 882/952/996 881/950/994 883/953/997
f 520/951/995 884/954/998 883/953/997
f 882/952/996 883/953/997 884/954/998
f 884/954/998 520/951/995 555/955/999
f 555/955/999 885/956/1000 884/954/998
f 885/956/1000 882/952/996 884/954/998
f 885/956/1000 555/955/999 557/957/1001
f 557/957/1001 886/958/1002 885/956/1000
f 886/958/1002 557/957/1001 560/959/1003
f 886/958/1002 560/959/1003 563/960/1004
f 885/956/1000 887/961/1005 882/952/996
f 887/961/1005 885/956/1000 886/958/1002
f 888/962/1006 886/958/1002 563/960/1004
f 886/958/1002 889/963/1007 887/961/1005
f 889/963/1007 886/958/1002 888/962/1006
f 890/964/1008 888/962/1006 563/960/1004
f 889/963/1007 888/962/1006 890/964/1008
f 890/964/1008 563/960/1004 566/965/1009
f 889/963/1007 891/966/1010 887/961/1005
f 891/966/1010 882/952/996 887/961/1005
f 892/967/1011 889/963/1007 890/964/1008
f 889/963/1007 892/967/1011 891/966/1010
f 566/965/1009 893/968/1012 890/964/1008
f 890/964/1008 893/968/1012 892/967/1011
f 893/968/1012 566/965/1009 567/969/1013
f 893/968/1012 567/969/1013 570/970/1014
f 894/971/1015 893/968/1012 570/970/1014
f 577/972/1016 894/971/1015 570/970/1014
f 895/973/1017 893/968/1012 894/971/1015
f 893/968/1012 895/973/1017 892/967/1011
f 896/974/1018 894/971/1015 577/972/1016
f 894/971/1015 896/974/1018 895/973/1017
f 578/975/1019 896/974/1018 577/972/1016
f 892/967/1011 895/973/1017 897/976/1020
f 898/977/1021 896/974/1018 578/975/1019
f 898/977/1021 578/975/1019 581/978/1022
f 898/977/1021 581/978/1022 585/979/1023
f 899/980/1024 895/973/1017 896/974/1018
f 896/974/1018 898/977/1021 899/980/1024
f 895/973/1017 900/981/1025 897/976/1020
f 895/973/1017 899/980/1024 900/981/1025
f 901/982/1026 892/967/1011 897/976/1020
f 901/982/1026 891/966/1010 892/967/1011
f 902/983/1027 900/981/1025 899/980/1024
f 901/982/1026 903/984/1028 891/966/1010
f 882/952/996 891/966/1010 903/984/1028
f 903/984/1028 879/947/991 882/952/996
f 902/983/1027 899/980/1024 904/985/1029
f 898/977/1021 904/985/1029 899/980/1024
f 879/947/991 903/984/1028 905/986/1030
f 898/977/1021 906/987/1031 904/985/1029
f 585/979/1023 906/987/1031 898/977/1021
f 906/987/1031 585/979/1023 590/988/1032
f 593/989/1033 906/987/1031 590/988/1032
f 906/987/1031 593/989/1033 907/990/1034
f 596/991/1035 907/990/1034 593/989/1033
f 908/992/1036 904/985/1029 906/987/1031
f 906/987/1031 907/990/1034 908/992/1036
f 904/985/1029 908/992/1036 909/993/1037
f 904/985/1029 909/993/1037 902/983/1027
f 596/991/1035 910/994/1038 907/990/1034
f 910/994/1038 596/991/1035 598/995/1039
f 601/996/1040 910/994/1038 598/995/1039
f 911/997/1041 908/992/1036 907/990/1034
f 910/994/1038 911/997/1041 907/990/1034
f 908/992/1036 912/998/1042 909/993/1037
f 908/992/1036 911/997/1041 912/998/1042
f 913/999/1043 910/994/1038 601/996/1040
f 604/1000/1044 913/999/1043 601/996/1040
f 911/997/1041 910/994/1038 914/1001/1045
f 910/994/1038 913/999/1043 914/1001/1045
f 915/1002/1046 912/998/1042 911/997/1041
f 604/1000/1044 916/1003/1047 913/999/1043
f 916/1003/1047 604/1000/1044 607/1004/1048
f 911/997/1041 917/1005/1049 915/1002/1046
f 917/1005/1049 911/997/1041 914/1001/1045
f 607/1004/1048 918/1006/1050 916/1003/1047
f 918/1006/1050 607/1004/1048 610/1007/1051
f 914/1001/1045 919/1008/1052 917/1005/1049
f 610/1007/1051 920/1009/1053 918/1006/1050
f 920/1009/1053 610/1007/1051 613/1010/1054
f 919/1008/1052 914/1001/1045 921/1011/1055
f 914/1001/1045 913/999/1043 921/1011/1055
f 613/1010/1054 922/1012/1056 920/1009/1053
f 922/1012/1056 613/1010/1054 616/1013/1057
f 616/1013/1057 620/1014/1058 922/1012/1056
f 923/1015/1059 918/1006/1050 920/1009/1053
f 923/1015/1059 920/1009/1053 922/1012/1056
f 918/1006/1050 924/1016/1060 916/1003/1047
f 923/1015/1059 924/1016/1060 918/1006/1050
f 924/1016/1060 913/999/1043 916/1003/1047
f 922/1012/1056 620/1014/1058 925/1017/1061
f 620/1014/1058 621/1018/1062 925/1017/1061
f 926/1019/1063 913/999/1043 924/1016/1060
f 913/999/1043 926/1019/1063 921/1011/1055
f 925/1017/1061 621/1018/1062 927/1020/1064
f 621/1018/1062 624/925/969 927/1020/1064
f 927/1020/1064 624/925/969 867/928/972
f 928/1021/1065 925/1017/1061 927/1020/1064
f 928/1021/1065 927/1020/1064 867/928/972
f 928/1021/1065 922/1012/1056 925/1017/1061
f 928/1021/1065 923/1015/1059 922/1012/1056
f 928/1021/1065 867/928/972 869/931/975
f 929/1022/1066 923/1015/1059 928/1021/1065
f 929/1022/1066 928/1021/1065 869/931/975
f 930/1023/1067 924/1016/1060 923/1015/1059
f 923/1015/1059 929/1022/1066 930/1023/1067
f 924/1016/1060 930/1023/1067 926/1019/1063
f 929/1022/1066 869/931/975 931/1024/1068
f 869/931/975 871/934/978 931/1024/1068
f 932/1025/1069 930/1023/1067 929/1022/1066
f 932/1025/1069 929/1022/1066 931/1024/1068
f 933/1026/1070 926/1019/1063 930/1023/1067
f 930/1023/1067 932/1025/1069 933/1026/1070
f 926/1019/1063 933/1026/1070 934/1027/1071
f 934/1027/1071 921/1011/1055 926/1019/1063
f 921/1011/1055 934/1027/1071 919/1008/1052
f 935/1028/1072 934/1027/1071 933/1026/1070
f 935/1028/1072 919/1008/1052 934/1027/1071
f 935/1028/1072 933/1026/1070 932/1025/1069
f 935/1028/1072 917/1005/1049 919/1008/1052
f 935/1028/1072 915/1002/1046 917/1005/1049
f 935/1028/1072 912/998/1042 915/1002/1046
f 935/1028/1072 909/993/1037 912/998/1042
f 935/1028/1072 902/983/1027 909/993/1037
f 935/1028/1072 900/981/1025 902/983/1027
f 935/1028/1072 897/976/1020 900/981/1025
f 935/1028/1072 901/982/1026 897/976/1020
f 935/1028/1072 936/1029/1073 901/982/1026
f 903/984/1028 901/982/1026 936/1029/1073
f 936/1029/1073 905/986/1030 903/984/1028
f 905/986/1030 936/1029/1073 937/1030/1074
f 935/1028/1072 937/1030/1074 936/1029/1073
f 937/1030/1074 938/1031/1075 905/986/1030
f 938/1031/1075 879/947/991 905/986/1030
f 879/947/991 938/1031/1075 876/942/986
f 938/1031/1075 937/1030/1074 939/1032/1076
f 935/1028/1072 939/1032/1076 937/1030/1074
f 940/1033/1077 876/942/986 938/1031/1075
f 939/1032/1076 940/1033/1077 938/1031/1075
f 876/942/986 940/1033/1077 873/937/981
f 935/1028/1072 941/1034/1078 939/1032/1076
f 940/1033/1077 939/1032/1076 941/1034/1078
f 935/1028/1072 942/1035/1079 941/1034/1078
f 941/1034/1078 942/1035/1079 940/1033/1077
f 943/1036/1080 873/937/981 940/1033/1077
f 943/1036/1080 940/1033/1077 942/1035/1079
f 873/937/981 943/1036/1080 871/934/978
f 871/934/978 943/1036/1080 931/1024/1068
f 935/1028/1072 944/1037/1081 942/1035/1079
f 943/1036/1080 942/1035/1079 944/1037/1081
f 931/1024/1068 943/1036/1080 944/1037/1081
f 935/1028/1072 932/1025/1069 944/1037/1081
f 932/1025/1069 931/1024/1068 944/1037/1081
f 319/1038/1082 316/1039/1083 945/1040/1084
f 312/1041/1085 945/1040/1084 316/1039/1083
f 319/1038/1082 945/1040/1084 946/1042/1086
f 323/1043/1087 319/1038/1082 946/1042/1086
f 945/1040/1084 312/1041/1085 947/1044/1088
f 323/1043/1087 946/1042/1086 948/1045/1089
f 326/1046/1090 323/1043/1087 948/1045/1089
f 949/1047/1091 946/1042/1086 945/1040/1084
f 949/1047/1091 945/1040/1084 947/1044/1088
f 326/1046/1090 948/1045/1089 950/1048/1092
f 950/1048/1092 329/1049/1093 326/1046/1090
f 951/1050/1094 948/1045/1089 946/1042/1086
f 951/1050/1094 950/1048/1092 948/1045/1089
f 951/1050/1094 946/1042/1086 949/1047/1091
f 329/1049/1093 950/1048/1092 952/1051/1095
f 952/1051/1095 102/1052/1096 329/1049/1093
f 953/1053/1097 950/1048/1092 951/1050/1094
f 950/1048/1092 953/1053/1097 952/1051/1095
f 102/1052/1096 952/1051/1095 954/1054/1098
f 954/1054/1098 952/1051/1095 953/1053/1097
f 954/1054/1098 103/1055/1099 102/1052/1096
f 103/1055/1099 954/1054/1098 955/1056/1100
f 955/1056/1100 105/1057/1101 103/1055/1099
f 956/1058/1102 955/1056/1100 954/1054/1098
f 953/1053/1097 956/1058/1102 954/1054/1098
f 955/1056/1100 957/1059/1103 105/1057/1101
f 956/1058/1102 957/1059/1103 955/1056/1100
f 958/1060/1104 105/1057/1101 957/1059/1103
f 105/1057/1101 958/1060/1104 108/1061/1105
f 958/1060/1104 111/1062/1106 108/1061/1105
f 956/1058/1102 959/1063/1107 957/1059/1103
f 959/1063/1107 958/1060/1104 957/1059/1103
f 958/1060/1104 960/1064/1108 111/1062/1106
f 114/1065/1109 111/1062/1106 960/1064/1108
f 960/1064/1108 961/1066/1110 114/1065/1109
f 118/1067/1111 114/1065/1109 961/1066/1110
f 958/1060/1104 962/1068/1112 960/1064/1108
f 961/1066/1110 960/1064/1108 962/1068/1112
f 962/1068/1112 958/1060/1104 959/1063/1107
f 118/1067/1111 961/1066/1110 963/1069/1113
f 962/1068/1112 963/1069/1113 961/1066/1110
f 964/1070/1114 118/1067/1111 963/1069/1113
f 962/1068/1112 964/1070/1114 963/1069/1113
f 118/1067/1111 964/1070/1114 164/1071/1115
f 965/1072/1116 164/1071/1115 964/1070/1114
f 965/1072/1116 964/1070/1114 962/1068/1112
f 164/1071/1115 965/1072/1116 166/1073/1117
f 966/1074/1118 166/1073/1117 965/1072/1116
f 166/1073/1117 966/1074/1118 169/1075/1119
f 966/1074/1118 173/1076/1120 169/1075/1119
f 965/1072/1116 962/1068/1112 967/1077/1121
f 967/1077/1121 966/1074/1118 965/1072/1116
f 173/1076/1120 966/1074/1118 968/1078/1122
f 969/1079/1123 966/1074/1118 967/1077/1121
f 966/1074/1118 969/1079/1123 968/1078/1122
f 970/1080/1124 173/1076/1120 968/1078/1122
f 969/1079/1123 970/1080/1124 968/1078/1122
f 176/1081/1125 173/1076/1120 970/1080/1124
f 969/1079/1123 967/1077/1121 971/1082/1126
f 962/1068/1112 971/1082/1126 967/1077/1121
f 972/1083/1127 970/1080/1124 969/1079/1123
f 969/1079/1123 971/1082/1126 972/1083/1127
f 973/1084/1128 176/1081/1125 970/1080/1124
f 970/1080/1124 972/1083/1127 973/1084/1128
f 176/1081/1125 973/1084/1128 178/1085/1129
f 973/1084/1128 181/1086/1130 178/1085/1129
f 181/1086/1130 973/1084/1128 974/1087/1131
f 186/1088/1132 181/1086/1130 974/1087/1131
f 975/1089/1133 974/1087/1131 973/1084/1128
f 973/1084/1128 972/1083/1127 975/1089/1133
f 974/1087/1131 976/1090/1134 186/1088/1132
f 976/1090/1134 974/1087/1131 975/1089/1133
f 187/1091/1135 186/1088/1132 976/1090/1134
f 972/1083/1127 977/1092/1136 975/1089/1133
f 976/1090/1134 978/1093/1137 187/1091/1135
f 187/1091/1135 978/1093/1137 190/1094/1138
f 978/1093/1137 194/1095/1139 190/1094/1138
f 975/1089/1133 979/1096/1140 976/1090/1134
f 979/1096/1140 978/1093/1137 976/1090/1134
f 975/1089/1133 977/1092/1136 980/1097/1141
f 979/1096/1140 975/1089/1133 980/1097/1141
f 981/1098/1142 194/1095/1139 978/1093/1137
f 194/1095/1139 981/1098/1142 203/1099/1143
f 206/1100/1144 203/1099/1143 981/1098/1142
f 978/1093/1137 979/1096/1140 982/1101/1145
f 981/1098/1142 978/1093/1137 982/1101/1145
f 983/1102/1146 979/1096/1140 980/1097/1141
f 983/1102/1146 982/1101/1145 979/1096/1140
f 981/1098/1142 984/1103/1147 206/1100/1144
f 209/1104/1148 206/1100/1144 984/1103/1147
f 981/1098/1142 982/1101/1145 985/1105/1149
f 984/1103/1147 981/1098/1142 985/1105/1149
f 982/1101/1145 983/1102/1146 986/1106/1150
f 986/1106/1150 985/1105/1149 982/1101/1145
f 987/1107/1151 209/1104/1148 984/1103/1147
f 209/1104/1148 987/1107/1151 211/1108/1152
f 987/1107/1151 214/1109/1153 211/1108/1152
f 984/1103/1147 985/1105/1149 988/1110/1154
f 988/1110/1154 987/1107/1151 984/1103/1147
f 985/1105/1149 986/1106/1150 989/1111/1155
f 988/1110/1154 985/1105/1149 989/1111/1155
f 987/1107/1151 990/1112/1156 214/1109/1153
f 217/1113/1157 214/1109/1153 990/1112/1156
f 987/1107/1151 988/1110/1154 991/1114/1158
f 990/1112/1156 987/1107/1151 991/1114/1158
f 988/1110/1154 989/1111/1155 992/1115/1159
f 993/1116/1160 217/1113/1157 990/1112/1156
f 217/1113/1157 993/1116/1160 220/1117/1161
f 994/1118/1162 988/1110/1154 992/1115/1159
f 988/1110/1154 994/1118/1162 991/1114/1158
f 995/1119/1163 220/1117/1161 993/1116/1160
f 220/1117/1161 995/1119/1163 223/1120/1164
f 996/1121/1165 995/1119/1163 993/1116/1160
f 996/1121/1165 993/1116/1160 990/1112/1156
f 997/1122/1166 223/1120/1164 995/1119/1163
f 223/1120/1164 997/1122/1166 226/1123/1167
f 996/1121/1165 998/1124/1168 995/1119/1163
f 998/1124/1168 997/1122/1166 995/1119/1163
f 999/1125/1169 226/1123/1167 997/1122/1166
f 998/1124/1168 999/1125/1169 997/1122/1166
f 226/1123/1167 999/1125/1169 229/1126/1170
f 999/1125/1169 307/1127/1171 229/1126/1170
f 999/1125/1169 1000/1128/1172 307/1127/1171
f 308/1129/1173 307/1127/1171 1000/1128/1172
f 999/1125/1169 1001/1130/1174 1000/1128/1172
f 1001/1130/1174 999/1125/1169 998/1124/1168
f 1000/1128/1172 1002/1131/1175 308/1129/1173
f 1001/1130/1174 1002/1131/1175 1000/1128/1172
f 1002/1131/1175 312/1041/1085 308/1129/1173
f 1002/1131/1175 947/1044/1088 312/1041/1085
f 1001/1130/1174 947/1044/1088 1002/1131/1175
f 1001/1130/1174 949/1047/1091 947/1044/1088
f 998/1124/1168 1003/1132/1176 1001/1130/1174
f 1003/1132/1176 949/1047/1091 1001/1130/1174
f 1003/1132/1176 998/1124/1168 1004/1133/1177
f 996/1121/1165 1004/1133/1177 998/1124/1168
f 949/1047/1091 1003/1132/1176 1005/1134/1178
f 1005/1134/1178 951/1050/1094 949/1047/1091
f 1004/1133/1177 1006/1135/1179 1003/1132/1176
f 1006/1135/1179 1005/1134/1178 1003/1132/1176
f 1004/1133/1177 996/1121/1165 1007/1136/1180
f 990/1112/1156 1007/1136/1180 996/1121/1165
f 1006/1135/1179 1004/1133/1177 1008/1137/1181
f 1007/1136/1180 1008/1137/1181 1004/1133/1177
f 1007/1136/1180 990/1112/1156 1009/1138/1182
f 991/1114/1158 1009/1138/1182 990/1112/1156
f 1008/1137/1181 1007/1136/1180 1010/1139/1183
f 1009/1138/1182 1010/1139/1183 1007/1136/1180
f 991/1114/1158 1011/1140/1184 1009/1138/1182
f 1010/1139/1183 1009/1138/1182 1011/1140/1184
f 1011/1140/1184 991/1114/1158 994/1118/1162
f 1012/1141/1185 1008/1137/1181 1010/1139/1183
f 1012/1141/1185 1010/1139/1183 1011/1140/1184
f 1012/1141/1185 1011/1140/1184 994/1118/1162
f 1012/1141/1185 1006/1135/1179 1008/1137/1181
f 1012/1141/1185 994/1118/1162 992/1115/1159
f 1012/1141/1185 992/1115/1159 989/1111/1155
f 1012/1141/1185 989/1111/1155 986/1106/1150
f 1012/1141/1185 986/1106/1150 983/1102/1146
f 1012/1141/1185 983/1102/1146 980/1097/1141
f 1012/1141/1185 980/1097/1141 977/1092/1136
f 1005/1134/1178 1006/1135/1179 1013/1142/1186
f 1012/1141/1185 1013/1142/1186 1006/1135/1179
f 1013/1142/1186 1014/1143/1187 1005/1134/1178
f 951/1050/1094 1005/1134/1178 1014/1143/1187
f 953/1053/1097 951/1050/1094 1014/1143/1187
f 1014/1143/1187 1013/1142/1186 1015/1144/1188
f 1012/1141/1185 1015/1144/1188 1013/1142/1186
f 1014/1143/1187 1016/1145/1189 953/1053/1097
f 1016/1145/1189 1014/1143/1187 1015/1144/1188
f 956/1058/1102 953/1053/1097 1016/1145/1189
f 1016/1145/1189 1015/1144/1188 1017/1146/1190
f 1012/1141/1185 1017/1146/1190 1015/1144/1188
f 1016/1145/1189 1018/1147/1191 956/1058/1102
f 1019/1148/1192 1016/1145/1189 1017/1146/1190
f 1016/1145/1189 1019/1148/1192 1018/1147/1191
f 1012/1141/1185 1019/1148/1192 1017/1146/1190
f 1018/1147/1191 959/1063/1107 956/1058/1102
f 1012/1141/1185 1020/1149/1193 1019/1148/1192
f 1020/1149/1193 1018/1147/1191 1019/1148/1192
f 959/1063/1107 1018/1147/1191 1021/1150/1194
f 1018/1147/1191 1020/1149/1193 1021/1150/1194
f 1022/1151/1195 959/1063/1107 1021/1150/1194
f 959/1063/1107 1022/1151/1195 962/1068/1112
f 971/1082/1126 962/1068/1112 1022/1151/1195
f 1023/1152/1196 1021/1150/1194 1020/1149/1193
f 1021/1150/1194 1023/1152/1196 1022/1151/1195
f 1012/1141/1185 1023/1152/1196 1020/1149/1193
f 1022/1151/1195 1024/1153/1197 971/1082/1126
f 1024/1153/1197 1022/1151/1195 1023/1152/1196
f 1012/1141/1185 1024/1153/1197 1023/1152/1196
f 1012/1141/1185 977/1092/1136 1024/1153/1197
f 1024/1153/1197 972/1083/1127 971/1082/1126
f 972/1083/1127 1024/1153/1197 977/1092/1136
