# Blender v3.3.21 OBJ File: 'URDF3.blend'
# www.blender.org
v 1.446880 -5.164818 -3.215745
v -1.453034 -1.559506 -5.977288
v 1.410402 -1.224476 -5.882065
v 0.509276 3.376700 -5.073326
v -1.419655 -5.165024 -3.537530
v 0.597342 -6.136122 1.363761
v -2.277587 2.650692 -5.237274
v -0.728632 5.943404 -1.263267
v -2.197007 -6.053794 0.652823
v -0.640564 -3.569415 5.173812
v -4.870213 -3.256782 -2.631218
v -4.886740 -1.471456 -3.839295
v -3.329727 -3.705188 4.139114
v -1.541689 1.031755 5.982536
v -5.295029 0.613286 -3.472855
v -6.087339 -1.044013 -1.267845
v -5.255130 -3.696870 -0.556298
v -5.816013 -2.533922 1.169998
v -5.855915 1.776232 -1.746574
v -6.224302 -0.449183 1.536430
v -6.240829 1.336141 0.328339
v -3.410306 4.999294 -1.750976
v -4.187659 4.110519 2.439385
v -1.578168 4.972093 3.316224
v -4.154281 0.505005 4.879128
v 1.321751 1.366786 6.077774
v 2.146304 -2.843407 5.337753
v 1.288368 4.972299 3.638024
v 3.279020 -5.192014 1.851455
v 2.065719 5.861073 -0.552337
v 4.738925 3.064061 2.731675
v 5.163744 -0.806002 3.573334
v 4.755455 1.278738 3.939766
v 5.724626 -1.968950 1.847053
v 5.956049 0.851294 1.368309
v 6.109541 -1.528863 -0.227867
v 4.056370 -4.303244 -2.338906
v 6.093016 0.256463 -1.435944
v 4.022990 -0.697726 -4.778648
v 3.198434 3.512472 -4.038642
v 5.684724 2.341206 -1.069511
v 5.123841 3.504152 0.656762
v -4.449172 1.170835 -37.130928
v -4.334843 -0.374552 -37.387703
v -5.012274 -0.443449 -37.382446
v -5.127792 1.161238 -37.112358
v -4.958729 2.990601 -37.375935
v -4.334936 2.880817 -37.372112
v -5.530051 1.154547 -36.332211
v -5.382276 -0.643507 -36.453140
v -6.013828 -0.566833 -36.307491
v -4.677566 4.353220 -37.967422
v -3.983161 4.180535 -38.009548
v -5.243892 3.313617 -36.716686
v -6.221793 1.249126 -36.179531
v -4.687947 4.727825 -37.538918
v -5.825173 3.680340 -36.660488
v -6.412725 -2.857345 -12.396706
v -6.719207 -0.052442 -12.278000
v -5.229072 -2.558730 -12.531403
v -5.486997 0.071381 -12.507133
v -5.429423 3.570639 -11.940192
v -6.873515 3.662728 -11.661437
v -4.999827 5.919097 -10.800353
v -6.342348 6.685104 -10.545188
v -4.232344 7.383369 -9.637862
v -3.459843 -7.514105 -8.931809
v -4.314626 -8.142326 -9.239724
v -4.176184 -6.618494 -10.607789
v -4.961350 -6.933620 -10.706841
v -5.535382 -5.555901 -11.826730
v -4.439597 -5.411030 -11.684960
v -2.282635 -7.935852 -39.364445
v -2.590666 -7.496840 -39.375710
v -3.024260 -6.567454 -39.649448
v -4.446956 -3.987423 -38.187302
v -5.504415 -2.229438 -36.755562
v -5.002061 -2.034203 -36.985050
v -4.203570 -3.507099 -38.318596
v -4.748209 -1.793160 -37.952160
v -4.074118 -1.627936 -37.945705
v -3.791080 -2.542958 -38.789604
v -4.329410 -2.913840 -38.861099
v -3.232835 -4.806933 -40.500160
v -3.576778 -4.240799 -41.043163
v -3.158484 -3.672911 -41.031593
v -2.934815 -3.873172 -43.346607
v -3.478289 -5.293703 -40.361046
v -3.121089 -4.530916 -43.421959
v -2.628077 -3.357007 -45.674778
v -2.693850 -4.900306 -43.215950
v -2.706333 -3.873031 -45.882610
v -2.234820 -3.237203 -46.250160
v -2.438159 -4.286456 -45.673542
v -2.899440 -5.315957 -43.517178
v -2.357574 -3.808551 -46.456570
v -2.371985 -6.518875 -43.412647
v -2.506658 -4.756501 -45.519032
v -2.106101 -5.899657 -45.466618
v -1.864549 -7.259219 -43.422150
v -1.695308 -6.649285 -45.293255
v -1.657117 -7.644550 -43.537926
v -1.599290 -7.066328 -45.267136
v -1.369709 -8.004141 -43.606071
v -1.293991 -7.503724 -45.253326
v -1.654250 -8.545122 -39.173561
v -0.948951 -8.832672 -39.175766
v -0.849489 -8.189813 -43.632568
v 0.437016 -8.793624 -39.220997
v -5.183153 5.487903 -37.572369
v -4.106397 5.929356 -38.683655
v -4.096097 6.999987 -39.056259
v -4.084588 5.647653 -39.183384
v -3.580549 5.341496 -39.232941
v -3.414075 5.894086 -39.940735
v -3.838446 6.566334 -39.283844
v -3.805450 6.241272 -39.812946
v -3.182874 6.437582 -40.490513
v -3.479748 7.072668 -39.781315
v -3.461585 6.825799 -40.284496
v -2.797139 6.757265 -40.700161
v -3.755232 7.466290 -39.516003
v -2.969686 7.236683 -40.476841
v -3.920315 7.626933 -38.325527
v -2.303041 7.410781 -40.501232
v -2.236660 6.840164 -40.741856
v -3.071351 7.386979 -39.937115
v -2.332222 7.635583 -40.007156
v 1.993809 7.452630 -40.337399
v 1.886318 6.859244 -40.574509
v -3.414141 7.756149 -39.729149
v 3.027608 6.958541 -40.018909
v 2.729587 6.503923 -40.314915
v -2.592484 8.051435 -39.881836
v -3.503007 8.119043 -38.506065
v -2.676375 8.270740 -38.579536
v 2.387798 7.958441 -39.551899
v 2.171294 7.561045 -39.736881
v 2.595520 8.253084 -38.312820
v 3.100360 7.655048 -39.259892
v 2.917747 7.145653 -39.468941
v 3.352776 6.514166 -39.605373
v 2.973639 6.129541 -39.933498
v 3.286209 4.747086 -38.397568
v 3.263317 6.760690 -39.067619
v 3.939739 5.023532 -38.061501
v 4.457119 3.184545 -37.007278
v 3.592546 3.235731 -37.460258
v 3.700499 1.886925 -37.139172
v 4.108935 5.145249 -37.178612
v 3.611393 7.268997 -38.829540
v 4.557405 1.829869 -36.784771
v 3.689013 0.580946 -37.074333
v 3.359376 7.962729 -37.936638
v 4.566943 0.413756 -36.813690
v 3.520226 -0.919412 -37.536438
v 4.883771 1.854196 -36.019634
v 4.704082 3.496441 -36.304733
v 4.451701 -1.190064 -37.391975
v 3.319594 -2.050838 -38.524227
v 4.923711 0.274222 -36.090733
v 4.164746 -2.352063 -38.430992
v 4.628339 -1.480335 -36.754742
v 5.407355 1.837945 -35.819576
v 5.471784 0.038102 -35.923618
v 4.294806 -2.785482 -37.934677
v 5.232800 -1.745090 -36.594284
v 3.807851 -3.658920 -40.587357
v 3.264762 -3.151795 -40.552143
v 2.890075 -3.423943 -43.190807
v 3.790930 -4.114625 -40.398331
v 4.745705 -3.130775 -37.716312
v 3.370014 -4.000887 -43.361008
v 3.222693 -4.397088 -43.282894
v 4.105705 -4.609784 -40.323318
v 2.838255 -3.571255 -45.893780
v 2.453924 -3.094012 -45.813591
v 2.134705 -3.172363 -46.410290
v 2.790107 -4.074947 -45.573978
v 2.423139 -3.743949 -46.642506
v 2.424647 -4.116936 -46.166927
v 2.908414 -4.485664 -45.534557
v 1.912539 -3.919744 -47.065403
v 1.720007 -3.253814 -46.681160
v 1.998414 -4.225347 -46.654137
v 2.621499 -4.637365 -46.169819
v 0.968371 -3.951916 -47.202309
v 1.070303 -3.316065 -46.843136
v -0.452872 -3.327048 -46.899830
v 1.052858 -4.303298 -46.818340
v -0.554436 -3.942906 -47.167263
v -1.695984 -3.200778 -46.617294
v -0.516399 -4.289395 -46.805122
v -1.863237 -3.827451 -46.822266
v -1.670472 -4.174147 -46.481457
v -2.127106 -4.188610 -46.181633
v -0.630402 -4.783432 -46.887684
v -2.198293 -4.669472 -46.121128
v -1.744346 -4.665822 -46.514965
v -2.099433 -5.669256 -45.689953
v -1.608962 -5.702269 -46.059052
v -1.418877 -6.165659 -45.848091
v -0.573907 -5.745811 -46.435146
v -1.339147 -6.627106 -45.755806
v -0.781130 -6.339231 -46.147358
v -1.283912 -7.000243 -45.691380
v -0.822316 -6.703059 -46.107201
v -1.059338 -7.501127 -45.496273
v -0.906794 -7.037488 -45.913998
v -0.912986 -7.763624 -45.256920
v 1.524834 -7.582267 -45.616371
v 1.356236 -7.089293 -46.035114
v 0.344011 -8.180891 -43.666958
v 1.520638 -7.708717 -45.369968
v 1.593764 -8.076171 -43.706059
v 1.879240 -8.658774 -39.270920
v 1.944059 -7.940837 -43.761593
v 2.554674 -8.383217 -39.259789
v 3.170839 -7.658614 -39.550301
v 1.806751 -7.607617 -45.466965
v 2.573060 -7.384118 -43.747463
v 3.443956 -7.130819 -39.610542
v 1.780478 -7.040749 -45.893806
v 2.761660 -6.988933 -43.632755
v 3.651338 -6.736137 -39.664417
v 5.864472 -0.189358 -34.856544
v 5.484405 -2.109293 -35.539417
v 5.921228 2.035419 -34.583168
v 4.926726 -3.892276 -37.044640
v 4.222750 -5.278907 -39.992458
v 3.368693 -5.579480 -43.361015
v 2.956008 -6.630361 -43.635815
v 3.375065 -4.758429 -43.366875
v 2.927967 -5.420978 -45.290390
v 2.616526 -5.574330 -45.916336
v 2.660054 -6.299641 -45.387512
v 2.376294 -6.683918 -45.386288
v 2.206801 -4.829486 -46.584244
v 2.202740 -7.041459 -45.414684
v 2.092347 -6.995325 -45.623367
v 2.279399 -6.610638 -45.655708
v 1.877229 -6.676373 -45.938519
v 2.490100 -6.213360 -45.823673
v 2.015649 -6.294780 -46.053894
v 2.145173 -5.781508 -46.308773
v 1.349869 -6.750167 -46.158173
v 1.323353 -6.399037 -46.226177
v 1.130114 -5.729527 -46.517368
v 1.033856 -4.864808 -46.956429
v 3.838754 7.471484 -37.441925
v 4.633259 5.340239 -36.837929
v 5.097443 5.392931 -35.572956
v 5.173150 3.774891 -36.127445
v 5.648973 3.763628 -35.022854
v -1.765409 -4.274648 -43.244617
v 0.028351 -4.606087 -43.345127
v -1.602849 -4.755458 -40.691406
v -1.681967 -5.139735 -37.658913
v 0.275096 -5.207912 -40.612495
v 1.518858 -4.450389 -43.299587
v 1.862762 -4.887867 -40.737579
v 2.123406 -5.025512 -37.846989
v 0.321261 -5.412077 -37.711292
v 3.453629 -3.219136 -36.992767
v -0.424380 0.474602 -36.258133
v 3.826160 -1.900504 -35.735237
v 3.907113 -0.372124 -35.321278
v 3.794503 2.475518 -35.202194
v 3.294226 4.558988 -35.724358
v 2.128130 5.834414 -38.003342
v 2.298110 5.665771 -35.645737
v 1.909731 6.348876 -39.700901
v -2.744533 5.630523 -36.029568
v -2.471311 5.854141 -38.393547
v -2.252549 6.279229 -39.785255
v -3.816276 5.080334 -36.149704
v -4.115219 4.213118 -35.761715
v -4.567452 1.947867 -35.098507
v -4.396338 -1.117132 -35.447906
v -3.775851 -3.331949 -36.426514
v -6.357873 -0.743394 -34.901852
v -6.622263 1.414265 -34.643780
v -6.174560 3.686766 -35.151943
v -6.933652 1.108953 -32.846233
v -6.650238 -1.137836 -33.009315
v -6.530207 3.001989 -32.881783
v -7.774136 0.831881 -29.737709
v -7.530118 -1.430941 -29.833496
v -7.320780 2.468871 -29.808578
v -8.511157 0.571798 -25.999542
v -8.197647 -1.778816 -25.959648
v -6.254988 4.408325 -29.844482
v -9.121959 0.487573 -21.759842
v -8.657569 -2.022157 -21.815155
v -7.977266 2.677291 -25.999985
v -9.268428 0.531865 -18.726837
v -8.901437 -2.188782 -18.696098
v -8.755285 3.200323 -21.684799
v -9.249071 0.306590 -16.802475
v -8.882238 -2.333238 -16.903732
v -8.903821 3.535605 -18.534714
v -6.961308 4.969718 -26.210732
v -8.944403 0.052885 -14.910027
v -8.650007 -2.626904 -15.085495
v -8.904969 3.759738 -16.623352
v -7.441512 6.129597 -21.613630
v -8.580142 -0.253409 -12.829048
v -8.236055 -3.083466 -13.087876
v -8.772301 3.892756 -14.645133
v -7.944661 6.660036 -18.326689
v -8.073629 6.853700 -16.291723
v -8.491251 3.804743 -12.143958
v -8.498846 -0.325992 -12.464973
v -8.114109 -3.079074 -12.616021
v -7.725446 -3.050376 -12.152856
v -7.949232 7.086938 -13.885695
v -8.022989 -0.335668 -11.892906
v -6.767742 -2.974283 -11.778146
v -8.403512 3.780469 -11.702437
v -7.901937 7.369385 -11.274947
v -7.148815 -0.165715 -11.650314
v -8.025871 3.730268 -11.294173
v -7.174367 3.561575 -11.146247
v -6.628165 6.677569 -10.281608
v -5.317260 8.788006 -9.446554
v -2.769627 8.611679 -8.071120
v -7.441955 7.116428 -10.422103
v -3.290351 10.197042 -7.998854
v -5.595289 9.518888 -9.297659
v 1.610169 9.893464 -4.448943
v 1.124895 8.598819 -4.846846
v 2.411645 8.209500 -3.390730
v -3.385245 10.998459 -7.748327
v 3.299906 9.259387 -3.085791
v 4.553661 7.003603 -1.479972
v 1.987934 10.758003 -4.273352
v 5.216976 7.526459 -1.069709
v 6.533744 4.760935 0.422250
v 3.639219 9.848384 -2.770743
v 7.260135 5.089666 0.569337
v 5.994751 8.178400 -0.837157
v 7.928605 2.372211 1.358673
v 7.137856 2.385051 1.177315
v 7.397067 0.099349 1.811646
v 6.479799 8.265066 -1.065154
v 7.780005 5.032286 0.353577
v 8.135831 -0.055737 1.941101
v 8.531398 2.102432 1.247231
v 7.955710 4.855272 -0.139663
v 7.679093 -2.294544 2.225929
v 7.108212 -2.242557 2.122589
v 8.702634 -0.107494 1.768814
v 7.191012 -3.605642 2.244995
v 6.716086 -3.494409 2.191993
v 5.781898 -5.042933 2.049949
v 8.271396 -2.380150 2.103523
v 7.691873 -3.762086 2.135627
v 6.178940 -5.438565 2.096625
v 4.402128 -6.684145 1.823172
v 6.602970 -5.668930 2.026656
v 8.518628 -2.438764 1.607902
v 8.874766 -0.226472 1.380775
v 7.907275 -3.909620 1.615241
v 9.854896 -2.094713 -5.185875
v 9.587369 -3.627736 -5.188614
v 8.842546 1.025210 1.047920
v 9.676730 -1.657708 -5.163605
v 8.641559 1.938294 0.735634
v 9.437093 -0.203227 -5.183929
v 9.429029 0.901736 -5.439514
v 9.699334 -1.213797 -11.704201
v 10.401418 -2.612122 -11.609459
v 10.427131 -2.991326 -11.538659
v 10.332631 -2.829240 -17.135796
v 10.113376 -4.311073 -11.608674
v 10.442451 -3.294878 -17.116318
v 9.021979 -5.274328 -5.166429
v 10.132520 -4.881606 -17.200417
v 6.807392 -5.916611 1.469062
v 9.652728 -6.335657 -11.604928
v 8.158454 -7.294462 -5.231744
v 5.155622 -7.899514 1.181189
v 4.893224 -7.601818 1.782180
v 6.201729 -9.381071 -5.300691
v 4.577399 -7.166040 1.798651
v 2.899090 -10.022658 0.389204
v 2.387682 -9.152036 0.885573
v 2.283993 -8.717336 0.794196
v 2.554749 -8.358687 0.531142
v 2.397061 -8.018743 0.580001
v 0.072194 -8.878472 -0.941957
v 1.256558 -9.480206 -0.077898
v 0.255259 -9.745519 -1.249292
v 2.601398 -9.761769 0.848898
v 1.327429 -9.859708 -0.015741
v 1.418674 -10.523973 -0.053675
v 0.067041 -10.239017 -1.247522
v -0.984324 -8.986353 -2.994615
v -1.237308 -8.316995 -3.364336
v -1.044604 -10.258575 -2.900484
v -2.096639 -9.006573 -5.021059
v -1.942308 -8.157723 -5.335451
v -0.884864 -9.745067 -2.946695
v -3.318000 -8.748696 -7.270631
v -2.801389 -7.893375 -7.376855
v -2.149904 -9.520456 -5.134355
v -3.423693 -8.992971 -7.392816
v -2.446389 -10.239125 -5.115823
v -3.893218 -9.723360 -7.532266
v -4.586105 -8.331718 -9.408341
v -5.462274 -6.944070 -10.606736
v -6.176037 -5.328654 -11.375634
v -7.090763 -5.535764 -11.820420
v -6.237468 -7.439909 -11.029763
v -5.179643 -8.870224 -9.703119
v -6.454531 -7.636408 -11.494355
v -5.289949 -9.123775 -10.146585
v -3.867400 -10.165100 -7.789239
v -7.449616 -5.707177 -12.305223
v -4.963206 -9.253658 -10.732058
v -7.526295 -5.829855 -12.768525
v -6.413164 -7.800389 -11.898095
v -7.763186 -5.736203 -14.615258
v -6.196972 -8.167356 -13.386666
v -4.190442 -9.768777 -12.035624
v -3.514451 -10.263608 -8.205881
v -8.085640 -5.361122 -16.743111
v -6.450700 -7.955117 -15.937928
v -4.540061 -9.603222 -15.295862
v -6.686805 -7.796507 -18.473886
v -8.403947 -4.952883 -18.912727
v -4.924173 -9.452715 -18.201120
v -8.339768 -3.487318 -21.855095
v -6.879001 -7.248224 -21.794748
v -7.931346 -3.311423 -25.985794
v -8.200819 -4.608928 -21.894585
v -7.834010 -4.621433 -25.905899
v -7.221808 -3.249845 -30.023796
v -7.131365 -4.611348 -30.052528
v -6.168837 -3.281263 -33.324810
v -6.773745 -6.548919 -25.857149
v -6.161763 -6.569288 -30.147425
v -4.729383 -8.212111 -25.825953
v -4.893719 -8.900262 -21.651903
v -5.785596 -5.075437 -33.623856
v -3.650517 -10.168284 -21.569643
v -5.712605 -2.894738 -35.454639
v -3.379406 -10.815368 -17.946268
v -3.593997 -9.191332 -25.830767
v -2.144118 -10.962757 -21.625628
v -2.965502 -11.134859 -14.534670
v -1.522793 -11.656245 -17.630358
v -2.326861 -11.296749 -10.374430
v -0.939164 -12.211843 -13.337580
v -2.084079 -10.822283 -5.739954
v -0.366587 -12.003385 -7.622171
v -2.489063 -10.626348 -5.364634
v -0.825533 -11.150127 -3.508005
v -1.135722 -10.931136 -3.074335
v 0.253131 -11.133309 -1.928186
v 0.037754 -10.891260 -1.436136
v 1.675211 -10.775443 -0.529543
v 1.436763 -11.994244 -6.835245
v 3.609662 -11.360365 -5.960436
v 1.147812 -12.369747 -12.794947
v 3.835864 -11.968534 -12.237238
v 6.733964 -10.461753 -11.744555
v 0.827730 -12.053978 -17.375536
v 3.640684 -11.839788 -17.089037
v 6.432019 -10.515516 -17.083773
v 8.682937 -8.316663 -11.625108
v 8.386279 -8.384433 -17.214441
v 9.388009 -6.681547 -17.202784
v 6.111302 -10.040279 -21.727625
v 8.888253 -6.629540 -21.716951
v 3.391899 -11.135079 -21.737558
v 7.983752 -8.101376 -21.800920
v 5.322915 -9.052581 -26.356745
v 0.491262 -11.329813 -21.674150
v 3.014588 -9.994018 -26.281397
v -2.136138 -9.964196 -25.906084
v 0.420841 -10.134619 -26.100168
v -3.060279 -8.453657 -30.116404
v -1.929307 -8.990328 -30.173410
v 0.400235 -9.125274 -30.212954
v -4.322860 -7.744811 -30.117922
v -2.450336 -8.229107 -33.909172
v -5.085016 -6.585032 -33.686363
v -3.601488 -7.622747 -33.747952
v -4.054690 -6.496202 -36.302479
v -3.700574 -7.152462 -36.252956
v -2.904402 -7.797004 -36.319851
v -1.484352 -8.581315 -33.904453
v -2.104109 -8.272511 -36.312641
v -4.334756 -5.063069 -37.181473
v -1.342094 -8.592528 -36.443050
v 0.395621 -8.611913 -34.004074
v 0.360715 -8.656464 -36.547409
v 2.331849 -8.546711 -34.108402
v 2.119780 -8.624601 -36.656467
v 2.766551 -8.949196 -30.239611
v 2.759169 -8.242572 -36.607204
v 4.443889 -8.218566 -30.152170
v 3.271417 -8.146708 -34.056068
v 6.287908 -6.543578 -29.817125
v 4.431986 -6.619998 -33.629391
v 3.565989 -7.325950 -36.649696
v 7.225209 -7.173889 -26.409647
v 7.966958 -6.221140 -26.238955
v 7.148192 -5.298074 -29.365936
v 8.451484 -5.171334 -26.077560
v 9.535531 -5.060643 -21.642258
v 7.218238 -4.587023 -29.479500
v 9.825875 -3.600363 -21.479927
v 8.657031 -3.910137 -26.125572
v 9.804431 -3.228659 -21.505531
v 8.649957 -3.534875 -26.037102
v 7.134759 -4.064551 -29.524384
v 9.138848 -1.866181 -21.560272
v 9.655831 -1.571453 -17.107841
v 8.025548 -1.856480 -25.986908
v 10.078525 0.212571 -12.184792
v 9.798369 -0.047963 -21.501785
v 8.768851 3.611058 -6.001258
v 10.198783 -0.107738 -17.213829
v 9.536973 2.329367 -17.160576
v 9.442054 2.536909 -12.322815
v 6.722548 8.160065 -1.448332
v 7.633418 6.615658 -6.883063
v 4.660084 10.831876 -2.850348
v 4.893623 10.797538 -3.253332
v 4.198351 10.624275 -2.564162
v 3.743714 11.668640 -3.562735
v 3.389483 11.363369 -3.271307
v 3.951593 11.689333 -3.956045
v 2.302283 11.741132 -4.019888
v 2.616693 12.144005 -4.331884
v -3.512003 11.952724 -7.590338
v -5.304683 11.148428 -8.692984
v -3.512064 12.213682 -7.862532
v -6.189216 10.093328 -9.357389
v -5.463500 11.463819 -9.098562
v 2.852118 12.159266 -4.654585
v -3.424898 12.108403 -8.439894
v -6.465279 10.364481 -9.811079
v -7.783813 7.286542 -10.796645
v -5.431234 11.421194 -9.453428
v -6.526763 10.384699 -10.229834
v -6.300836 9.986849 -12.808096
v -5.073577 10.860202 -12.227514
v -3.242304 11.196706 -11.624792
v -6.090974 9.475877 -15.411589
v -5.107244 10.172009 -15.007231
v -5.878801 8.972742 -17.716291
v -5.018071 9.469989 -17.530935
v -3.079545 10.572576 -14.504713
v -2.949527 9.817297 -17.321653
v -5.725691 7.991367 -21.375189
v -5.047600 8.433796 -21.310003
v -5.112041 7.025437 -26.100027
v -3.025629 9.004394 -21.227362
v -4.528166 7.441307 -26.063223
v -4.420444 6.437384 -29.743788
v -3.993028 6.830458 -29.788221
v -4.098706 6.540490 -33.347164
v -3.119472 7.772885 -26.099981
v -5.682899 4.725902 -33.178780
v -5.498456 5.499053 -36.008560
v -4.017638 7.508978 -37.836021
v -3.772499 6.929912 -33.411156
v 3.963934 -6.731616 -36.695976
v 4.902039 -6.052277 -33.771046
v 4.112409 -6.514031 -36.720455
v 5.070828 -5.574696 -33.886307
v 4.492409 -4.999256 -36.203087
v 5.146403 -4.351763 -33.649666
v 6.517839 -2.958120 -29.591537
v 5.572842 -2.349486 -33.019855
v 6.699264 -1.579230 -29.662971
v 5.355290 -2.388060 -34.372486
v 6.145629 -0.682996 -32.604939
v 5.968155 -0.447600 -33.950512
v 8.750680 0.386297 -25.939247
v 7.309752 0.965971 -29.840355
v 9.149270 2.193794 -21.556343
v 8.211307 2.385413 -25.989075
v 7.851907 4.900505 -21.303490
v 6.372766 1.419424 -32.326454
v 7.135695 2.693276 -29.770340
v 6.921696 4.609687 -26.024086
v 6.199139 3.115566 -32.594875
v 6.097843 4.386555 -29.652931
v 6.061261 1.953138 -33.913300
v 5.790525 3.702377 -34.308472
v -3.842012 -5.024877 -9.754952
v -3.111848 -7.158248 -8.296838
v -4.411898 -2.288999 -10.712975
v -2.607882 -6.891855 -6.680467
v -4.297150 0.411386 -10.972054
v -3.119394 -6.711025 -5.256051
v -3.391229 3.879934 -10.361625
v -4.011534 0.578987 -9.066299
v -1.974239 6.563279 -8.832694
v -3.049714 3.637135 -8.482139
v -4.160772 -2.052383 -8.718735
v -4.398404 0.607343 -7.582016
v -3.634546 -4.775080 -7.929246
v -4.696378 -2.097574 -7.262871
v -4.070788 -4.627042 -6.493814
v -4.793102 -4.564889 -5.735368
v -5.322838 -1.968546 -6.516869
v -3.719169 -6.604003 -4.474793
v -3.544665 -3.426011 -4.281495
v -2.011512 -8.159039 -2.680597
v -2.934554 -4.925584 -3.366029
v -1.686123 -6.189668 -1.887712
v 0.005301 -8.579978 -0.597436
v -0.212236 -6.611411 -0.424874
v 2.155136 -7.971850 0.867324
v 1.510118 -6.369080 0.762458
v 4.322728 -6.436004 1.928298
v 3.532369 -5.433085 1.761283
v 5.529193 -4.930171 2.206474
v 6.466695 -3.425410 2.327697
v 4.979202 -3.908337 2.072814
v 3.925077 -1.572492 -5.674218
v 5.905879 -1.917833 2.126571
v 6.915250 -2.190922 2.336288
v 7.137828 0.162629 2.019669
v 6.115282 0.213586 1.736168
v 6.824563 2.531533 1.428910
v 5.765540 2.224720 1.261177
v 5.895143 4.711172 0.340089
v 4.770128 4.074155 0.297127
v 3.139685 5.284212 -0.975715
v 4.066640 6.897547 -1.176284
v 2.198759 7.621605 -3.174765
v 1.974603 7.578316 -2.807090
v 1.360837 5.637758 -2.104568
v -0.444943 5.339439 -3.202147
v -0.289553 7.134309 -4.465362
v 0.218516 7.017523 -5.010978
v 0.458286 7.371802 -5.623030
v -1.739213 5.409314 -6.438224
v -1.490116 5.758124 -7.551208
v -2.422769 5.774967 -5.616324
v -3.490204 3.356324 -7.266494
v -1.935812 4.260056 -4.032463
v -4.107551 3.679142 -6.498535
v -3.215328 2.597699 -4.787445
v -5.136260 0.717434 -6.841393
v -3.851214 0.502610 -5.057350
v -3.972512 -1.553681 -4.924431
v -3.534725 8.040964 -37.756966
v -2.714308 8.162507 -37.822365
v -2.940536 7.175999 -33.409595
v 2.631405 8.123958 -37.458118
v -2.992877 7.098693 -29.790037
v 2.721982 7.148047 -33.289494
v 3.272519 7.913090 -37.242962
v 2.952294 7.078487 -29.562689
v 3.351651 6.973779 -33.211964
v 3.878837 7.436668 -36.828098
v 5.181153 5.388504 -34.855904
v 5.560371 4.742169 -32.712433
v 4.438950 6.275566 -33.004543
v 4.790841 6.028457 -29.599783
v 3.666290 6.826478 -29.545828
v 5.415405 6.371234 -25.938375
v 4.297487 7.270158 -25.843428
v 3.575784 7.614181 -25.838530
v 4.212169 8.354506 -21.163992
v 5.017550 7.962640 -21.195143
v 4.576665 9.022807 -16.575300
v 6.182650 7.026139 -21.212332
v 5.461810 8.467748 -16.589163
v 4.573587 9.616415 -12.860563
v 8.298213 5.028467 -16.924286
v 4.150530 10.573784 -9.057081
v 8.213553 5.481702 -12.505256
v 6.572107 7.525012 -16.670698
v 6.165033 9.187064 -8.083639
v 6.584094 8.085018 -12.483764
v 5.526439 9.124148 -12.718275
v 5.155038 10.104444 -8.661291
vt 0.887924 0.247862
vt 0.891433 0.304821
vt 0.916258 0.302490
vt 0.897666 0.361153
vt 0.872018 0.267065
vt 0.829261 0.229270
vt 0.878464 0.345247
vt 0.843039 0.389488
vt 0.831592 0.254096
vt 0.774633 0.257605
vt 0.850955 0.291967
vt 0.858931 0.307535
vt 0.793836 0.273511
vt 0.756041 0.316268
vt 0.853562 0.324184
vt 0.836150 0.309379
vt 0.834306 0.286598
vt 0.818737 0.294574
vt 0.837993 0.332160
vt 0.813369 0.311223
vt 0.821345 0.326791
vt 0.840708 0.364662
vt 0.800281 0.351693
vt 0.784376 0.370896
vt 0.780866 0.313937
vt 0.780866 0.313937
vt 0.793836 0.273511
vt 0.800281 0.351693
vt 0.831592 0.254096
vt 0.840708 0.364662
vt 0.821345 0.326791
vt 0.818737 0.294574
vt 0.813369 0.311223
vt 0.834306 0.286598
vt 0.836150 0.309379
vt 0.850955 0.291967
vt 0.872018 0.267065
vt 0.858931 0.307535
vt 0.891433 0.304821
vt 0.878464 0.345247
vt 0.853562 0.324184
vt 0.837993 0.332160
vt 0.110484 0.031499
vt 0.111207 0.021681
vt 0.115871 0.021920
vt 0.115625 0.032284
vt 0.112665 0.043760
vt 0.108196 0.041963
vt 0.121289 0.032934
vt 0.121989 0.021761
vt 0.125707 0.022751
vt 0.108564 0.052603
vt 0.103904 0.050004
vt 0.117434 0.046135
vt 0.125634 0.034088
vt 0.134572 0.022307
vt 0.111445 0.055003
vt 0.135613 0.035952
vt 0.120925 0.048994
vt 0.130941 0.049997
vt 0.146962 0.034595
vt 0.145921 0.020290
vt 0.145777 0.047094
vt 0.166706 0.032175
vt 0.165606 0.017826
vt 0.165659 0.043077
vt 0.190360 0.028358
vt 0.189922 0.013452
vt 0.164001 0.057516
vt 0.217640 0.025260
vt 0.216893 0.009362
vt 0.189933 0.042169
vt 0.237210 0.024676
vt 0.237950 0.007383
vt 0.217751 0.042252
vt 0.249685 0.023265
vt 0.250242 0.006640
vt 0.237767 0.043262
vt 0.187627 0.058195
vt 0.262150 0.022210
vt 0.262733 0.005395
vt 0.249936 0.044494
vt 0.217231 0.062051
vt 0.275871 0.021378
vt 0.276316 0.003613
vt 0.262596 0.045731
vt 0.238408 0.062968
vt 0.251275 0.063651
vt 0.278843 0.046385
vt 0.278327 0.021136
vt 0.279457 0.003922
vt 0.283359 0.004200
vt 0.266498 0.065486
vt 0.283148 0.021279
vt 0.289822 0.004308
vt 0.281771 0.046528
vt 0.283205 0.067996
vt 0.288990 0.022134
vt 0.294293 0.004775
vt 0.285492 0.046577
vt 0.293884 0.022217
vt 0.300360 0.005683
vt 0.300692 0.022700
vt 0.302041 0.044464
vt 0.291005 0.045671
vt 0.294833 0.045447
vt 0.304894 0.062391
vt 0.298198 0.065790
vt 0.309667 0.076385
vt 0.295727 0.066142
vt 0.302469 0.081860
vt 0.318610 0.095488
vt 0.290009 0.067740
vt 0.310603 0.099712
vt 0.299501 0.085397
vt 0.329412 0.137910
vt 0.335856 0.135382
vt 0.340427 0.150595
vt 0.306941 0.103262
vt 0.333317 0.154090
vt 0.342250 0.174604
vt 0.324530 0.140799
vt 0.336877 0.177376
vt 0.340196 0.202257
vt 0.329303 0.156313
vt 0.335235 0.202945
vt 0.330734 0.179180
vt 0.335503 0.223215
vt 0.340473 0.221896
vt 0.338773 0.240347
vt 0.327525 0.180552
vt 0.331724 0.204353
vt 0.334057 0.240935
vt 0.331620 0.225319
vt 0.328188 0.205074
vt 0.331901 0.257253
vt 0.335365 0.258520
vt 0.330371 0.240433
vt 0.329187 0.267242
vt 0.331801 0.268870
vt 0.327581 0.282325
vt 0.328254 0.255996
vt 0.326087 0.265831
vt 0.324168 0.281784
vt 0.321451 0.298462
vt 0.321428 0.280275
vt 0.324826 0.254954
vt 0.327551 0.240365
vt 0.322305 0.265124
vt 0.285198 0.238327
vt 0.282541 0.247287
vt 0.327978 0.231870
vt 0.286193 0.235672
vt 0.328067 0.225431
vt 0.288675 0.227204
vt 0.288973 0.220413
vt 0.248115 0.220778
vt 0.246321 0.229508
vt 0.246178 0.231706
vt 0.213586 0.221680
vt 0.243788 0.239022
vt 0.213114 0.224341
vt 0.279743 0.257338
vt 0.210400 0.233044
vt 0.317234 0.279469
vt 0.240581 0.250349
vt 0.275382 0.269750
vt 0.310495 0.295160
vt 0.315018 0.296908
vt 0.270152 0.286108
vt 0.318206 0.298232
vt 0.299112 0.312291
vt 0.305778 0.316015
vt 0.308218 0.317215
vt 0.311252 0.317756
vt 0.313266 0.318745
vt 0.296643 0.336474
vt 0.299027 0.324346
vt 0.291747 0.333404
vt 0.302257 0.314408
vt 0.297511 0.323052
vt 0.294332 0.321238
vt 0.288754 0.331698
vt 0.280491 0.345876
vt 0.279262 0.351223
vt 0.276978 0.338765
vt 0.264643 0.352274
vt 0.264777 0.358055
vt 0.278863 0.341454
vt 0.246914 0.358375
vt 0.249145 0.364169
vt 0.237188 0.368622
vt 0.262763 0.349572
vt 0.231437 0.364168
vt 0.224306 0.375339
vt 0.245525 0.357099
vt 0.260346 0.345460
vt 0.242156 0.352717
vt 0.229280 0.362911
vt 0.220847 0.372977
vt 0.213743 0.382419
vt 0.219282 0.384432
vt 0.209210 0.400751
vt 0.203981 0.397508
vt 0.217900 0.371394
vt 0.208753 0.380935
vt 0.200619 0.394436
vt 0.202361 0.378402
vt 0.194277 0.392754
vt 0.190384 0.391775
vt 0.212435 0.367566
vt 0.225085 0.359225
vt 0.209045 0.365823
vt 0.221917 0.357273
vt 0.240311 0.350030
vt 0.198570 0.376632
vt 0.218678 0.354246
vt 0.195780 0.375086
vt 0.187249 0.390891
vt 0.206800 0.364028
vt 0.183720 0.371953
vt 0.173175 0.389482
vt 0.198248 0.358493
vt 0.211955 0.346598
vt 0.237970 0.347108
vt 0.169357 0.369443
vt 0.160755 0.386919
vt 0.181600 0.354339
vt 0.190962 0.341900
vt 0.165633 0.349286
vt 0.154861 0.366449
vt 0.149023 0.382855
vt 0.172735 0.336752
vt 0.133343 0.365239
vt 0.129260 0.373670
vt 0.144805 0.342825
vt 0.109247 0.351260
vt 0.104334 0.359659
vt 0.136404 0.358866
vt 0.113939 0.344544
vt 0.087338 0.335566
vt 0.081881 0.345833
vt 0.064134 0.333676
vt 0.091978 0.328459
vt 0.070222 0.321082
vt 0.120481 0.332481
vt 0.098009 0.316075
vt 0.127279 0.317494
vt 0.151751 0.328889
vt 0.075350 0.310302
vt 0.156530 0.319499
vt 0.057861 0.314439
vt 0.053037 0.328265
vt 0.178654 0.326175
vt 0.131146 0.309028
vt 0.159987 0.309991
vt 0.199719 0.331366
vt 0.184490 0.315746
vt 0.226198 0.335164
vt 0.210772 0.320988
vt 0.255849 0.340314
vt 0.245890 0.326481
vt 0.258032 0.343470
vt 0.270951 0.332973
vt 0.273781 0.335538
vt 0.281517 0.327324
vt 0.285009 0.329339
vt 0.291327 0.319624
vt 0.252658 0.316431
vt 0.260899 0.304081
vt 0.217184 0.310099
vt 0.224379 0.295618
vt 0.232043 0.278149
vt 0.190202 0.303087
vt 0.196525 0.288029
vt 0.201330 0.270856
vt 0.237048 0.262369
vt 0.204716 0.254587
vt 0.207621 0.243721
vt 0.174851 0.262282
vt 0.181254 0.237315
vt 0.169740 0.278637
vt 0.178315 0.246919
vt 0.147388 0.253096
vt 0.164785 0.295001
vt 0.143258 0.268028
vt 0.134629 0.299331
vt 0.138684 0.283670
vt 0.107278 0.294667
vt 0.110107 0.286928
vt 0.114999 0.272202
vt 0.103690 0.303336
vt 0.087283 0.281177
vt 0.080401 0.300779
vt 0.084797 0.289672
vt 0.066766 0.289700
vt 0.069538 0.285571
vt 0.072117 0.279212
vt 0.089867 0.274654
vt 0.074700 0.273449
vt 0.056849 0.268640
vt 0.055014 0.271591
vt 0.056669 0.294583
vt 0.049806 0.276236
vt 0.047209 0.296737
vt 0.048526 0.312750
vt 0.045077 0.323584
vt 0.042214 0.320864
vt 0.044961 0.311664
vt 0.036690 0.317922
vt 0.043797 0.298133
vt 0.038947 0.308880
vt 0.032189 0.316678
vt 0.033916 0.308434
vt 0.034218 0.301214
vt 0.038414 0.299363
vt 0.037285 0.282331
vt 0.031695 0.283677
vt 0.027643 0.286610
vt 0.017383 0.274237
vt 0.040824 0.280707
vt 0.020850 0.271538
vt 0.005881 0.260096
vt 0.024405 0.269968
vt 0.008510 0.257841
vt 0.003251 0.254428
vt 0.012006 0.257392
vt 0.025756 0.266858
vt 0.007003 0.253394
vt 0.032037 0.261943
vt 0.015186 0.257324
vt 0.021359 0.254136
vt 0.035628 0.258117
vt 0.025716 0.251958
vt 0.036807 0.255765
vt 0.027779 0.250935
vt 0.038131 0.253363
vt 0.029950 0.249225
vt 0.060549 0.264052
vt 0.076139 0.267938
vt 0.062560 0.259525
vt 0.093721 0.262134
vt 0.079661 0.256682
vt 0.097219 0.248852
vt 0.039549 0.250399
vt 0.065405 0.250980
vt 0.082523 0.244728
vt 0.119937 0.257154
vt 0.084049 0.239755
vt 0.124189 0.245786
vt 0.099467 0.241950
vt 0.130676 0.230573
vt 0.104866 0.229526
vt 0.085430 0.231295
vt 0.151467 0.236992
vt 0.154380 0.230128
vt 0.135772 0.221699
vt 0.156958 0.223504
vt 0.184030 0.227867
vt 0.135745 0.216899
vt 0.186905 0.219682
vt 0.158159 0.215752
vt 0.187166 0.217529
vt 0.158991 0.213548
vt 0.135691 0.213389
vt 0.187879 0.208740
vt 0.215298 0.213813
vt 0.160034 0.202583
vt 0.247297 0.211855
vt 0.191421 0.198113
vt 0.290048 0.203522
vt 0.216935 0.205113
vt 0.220698 0.191342
vt 0.250092 0.198437
vt 0.324787 0.181560
vt 0.289274 0.183761
vt 0.320327 0.159930
vt 0.317634 0.160748
vt 0.323697 0.158543
vt 0.317590 0.152331
vt 0.320727 0.151474
vt 0.315081 0.152815
vt 0.318653 0.143563
vt 0.315020 0.144658
vt 0.302118 0.106585
vt 0.296582 0.095279
vt 0.299725 0.107082
vt 0.294554 0.087039
vt 0.293338 0.095554
vt 0.312755 0.145451
vt 0.296032 0.107276
vt 0.290674 0.087340
vt 0.286473 0.067995
vt 0.291222 0.095435
vt 0.288015 0.086991
vt 0.271901 0.085019
vt 0.274246 0.093966
vt 0.275832 0.105115
vt 0.255493 0.083035
vt 0.257140 0.090250
vt 0.240751 0.081529
vt 0.241105 0.087526
vt 0.257845 0.102662
vt 0.239861 0.100074
vt 0.217301 0.077620
vt 0.217080 0.082582
vt 0.186387 0.075882
vt 0.215322 0.095359
vt 0.185982 0.080469
vt 0.162244 0.075775
vt 0.161438 0.079676
vt 0.139158 0.075299
vt 0.183836 0.089642
vt 0.142414 0.059354
vt 0.124217 0.061181
vt 0.114038 0.060210
vt 0.110778 0.074005
vt 0.104236 0.063522
vt 0.103282 0.070286
vt 0.138179 0.078598
vt 0.100734 0.062075
vt 0.097420 0.059333
vt 0.093912 0.064792
vt 0.100622 0.068222
vt 0.096898 0.066884
vt 0.091064 0.070415
vt 0.097443 0.072629
vt 0.094141 0.071753
vt 0.089321 0.074604
vt 0.100565 0.073790
vt 0.092558 0.075903
vt 0.107767 0.074400
vt 0.091206 0.080294
vt 0.087227 0.078745
vt 0.096027 0.076297
vt 0.094341 0.081430
vt 0.086355 0.109035
vt 0.082050 0.108513
vt 0.099118 0.076259
vt 0.086238 0.117152
vt 0.082310 0.116454
vt 0.097257 0.081114
vt 0.106300 0.077958
vt 0.104969 0.082660
vt 0.092662 0.111930
vt 0.089953 0.110808
vt 0.100135 0.114289
vt 0.093180 0.116957
vt 0.089798 0.117529
vt 0.086872 0.121825
vt 0.082759 0.121706
vt 0.086181 0.136969
vt 0.090668 0.122401
vt 0.091733 0.136957
vt 0.094045 0.152691
vt 0.087392 0.150265
vt 0.086353 0.160744
vt 0.097450 0.138961
vt 0.094476 0.121393
vt 0.092596 0.162881
vt 0.082671 0.169590
vt 0.101191 0.119437
vt 0.089640 0.173146
vt 0.076945 0.179209
vt 0.097865 0.164186
vt 0.099425 0.152349
vt 0.083542 0.184398
vt 0.070843 0.187426
vt 0.094681 0.175117
vt 0.075297 0.192612
vt 0.087579 0.186708
vt 0.101511 0.165271
vt 0.097961 0.177872
vt 0.078805 0.195598
vt 0.090999 0.190001
vt 0.059825 0.202398
vt 0.058238 0.197591
vt 0.038377 0.203160
vt 0.061518 0.205213
vt 0.081678 0.199241
vt 0.039972 0.208100
vt 0.041417 0.210417
vt 0.063105 0.209011
vt 0.021012 0.214821
vt 0.018411 0.211797
vt 0.013770 0.216474
vt 0.024890 0.216205
vt 0.016774 0.219416
vt 0.020837 0.219563
vt 0.026849 0.217837
vt 0.014514 0.223357
vt 0.010462 0.220366
vt 0.017823 0.223571
vt 0.023589 0.221225
vt 0.011168 0.229053
vt 0.007267 0.225896
vt 0.003457 0.238266
vt 0.014354 0.229734
vt 0.007748 0.239571
vt 0.002173 0.248786
vt 0.010786 0.240286
vt 0.006632 0.249197
vt 0.009807 0.248951
vt 0.010279 0.253082
vt 0.013479 0.241535
vt 0.013177 0.253277
vt 0.012570 0.249312
vt 0.019561 0.253471
vt 0.018999 0.249701
vt 0.021930 0.249224
vt 0.019368 0.242770
vt 0.024450 0.248813
vt 0.022588 0.244807
vt 0.026481 0.248414
vt 0.024511 0.245280
vt 0.029386 0.247608
vt 0.026420 0.246099
vt 0.031426 0.247386
vt 0.033362 0.234852
vt 0.029897 0.234508
vt 0.041846 0.243763
vt 0.034749 0.235300
vt 0.043495 0.236553
vt 0.067711 0.241810
vt 0.043488 0.234293
vt 0.068736 0.237167
vt 0.067934 0.230479
vt 0.034410 0.233718
vt 0.043522 0.229362
vt 0.067857 0.226567
vt 0.031096 0.232401
vt 0.086002 0.226284
vt 0.043860 0.226746
vt 0.105298 0.224174
vt 0.067681 0.223624
vt 0.086156 0.224433
vt 0.105231 0.220426
vt 0.090465 0.214074
vt 0.107491 0.211917
vt 0.134807 0.205093
vt 0.113465 0.198261
vt 0.136296 0.196095
vt 0.104806 0.197159
vt 0.118880 0.186859
vt 0.110558 0.183666
vt 0.164734 0.188768
vt 0.140230 0.179277
vt 0.193987 0.184779
vt 0.166929 0.176152
vt 0.199423 0.167993
vt 0.124291 0.172954
vt 0.143394 0.168152
vt 0.169881 0.160424
vt 0.125621 0.161104
vt 0.146612 0.155201
vt 0.114888 0.167321
vt 0.105093 0.180809
vt 0.115487 0.154956
vt 0.097769 0.193567
vt 0.110610 0.165880
vt 0.085975 0.204923
vt 0.065781 0.213247
vt 0.043791 0.217485
vt 0.043518 0.224320
vt 0.042029 0.212819
vt 0.031355 0.221213
vt 0.028033 0.224262
vt 0.032782 0.225931
vt 0.033483 0.228256
vt 0.021450 0.224561
vt 0.033985 0.230242
vt 0.032693 0.230722
vt 0.031760 0.228795
vt 0.029843 0.230996
vt 0.030147 0.226921
vt 0.028392 0.229458
vt 0.025971 0.227563
vt 0.028150 0.233836
vt 0.026383 0.233250
vt 0.022385 0.232834
vt 0.017197 0.231311
vt 0.364634 0.149975
vt 0.354263 0.146545
vt 0.344639 0.137036
vt 0.362235 0.137025
vt 0.344604 0.131823
vt 0.337311 0.127603
vt 0.382522 0.138068
vt 0.384852 0.151136
vt 0.401966 0.146824
vt 0.341151 0.120833
vt 0.328997 0.112933
vt 0.400839 0.134112
vt 0.424068 0.138013
vt 0.341004 0.110777
vt 0.321536 0.098316
vt 0.422404 0.121404
vt 0.438438 0.127811
vt 0.398192 0.122572
vt 0.437550 0.103781
vt 0.446632 0.117325
vt 0.452421 0.101687
vt 0.417753 0.110558
vt 0.379751 0.125975
vt 0.394967 0.114105
vt 0.359380 0.125671
vt 0.376683 0.117191
vt 0.358184 0.116530
vt 0.358725 0.110265
vt 0.376119 0.111330
vt 0.342630 0.104793
vt 0.360831 0.097683
vt 0.326006 0.093426
vt 0.313478 0.075880
vt 0.348279 0.093373
vt 0.335050 0.083221
vt 0.315708 0.073679
vt 0.312239 0.052142
vt 0.327172 0.069556
vt 0.314526 0.052795
vt 0.325088 0.053842
vt 0.322352 0.031848
vt 0.320478 0.031963
vt 0.331506 0.018523
vt 0.329427 0.035479
vt 0.332689 0.020209
vt 0.343620 0.011382
vt 0.342906 0.009680
vt 0.340108 0.022219
vt 0.372429 0.054561
vt 0.355283 0.012918
vt 0.352787 0.006616
vt 0.352323 0.004857
vt 0.371282 0.001133
vt 0.371561 0.003270
vt 0.390880 0.002616
vt 0.372712 0.009855
vt 0.391292 0.005345
vt 0.410208 0.009670
vt 0.389627 0.011991
vt 0.409945 0.014150
vt 0.405522 0.021107
vt 0.430488 0.029750
vt 0.416798 0.036102
vt 0.427676 0.032243
vt 0.436914 0.052541
vt 0.441864 0.052295
vt 0.434047 0.052037
vt 0.420584 0.051596
vt 0.418783 0.066614
vt 0.431329 0.071325
vt 0.435535 0.073007
vt 0.439621 0.075153
vt 0.446629 0.066672
vt 0.426460 0.091467
vt 0.431393 0.096418
vt 0.422011 0.086662
vt 0.412442 0.104844
vt 0.412234 0.078637
vt 0.409881 0.099345
vt 0.402039 0.089738
vt 0.392702 0.108474
vt 0.388773 0.096436
vt 0.374922 0.099331
vt 0.110538 0.078293
vt 0.109452 0.083188
vt 0.137352 0.084413
vt 0.105103 0.115786
vt 0.160161 0.086650
vt 0.130194 0.122481
vt 0.105309 0.120124
vt 0.153451 0.127045
vt 0.102995 0.124184
vt 0.129562 0.126989
vt 0.106673 0.125241
vt 0.101877 0.139177
vt 0.110380 0.141550
vt 0.103193 0.151370
vt 0.110959 0.153544
vt 0.114940 0.142494
vt 0.127602 0.149124
vt 0.128706 0.135973
vt 0.150065 0.141353
vt 0.152477 0.132163
vt 0.173563 0.146268
vt 0.176169 0.137482
vt 0.177235 0.132501
vt 0.207013 0.138831
vt 0.205748 0.144015
vt 0.235881 0.144923
vt 0.203691 0.152641
vt 0.234447 0.150812
vt 0.259186 0.148712
vt 0.226248 0.175371
vt 0.283596 0.149776
vt 0.253601 0.180582
vt 0.231986 0.158872
vt 0.286123 0.165129
vt 0.258095 0.163614
vt 0.258746 0.154958
vt 0.284562 0.156566
vt 0.054668 0.047905
vt 0.057295 0.051246
vt 0.052943 0.067840
vt 0.060276 0.066405
vt 0.051228 0.046022
vt 0.064592 0.082974
vt 0.040870 0.067755
vt 0.043389 0.044745
vt 0.033724 0.045314
vt 0.052372 0.083695
vt 0.051252 0.101023
vt 0.072266 0.101451
vt 0.039720 0.083857
vt 0.030953 0.068003
vt 0.029664 0.046273
vt 0.026985 0.047640
vt 0.024474 0.050958
vt 0.020815 0.067571
vt 0.029048 0.083869
vt 0.014294 0.085905
vt 0.028798 0.100112
vt 0.039575 0.099631
vt 0.018733 0.109814
vt 0.009462 0.103898
vt 0.041093 0.133520
vt 0.015069 0.120060
vt 0.005433 0.117452
vt 0.013655 0.128808
vt 0.003482 0.132679
vt 0.014194 0.145216
vt 0.003646 0.144845
vt 0.005778 0.157140
vt 0.017961 0.157126
vt 0.012000 0.172134
vt 0.022624 0.175304
vt 0.024470 0.162122
vt 0.023799 0.186172
vt 0.016972 0.186708
vt 0.018783 0.189809
vt 0.024228 0.192004
vt 0.053469 0.164313
vt 0.053402 0.177910
vt 0.051926 0.186779
vt 0.051331 0.193019
vt 0.054651 0.193024
vt 0.057218 0.191346
vt 0.059597 0.186434
vt 0.062231 0.180132
vt 0.060126 0.161995
vt 0.068826 0.168646
vt 0.062796 0.156956
vt 0.075019 0.155486
vt 0.066767 0.143896
vt 0.078094 0.139718
vt 0.067088 0.126443
vt 0.077741 0.126235
vt 0.076059 0.113181
vt 0.063334 0.113067
vn 0.0614 -0.8355 -0.5460
vn -0.2211 -0.2304 -0.9476
vn 0.0566 -0.2062 -0.9769
vn -0.0886 0.5305 -0.8431
vn -0.2479 -0.7923 -0.5575
vn -0.0746 -0.9809 0.1796
vn -0.3661 0.4177 -0.8315
vn -0.2817 0.9273 -0.2464
vn -0.3437 -0.9338 0.0990
vn -0.2704 -0.5680 0.7773
vn -0.6211 -0.6146 -0.4863
vn -0.6627 -0.2279 -0.7134
vn -0.5298 -0.5710 0.6271
vn -0.4102 0.1506 0.8995
vn -0.7139 0.1675 -0.6799
vn -0.9655 -0.1519 -0.2113
vn -0.7365 -0.6742 -0.0551
vn -0.8227 -0.4894 0.2892
vn -0.8313 0.4400 -0.3397
vn -0.9122 -0.0110 0.4096
vn -0.9184 0.3828 0.0995
vn -0.5446 0.7836 -0.2989
vn -0.6604 0.6604 0.3574
vn -0.4160 0.7737 0.4778
vn -0.6732 0.0858 0.7345
vn 0.0886 -0.5305 0.8431
vn 0.2211 0.2304 0.9476
vn -0.0566 0.2062 0.9769
vn -0.0614 0.8355 0.5460
vn 0.3661 -0.4177 0.8315
vn 0.2817 -0.9273 0.2464
vn 0.2479 0.7923 0.5575
vn 0.0746 0.9809 -0.1796
vn 0.5446 -0.7836 0.2990
vn 0.3437 0.9338 -0.0990
vn 0.2704 0.5680 -0.7774
vn 0.6211 0.6146 0.4863
vn 0.7139 -0.1675 0.6799
vn 0.6627 0.2279 0.7134
vn 0.8313 -0.4400 0.3397
vn 0.9655 0.1519 0.2113
vn 0.9184 -0.3828 -0.0995
vn 0.6604 -0.6604 -0.3574
vn 0.4160 -0.7737 -0.4778
vn 0.4102 -0.1506 -0.8995
vn 0.9122 0.0111 -0.4096
vn 0.6732 -0.0858 -0.7345
vn 0.5298 0.5710 -0.6271
vn 0.8227 0.4894 -0.2892
vn 0.7365 0.6742 0.0551
vn -0.0261 0.0028 -0.9997
vn -0.0241 0.1621 -0.9865
vn -0.6810 0.0476 -0.7308
vn -0.6308 0.0124 -0.7758
vn -0.6704 -0.0948 -0.7359
vn -0.0526 -0.2600 -0.9642
vn -0.6136 -0.0280 -0.7891
vn -0.7432 -0.0161 -0.6689
vn -0.8232 -0.0533 -0.5652
vn -0.7086 -0.1910 -0.6792
vn -0.2020 -0.5282 -0.8247
vn -0.6105 -0.1208 -0.7827
vn -0.8740 0.0013 -0.4860
vn -0.9735 -0.0996 -0.2060
vn -0.7184 -0.1440 -0.6805
vn -0.9805 0.0504 -0.1902
vn -0.8831 0.0728 -0.4634
vn -0.9600 0.2603 -0.1029
vn -0.9752 0.0374 -0.2183
vn -0.9663 -0.1024 -0.2362
vn -0.9374 0.3238 -0.1284
vn -0.9741 0.0521 -0.2202
vn -0.9681 -0.1019 -0.2291
vn -0.9136 0.3642 -0.1808
vn -0.9858 0.0459 -0.1614
vn -0.9776 -0.1418 -0.1555
vn -0.8080 0.5659 -0.1636
vn -0.9940 -0.0059 -0.1095
vn -0.9810 -0.1693 -0.0950
vn -0.9321 0.3083 -0.1903
vn -0.9994 0.0009 -0.0341
vn -0.9895 -0.1350 -0.0526
vn -0.9489 0.2809 -0.1437
vn -0.9965 -0.0052 0.0828
vn -0.9892 -0.1315 0.0646
vn -0.9701 0.2315 -0.0729
vn -0.8186 0.5259 -0.2308
vn -0.9883 -0.0225 0.1510
vn -0.9824 -0.1227 0.1409
vn -0.9853 0.1697 0.0205
vn -0.8250 0.5282 -0.2009
vn -0.9859 -0.0417 0.1623
vn -0.9730 -0.1368 0.1857
vn -0.9880 0.1257 0.0897
vn -0.8498 0.5005 -0.1655
vn -0.8869 0.4584 -0.0572
vn -0.9900 0.0935 0.1058
vn -0.8666 -0.1022 0.4884
vn -0.8668 -0.1473 0.4764
vn -0.5253 -0.1360 0.8400
vn -0.9236 0.3830 -0.0146
vn -0.5213 -0.1201 0.8449
vn 0.2151 -0.0378 0.9759
vn -0.8822 -0.0179 0.4706
vn -0.9414 0.3372 0.0012
vn 0.2784 -0.0801 0.9571
vn 0.4623 0.0208 0.8865
vn -0.4553 -0.1407 0.8791
vn 0.4615 -0.0666 0.8846
vn 0.1360 -0.0193 0.9905
vn 0.1908 -0.0902 0.9775
vn 0.1663 -0.2823 0.9448
vn 0.2475 -0.2105 0.9457
vn 0.4007 -0.2630 0.8776
vn -0.0448 -0.4378 0.8980
vn 0.0687 -0.4367 0.8970
vn -0.3412 -0.4286 0.8366
vn -0.0588 -0.2882 0.9558
vn -0.3442 -0.3337 0.8776
vn -0.5488 -0.2333 0.8028
vn -0.4844 -0.1245 0.8659
vn -0.5320 -0.2554 0.8073
vn -0.3468 -0.2584 0.9016
vn -0.6049 0.0301 0.7957
vn -0.6608 0.0171 0.7503
vn -0.5940 0.2146 0.7753
vn -0.5189 -0.2401 0.8204
vn -0.6154 0.1451 0.7748
vn -0.6033 0.1835 0.7761
vn -0.5561 0.0135 0.8310
vn -0.5279 0.2105 0.8228
vn -0.3315 0.2613 0.9065
vn -0.6092 0.1240 0.7833
vn -0.0221 0.3616 0.9321
vn -0.2080 0.4022 0.8916
vn 0.0428 0.2860 0.9573
vn -0.2131 0.2431 0.9463
vn -0.1410 0.1950 0.9706
vn 0.5327 0.6065 0.5903
vn 0.7153 0.4361 0.5460
vn 0.0719 0.1774 0.9815
vn 0.6729 0.3126 0.6705
vn 0.9454 0.3168 0.0767
vn 0.0266 0.0754 0.9968
vn -0.1607 0.1226 0.9794
vn 0.6314 0.1140 0.7671
vn 0.0493 -0.0538 0.9973
vn -0.1067 0.0183 0.9941
vn -0.1309 -0.0160 0.9913
vn 0.5839 -0.0876 0.8071
vn 0.5672 -0.3011 0.7666
vn -0.0260 -0.0922 0.9954
vn -0.2226 -0.0876 0.9710
vn 0.4938 -0.4142 0.7646
vn 0.9478 -0.2348 0.2156
vn 0.9824 -0.0565 0.1782
vn 0.8705 -0.4284 0.2422
vn 0.9892 -0.0579 0.1346
vn 0.9541 -0.2547 0.1578
vn 0.9841 0.1362 0.1136
vn 0.9721 0.2311 0.0391
vn 0.9674 0.2410 0.0781
vn 0.9926 0.1080 0.0558
vn 0.9810 0.1779 0.0771
vn 0.9916 0.1233 0.0389
vn 0.9262 0.3768 0.0114
vn 0.9842 -0.1655 0.0633
vn 0.9088 0.4094 -0.0806
vn 0.9706 -0.2293 0.0736
vn 0.9939 -0.0996 -0.0464
vn 0.9136 -0.3596 0.1896
vn 0.9569 -0.2862 -0.0495
vn 0.7850 -0.5531 0.2791
vn 0.9365 -0.3425 0.0757
vn 0.8039 -0.5546 0.2149
vn 0.6551 -0.6929 0.3011
vn 0.2601 -0.4925 0.8305
vn 0.6383 -0.7388 0.2161
vn -0.1994 -0.1386 0.9701
vn 0.5355 -0.7945 0.2864
vn -0.4044 -0.0979 0.9093
vn -0.6609 0.3531 0.6622
vn -0.7102 0.2234 0.6676
vn -0.3939 -0.3072 0.8663
vn -0.6063 -0.3635 0.7073
vn -0.7285 0.3862 0.5658
vn -0.7364 -0.1116 0.6673
vn -0.0109 -0.5331 0.8460
vn -0.6429 -0.0870 0.7610
vn -0.3660 -0.5855 0.7234
vn -0.7693 0.0278 0.6383
vn -0.8690 -0.0993 0.4848
vn -0.8895 -0.0098 0.4569
vn -0.8284 0.1130 0.5487
vn -0.8775 0.1491 0.4558
vn -0.8392 0.3421 0.4228
vn -0.8417 0.1005 0.5305
vn -0.7915 0.4002 0.4618
vn -0.7568 0.5082 0.4111
vn -0.6346 0.5739 0.5177
vn -0.8308 0.2147 0.5134
vn -0.6187 0.5491 0.5619
vn -0.3654 0.5991 0.7124
vn -0.7820 0.3304 0.5285
vn -0.8424 0.1321 0.5225
vn -0.8444 0.1155 0.5231
vn -0.6512 0.3906 0.6507
vn -0.1714 0.6308 0.7568
vn 0.1478 0.4165 0.8971
vn -0.1698 0.4054 0.8982
vn 0.0076 0.2281 0.9736
vn 0.3068 0.2710 0.9124
vn -0.3396 0.3917 0.8551
vn 0.0405 0.3057 0.9513
vn 0.1142 0.1743 0.9781
vn -0.6115 -0.0084 0.7912
vn -0.5538 -0.0301 0.8321
vn -0.8808 -0.1700 0.4420
vn -0.7068 0.0240 0.7070
vn -0.7978 0.0660 0.5992
vn -0.8685 -0.3963 0.2978
vn -0.7210 -0.6905 0.0576
vn -0.6620 -0.7321 0.1606
vn -0.8715 -0.2192 0.4387
vn -0.6028 -0.7951 -0.0659
vn -0.9190 -0.3783 0.1112
vn -0.9585 -0.2431 0.1490
vn -0.7771 -0.6279 0.0422
vn -0.9151 -0.3949 0.0820
vn -0.9613 -0.2527 0.1094
vn -0.7412 -0.6702 0.0383
vn -0.6550 -0.7549 0.0329
vn -0.5343 -0.8441 0.0447
vn -0.9168 -0.3939 0.0656
vn -0.9717 -0.2283 0.0608
vn -0.7702 -0.6369 0.0338
vn -0.6736 -0.7384 0.0306
vn -0.7754 -0.6307 -0.0303
vn -0.9308 -0.3644 -0.0299
vn -0.9824 -0.1764 -0.0618
vn -0.6703 -0.7410 -0.0409
vn -0.9810 -0.1680 -0.0969
vn -0.9741 -0.2031 -0.0992
vn -0.7761 -0.6216 -0.1064
vn -0.9815 -0.1295 -0.1412
vn -0.9753 -0.1642 -0.1474
vn -0.9286 -0.3577 -0.0987
vn -0.9348 -0.3351 -0.1175
vn -0.9659 -0.1109 -0.2341
vn -0.9647 -0.1402 -0.2230
vn -0.9483 -0.1770 -0.2634
vn -0.9313 -0.2882 -0.2225
vn -0.9368 -0.1720 -0.3047
vn -0.7653 -0.6338 -0.1124
vn -0.7384 -0.6511 -0.1756
vn -0.6261 -0.7683 -0.1330
vn -0.6617 -0.7374 -0.1355
vn -0.9052 -0.2653 -0.3320
vn -0.5869 -0.7950 -0.1536
vn -0.9205 -0.2956 -0.2556
vn -0.9486 -0.2289 -0.2184
vn -0.5416 -0.8392 -0.0491
vn -0.5550 -0.8119 -0.1810
vn -0.2694 -0.9462 -0.1794
vn -0.5723 -0.8200 0.0082
vn -0.2626 -0.9591 -0.1053
vn -0.5284 -0.8464 0.0666
vn -0.2640 -0.9645 -0.0040
vn -0.4610 -0.8803 0.1119
vn -0.2378 -0.9659 0.1028
vn -0.6680 -0.6922 0.2732
vn -0.3184 -0.9340 0.1619
vn -0.7393 -0.4951 0.4564
vn -0.0234 -0.9796 0.1998
vn -0.5943 -0.5654 0.5720
vn 0.2488 -0.9387 0.2388
vn 0.1103 -0.9862 0.1236
vn 0.4270 -0.8867 0.1772
vn 0.0474 -0.9989 0.0045
vn 0.3256 -0.9449 0.0344
vn 0.6081 -0.7906 0.0719
vn -0.0140 -0.9924 -0.1222
vn 0.2704 -0.9579 -0.0960
vn 0.5883 -0.8052 -0.0746
vn 0.8085 -0.5836 0.0762
vn 0.7871 -0.6128 -0.0701
vn 0.8951 -0.4417 -0.0611
vn 0.5468 -0.8143 -0.1948
vn 0.8816 -0.4445 -0.1591
vn 0.2203 -0.9529 -0.2084
vn 0.7580 -0.6276 -0.1776
vn 0.5283 -0.8030 -0.2758
vn -0.0320 -0.9783 -0.2045
vn 0.1969 -0.9454 -0.2599
vn -0.2411 -0.9431 -0.2289
vn -0.0223 -0.9686 -0.2476
vn -0.4601 -0.8708 -0.1733
vn -0.1964 -0.9632 -0.1834
vn 0.0024 -0.9822 -0.1878
vn -0.5233 -0.8381 -0.1540
vn -0.4213 -0.9012 -0.1012
vn -0.7396 -0.6317 -0.2324
vn -0.5334 -0.8367 -0.1244
vn -0.8616 -0.3993 -0.3134
vn -0.7201 -0.6683 -0.1867
vn -0.5699 -0.8174 -0.0838
vn -0.1327 -0.9872 -0.0885
vn -0.4617 -0.8864 -0.0331
vn -0.7138 -0.6887 -0.1270
vn -0.8397 -0.5019 -0.2072
vn -0.8938 -0.3371 -0.2957
vn -0.8817 -0.4263 -0.2023
vn -0.9077 -0.2366 -0.3464
vn -0.8931 -0.1654 -0.4184
vn -0.8808 -0.1487 -0.4496
vn -0.6527 0.0555 -0.7556
vn -0.8141 0.0717 -0.5763
vn -0.7458 0.0897 -0.6601
vn -0.9031 -0.0682 -0.4239
vn -0.8217 0.0576 -0.5670
vn -0.0570 0.3834 -0.9218
vn -0.1189 0.5180 -0.8471
vn -0.3793 0.6461 -0.6623
vn -0.8935 0.0880 -0.4404
vn -0.9652 -0.1319 -0.2259
vn -0.9689 -0.1495 -0.1974
vn -0.7591 0.5657 -0.3220
vn -0.9407 0.3118 -0.1339
vn -0.9370 -0.2782 -0.2113
vn -0.9319 -0.3133 -0.1829
vn -0.9557 0.2328 -0.1803
vn -0.9759 -0.1423 -0.1652
vn -0.9484 -0.1251 -0.2913
vn -0.6887 0.3677 -0.6249
vn -0.8555 -0.4178 -0.3058
vn -0.9631 -0.1938 -0.1869
vn -0.7267 -0.0948 -0.6804
vn -0.8605 -0.4741 -0.1863
vn -0.9571 -0.1504 -0.2478
vn -0.8498 -0.4208 -0.3175
vn -0.8488 -0.4957 -0.1839
vn -0.8313 -0.4461 -0.3315
vn -0.8314 -0.5266 -0.1773
vn -0.8755 -0.3952 -0.2781
vn -0.5467 -0.8174 -0.1817
vn -0.6829 -0.6736 -0.2825
vn -0.5395 -0.8380 -0.0813
vn -0.1524 -0.9878 0.0329
vn -0.1151 -0.9913 -0.0630
vn 0.0039 -0.9971 -0.0764
vn -0.0008 -0.9991 0.0423
vn 0.1609 -0.9835 -0.0821
vn -0.1021 -0.9795 -0.1734
vn 0.0515 -0.9962 -0.0707
vn 0.1771 -0.9840 0.0222
vn 0.2185 -0.9557 -0.1972
vn 0.6556 -0.7536 -0.0473
vn 0.5701 -0.7758 -0.2705
vn 0.6614 -0.7340 -0.1543
vn 0.7356 -0.5873 -0.3375
vn 0.7681 -0.5996 -0.2247
vn 0.7882 -0.6101 -0.0805
vn 0.7091 -0.6485 -0.2769
vn 0.8416 -0.4670 -0.2714
vn 0.8657 -0.3291 -0.3771
vn 0.9244 -0.2665 -0.2730
vn 0.9450 -0.2801 -0.1690
vn 0.9086 -0.0498 -0.4147
vn 0.9754 -0.1313 -0.1774
vn 0.9492 -0.1029 -0.2973
vn 0.9143 0.3515 -0.2011
vn 0.8934 0.3060 -0.3289
vn 0.8466 0.3164 -0.4279
vn 0.9797 0.0076 -0.2003
vn 0.9966 0.0606 -0.0559
vn 0.9461 -0.0305 -0.3224
vn 0.9967 0.0644 0.0491
vn 0.9870 -0.0072 -0.1606
vn 0.9481 0.3126 0.0579
vn 0.9992 0.0232 -0.0320
vn 0.9355 0.3507 -0.0441
vn 0.9438 0.3298 0.0215
vn 0.8828 0.4676 0.0441
vn 0.8987 0.4379 0.0258
vn 0.4053 0.7283 0.5526
vn 0.7970 0.6039 0.0111
vn -0.2923 0.4138 0.8622
vn 0.1800 0.8445 0.5044
vn -0.4839 0.3233 0.8132
vn 0.5986 0.7975 -0.0756
vn -0.4854 0.3183 0.8143
vn -0.1686 0.9053 0.3898
vn -0.5305 0.1076 0.8408
vn -0.5383 -0.0389 0.8418
vn -0.1365 0.9854 0.1020
vn -0.5751 -0.0300 0.8175
vn -0.6215 0.7267 0.2926
vn 0.2172 0.9455 -0.2424
vn 0.1146 0.9569 -0.2667
vn -0.8465 0.3230 0.4232
vn -0.8683 0.1195 0.4814
vn -0.3015 0.9213 -0.2454
vn -0.7839 0.6067 -0.1322
vn -0.7672 0.6228 -0.1534
vn -0.2838 0.9344 -0.2152
vn 0.1111 0.9661 -0.2329
vn -0.7229 0.6684 -0.1749
vn -0.2693 0.9313 -0.2453
vn -0.6553 0.7262 -0.2078
vn -0.2504 0.9385 -0.2377
vn 0.0954 0.9711 -0.2186
vn 0.0622 0.9745 -0.2157
vn -0.6613 0.7151 -0.2266
vn -0.3316 0.9126 -0.2391
vn -0.6826 0.6908 -0.2383
vn 0.0034 0.9762 -0.2167
vn -0.3425 0.9126 -0.2233
vn -0.7204 0.6782 -0.1450
vn -0.4156 0.9028 -0.1103
vn -0.7486 0.6616 0.0436
vn -0.0216 0.9765 -0.2145
vn -0.8271 0.5618 -0.0165
vn -0.8329 0.5523 0.0354
vn -0.8931 0.2299 -0.3867
vn -0.7924 0.6089 0.0363
vn -0.8218 -0.0843 -0.5635
vn -0.8947 0.3000 -0.3309
vn -0.4861 0.8674 0.1067
vn -0.8112 -0.2242 -0.5401
vn -0.4331 -0.6049 -0.6682
vn -0.5726 -0.4794 -0.6651
vn -0.8998 0.0750 -0.4298
vn -0.8652 -0.0354 -0.5002
vn -0.6270 -0.1228 -0.7692
vn -0.8031 0.2772 -0.5274
vn -0.7809 0.2719 -0.5624
vn -0.3130 0.2844 -0.9062
vn -0.8157 0.4045 -0.4136
vn -0.4275 0.6235 -0.6546
vn -0.8361 0.5383 -0.1053
vn -0.0079 0.6904 -0.7234
vn 0.0143 0.3878 -0.9216
vn -0.4487 0.5536 -0.7016
vn 0.0099 0.6527 -0.7576
vn 0.1169 0.7877 -0.6049
vn 0.1112 0.3526 -0.9291
vn -0.4672 0.7581 -0.4550
vn 0.6770 0.4854 -0.5533
vn 0.5465 0.1585 -0.8223
vn -0.0202 0.9343 -0.3560
vn -0.4476 0.8837 -0.1368
vn -0.0204 0.9976 -0.0657
vn 0.0806 0.9206 -0.3821
vn 0.1560 0.7478 -0.6453
vn 0.0700 0.9943 -0.0799
vn 0.6002 0.6240 -0.5003
vn 0.6989 0.4692 -0.5398
vn 0.9264 -0.0066 -0.3765
vn 0.7845 -0.3201 -0.5312
vn 0.5528 -0.4084 -0.7263
vn 0.9204 0.0562 -0.3869
vn 0.8611 -0.0629 -0.5045
vn 0.7785 -0.0679 -0.6240
vn 0.4214 -0.3364 -0.8422
vn 0.3928 -0.1017 -0.9140
vn 0.8468 -0.0855 -0.5250
vn 0.8914 0.1797 -0.4160
vn 0.6974 -0.0317 -0.7160
vn 0.3221 0.1252 -0.9384
vn 0.6036 0.7862 -0.1324
vn 0.6773 0.1010 -0.7287
vn 0.2776 0.4442 -0.8518
vn 0.7178 -0.0093 -0.6962
vn 0.7467 -0.0431 -0.6638
vn 0.7037 0.2782 -0.6538
vn 0.3442 0.7075 -0.6172
vn 0.6830 0.0989 -0.7237
vn 0.7274 0.4576 -0.5114
vn 0.7286 0.2493 -0.6380
vn 0.8341 0.0237 -0.5510
vn 0.8357 0.0618 -0.5457
vn 0.8397 0.3150 -0.4425
vn 0.8760 0.0881 -0.4743
vn 0.8886 0.3834 -0.2519
vn 0.6452 0.7105 -0.2811
vn 0.7392 0.6611 -0.1288
vn 0.9197 0.2763 -0.2790
vn 0.9107 0.1521 -0.3841
vn 0.9390 0.3054 -0.1583
vn 0.9793 0.0631 -0.1923
vn 0.9373 0.1957 -0.2885
vn 0.9070 0.3576 -0.2225
vn 0.7604 0.6351 -0.1357
vn 0.5689 0.5597 -0.6026
vn 0.9569 -0.0887 -0.2765
vn 0.7474 0.1189 -0.6537
vn 0.8362 -0.1379 -0.5307
vn 0.9628 0.0747 -0.2595
vn 0.3196 -0.0123 -0.9475
vn 0.2309 0.5240 -0.8198
vn 0.4647 -0.2629 -0.8455
vn 0.8331 0.0147 -0.5529
vn 0.0534 -0.0557 -0.9970
vn 0.0813 0.4803 -0.8733
vn -0.0728 0.4230 -0.9032
vn 0.0634 -0.2502 -0.9661
vn -0.1306 -0.0968 -0.9867
vn -0.3045 0.3823 -0.8724
vn -0.1318 -0.2797 -0.9510
vn -0.3758 -0.1087 -0.9203
vn -0.3623 -0.3965 -0.8435
vn -0.6541 -0.3858 -0.6506
vn -0.1699 -0.2419 -0.9553
vn -0.7477 -0.2238 -0.6252
vn -0.4263 -0.2531 -0.8684
vn -0.7100 -0.3924 -0.5848
vn -0.4218 -0.4443 -0.7904
vn -0.4971 -0.4194 -0.7596
vn -0.1446 -0.4257 -0.8932
vn -0.6479 -0.2250 -0.7277
vn -0.1782 -0.2765 -0.9443
vn -0.6251 -0.3682 -0.6883
vn -0.1430 -0.2927 -0.9454
vn -0.1419 -0.6648 -0.7335
vn -0.1124 -0.5943 -0.7964
vn -0.1046 -0.9264 -0.3616
vn 0.0192 -0.7272 -0.6861
vn 0.0015 -0.5600 -0.8285
vn 0.0354 -0.9837 -0.1763
vn 0.0585 -0.9585 -0.2791
vn 0.1382 -0.9773 -0.1605
vn 0.1858 -0.9786 -0.0889
vn 0.5645 -0.8090 -0.1640
vn 0.6025 -0.7922 -0.0975
vn 0.7857 -0.6071 -0.1185
vn 0.6347 -0.6990 -0.3296
vn 0.7584 -0.6277 -0.1755
vn 0.8710 -0.4746 -0.1267
vn 0.4764 -0.4096 -0.7780
vn 0.8199 -0.5649 -0.0936
vn 0.8864 -0.4233 -0.1876
vn 0.8040 -0.5455 -0.2366
vn 0.9139 -0.3877 -0.1202
vn 0.9526 -0.2543 -0.1672
vn 0.9343 -0.1391 -0.3283
vn 0.9598 -0.2469 -0.1333
vn 0.9495 -0.0520 -0.3095
vn 0.9144 0.1386 -0.3804
vn 0.9540 -0.1771 -0.2417
vn 0.9244 -0.2137 -0.3160
vn 0.9672 -0.2341 -0.0983
vn 0.9494 -0.1943 -0.2467
vn 0.9743 -0.1539 -0.1642
vn 0.9600 -0.0339 -0.2781
vn 0.9432 -0.0745 -0.3237
vn 0.9211 0.3640 -0.1384
vn 0.9017 0.3739 -0.2170
vn 0.8358 0.5298 -0.1437
vn 0.9578 0.0017 -0.2876
vn 0.9090 0.3331 -0.2506
vn 0.8014 0.5650 -0.1964
vn 0.9482 0.2529 -0.1921
vn 0.8089 0.5614 -0.1750
vn 0.9812 0.0318 -0.1903
vn 0.9688 -0.0744 -0.2366
vn 0.9602 0.2462 -0.1320
vn 0.9746 -0.2095 -0.0790
vn 0.9484 0.0418 -0.3143
vn 0.9623 -0.2560 -0.0915
vn 0.9483 -0.2802 -0.1493
vn 0.9523 -0.2243 -0.2070
vn 0.9122 -0.3604 -0.1950
vn 0.9674 0.1235 -0.2212
vn 0.9543 -0.1466 -0.2603
vn 0.8242 -0.1910 -0.5332
vn 0.8948 -0.3639 -0.2588
vn 0.8260 -0.4879 -0.2823
vn 0.4639 -0.1545 -0.8723
vn 0.8217 -0.4794 -0.3083
vn 0.6754 -0.4064 -0.6154
vn 0.6445 -0.4832 -0.5926
vn 0.4569 -0.3210 -0.8296
vn 0.7066 -0.3882 -0.5917
vn 0.3196 -0.4412 -0.8385
vn 0.3849 -0.3583 -0.8506
vn 0.0516 -0.2580 -0.9648
vn 0.0637 -0.3173 -0.9462
vn 0.0341 -0.4316 -0.9014
vn 0.0643 -0.2190 -0.9736
vn -0.9365 -0.0788 0.3418
vn -0.8304 0.2589 0.4933
vn -0.9189 0.0083 0.3944
vn -0.9648 -0.1152 0.2362
vn -0.9356 -0.1288 0.3287
vn -0.9367 -0.0423 0.3475
vn -0.9510 -0.0578 0.3038
vn -0.9007 -0.1081 0.4208
vn -0.8161 -0.0334 0.5769
vn -0.9227 -0.3806 0.0615
vn -0.8068 -0.5690 0.1589
vn -0.8852 0.0669 0.4604
vn -0.6366 -0.0892 0.7660
vn -0.7122 -0.6653 -0.2238
vn -0.4690 -0.8768 -0.1061
vn -0.7787 0.0296 0.6267
vn -0.5099 -0.2711 0.8164
vn -0.9834 0.1815 -0.0089
vn -0.6966 -0.1905 0.6917
vn -0.4372 -0.4266 0.7917
vn -0.5871 -0.4416 0.6784
vn -0.9178 0.3882 0.0836
vn -0.9954 -0.0710 -0.0638
vn -0.8727 0.1848 -0.4519
vn -0.9572 -0.2894 -0.0096
vn -0.8786 -0.1500 -0.4533
vn -0.8064 -0.4546 -0.3782
vn -0.9456 -0.2043 0.2533
vn -0.9763 -0.0155 0.2158
vn -0.8610 -0.3838 0.3337
vn -0.1724 0.3689 0.9133
vn -0.7544 -0.4979 0.4278
vn -0.4211 -0.8114 0.4053
vn -0.2772 0.5154 0.8109
vn -0.4053 0.5816 0.7054
vn -0.5984 -0.2962 0.7445
vn 0.2245 -0.8935 0.3890
vn -0.4659 0.6495 0.6009
vn -0.3651 -0.3106 0.8776
vn -0.5257 0.6438 0.5560
vn -0.2565 -0.1430 0.9559
vn -0.1160 -0.4187 0.9007
vn 0.3619 -0.3636 0.8584
vn -0.6215 0.6300 0.4657
vn -0.0845 -0.0774 0.9934
vn -0.0716 -0.0068 0.9974
vn 0.4295 -0.2459 0.8689
vn -0.7785 0.4940 0.3870
vn -0.5730 0.1734 0.8010
vn -0.8864 0.2773 0.3708
vn 0.0438 0.0786 0.9959
vn 0.7328 -0.0652 0.6774
vn 0.6454 0.1536 0.7482
vn -0.0002 0.2022 0.9793
vn 0.6779 0.3090 0.6670
vn -0.9169 0.0516 0.3957
vn 0.0339 0.3259 0.9448
vn -0.1191 0.4648 0.8774
vn -0.8753 -0.1366 0.4638
vn -0.2307 0.4243 0.8756
vn -0.7805 -0.2570 0.5699
vn 0.1010 0.7969 0.5956
vn -0.6323 -0.2989 0.7148
vn -0.2888 0.5259 0.8000
vn -0.4073 0.7599 0.5066
vn -0.6228 0.4015 0.6715
vn -0.4396 0.6096 0.6597
vn -0.5006 -0.3272 0.8014
vn -0.4219 -0.2360 0.8754
vn -0.5731 0.7223 0.3871
vn -0.4703 0.8795 -0.0729
vn -0.7571 0.0646 0.6501
vn -0.6957 -0.0741 0.7145
vn -0.5982 0.7581 -0.2599
vn -0.7990 0.4958 0.3403
vn -0.7179 0.6661 0.2023
vn -0.7685 0.4858 -0.4164
vn -0.3117 -0.2201 0.9243
vn -0.8827 0.4348 0.1783
vn -0.2632 -0.1312 0.9558
vn -0.9703 0.1976 0.1393
vn -0.1704 -0.0027 0.9854
vn -0.1301 0.1773 0.9755
vn -0.4217 0.8900 0.1733
vn -0.0228 0.9784 0.2053
vn -0.0387 0.9906 0.1314
vn 0.0189 0.9771 0.2118
vn -0.0327 0.9960 -0.0833
vn 0.0266 0.9916 0.1269
vn 0.3648 0.9115 0.1899
vn 0.0473 0.9955 -0.0822
vn 0.9017 0.3955 -0.1747
vn 0.4349 0.8947 0.1019
vn 0.6965 0.7107 0.0993
vn 0.8764 0.0878 -0.4734
vn 0.9230 0.2973 -0.2445
vn 0.8292 0.0297 -0.5582
vn 0.9404 0.1407 -0.3095
vn 0.8624 0.5062 0.0044
vn 0.8692 0.4904 -0.0625
vn 0.7060 0.7075 0.0326
vn 0.7016 0.7016 -0.1242
vn 0.4893 0.8663 -0.1009
vn 0.6979 0.6896 -0.1932
vn 0.5390 0.8195 -0.1947
vn 0.0920 0.9792 -0.1811
vn 0.1383 0.9758 -0.1695
vn 0.5497 0.8162 -0.1777
vn 0.1849 0.9695 -0.1610
vn 0.7273 0.6659 -0.1660
vn 0.5890 0.7959 -0.1402
vn 0.2027 0.9612 -0.1873
vn 0.8667 0.4943 -0.0672
vn 0.2142 0.9455 -0.2452
vn 0.8922 0.4511 -0.0201
vn 0.7719 0.6271 -0.1046
vn 0.8220 0.5694 -0.0119
vn 0.8081 0.5845 -0.0735
vn 0.6184 0.7755 -0.1272
vn 0.6112 0.7821 -0.1217
vn 0.1456 0.9420 0.3024
vn 0.1953 0.9384 0.2850
vn 0.2655 0.9428 0.2015
vn 0.3153 0.9437 0.0999
vn 0.1688 0.9361 0.3087
vn 0.6581 0.7527 0.0185
vn 0.0556 0.9625 0.2657
vn 0.0696 0.9416 0.3294
vn -0.0698 0.9406 0.3323
vn 0.3826 0.9131 0.1409
vn 0.1849 0.6684 -0.7204
vn 0.8094 0.5861 0.0374
vn 0.0294 0.9900 0.1380
vn -0.3379 0.9074 0.2500
vn -0.2318 0.9213 0.3122
vn -0.4370 0.8591 0.2664
vn -0.5884 0.7826 0.2033
vn -0.6556 0.7382 0.1590
vn -0.5369 0.8357 0.1160
vn -0.8278 0.5572 0.0659
vn -0.3546 0.6475 -0.6745
vn -0.0591 0.6270 -0.7768
vn -0.2631 0.5697 -0.7786
vn -0.9951 -0.0033 0.0988
vn -0.0127 0.1381 -0.9903
vn -0.0134 0.5385 -0.8425
vn -0.9850 0.0290 0.1702
vn -0.1727 0.1342 -0.9758
vn -0.9939 0.0005 0.1100
vn -0.0745 -0.1114 -0.9910
vn -0.9981 -0.0246 0.0559
vn -0.9829 -0.1838 0.0128
vn -0.3205 -0.2405 -0.9162
vn -0.7892 -0.6056 -0.1024
vn -0.1951 -0.9707 -0.1401
vn -0.0370 -0.4068 -0.9128
vn -0.0807 -0.9191 -0.3856
vn -0.2854 -0.7449 -0.6030
vn -0.2442 -0.8114 -0.5310
vn -0.0034 -0.8634 -0.5045
vn 0.1144 -0.3931 -0.9123
vn 0.1370 -0.9801 -0.1436
vn 0.0933 -0.9196 -0.3817
vn 0.0318 -0.8624 -0.5052
vn 0.2072 -0.8110 -0.5471
vn 0.3183 -0.7443 -0.5871
vn 0.3280 -0.7658 -0.5532
vn 0.6213 -0.7776 -0.0967
vn 0.3554 -0.3993 -0.8451
vn 0.9621 -0.2673 0.0540
vn 0.1088 -0.3541 -0.9289
vn 0.9852 -0.1637 0.0513
vn 0.1267 -0.0908 -0.9878
vn 0.9983 0.0189 0.0547
vn 0.1070 0.2733 -0.9560
vn 0.9913 0.1092 0.0732
vn 0.9723 0.2201 0.0786
vn 0.1142 0.5421 -0.8325
s 1
f 1/1/1 2/2/2 3/3/3
f 2/2/2 4/4/4 3/3/3
f 1/1/1 5/5/5 2/2/2
f 5/5/5 1/1/1 6/6/6
f 4/4/4 2/2/2 7/7/7
f 7/7/7 8/8/8 4/4/4
f 9/9/9 5/5/5 6/6/6
f 9/9/9 6/6/6 10/10/10
f 11/11/11 2/2/2 5/5/5
f 11/11/11 5/5/5 9/9/9
f 2/2/2 11/11/11 12/12/12
f 13/13/13 9/9/9 10/10/10
f 13/13/13 10/10/10 14/14/14
f 15/15/15 2/2/2 12/12/12
f 2/2/2 15/15/15 7/7/7
f 16/16/16 12/12/12 11/11/11
f 16/16/16 15/15/15 12/12/12
f 9/9/9 17/17/17 11/11/11
f 16/16/16 11/11/11 17/17/17
f 9/9/9 18/18/18 17/17/17
f 16/16/16 17/17/17 18/18/18
f 18/18/18 9/9/9 13/13/13
f 16/16/16 19/19/19 15/15/15
f 19/19/19 7/7/7 15/15/15
f 16/16/16 18/18/18 20/20/20
f 13/13/13 20/20/20 18/18/18
f 16/16/16 21/21/21 19/19/19
f 16/16/16 20/20/20 21/21/21
f 7/7/7 19/19/19 22/22/22
f 21/21/21 22/22/22 19/19/19
f 8/8/8 7/7/7 22/22/22
f 21/21/21 23/23/23 22/22/22
f 23/23/23 8/8/8 22/22/22
f 23/23/23 21/21/21 20/20/20
f 24/24/24 8/8/8 23/23/23
f 23/23/23 14/14/14 24/24/24
f 23/23/23 20/20/20 25/25/25
f 14/14/14 23/23/23 25/25/25
f 20/20/20 13/13/13 25/25/25
f 25/25/25 13/13/13 14/14/14
f 10/10/26 26/26/27 14/14/28
f 26/26/27 24/24/29 14/14/28
f 26/26/27 10/10/26 27/27/30
f 6/6/31 27/27/30 10/10/26
f 24/24/29 26/26/27 28/28/32
f 28/28/32 8/8/33 24/24/29
f 27/27/30 6/6/31 29/29/34
f 8/8/33 28/28/32 30/30/35
f 30/30/35 4/4/36 8/8/33
f 31/31/37 28/28/32 26/26/27
f 31/31/37 30/30/35 28/28/32
f 32/32/38 26/26/27 27/27/30
f 31/31/37 26/26/27 33/33/39
f 26/26/27 32/32/38 33/33/39
f 27/27/30 34/34/40 32/32/38
f 34/34/40 27/27/30 29/29/34
f 35/35/41 33/33/39 32/32/38
f 35/35/41 32/32/38 34/34/40
f 35/35/41 31/31/37 33/33/39
f 29/29/34 36/36/42 34/34/40
f 35/35/41 34/34/40 36/36/42
f 6/6/31 37/37/43 29/29/34
f 36/36/42 29/29/34 37/37/43
f 37/37/43 6/6/31 1/1/44
f 1/1/44 3/3/45 37/37/43
f 37/37/43 38/38/46 36/36/42
f 35/35/41 36/36/42 38/38/46
f 37/37/43 3/3/45 39/39/47
f 38/38/46 37/37/43 39/39/47
f 3/3/45 40/40/48 39/39/47
f 40/40/48 38/38/46 39/39/47
f 40/40/48 3/3/45 4/4/36
f 4/4/36 30/30/35 40/40/48
f 38/38/46 40/40/48 41/41/49
f 40/40/48 30/30/35 41/41/49
f 35/35/41 38/38/46 41/41/49
f 30/30/35 42/42/50 41/41/49
f 35/35/41 41/41/49 42/42/50
f 30/30/35 31/31/37 42/42/50
f 35/35/41 42/42/50 31/31/37
f 43/43/51 44/44/52 45/45/53
f 45/45/53 46/46/54 43/43/51
f 47/47/55 43/43/51 46/46/54
f 43/43/51 47/47/55 48/48/56
f 45/45/53 49/49/57 46/46/54
f 49/49/57 47/47/55 46/46/54
f 49/49/57 45/45/53 50/50/58
f 49/49/57 50/50/58 51/51/59
f 52/52/60 48/48/56 47/47/55
f 48/48/56 52/52/60 53/53/61
f 47/47/55 49/49/57 54/54/62
f 54/54/62 52/52/60 47/47/55
f 51/51/59 55/55/63 49/49/57
f 55/55/63 54/54/62 49/49/57
f 281/56/64 55/55/63 51/51/59
f 52/52/60 54/54/62 56/57/65
f 55/55/63 281/56/64 282/58/66
f 55/55/63 57/59/67 54/54/62
f 57/59/67 56/57/65 54/54/62
f 282/58/66 283/60/68 55/55/63
f 57/59/67 55/55/63 283/60/68
f 284/61/69 282/58/66 281/56/64
f 285/62/70 284/61/69 281/56/64
f 282/58/66 286/63/71 283/60/68
f 286/63/71 282/58/66 284/61/69
f 287/64/72 284/61/69 285/62/70
f 288/65/73 287/64/72 285/62/70
f 289/66/74 286/63/71 284/61/69
f 284/61/69 287/64/72 289/66/74
f 290/67/75 287/64/72 288/65/73
f 290/67/75 289/66/74 287/64/72
f 288/65/73 291/68/76 290/67/75
f 286/63/71 289/66/74 292/69/77
f 291/68/76 293/70/78 290/67/75
f 293/70/78 291/68/76 294/71/79
f 289/66/74 290/67/75 295/72/80
f 293/70/78 295/72/80 290/67/75
f 295/72/80 292/69/77 289/66/74
f 294/71/79 296/73/81 293/70/78
f 296/73/81 294/71/79 297/74/82
f 295/72/80 293/70/78 298/75/83
f 296/73/81 298/75/83 293/70/78
f 299/76/84 296/73/81 297/74/82
f 300/77/85 299/76/84 297/74/82
f 298/75/83 296/73/81 301/78/86
f 299/76/84 301/78/86 296/73/81
f 298/75/83 302/79/87 295/72/80
f 292/69/77 295/72/80 302/79/87
f 303/80/88 299/76/84 300/77/85
f 304/81/89 303/80/88 300/77/85
f 301/78/86 299/76/84 305/82/90
f 303/80/88 305/82/90 299/76/84
f 301/78/86 306/83/91 298/75/83
f 306/83/91 302/79/87 298/75/83
f 307/84/92 303/80/88 304/81/89
f 308/85/93 307/84/92 304/81/89
f 303/80/88 309/86/94 305/82/90
f 307/84/92 309/86/94 303/80/88
f 305/82/90 310/87/95 301/78/86
f 301/78/86 310/87/95 306/83/91
f 309/86/94 311/88/96 305/82/90
f 305/82/90 311/88/96 310/87/95
f 307/84/92 312/89/97 309/86/94
f 308/85/93 313/90/98 307/84/92
f 313/90/98 312/89/97 307/84/92
f 313/90/98 308/85/93 314/91/99
f 315/92/100 313/90/98 314/91/99
f 312/89/97 316/93/101 309/86/94
f 309/86/94 316/93/101 311/88/96
f 313/90/98 315/92/100 317/94/102
f 318/95/103 317/94/102 315/92/100
f 312/89/97 313/90/98 319/96/104
f 317/94/102 319/96/104 313/90/98
f 312/89/97 320/97/105 316/93/101
f 319/96/104 320/97/105 312/89/97
f 317/94/102 318/95/103 321/98/106
f 321/98/106 318/95/103 58/99/107
f 319/96/104 317/94/102 322/100/108
f 321/98/106 58/99/107 59/101/109
f 60/102/110 59/101/109 58/99/107
f 59/101/109 60/102/110 61/103/111
f 62/104/112 59/101/109 61/103/111
f 323/105/113 317/94/102 321/98/106
f 59/101/109 323/105/113 321/98/106
f 322/100/108 317/94/102 323/105/113
f 59/101/109 62/104/112 63/106/114
f 323/105/113 59/101/109 63/106/114
f 64/107/115 63/106/114 62/104/112
f 63/106/114 64/107/115 65/108/116
f 63/106/114 65/108/116 323/105/113
f 66/109/117 65/108/116 64/107/115
f 323/105/113 65/108/116 324/110/118
f 324/110/118 322/100/108 323/105/113
f 65/108/116 66/109/117 325/111/119
f 325/111/119 324/110/118 65/108/116
f 326/112/120 325/111/119 66/109/117
f 327/113/121 322/100/108 324/110/118
f 325/111/119 326/112/120 328/114/122
f 329/115/123 324/110/118 325/111/119
f 325/111/119 328/114/122 329/115/123
f 324/110/118 329/115/123 327/113/121
f 330/116/124 328/114/122 326/112/120
f 330/116/124 326/112/120 331/117/125
f 332/118/126 330/116/124 331/117/125
f 328/114/122 333/119/127 329/115/123
f 330/116/124 333/119/127 328/114/122
f 330/116/124 332/118/126 334/120/128
f 335/121/129 334/120/128 332/118/126
f 333/119/127 330/116/124 336/122/130
f 334/120/128 335/121/129 337/123/131
f 337/123/131 335/121/129 338/124/132
f 339/125/133 330/116/124 334/120/128
f 337/123/131 339/125/133 334/120/128
f 330/116/124 339/125/133 336/122/130
f 337/123/131 338/124/132 340/126/134
f 339/125/133 337/123/131 341/127/135
f 337/123/131 340/126/134 341/127/135
f 338/124/132 342/128/136 340/126/134
f 342/128/136 338/124/132 343/129/137
f 343/129/137 344/130/138 342/128/136
f 341/127/135 340/126/134 345/131/139
f 340/126/134 342/128/136 346/132/140
f 346/132/140 345/131/139 340/126/134
f 342/128/136 344/130/138 347/133/141
f 348/134/142 346/132/140 342/128/136
f 342/128/136 347/133/141 348/134/142
f 349/135/143 345/131/139 346/132/140
f 348/134/142 349/135/143 346/132/140
f 344/130/138 350/136/144 347/133/141
f 350/136/144 344/130/138 351/137/145
f 348/134/142 347/133/141 352/138/146
f 353/139/147 350/136/144 351/137/145
f 351/137/145 354/140/148 353/139/147
f 355/141/149 353/139/147 354/140/148
f 356/142/150 347/133/141 350/136/144
f 347/133/141 356/142/150 352/138/146
f 350/136/144 353/139/147 357/143/151
f 357/143/151 356/142/150 350/136/144
f 353/139/147 355/141/149 358/144/152
f 355/141/149 359/145/153 358/144/152
f 353/139/147 360/146/154 357/143/151
f 360/146/154 353/139/147 358/144/152
f 356/142/150 357/143/151 361/147/155
f 356/142/150 362/148/156 352/138/146
f 362/148/156 356/142/150 361/147/155
f 362/148/156 348/134/142 352/138/146
f 363/149/157 361/147/155 357/143/151
f 360/146/154 363/149/157 357/143/151
f 364/150/158 362/148/156 361/147/155
f 365/151/159 361/147/155 363/149/157
f 361/147/155 365/151/159 364/150/158
f 362/148/156 366/152/160 348/134/142
f 367/153/161 362/148/156 364/150/158
f 362/148/156 367/153/161 366/152/160
f 366/152/160 368/154/162 348/134/142
f 349/135/143 348/134/142 368/154/162
f 366/152/160 369/155/163 368/154/162
f 367/153/161 369/155/163 366/152/160
f 368/154/162 370/156/164 349/135/143
f 368/154/162 369/155/163 370/156/164
f 371/157/165 369/155/163 367/153/161
f 371/157/165 370/156/164 369/155/163
f 364/150/158 372/158/166 367/153/161
f 367/153/161 372/158/166 371/157/165
f 372/158/166 364/150/158 373/159/167
f 365/151/159 373/159/167 364/150/158
f 372/158/166 374/160/168 371/157/165
f 373/159/167 365/151/159 375/161/169
f 376/162/170 372/158/166 373/159/167
f 376/162/170 373/159/167 375/161/169
f 372/158/166 376/162/170 374/160/168
f 375/161/169 365/151/159 377/163/171
f 363/149/157 377/163/171 365/151/159
f 375/161/169 378/164/172 376/162/170
f 379/165/173 377/163/171 363/149/157
f 363/149/157 360/146/154 379/165/173
f 377/163/171 380/166/174 375/161/169
f 378/164/172 375/161/169 380/166/174
f 377/163/171 379/165/173 381/167/175
f 381/167/175 380/166/174 377/163/171
f 360/146/154 382/168/176 379/165/173
f 381/167/175 379/165/173 382/168/176
f 382/168/176 360/146/154 383/169/177
f 358/144/152 383/169/177 360/146/154
f 382/168/176 384/170/178 381/167/175
f 383/169/177 358/144/152 385/171/179
f 385/171/179 358/144/152 359/145/153
f 383/169/177 386/172/180 382/168/176
f 386/172/180 384/170/178 382/168/176
f 385/171/179 387/173/181 383/169/177
f 359/145/153 388/174/182 385/171/179
f 387/173/181 385/171/179 388/174/182
f 389/175/183 388/174/182 359/145/153
f 389/175/183 359/145/153 390/176/184
f 391/177/185 389/175/183 390/176/184
f 389/175/183 392/178/186 388/174/182
f 388/174/182 392/178/186 387/173/181
f 393/179/187 389/175/183 391/177/185
f 392/178/186 389/175/183 393/179/187
f 394/180/188 383/169/177 387/173/181
f 386/172/180 383/169/177 394/180/188
f 395/181/189 387/173/181 392/178/186
f 394/180/188 387/173/181 395/181/189
f 393/179/187 395/181/189 392/178/186
f 396/182/190 394/180/188 395/181/189
f 396/182/190 386/172/180 394/180/188
f 395/181/189 393/179/187 397/183/191
f 395/181/189 397/183/191 396/182/190
f 391/177/185 398/184/192 393/179/187
f 399/185/193 398/184/192 391/177/185
f 393/179/187 400/186/194 397/183/191
f 401/187/195 398/184/192 399/185/193
f 399/185/193 402/188/196 401/187/195
f 393/179/187 398/184/192 403/189/197
f 401/187/195 403/189/197 398/184/192
f 400/186/194 393/179/187 403/189/197
f 402/188/196 404/190/198 401/187/195
f 404/190/198 402/188/196 405/191/199
f 67/192/200 404/190/198 405/191/199
f 403/189/197 401/187/195 406/193/201
f 401/187/195 404/190/198 406/193/201
f 404/190/198 67/192/200 68/194/202
f 69/195/203 68/194/202 67/192/200
f 407/196/204 406/193/201 404/190/198
f 404/190/198 68/194/202 407/196/204
f 408/197/205 403/189/197 406/193/201
f 403/189/197 408/197/205 400/186/194
f 409/198/206 406/193/201 407/196/204
f 406/193/201 409/198/206 408/197/205
f 410/199/207 407/196/204 68/194/202
f 407/196/204 410/199/207 409/198/206
f 68/194/202 69/195/203 70/200/208
f 70/200/208 410/199/207 68/194/202
f 71/201/209 70/200/208 69/195/203
f 72/202/210 71/201/209 69/195/203
f 71/201/209 72/202/210 60/203/211
f 58/204/212 71/201/209 60/203/211
f 71/201/209 411/205/213 70/200/208
f 410/199/207 70/200/208 411/205/213
f 58/204/212 412/206/214 71/201/209
f 411/205/213 71/201/209 412/206/214
f 412/206/214 58/204/212 318/207/215
f 318/207/215 413/208/216 412/206/214
f 413/208/216 411/205/213 412/206/214
f 413/208/216 318/207/215 315/209/217
f 314/210/218 413/208/216 315/209/217
f 414/211/219 410/199/207 411/205/213
f 411/205/213 413/208/216 414/211/219
f 410/199/207 414/211/219 415/212/220
f 415/212/220 409/198/206 410/199/207
f 413/208/216 416/213/221 414/211/219
f 414/211/219 417/214/222 415/212/220
f 417/214/222 414/211/219 416/213/221
f 415/212/220 418/215/223 409/198/206
f 418/215/223 415/212/220 417/214/222
f 419/216/224 416/213/221 413/208/216
f 413/208/216 314/210/218 419/216/224
f 416/213/221 420/217/225 417/214/222
f 314/210/218 421/218/226 419/216/224
f 421/218/226 314/210/218 308/219/227
f 419/216/224 422/220/228 416/213/221
f 421/218/226 422/220/228 419/216/224
f 420/217/225 416/213/221 422/220/228
f 421/218/226 308/219/227 423/221/229
f 304/222/230 423/221/229 308/219/227
f 421/218/226 424/223/231 422/220/228
f 423/221/229 424/223/231 421/218/226
f 422/220/228 425/224/232 420/217/225
f 425/224/232 422/220/228 424/223/231
f 426/225/233 417/214/222 420/217/225
f 426/225/233 420/217/225 425/224/232
f 417/214/222 426/225/233 418/215/223
f 304/222/230 427/226/234 423/221/229
f 427/226/234 304/222/230 300/227/235
f 424/223/231 423/221/229 428/228/236
f 427/226/234 428/228/236 423/221/229
f 424/223/231 428/228/236 429/229/237
f 429/229/237 425/224/232 424/223/231
f 428/228/236 427/226/234 430/230/238
f 300/227/235 431/231/239 427/226/234
f 427/226/234 431/231/239 430/230/238
f 431/231/239 300/227/235 297/232/240
f 432/233/241 428/228/236 430/230/238
f 428/228/236 432/233/241 429/229/237
f 433/234/242 431/231/239 297/232/240
f 297/232/240 294/235/243 433/234/242
f 431/231/239 434/236/244 430/230/238
f 294/235/243 435/237/245 433/234/242
f 435/237/245 294/235/243 291/238/246
f 433/234/242 436/239/247 431/231/239
f 434/236/244 431/231/239 436/239/247
f 433/234/242 435/237/245 437/240/248
f 437/240/248 436/239/247 433/234/242
f 291/238/246 438/241/249 435/237/245
f 438/241/249 291/238/246 288/242/250
f 285/243/251 438/241/249 288/242/250
f 435/237/245 438/241/249 439/244/252
f 439/244/252 437/240/248 435/237/245
f 438/241/249 285/243/251 440/245/253
f 438/241/249 440/245/253 439/244/252
f 436/239/247 437/240/248 441/246/254
f 441/246/254 434/236/244 436/239/247
f 437/240/248 439/244/252 442/247/255
f 442/247/255 441/246/254 437/240/248
f 443/248/256 434/236/244 441/246/254
f 442/247/255 443/248/256 441/246/254
f 444/249/257 430/230/238 434/236/244
f 434/236/244 443/248/256 444/249/257
f 430/230/238 444/249/257 432/233/241
f 439/244/252 445/250/258 442/247/255
f 439/244/252 440/245/253 445/250/258
f 432/233/241 444/249/257 446/251/259
f 285/243/251 447/252/260 440/245/253
f 447/252/260 285/243/251 281/253/261
f 446/251/259 448/254/262 432/233/241
f 429/229/237 432/233/241 448/254/262
f 449/255/263 446/251/259 444/249/257
f 444/249/257 443/248/256 449/255/263
f 450/256/264 448/254/262 446/251/259
f 449/255/263 450/256/264 446/251/259
f 448/254/262 451/257/265 429/229/237
f 425/224/232 429/229/237 451/257/265
f 448/254/262 450/256/264 452/258/266
f 452/258/266 451/257/265 448/254/262
f 453/259/267 425/224/232 451/257/265
f 426/225/233 425/224/232 453/259/267
f 452/258/266 454/260/268 451/257/265
f 453/259/267 451/257/265 454/260/268
f 426/225/233 453/259/267 455/261/269
f 455/261/269 418/215/223 426/225/233
f 454/260/268 456/262/270 453/259/267
f 455/261/269 453/259/267 456/262/270
f 418/215/223 455/261/269 457/263/271
f 457/263/271 409/198/206 418/215/223
f 408/197/205 409/198/206 457/263/271
f 455/261/269 458/264/272 457/263/271
f 455/261/269 456/262/270 458/264/272
f 457/263/271 459/265/273 408/197/205
f 459/265/273 457/263/271 458/264/272
f 400/186/194 408/197/205 459/265/273
f 460/266/274 459/265/273 458/264/272
f 456/262/270 460/266/274 458/264/272
f 461/267/275 400/186/194 459/265/273
f 459/265/273 460/266/274 461/267/275
f 397/183/191 400/186/194 461/267/275
f 396/182/190 397/183/191 461/267/275
f 396/182/190 461/267/275 462/268/276
f 460/266/274 462/268/276 461/267/275
f 386/172/180 396/182/190 462/268/276
f 463/269/277 460/266/274 456/262/270
f 460/266/274 463/269/277 462/268/276
f 464/270/278 386/172/180 462/268/276
f 462/268/276 463/269/277 464/270/278
f 386/172/180 464/270/278 384/170/178
f 456/262/270 465/271/279 463/269/277
f 456/262/270 454/260/268 465/271/279
f 463/269/277 466/272/280 464/270/278
f 463/269/277 465/271/279 466/272/280
f 464/270/278 467/273/281 384/170/178
f 464/270/278 466/272/280 467/273/281
f 454/260/268 468/274/282 465/271/279
f 468/274/282 454/260/268 452/258/266
f 466/272/280 465/271/279 469/275/283
f 465/271/279 468/274/282 469/275/283
f 466/272/280 470/276/284 467/273/281
f 470/276/284 466/272/280 469/275/283
f 471/277/285 384/170/178 467/273/281
f 384/170/178 471/277/285 381/167/175
f 380/166/174 381/167/175 471/277/285
f 467/273/281 470/276/284 472/278/286
f 472/278/286 471/277/285 467/273/281
f 471/277/285 473/279/287 380/166/174
f 473/279/287 471/277/285 472/278/286
f 380/166/174 473/279/287 378/164/172
f 474/280/288 472/278/286 470/276/284
f 470/276/284 469/275/283 474/280/288
f 472/278/286 475/281/289 473/279/287
f 469/275/283 476/282/290 474/280/288
f 469/275/283 468/274/282 476/282/290
f 472/278/286 474/280/288 477/283/291
f 475/281/289 472/278/286 477/283/291
f 478/284/292 474/280/288 476/282/290
f 478/284/292 477/283/291 474/280/288
f 468/274/282 479/285/293 476/282/290
f 452/258/266 479/285/293 468/274/282
f 479/285/293 452/258/266 450/256/264
f 476/282/290 480/286/294 478/284/292
f 479/285/293 480/286/294 476/282/290
f 450/256/264 481/287/295 479/285/293
f 450/256/264 449/255/263 481/287/295
f 480/286/294 479/285/293 482/288/296
f 479/285/293 481/287/295 482/288/296
f 449/255/263 483/289/297 481/287/295
f 481/287/295 484/290/298 482/288/296
f 483/289/297 484/290/298 481/287/295
f 485/291/299 480/286/294 482/288/296
f 482/288/296 484/290/298 485/291/299
f 449/255/263 486/292/300 483/289/297
f 486/292/300 449/255/263 443/248/256
f 443/248/256 442/247/255 486/292/300
f 487/293/301 484/290/298 483/289/297
f 488/294/302 486/292/300 442/247/255
f 442/247/255 445/250/258 488/294/302
f 489/295/303 483/289/297 486/292/300
f 486/292/300 488/294/302 489/295/303
f 483/289/297 489/295/303 487/293/301
f 445/250/258 490/296/304 488/294/302
f 488/294/302 491/297/305 489/295/303
f 490/296/304 491/297/305 488/294/302
f 489/295/303 492/298/306 487/293/301
f 492/298/306 489/295/303 491/297/305
f 484/290/298 487/293/301 493/299/307
f 484/290/298 493/299/307 485/291/299
f 492/298/306 494/300/308 487/293/301
f 494/300/308 493/299/307 487/293/301
f 492/298/306 491/297/305 73/301/309
f 73/301/309 494/300/308 492/298/306
f 74/302/310 491/297/305 490/296/304
f 491/297/305 74/302/310 73/301/309
f 445/250/258 495/303/311 490/296/304
f 440/245/253 495/303/311 445/250/258
f 447/252/260 495/303/311 440/245/253
f 75/304/312 490/296/304 495/303/311
f 490/296/304 75/304/312 74/302/310
f 447/252/260 76/305/313 495/303/311
f 75/304/312 495/303/311 76/305/313
f 76/305/313 447/252/260 77/306/314
f 281/253/261 77/306/314 447/252/260
f 77/306/314 281/253/261 51/307/315
f 50/308/316 77/306/314 51/307/315
f 77/306/314 50/308/316 78/309/317
f 78/309/317 50/308/316 45/310/318
f 78/309/317 79/311/319 77/306/314
f 76/305/313 77/306/314 79/311/319
f 78/309/317 45/310/318 80/312/320
f 80/312/320 79/311/319 78/309/317
f 44/313/321 80/312/320 45/310/318
f 80/312/320 44/313/321 81/314/322
f 82/315/323 80/312/320 81/314/322
f 79/311/319 80/312/320 83/316/324
f 80/312/320 82/315/323 83/316/324
f 84/317/325 76/305/313 79/311/319
f 84/317/325 79/311/319 83/316/324
f 82/315/323 85/318/326 83/316/324
f 83/316/324 85/318/326 84/317/325
f 85/318/326 82/315/323 86/319/327
f 87/320/328 85/318/326 86/319/327
f 76/305/313 84/317/325 88/321/329
f 76/305/313 88/321/329 75/304/312
f 85/318/326 87/320/328 89/322/330
f 90/323/331 89/322/330 87/320/328
f 85/318/326 91/324/332 84/317/325
f 91/324/332 85/318/326 89/322/330
f 91/324/332 88/321/329 84/317/325
f 89/322/330 90/323/331 92/325/333
f 93/326/334 92/325/333 90/323/331
f 89/322/330 94/327/335 91/324/332
f 89/322/330 92/325/333 94/327/335
f 88/321/329 91/324/332 95/328/336
f 92/325/333 93/326/334 96/329/337
f 88/321/329 95/328/336 97/330/338
f 97/330/338 75/304/312 88/321/329
f 98/331/339 95/328/336 91/324/332
f 91/324/332 94/327/335 98/331/339
f 95/328/336 99/332/340 97/330/338
f 99/332/340 95/328/336 98/331/339
f 100/333/341 75/304/312 97/330/338
f 75/304/312 100/333/341 74/302/310
f 101/334/342 97/330/338 99/332/340
f 97/330/338 101/334/342 100/333/341
f 102/335/343 74/302/310 100/333/341
f 74/302/310 102/335/343 73/301/309
f 103/336/344 100/333/341 101/334/342
f 100/333/341 103/336/344 102/335/343
f 104/337/345 73/301/309 102/335/343
f 105/338/346 102/335/343 103/336/344
f 102/335/343 105/338/346 104/337/345
f 73/301/309 104/337/345 106/339/347
f 494/300/308 73/301/309 106/339/347
f 494/300/308 106/339/347 496/340/348
f 493/299/307 494/300/308 496/340/348
f 104/337/345 107/341/349 106/339/347
f 496/340/348 106/339/347 107/341/349
f 493/299/307 496/340/348 497/342/350
f 485/291/299 493/299/307 497/342/350
f 497/342/350 496/340/348 498/343/351
f 496/340/348 107/341/349 498/343/351
f 485/291/299 497/342/350 499/344/352
f 498/343/351 499/344/352 497/342/350
f 107/341/349 104/337/345 108/345/353
f 105/338/346 108/345/353 104/337/345
f 107/341/349 109/346/354 498/343/351
f 107/341/349 108/345/353 109/346/354
f 499/344/352 498/343/351 500/347/355
f 109/346/354 500/347/355 498/343/351
f 501/348/356 485/291/299 499/344/352
f 480/286/294 485/291/299 501/348/356
f 502/349/357 499/344/352 500/347/355
f 503/350/358 480/286/294 501/348/356
f 480/286/294 503/350/358 478/284/292
f 504/351/359 501/348/356 499/344/352
f 501/348/356 504/351/359 503/350/358
f 499/344/352 502/349/357 504/351/359
f 505/352/360 478/284/292 503/350/358
f 506/353/361 503/350/358 504/351/359
f 503/350/358 506/353/361 505/352/360
f 507/354/362 504/351/359 502/349/357
f 504/351/359 507/354/362 506/353/361
f 478/284/292 505/352/360 508/355/363
f 477/283/291 478/284/292 508/355/363
f 509/356/364 477/283/291 508/355/363
f 509/356/364 508/355/363 505/352/360
f 477/283/291 509/356/364 475/281/289
f 509/356/364 505/352/360 510/357/365
f 510/357/365 505/352/360 506/353/361
f 475/281/289 509/356/364 511/358/366
f 510/357/365 511/358/366 509/356/364
f 511/358/366 512/359/367 475/281/289
f 473/279/287 475/281/289 512/359/367
f 512/359/367 378/164/172 473/279/287
f 513/360/368 511/358/366 510/357/365
f 514/361/369 378/164/172 512/359/367
f 378/164/172 514/361/369 376/162/170
f 512/359/367 511/358/366 515/362/370
f 515/362/370 514/361/369 512/359/367
f 511/358/366 513/360/368 515/362/370
f 376/162/170 514/361/369 516/363/371
f 516/363/371 374/160/168 376/162/170
f 514/361/369 515/362/370 517/364/372
f 517/364/372 516/363/371 514/361/369
f 518/365/373 515/362/370 513/360/368
f 515/362/370 518/365/373 517/364/372
f 519/366/374 374/160/168 516/363/371
f 516/363/371 517/364/372 519/366/374
f 374/160/168 519/366/374 520/367/375
f 371/157/165 374/160/168 520/367/375
f 519/366/374 517/364/372 521/368/376
f 371/157/165 520/367/375 522/369/377
f 370/156/164 371/157/165 522/369/377
f 520/367/375 519/366/374 523/370/378
f 522/369/377 524/371/379 370/156/164
f 349/135/143 370/156/164 524/371/379
f 522/369/377 520/367/375 525/372/380
f 523/370/378 525/372/380 520/367/375
f 522/369/377 525/372/380 526/373/381
f 523/370/378 526/373/381 525/372/380
f 524/371/379 522/369/377 527/374/382
f 526/373/381 527/374/382 522/369/377
f 349/135/143 524/371/379 528/375/383
f 345/131/139 349/135/143 528/375/383
f 527/374/382 529/376/384 524/371/379
f 528/375/383 524/371/379 529/376/384
f 528/375/383 530/377/385 345/131/139
f 530/377/385 341/127/135 345/131/139
f 528/375/383 529/376/384 531/378/386
f 530/377/385 528/375/383 531/378/386
f 341/127/135 530/377/385 532/379/387
f 339/125/133 341/127/135 532/379/387
f 533/380/388 532/379/387 530/377/385
f 531/378/386 533/380/388 530/377/385
f 339/125/133 532/379/387 534/381/389
f 532/379/387 533/380/388 534/381/389
f 339/125/133 534/381/389 336/122/130
f 533/380/388 531/378/386 535/382/390
f 534/381/389 536/383/391 336/122/130
f 537/384/392 534/381/389 533/380/388
f 534/381/389 537/384/392 536/383/391
f 537/384/392 533/380/388 535/382/390
f 538/385/393 336/122/130 536/383/391
f 537/384/392 538/385/393 536/383/391
f 336/122/130 538/385/393 333/119/127
f 538/385/393 539/386/394 333/119/127
f 329/115/123 333/119/127 539/386/394
f 538/385/393 537/384/392 540/387/395
f 540/387/395 539/386/394 538/385/393
f 539/386/394 541/388/396 329/115/123
f 541/388/396 327/113/121 329/115/123
f 539/386/394 540/387/395 542/389/397
f 542/389/397 541/388/396 539/386/394
f 543/390/398 540/387/395 537/384/392
f 535/382/390 543/390/398 537/384/392
f 542/389/397 540/387/395 544/391/399
f 540/387/395 543/390/398 544/391/399
f 541/388/396 542/389/397 545/392/400
f 541/388/396 546/393/401 327/113/121
f 546/393/401 541/388/396 545/392/400
f 546/393/401 322/100/108 327/113/121
f 322/100/108 546/393/401 319/96/104
f 320/97/105 319/96/104 546/393/401
f 547/394/402 545/392/400 542/389/397
f 544/391/399 547/394/402 542/389/397
f 546/393/401 545/392/400 548/395/403
f 548/395/403 320/97/105 546/393/401
f 545/392/400 547/394/402 548/395/403
f 320/97/105 548/395/403 549/396/404
f 320/97/105 549/396/404 316/93/101
f 547/394/402 550/397/405 548/395/403
f 549/396/404 548/395/403 550/397/405
f 544/391/399 551/398/406 547/394/402
f 550/397/405 547/394/402 551/398/406
f 316/93/101 549/396/404 552/399/407
f 316/93/101 552/399/407 311/88/96
f 550/397/405 553/400/408 549/396/404
f 552/399/407 549/396/404 553/400/408
f 311/88/96 552/399/407 554/401/409
f 311/88/96 554/401/409 310/87/95
f 555/402/410 552/399/407 553/400/408
f 552/399/407 555/402/410 554/401/409
f 553/400/408 550/397/405 556/403/411
f 551/398/406 556/403/411 550/397/405
f 553/400/408 557/404/412 555/402/410
f 557/404/412 553/400/408 556/403/411
f 558/405/413 310/87/95 554/401/409
f 310/87/95 558/405/413 306/83/91
f 555/402/410 559/406/414 554/401/409
f 554/401/409 559/406/414 558/405/413
f 558/405/413 560/407/415 306/83/91
f 559/406/414 560/407/415 558/405/413
f 560/407/415 302/79/87 306/83/91
f 555/402/410 561/408/416 559/406/414
f 557/404/412 561/408/416 555/402/410
f 560/407/415 559/406/414 562/409/417
f 561/408/416 562/409/417 559/406/414
f 560/407/415 563/410/418 302/79/87
f 562/409/417 563/410/418 560/407/415
f 563/410/418 292/69/77 302/79/87
f 563/410/418 562/409/417 564/411/419
f 292/69/77 563/410/418 565/412/420
f 564/411/419 565/412/420 563/410/418
f 562/409/417 561/408/416 566/413/421
f 566/413/421 564/411/419 562/409/417
f 292/69/77 565/412/420 567/414/422
f 292/69/77 567/414/422 286/63/71
f 567/414/422 283/60/68 286/63/71
f 283/60/68 567/414/422 568/415/423
f 568/415/423 567/414/422 565/412/420
f 283/60/68 568/415/423 57/59/67
f 110/416/424 57/59/67 568/415/423
f 56/57/65 57/59/67 110/416/424
f 565/412/420 569/417/425 568/415/423
f 568/415/423 569/417/425 110/416/424
f 56/57/65 110/416/424 111/418/426
f 111/418/426 52/52/60 56/57/65
f 112/419/427 110/416/424 569/417/425
f 111/418/426 110/416/424 112/419/427
f 569/417/425 565/412/420 570/420/428
f 565/412/420 564/411/419 570/420/428
f 113/421/429 52/52/60 111/418/426
f 113/421/429 53/53/61 52/52/60
f 53/53/61 113/421/429 114/422/430
f 113/421/429 115/423/431 114/422/430
f 116/424/432 113/421/429 111/418/426
f 116/424/432 111/418/426 112/419/427
f 115/423/431 113/421/429 117/425/433
f 117/425/433 113/421/429 116/424/432
f 118/426/434 115/423/431 117/425/433
f 117/425/433 116/424/432 119/427/435
f 119/427/435 116/424/432 112/419/427
f 117/425/433 120/428/436 118/426/434
f 119/427/435 120/428/436 117/425/433
f 120/428/436 121/429/437 118/426/434
f 112/419/427 122/430/438 119/427/435
f 121/429/437 120/428/436 123/431/439
f 124/432/440 122/430/438 112/419/427
f 112/419/427 569/417/425 124/432/440
f 125/433/441 121/429/437 123/431/439
f 121/429/437 125/433/441 126/434/442
f 127/435/443 123/431/439 120/428/436
f 119/427/435 127/435/443 120/428/436
f 123/431/439 128/436/444 125/433/441
f 128/436/444 123/431/439 127/435/443
f 129/437/445 126/434/442 125/433/441
f 128/436/444 129/437/445 125/433/441
f 126/434/442 129/437/445 130/438/446
f 131/439/447 127/435/443 119/427/435
f 131/439/447 119/427/435 122/430/438
f 132/440/448 130/438/446 129/437/445
f 130/438/446 132/440/448 133/441/449
f 134/442/450 127/435/443 131/439/447
f 127/435/443 134/442/450 128/436/444
f 135/443/451 131/439/447 122/430/438
f 135/443/451 122/430/438 124/432/440
f 131/439/447 136/444/452 134/442/450
f 136/444/452 131/439/447 135/443/451
f 137/445/453 128/436/444 134/442/450
f 136/444/452 137/445/453 134/442/450
f 128/436/444 138/446/454 129/437/445
f 128/436/444 137/445/453 138/446/454
f 138/446/454 132/440/448 129/437/445
f 136/444/452 139/447/455 137/445/453
f 137/445/453 140/448/456 138/446/454
f 137/445/453 139/447/455 140/448/456
f 138/446/454 141/449/457 132/440/448
f 138/446/454 140/448/456 141/449/457
f 142/450/458 133/441/449 132/440/448
f 141/449/457 142/450/458 132/440/448
f 133/441/449 142/450/458 143/451/459
f 144/452/460 143/451/459 142/450/458
f 142/450/458 141/449/457 145/453/461
f 142/450/458 146/454/462 144/452/460
f 146/454/462 142/450/458 145/453/461
f 147/455/463 144/452/460 146/454/462
f 144/452/460 147/455/463 148/456/464
f 147/455/463 149/457/465 148/456/464
f 145/453/461 150/458/466 146/454/462
f 147/455/463 146/454/462 150/458/466
f 145/453/461 141/449/457 151/459/467
f 151/459/467 150/458/466 145/453/461
f 141/449/457 140/448/456 151/459/467
f 149/457/465 147/455/463 152/460/468
f 153/461/469 149/457/465 152/460/468
f 140/448/456 154/462/470 151/459/467
f 154/462/470 140/448/456 139/447/455
f 155/463/471 153/461/469 152/460/468
f 155/463/471 156/464/472 153/461/469
f 157/465/473 152/460/468 147/455/463
f 157/465/473 155/463/471 152/460/468
f 158/466/474 157/465/473 147/455/463
f 150/458/466 158/466/474 147/455/463
f 156/464/472 155/463/471 159/467/475
f 160/468/476 156/464/472 159/467/475
f 157/465/473 161/469/477 155/463/471
f 160/468/476 159/467/475 162/470/478
f 161/469/477 163/471/479 155/463/471
f 159/467/475 155/463/471 163/471/479
f 161/469/477 157/465/473 164/472/480
f 158/466/474 164/472/480 157/465/473
f 163/471/479 161/469/477 165/473/481
f 164/472/480 165/473/481 161/469/477
f 166/474/482 159/467/475 163/471/479
f 159/467/475 166/474/482 162/470/478
f 165/473/481 167/475/483 163/471/479
f 167/475/483 166/474/482 163/471/479
f 168/476/484 160/468/476 162/470/478
f 160/468/476 168/476/484 169/477/485
f 170/478/486 169/477/485 168/476/484
f 171/479/487 162/470/478 166/474/482
f 162/470/478 171/479/487 168/476/484
f 166/474/482 167/475/483 172/480/488
f 172/480/488 171/479/487 166/474/482
f 168/476/484 173/481/489 170/478/486
f 171/479/487 174/482/490 168/476/484
f 168/476/484 174/482/490 173/481/489
f 171/479/487 172/480/488 175/483/491
f 175/483/491 174/482/490 171/479/487
f 176/484/492 170/478/486 173/481/489
f 170/478/486 176/484/492 177/485/493
f 176/484/492 178/486/494 177/485/493
f 174/482/490 179/487/495 173/481/489
f 176/484/492 173/481/489 179/487/495
f 178/486/494 176/484/492 180/488/496
f 176/484/492 179/487/495 181/489/497
f 176/484/492 181/489/497 180/488/496
f 174/482/490 182/490/498 179/487/495
f 182/490/498 181/489/497 179/487/495
f 183/491/499 178/486/494 180/488/496
f 178/486/494 183/491/499 184/492/500
f 180/488/496 181/489/497 185/493/501
f 183/491/499 180/488/496 185/493/501
f 181/489/497 182/490/498 186/494/502
f 186/494/502 185/493/501 181/489/497
f 187/495/503 184/492/500 183/491/499
f 184/492/500 187/495/503 188/496/504
f 187/495/503 189/497/505 188/496/504
f 190/498/506 183/491/499 185/493/501
f 183/491/499 190/498/506 187/495/503
f 187/495/503 191/499/507 189/497/505
f 191/499/507 192/500/508 189/497/505
f 190/498/506 193/501/509 187/495/503
f 191/499/507 187/495/503 193/501/509
f 192/500/508 191/499/507 194/502/510
f 194/502/510 93/326/334 192/500/508
f 93/326/334 194/502/510 96/329/337
f 194/502/510 191/499/507 195/503/511
f 194/502/510 195/503/511 96/329/337
f 193/501/509 195/503/511 191/499/507
f 195/503/511 196/504/512 96/329/337
f 196/504/512 92/325/333 96/329/337
f 92/325/333 196/504/512 94/327/335
f 197/505/513 195/503/511 193/501/509
f 94/327/335 196/504/512 198/506/514
f 98/331/339 94/327/335 198/506/514
f 199/507/515 196/504/512 195/503/511
f 198/506/514 196/504/512 199/507/515
f 195/503/511 197/505/513 199/507/515
f 198/506/514 200/508/516 98/331/339
f 199/507/515 200/508/516 198/506/514
f 99/332/340 98/331/339 200/508/516
f 200/508/516 199/507/515 201/509/517
f 201/509/517 99/332/340 200/508/516
f 201/509/517 199/507/515 197/505/513
f 99/332/340 201/509/517 202/510/518
f 202/510/518 101/334/342 99/332/340
f 203/511/519 201/509/517 197/505/513
f 203/511/519 202/510/518 201/509/517
f 101/334/342 202/510/518 204/512/520
f 204/512/520 103/336/344 101/334/342
f 202/510/518 203/511/519 205/513/521
f 202/510/518 205/513/521 204/512/520
f 103/336/344 204/512/520 206/514/522
f 206/514/522 105/338/346 103/336/344
f 207/515/523 204/512/520 205/513/521
f 207/515/523 206/514/522 204/512/520
f 105/338/346 206/514/522 208/516/524
f 206/514/522 207/515/523 209/517/525
f 206/514/522 209/517/525 208/516/524
f 208/516/524 210/518/526 105/338/346
f 108/345/353 105/338/346 210/518/526
f 209/517/525 211/519/527 208/516/524
f 211/519/527 210/518/526 208/516/524
f 207/515/523 212/520/528 209/517/525
f 211/519/527 209/517/525 212/520/528
f 213/521/529 108/345/353 210/518/526
f 108/345/353 213/521/529 109/346/354
f 210/518/526 211/519/527 214/522/530
f 214/522/530 213/521/529 210/518/526
f 109/346/354 213/521/529 215/523/531
f 214/522/530 215/523/531 213/521/529
f 215/523/531 216/524/532 109/346/354
f 500/347/355 109/346/354 216/524/532
f 214/522/530 217/525/533 215/523/531
f 216/524/532 215/523/531 217/525/533
f 218/526/534 500/347/355 216/524/532
f 217/525/533 218/526/534 216/524/532
f 500/347/355 218/526/534 502/349/357
f 218/526/534 507/354/362 502/349/357
f 218/526/534 217/525/533 219/527/535
f 507/354/362 218/526/534 219/527/535
f 217/525/533 214/522/530 220/528/536
f 214/522/530 211/519/527 220/528/536
f 219/527/535 217/525/533 221/529/537
f 220/528/536 221/529/537 217/525/533
f 507/354/362 219/527/535 222/530/538
f 211/519/527 223/531/539 220/528/536
f 211/519/527 212/520/528 223/531/539
f 222/530/538 571/532/540 507/354/362
f 506/353/361 507/354/362 571/532/540
f 224/533/541 222/530/538 219/527/535
f 219/527/535 221/529/537 224/533/541
f 571/532/540 572/534/542 506/353/361
f 510/357/365 506/353/361 572/534/542
f 572/534/542 513/360/368 510/357/365
f 571/532/540 222/530/538 225/535/543
f 224/533/541 225/535/543 222/530/538
f 573/536/544 572/534/542 571/532/540
f 225/535/543 573/536/544 571/532/540
f 513/360/368 572/534/542 574/537/545
f 572/534/542 573/536/544 574/537/545
f 574/537/545 518/365/373 513/360/368
f 574/537/545 573/536/544 575/538/546
f 573/536/544 225/535/543 575/538/546
f 518/365/373 574/537/545 576/539/547
f 575/538/546 576/539/547 574/537/545
f 576/539/547 577/540/548 518/365/373
f 517/364/372 518/365/373 577/540/548
f 577/540/548 521/368/376 517/364/372
f 577/540/548 576/539/547 578/541/549
f 577/540/548 579/542/550 521/368/376
f 578/541/549 579/542/550 577/540/548
f 578/541/549 576/539/547 580/543/551
f 575/538/546 580/543/551 576/539/547
f 578/541/549 581/544/552 579/542/550
f 580/543/551 582/545/553 578/541/549
f 578/541/549 582/545/553 581/544/552
f 579/542/550 583/546/554 521/368/376
f 583/546/554 519/366/374 521/368/376
f 519/366/374 583/546/554 523/370/378
f 579/542/550 581/544/552 584/547/555
f 583/546/554 579/542/550 584/547/555
f 523/370/378 583/546/554 585/548/556
f 526/373/381 523/370/378 585/548/556
f 585/548/556 583/546/554 586/549/557
f 583/546/554 584/547/555 586/549/557
f 587/550/558 526/373/381 585/548/556
f 585/548/556 586/549/557 587/550/558
f 584/547/555 581/544/552 588/551/559
f 582/545/553 588/551/559 581/544/552
f 586/549/557 584/547/555 589/552/560
f 584/547/555 588/551/559 589/552/560
f 586/549/557 589/552/560 590/553/561
f 587/550/558 586/549/557 590/553/561
f 589/552/560 588/551/559 591/554/562
f 590/553/561 589/552/560 592/555/563
f 589/552/560 591/554/562 592/555/563
f 588/551/559 582/545/553 593/556/564
f 588/551/559 593/556/564 591/554/562
f 226/557/565 593/556/564 582/545/553
f 580/543/551 226/557/565 582/545/553
f 591/554/562 593/556/564 594/558/566
f 226/557/565 580/543/551 227/559/567
f 575/538/546 227/559/567 580/543/551
f 593/556/564 226/557/565 228/560/568
f 594/558/566 593/556/564 228/560/568
f 227/559/567 165/473/481 226/557/565
f 167/475/483 165/473/481 227/559/567
f 164/472/480 226/557/565 165/473/481
f 226/557/565 164/472/480 228/560/568
f 229/561/569 167/475/483 227/559/567
f 227/559/567 575/538/546 229/561/569
f 167/475/483 229/561/569 172/480/488
f 230/562/570 229/561/569 575/538/546
f 230/562/570 172/480/488 229/561/569
f 575/538/546 225/535/543 230/562/570
f 172/480/488 230/562/570 175/483/491
f 231/563/571 230/562/570 225/535/543
f 230/562/570 231/563/571 175/483/491
f 225/535/543 232/564/572 231/563/571
f 225/535/543 224/533/541 232/564/572
f 175/483/491 231/563/571 233/565/573
f 174/482/490 175/483/491 233/565/573
f 182/490/498 174/482/490 233/565/573
f 231/563/571 234/566/574 233/565/573
f 233/565/573 234/566/574 182/490/498
f 231/563/571 232/564/572 234/566/574
f 235/567/575 182/490/498 234/566/574
f 182/490/498 235/567/575 186/494/502
f 232/564/572 236/568/576 234/566/574
f 236/568/576 235/567/575 234/566/574
f 224/533/541 237/569/577 232/564/572
f 237/569/577 236/568/576 232/564/572
f 237/569/577 224/533/541 221/529/537
f 235/567/575 238/570/578 186/494/502
f 185/493/501 186/494/502 238/570/578
f 221/529/537 239/571/579 237/569/577
f 221/529/537 220/528/536 239/571/579
f 240/572/580 239/571/579 220/528/536
f 237/569/577 239/571/579 240/572/580
f 220/528/536 223/531/539 240/572/580
f 240/572/580 241/573/581 237/569/577
f 236/568/576 237/569/577 241/573/581
f 240/572/580 223/531/539 242/574/582
f 241/573/581 240/572/580 242/574/582
f 241/573/581 243/575/583 236/568/576
f 235/567/575 236/568/576 243/575/583
f 241/573/581 244/576/584 243/575/583
f 242/574/582 244/576/584 241/573/581
f 235/567/575 243/575/583 245/577/585
f 245/577/585 243/575/583 244/576/584
f 238/570/578 235/567/575 245/577/585
f 246/578/586 242/574/582 223/531/539
f 223/531/539 212/520/528 246/578/586
f 212/520/528 207/515/523 246/578/586
f 205/513/521 246/578/586 207/515/523
f 242/574/582 246/578/586 247/579/587
f 246/578/586 205/513/521 247/579/587
f 247/579/587 244/576/584 242/574/582
f 203/511/519 247/579/587 205/513/521
f 248/580/588 244/576/584 247/579/587
f 247/579/587 203/511/519 248/580/588
f 244/576/584 248/580/588 245/577/585
f 248/580/588 203/511/519 249/581/589
f 249/581/589 245/577/585 248/580/588
f 245/577/585 249/581/589 238/570/578
f 249/581/589 185/493/501 238/570/578
f 197/505/513 249/581/589 203/511/519
f 185/493/501 249/581/589 190/498/506
f 193/501/509 249/581/589 197/505/513
f 249/581/589 193/501/509 190/498/506
f 72/582/590 69/583/591 67/584/592
f 72/582/590 67/584/592 595/585/593
f 67/584/592 596/586/594 595/585/593
f 405/587/595 596/586/594 67/584/592
f 597/588/596 72/582/590 595/585/593
f 60/589/597 72/582/590 597/588/596
f 597/588/596 61/590/598 60/589/597
f 598/591/599 596/586/594 405/587/595
f 405/587/595 402/592/600 598/591/599
f 597/588/596 599/593/601 61/590/598
f 599/593/601 62/594/602 61/590/598
f 402/592/600 600/595/603 598/591/599
f 600/595/603 402/592/600 399/596/604
f 599/593/601 601/597/605 62/594/602
f 601/597/605 64/598/606 62/594/602
f 597/588/596 602/599/607 599/593/601
f 602/599/607 601/597/605 599/593/601
f 603/600/608 64/598/606 601/597/605
f 64/598/606 603/600/608 66/601/609
f 326/602/610 66/601/609 603/600/608
f 602/599/607 604/603/611 601/597/605
f 604/603/611 603/600/608 601/597/605
f 602/599/607 597/588/596 605/604/612
f 595/585/593 605/604/612 597/588/596
f 606/605/613 604/603/611 602/599/607
f 605/604/612 606/605/613 602/599/607
f 605/604/612 595/585/593 607/606/614
f 596/586/594 607/606/614 595/585/593
f 607/606/614 596/586/594 598/591/599
f 607/606/614 608/607/615 605/604/612
f 606/605/613 605/604/612 608/607/615
f 598/591/599 609/608/616 607/606/614
f 608/607/615 607/606/614 609/608/616
f 609/608/616 598/591/599 600/595/603
f 610/609/617 608/607/615 609/608/616
f 600/595/603 610/609/617 609/608/616
f 611/610/618 606/605/613 608/607/615
f 608/607/615 610/609/617 611/610/618
f 610/609/617 600/595/603 612/611/619
f 399/596/604 612/611/619 600/595/603
f 611/610/618 610/609/617 613/612/620
f 612/611/619 399/596/604 614/613/621
f 399/596/604 391/614/622 614/613/621
f 610/609/617 612/611/619 615/615/623
f 613/612/620 610/609/617 615/615/623
f 614/613/621 616/616/624 612/611/619
f 612/611/619 616/616/624 615/615/623
f 617/617/625 614/613/621 391/614/622
f 617/617/625 616/616/624 614/613/621
f 390/618/626 617/617/625 391/614/622
f 616/616/624 617/617/625 618/619/627
f 617/617/625 390/618/626 619/620/628
f 620/621/629 618/619/627 617/617/625
f 617/617/625 619/620/628 620/621/629
f 390/618/626 621/622/630 619/620/628
f 621/622/630 620/621/629 619/620/628
f 621/622/630 390/618/626 359/623/631
f 359/623/631 355/624/632 621/622/630
f 620/621/629 621/622/630 622/625/633
f 623/626/634 621/622/630 355/624/632
f 623/626/634 622/625/633 621/622/630
f 355/624/632 624/627/635 623/626/634
f 355/624/632 354/628/636 624/627/635
f 622/625/633 623/626/634 625/629/637
f 625/629/637 623/626/634 624/627/635
f 622/625/633 626/630/638 620/621/629
f 625/629/637 626/630/638 622/625/633
f 620/621/629 626/630/638 618/619/627
f 618/619/627 626/630/638 616/616/624
f 616/616/624 626/630/638 615/615/623
f 615/615/623 626/630/638 613/612/620
f 627/631/639 625/629/637 624/627/635
f 627/631/639 626/630/638 625/629/637
f 354/628/636 628/632/640 624/627/635
f 627/631/639 624/627/635 628/632/640
f 628/632/640 354/628/636 351/633/641
f 344/634/642 628/632/640 351/633/641
f 628/632/640 344/634/642 629/635/643
f 629/635/643 627/631/639 628/632/640
f 343/636/644 629/635/643 344/634/642
f 627/631/639 629/635/643 630/637/645
f 630/637/645 626/630/638 627/631/639
f 631/638/646 629/635/643 343/636/644
f 631/638/646 630/637/645 629/635/643
f 343/636/644 338/639/647 631/638/646
f 630/637/645 631/638/646 632/640/648
f 632/640/648 626/630/638 630/637/645
f 631/638/646 338/639/647 633/641/649
f 631/638/646 634/642/650 632/640/648
f 634/642/650 631/638/646 633/641/649
f 634/642/650 626/630/638 632/640/648
f 335/643/651 633/641/649 338/639/647
f 635/644/652 634/642/650 633/641/649
f 635/644/652 626/630/638 634/642/650
f 633/641/649 335/643/651 636/645/653
f 633/641/649 636/645/653 635/644/652
f 335/643/651 637/646/654 636/645/653
f 637/646/654 335/643/651 332/647/655
f 638/648/656 635/644/652 636/645/653
f 638/648/656 636/645/653 637/646/654
f 635/644/652 638/648/656 639/649/657
f 639/649/657 626/630/638 635/644/652
f 638/648/656 640/650/658 639/649/657
f 640/650/658 626/630/638 639/649/657
f 637/646/654 641/651/659 638/648/656
f 640/650/658 638/648/656 641/651/659
f 332/647/655 642/652/660 637/646/654
f 641/651/659 637/646/654 642/652/660
f 332/647/655 643/653/661 642/652/660
f 332/647/655 331/654/662 643/653/661
f 326/602/610 643/653/661 331/654/662
f 643/653/661 326/602/610 603/600/608
f 644/655/663 641/651/659 642/652/660
f 643/653/661 644/655/663 642/652/660
f 645/656/664 643/653/661 603/600/608
f 644/655/663 643/653/661 645/656/664
f 603/600/608 604/603/611 645/656/664
f 641/651/659 644/655/663 646/657/665
f 646/657/665 640/650/658 641/651/659
f 645/656/664 647/658/666 644/655/663
f 647/658/666 645/656/664 604/603/611
f 647/658/666 646/657/665 644/655/663
f 604/603/611 606/605/613 647/658/666
f 640/650/658 646/657/665 648/659/667
f 648/659/667 626/630/638 640/650/658
f 646/657/665 647/658/666 649/660/668
f 649/660/668 648/659/667 646/657/665
f 606/605/613 649/660/668 647/658/666
f 648/659/667 649/660/668 650/661/669
f 650/661/669 626/630/638 648/659/667
f 649/660/668 606/605/613 651/662/670
f 651/662/670 650/661/669 649/660/668
f 606/605/613 611/610/618 651/662/670
f 650/661/669 651/662/670 652/663/671
f 611/610/618 652/663/671 651/662/670
f 652/663/671 626/630/638 650/661/669
f 652/663/671 611/610/618 653/664/672
f 653/664/672 626/630/638 652/663/671
f 653/664/672 611/610/618 613/612/620
f 613/612/620 626/630/638 653/664/672
f 654/665/673 124/432/440 569/417/425
f 124/432/440 654/665/673 135/443/451
f 570/420/428 654/665/673 569/417/425
f 654/665/673 655/666/674 135/443/451
f 655/666/674 136/444/452 135/443/451
f 655/666/674 139/447/455 136/444/452
f 656/667/675 654/665/673 570/420/428
f 654/665/673 656/667/675 655/666/674
f 139/447/455 655/666/674 657/668/676
f 656/667/675 657/668/676 655/666/674
f 139/447/455 657/668/676 154/462/470
f 658/669/677 656/667/675 570/420/428
f 570/420/428 564/411/419 658/669/677
f 564/411/419 566/413/421 658/669/677
f 657/668/676 656/667/675 659/670/678
f 658/669/677 659/670/678 656/667/675
f 657/668/676 660/671/679 154/462/470
f 659/670/678 660/671/679 657/668/676
f 566/413/421 661/672/680 658/669/677
f 658/669/677 661/672/680 659/670/678
f 660/671/679 250/673/681 154/462/470
f 250/673/681 151/459/467 154/462/470
f 662/674/682 660/671/679 659/670/678
f 661/672/680 662/674/682 659/670/678
f 250/673/681 660/671/679 663/675/683
f 662/674/682 663/675/683 660/671/679
f 251/676/684 151/459/467 250/673/681
f 150/458/466 151/459/467 251/676/684
f 250/673/681 252/677/685 251/676/684
f 663/675/683 252/677/685 250/673/681
f 253/678/686 150/458/466 251/676/684
f 251/676/684 252/677/685 253/678/686
f 150/458/466 253/678/686 158/466/474
f 164/472/480 158/466/474 253/678/686
f 254/679/687 164/472/480 253/678/686
f 252/677/685 254/679/687 253/678/686
f 254/679/687 228/560/568 164/472/480
f 594/558/566 228/560/568 254/679/687
f 664/680/688 254/679/687 252/677/685
f 254/679/687 664/680/688 594/558/566
f 252/677/685 663/675/683 664/680/688
f 665/681/689 594/558/566 664/680/688
f 591/554/562 594/558/566 665/681/689
f 592/555/563 591/554/562 665/681/689
f 664/680/688 663/675/683 666/682/690
f 666/682/690 665/681/689 664/680/688
f 666/682/690 663/675/683 662/674/682
f 592/555/563 665/681/689 667/683/691
f 667/683/691 665/681/689 666/682/690
f 667/683/691 590/553/561 592/555/563
f 668/684/692 666/682/690 662/674/682
f 667/683/691 666/682/690 668/684/692
f 668/684/692 662/674/682 661/672/680
f 590/553/561 667/683/691 669/685/693
f 669/685/693 587/550/558 590/553/561
f 670/686/694 667/683/691 668/684/692
f 669/685/693 667/683/691 670/686/694
f 671/687/695 668/684/692 661/672/680
f 670/686/694 668/684/692 671/687/695
f 661/672/680 566/413/421 671/687/695
f 561/408/416 671/687/695 566/413/421
f 561/408/416 672/688/696 671/687/695
f 672/688/696 670/686/694 671/687/695
f 557/404/412 672/688/696 561/408/416
f 673/689/697 669/685/693 670/686/694
f 673/689/697 670/686/694 672/688/696
f 557/404/412 674/690/698 672/688/696
f 674/690/698 673/689/697 672/688/696
f 556/403/411 674/690/698 557/404/412
f 675/691/699 669/685/693 673/689/697
f 587/550/558 669/685/693 675/691/699
f 673/689/697 674/690/698 676/692/700
f 676/692/700 675/691/699 673/689/697
f 556/403/411 677/693/701 674/690/698
f 677/693/701 676/692/700 674/690/698
f 551/398/406 677/693/701 556/403/411
f 675/691/699 678/694/702 587/550/558
f 526/373/381 587/550/558 678/694/702
f 678/694/702 527/374/382 526/373/381
f 677/693/701 551/398/406 679/695/703
f 679/695/703 551/398/406 544/391/399
f 544/391/399 543/390/398 679/695/703
f 527/374/382 678/694/702 680/696/704
f 529/376/384 527/374/382 680/696/704
f 678/694/702 675/691/699 681/697/705
f 681/697/705 680/696/704 678/694/702
f 675/691/699 676/692/700 681/697/705
f 680/696/704 682/698/706 529/376/384
f 682/698/706 531/378/386 529/376/384
f 682/698/706 535/382/390 531/378/386
f 680/696/704 681/697/705 683/699/707
f 682/698/706 680/696/704 683/699/707
f 684/700/708 681/697/705 676/692/700
f 683/699/707 681/697/705 684/700/708
f 684/700/708 676/692/700 677/693/701
f 679/695/703 684/700/708 677/693/701
f 682/698/706 683/699/707 685/701/709
f 684/700/708 685/701/709 683/699/707
f 535/382/390 682/698/706 685/701/709
f 685/701/709 684/700/708 679/695/703
f 685/701/709 543/390/398 535/382/390
f 543/390/398 685/701/709 679/695/703
f 93/702/710 90/703/711 255/704/712
f 90/703/711 87/705/713 255/704/712
f 192/706/714 93/702/710 255/704/712
f 86/707/715 255/704/712 87/705/713
f 256/708/716 192/706/714 255/704/712
f 192/706/714 256/708/716 189/709/717
f 256/708/716 188/710/718 189/709/717
f 257/711/719 255/704/712 86/707/715
f 257/711/719 256/708/716 255/704/712
f 257/711/719 86/707/715 258/712/720
f 86/707/715 82/713/721 258/712/720
f 256/708/716 257/711/719 259/714/722
f 258/712/720 259/714/722 257/711/719
f 260/715/723 188/710/718 256/708/716
f 259/714/722 260/715/723 256/708/716
f 188/710/718 260/715/723 184/716/724
f 184/716/724 260/715/723 178/717/725
f 260/715/723 177/718/726 178/717/725
f 260/715/723 170/719/727 177/718/726
f 261/720/728 170/719/727 260/715/723
f 261/720/728 260/715/723 259/714/722
f 170/719/727 261/720/728 169/721/729
f 259/714/722 262/722/730 261/720/728
f 262/722/730 169/721/729 261/720/728
f 262/722/730 259/714/722 263/723/731
f 258/712/720 263/723/731 259/714/722
f 264/724/732 169/721/729 262/722/730
f 169/721/729 264/724/732 160/725/733
f 262/722/730 263/723/731 265/726/734
f 264/724/732 262/722/730 265/726/734
f 263/723/731 258/712/720 265/726/734
f 266/727/735 160/725/733 264/724/732
f 266/727/735 264/724/732 265/726/734
f 160/725/733 266/727/735 156/728/736
f 267/729/737 156/728/736 266/727/735
f 267/729/737 266/727/735 265/726/734
f 267/729/737 153/730/738 156/728/736
f 267/729/737 268/731/739 153/730/738
f 268/731/739 267/729/737 265/726/734
f 268/731/739 149/732/740 153/730/738
f 268/731/739 148/733/741 149/732/740
f 268/731/739 269/734/742 148/733/741
f 269/734/742 268/731/739 265/726/734
f 269/734/742 144/735/743 148/733/741
f 269/734/742 270/736/744 144/735/743
f 270/736/744 269/734/742 271/737/745
f 271/737/745 269/734/742 265/726/734
f 270/736/744 272/738/746 144/735/743
f 144/735/743 272/738/746 143/739/747
f 272/738/746 133/740/748 143/739/747
f 130/741/749 133/740/748 272/738/746
f 271/737/745 273/742/750 270/736/744
f 273/742/750 271/737/745 265/726/734
f 274/743/751 272/738/746 270/736/744
f 274/743/751 270/736/744 273/742/750
f 130/741/749 272/738/746 275/744/752
f 272/738/746 274/743/751 275/744/752
f 275/744/752 126/745/753 130/741/749
f 275/744/752 121/746/754 126/745/753
f 121/746/754 275/744/752 118/747/755
f 115/748/756 118/747/755 275/744/752
f 275/744/752 114/749/757 115/748/756
f 275/744/752 274/743/751 114/749/757
f 276/750/758 114/749/757 274/743/751
f 276/750/758 274/743/751 273/742/750
f 114/749/757 276/750/758 53/751/759
f 276/750/758 273/742/750 265/726/734
f 277/752/760 53/751/759 276/750/758
f 277/752/760 276/750/758 265/726/734
f 53/751/759 277/752/760 48/753/761
f 278/754/762 48/753/761 277/752/760
f 278/754/762 277/752/760 265/726/734
f 43/755/763 48/753/761 278/754/762
f 278/754/762 279/756/764 43/755/763
f 279/756/764 278/754/762 265/726/734
f 279/756/764 44/757/765 43/755/763
f 279/756/764 81/758/766 44/757/765
f 280/759/767 279/756/764 265/726/734
f 280/759/767 81/758/766 279/756/764
f 258/712/720 280/759/767 265/726/734
f 280/759/767 82/713/721 81/758/766
f 82/713/721 280/759/767 258/712/720
