# Blender v3.3.21 OBJ File: 'URDF3.blend'
# www.blender.org
v 1.114700 -3.889191 2.212280
v -1.837339 -1.740325 3.244430
v -0.946383 -1.533723 3.917129
v -25.650742 3.777135 -4.677246
v -25.128162 2.590887 -4.910491
v -25.427265 2.493820 -4.789947
v -25.452534 3.859766 -4.881561
v -24.885918 2.668427 -5.234222
v -26.378559 5.265505 -4.340072
v -25.170033 4.049534 -5.096282
v -24.803219 2.765572 -5.814147
v -26.273643 5.675681 -4.723220
v -25.264183 4.352520 -5.626388
v -25.121353 4.450946 -5.740218
v -24.674946 2.770021 -5.938919
v -26.322929 5.940765 -5.124831
v -27.866947 6.601406 -4.094665
v -28.035851 6.355833 -3.936065
v -28.021969 6.848696 -4.536040
v -26.205135 6.141048 -5.208648
v -30.318230 6.843345 -3.552230
v -30.085964 6.829116 -3.395629
v -31.701847 6.510059 -3.037383
v -31.797310 6.580570 -3.255477
v -32.012299 6.475832 -2.831756
v -25.857319 6.482183 -5.089767
v -28.006992 7.071560 -4.578246
v -30.486851 7.175617 -3.913924
v -27.943962 7.339025 -4.381514
v -30.586292 7.392053 -3.944609
v -32.085331 6.865800 -3.679244
v -32.135937 7.046819 -3.673735
v -30.515999 7.690013 -3.704146
v -32.307484 7.642616 -3.189528
v -30.398163 8.097794 -3.297163
v -27.746376 7.842773 -3.831343
v -32.610775 6.923084 -3.248534
v -32.217190 7.944648 -3.012099
v -32.574120 6.741714 -3.233016
v -32.653103 7.702089 -2.854811
v -32.195724 6.441282 -2.928908
v -32.441864 6.465787 -2.642333
v -32.394157 6.531501 -2.198775
v -32.908333 6.771905 -2.868468
v -32.589798 6.506120 -2.283904
v -32.639374 6.534253 -1.321410
v -32.945091 6.953283 -2.885558
v -33.144348 6.817918 -2.432067
v -32.845997 6.644189 -1.172362
v -32.579540 6.506864 -0.336440
v -33.181187 6.999309 -2.450728
v -32.750694 6.609626 -0.100432
v -32.395493 6.341140 0.654542
v -33.192444 6.856009 -1.019668
v -32.548397 6.507190 0.788987
v -33.005310 6.762500 0.250672
v -33.235813 7.037023 -1.013335
v -32.213661 6.538762 1.009355
v -32.116360 6.391875 0.872773
v -33.037769 6.945289 0.265077
v -33.036400 7.889714 -0.995818
v -32.931519 7.754550 -2.465575
v -32.869225 7.745032 0.321031
v -32.554932 8.079932 -2.570052
v -32.674408 8.203343 -0.958861
v -30.350819 8.545865 -2.724364
v -30.253609 8.726110 -1.063048
v -32.548637 8.087144 0.180787
v -27.666637 8.337145 -3.128691
v -27.574421 8.506522 -0.996047
v -30.202427 8.598498 0.737199
v -10.463785 5.803576 -3.628478
v -7.077946 6.939397 -2.126158
v -11.467655 4.720108 -4.467635
v -9.155161 6.089751 -2.865691
v -10.973730 4.623876 -3.090865
v -12.039703 3.249840 -4.425811
v -7.118963 6.390245 -2.012374
v -9.390635 5.559993 -2.020370
v -11.322111 1.736801 -3.274688
v -7.534983 5.937441 -1.136550
v -8.038702 4.669628 -0.872405
v -8.922771 1.965174 -1.023285
v -11.908737 1.391343 -4.192459
v -11.092817 -0.304440 -2.951065
v -11.616129 -0.424667 -3.734787
v -10.018269 -3.443575 -2.761857
v -10.520529 -1.977047 -2.510788
v -9.463009 -3.776666 -2.488648
v -8.413137 -4.503565 -2.201676
v -8.202589 -2.904001 -0.868607
v -8.916216 -0.083029 -1.014938
v -7.995527 1.875848 -0.590851
v -8.079672 -0.038450 -0.615860
v -6.983196 4.664167 -0.465347
v -6.971878 1.770976 -0.693756
v -6.306686 6.058355 -0.645476
v -5.769403 4.717407 -0.415511
v -5.830194 6.557149 -1.425704
v -4.992870 6.140989 -0.203780
v -5.842035 7.104696 -1.469680
v -4.793837 6.688336 -0.917678
v -4.833721 7.225928 -0.897139
v -3.541552 6.878371 -0.280272
v -5.159693 8.923560 -0.646254
v -3.618170 7.389630 -0.188124
v -3.815611 6.242825 0.196870
v -2.181358 7.031363 0.377382
v -3.295509 5.457683 0.173829
v -2.485367 6.386874 0.776963
v -2.215551 7.484561 0.536134
v -4.711948 3.838832 -0.757446
v -0.781479 6.932677 0.796067
v -1.294466 6.192602 1.065598
v -2.222975 4.791937 -0.780929
v -5.421320 1.642829 -1.361786
v -3.439379 3.379133 -1.752975
v -7.072189 -0.087587 -0.683136
v -4.151125 1.499776 -2.371719
v -7.422920 -2.784148 -0.437149
v -5.524078 -0.288220 -1.536285
v -6.418295 -2.700294 -0.445511
v -6.757584 -4.565300 -0.718842
v -5.011656 -2.663290 -1.271821
v -7.341475 -5.361528 -2.122422
v -7.798223 -6.162653 -2.409089
v -6.047686 -6.513389 -2.170960
v -6.562691 -7.146869 -2.362321
v -7.423758 -8.127628 -2.699541
v -5.664253 -5.968639 -0.994218
v -5.721672 -7.912950 -2.313630
v -6.378433 -9.126070 -2.610734
v -5.130432 -7.371146 -2.100267
v -4.536736 -8.730072 -2.132768
v -5.264717 -10.016990 -2.522020
v -3.612755 -10.711437 -1.785173
v -4.144789 -8.121380 -2.029680
v -4.789501 -6.766818 -0.993821
v -4.916452 -5.311332 -0.366532
v -3.196053 -9.123412 -1.612047
v -3.869326 -4.743962 -0.575822
v -2.167557 -9.321935 -0.978761
v -2.178192 -10.951517 -0.978197
v -3.027897 -8.564487 -1.510545
v -2.042126 -8.697071 -0.948274
v -2.340893 -7.877081 -0.399186
v -3.846390 -7.457475 -0.993531
v -3.009823 -6.722887 0.025847
v -1.497780 -7.297188 0.369643
v -2.179626 -6.155096 0.166717
v -0.312834 -6.432235 0.883925
v -2.702555 -4.291185 -1.581300
v -1.246820 -5.401170 -0.538316
v 0.418474 -5.790538 0.685622
v 0.506292 -5.175890 0.568236
v -0.982769 -4.827847 -0.522797
v 0.712173 -4.520553 0.325713
v -3.725208 -2.592642 -2.310273
v -2.280344 -3.838418 -1.453568
v -0.601830 -4.193645 -0.623719
v -4.260639 -0.605002 -2.552963
v -3.199968 -2.315812 -2.097092
v -1.725546 -3.340995 -1.426530
v -1.239866 -3.884279 0.460693
v -0.056728 -4.160825 1.327834
v -2.274929 -3.096899 -0.272065
v -2.541084 -2.025964 -1.983582
v -3.676353 -0.538925 -2.322830
v -2.624613 -1.141458 2.687118
v -3.032879 -1.913033 -0.775376
v -2.951494 -0.454437 -2.207092
v -3.577915 1.338943 -2.161407
v -3.380575 -0.469633 -0.970032
v -2.941950 3.018051 -1.608566
v -2.912729 -0.341963 2.510696
v -3.301811 1.015428 -0.840973
v -2.873100 1.182072 -2.071365
v -2.310654 2.641504 -1.582397
v -2.796501 2.349587 -0.401733
v -2.782280 0.505078 2.647934
v -1.816925 -0.208594 3.705048
v -1.366169 3.718502 -0.815643
v -1.932880 3.352660 0.288392
v -1.855019 4.280509 -0.739990
v -0.168898 4.304764 0.102662
v -0.463923 4.955762 0.327042
v -2.125431 1.268000 3.172821
v -0.827591 3.889176 1.136185
v 1.160088 4.325395 1.080369
v 0.370073 3.886678 2.027146
v -1.214489 1.266098 3.850464
v 1.498402 3.345497 2.840958
v 1.043474 4.952616 1.448396
v 2.403571 3.726679 1.977662
v 2.404987 2.338727 3.467698
v -0.524973 0.500367 4.327148
v -0.666962 5.547348 0.413957
v -0.221689 5.931106 1.244401
v 1.059313 5.577056 1.645738
v 0.408504 6.476325 1.061357
v 0.553785 6.945466 1.120134
v 2.552928 4.272974 2.586671
v 1.125084 6.363118 1.594682
v 3.374543 2.621946 2.659607
v -0.782896 7.373464 0.968339
v 4.030847 1.169984 3.063965
v -2.378393 9.083442 1.067171
v 2.967356 1.002342 3.822708
v -3.983665 8.981402 0.187562
v 3.109617 -0.483179 3.858078
v -4.138779 9.082097 0.350511
v -0.416769 -0.629496 4.354065
v 4.184078 -0.482030 3.100067
v 2.812517 -1.917198 3.569015
v 2.116209 -3.106059 2.994537
v 1.999905 -4.231877 1.296249
v 3.855869 -2.036067 2.782867
v 3.074537 -3.336146 2.149978
v 1.980635 -4.834013 1.681380
v 3.241117 -3.848372 2.665969
v 4.117496 -2.352084 3.388977
v 3.311677 -3.980356 2.769973
v 2.446352 -5.719356 2.165099
v 4.491426 -0.547241 3.752792
v 4.219180 -2.435789 3.526123
v 4.312383 1.322420 3.708298
v 3.604560 3.004385 3.261460
v 3.688660 3.111501 3.396149
v 4.422826 1.369723 3.866181
v 4.608333 -0.568515 3.913727
v 2.628021 4.555201 2.716126
v 4.756775 3.384136 4.472809
v 1.777063 5.521231 2.182160
v 4.178188 4.982270 4.150819
v 3.432504 6.068479 3.575303
v 2.626346 7.104266 2.908159
v 1.847504 7.903389 2.199678
v 2.551870 7.168835 3.060899
v 1.266155 8.268491 1.789400
v 1.833851 7.988667 2.363862
v 1.208628 8.426452 2.016206
v 0.897461 8.432841 1.647554
v 0.834496 8.627530 1.869890
v -0.550097 8.905942 1.588853
v 0.581127 8.260604 2.858949
v -2.457600 9.143434 1.224428
v -0.571514 8.936351 1.827348
v -0.900620 8.569182 2.813005
v 1.307955 7.847655 3.122972
v 0.638872 7.870223 3.672914
v -2.950438 8.693564 2.351655
v 2.078021 7.012269 3.855012
v -1.150644 8.104010 3.724184
v 1.440247 6.901585 4.479890
v 0.505997 6.950281 4.826478
v 3.384763 6.128664 3.738297
v 2.756838 6.070395 4.497041
v 4.157174 5.038065 4.324128
v 1.784559 6.021993 5.178605
v 3.220933 4.964581 5.116456
v 4.721732 3.399381 4.713837
v 3.674443 3.585635 5.612153
v 2.068367 5.091973 5.785691
v 2.455231 3.706774 6.283143
v 4.072916 2.192217 5.958420
v 0.588507 6.090119 5.628846
v 0.569313 5.111136 6.408021
v -1.430790 7.059402 5.100099
v -1.430618 6.103059 6.100999
v -2.434660 7.054279 5.027772
v -3.255205 8.223272 3.381334
v -2.686905 6.119010 5.982484
v -3.792536 7.047346 4.929978
v -4.279741 8.261818 3.024370
v -4.572737 8.686528 1.520631
v -5.008314 7.042990 4.507325
v -5.177244 8.261420 2.683366
v -5.108934 8.668780 1.143373
v -6.155704 7.146153 4.084580
v -4.078737 6.136685 5.851151
v -5.427473 6.110950 5.477143
v -4.323723 5.190707 6.698228
v -5.858088 5.183689 6.312486
v -2.883446 5.260692 6.846894
v -1.416601 5.237347 6.827958
v -4.615288 3.796312 7.645493
v 0.669786 3.867997 7.031617
v -3.056570 3.808979 7.694184
v 2.476186 2.480916 7.081406
v -1.513000 3.966970 7.625733
v 0.716507 2.693367 7.795609
v 2.472367 0.751141 7.290497
v -3.185230 2.760959 8.264420
v -1.495573 2.852361 8.276352
v 0.583750 0.925634 8.105835
v -4.843138 2.671275 8.252716
v -3.423401 0.953829 8.682159
v -1.666712 0.967585 8.632843
v -5.105747 0.956868 8.507797
v 0.583300 -0.969057 8.112534
v -3.585480 -0.895521 8.638489
v -1.881918 -1.050417 8.716217
v -2.115801 -3.374195 8.303100
v -5.346937 -0.735362 8.558136
v -3.885798 -3.259797 8.299438
v 0.422623 -3.389571 7.633712
v -2.775469 -5.835736 7.310256
v -5.571611 -3.044408 8.129058
v 2.565223 -0.966406 7.230515
v -4.573519 -5.621865 7.324142
v 4.316768 0.580199 6.041428
v 2.421776 -3.315696 6.675231
v 5.199095 1.745006 4.993042
v 4.331985 -0.922860 6.053223
v 5.257073 1.673713 4.788865
v 5.414188 0.637664 5.061539
v 5.398558 0.591610 4.885071
v 5.484838 -0.850552 5.100449
v 5.448200 -0.815450 4.876923
v 5.156764 -3.275317 4.589859
v 5.075143 -3.244697 4.806381
v 4.478101 -5.285965 3.978072
v 3.771547 -6.516431 3.417617
v 4.352852 -5.344209 4.192046
v 3.928990 -3.309181 5.656539
v 3.361504 -5.388454 4.952209
v 3.687301 -6.629544 3.664656
v 2.998963 -7.569564 2.732299
v 2.016539 -5.687108 5.818877
v 2.744514 -6.617532 4.464034
v -0.099163 -5.847710 6.780227
v -0.484230 -6.723911 5.814651
v 1.442478 -6.671133 5.130385
v -2.990044 -6.598856 6.370391
v -0.840565 -7.749329 5.008940
v -3.517256 -7.796619 5.254164
v -4.869377 -6.405035 6.284347
v 0.942228 -7.685884 4.459395
v -1.714331 -9.312734 3.744261
v 2.061502 -7.669275 3.850997
v 0.258202 -8.904844 3.584013
v 2.955728 -7.737544 3.012389
v 1.850359 -8.925605 2.164732
v 1.039570 -8.896208 2.952651
v -0.106276 -9.930556 2.055052
v 0.626595 -9.954396 1.286650
v 1.884737 -8.825583 1.848525
v 1.002340 -7.601322 1.115309
v 0.742071 -9.891566 0.983153
v 0.687651 -7.188995 0.832503
v -0.273487 -8.187468 0.116515
v -0.110258 -8.711695 0.305586
v -0.416597 -10.608544 0.154234
v -2.260284 -11.053720 -0.836275
v -0.504829 -10.714649 0.343657
v -1.183205 -10.646422 1.192808
v -3.730263 -10.808901 -1.636278
v -2.875294 -11.042437 -0.053209
v -5.361464 -10.119896 -2.403536
v -4.325418 -10.699780 -0.736711
v -3.367683 -10.691685 1.052977
v -0.722971 -9.768921 2.682860
v -1.734667 -10.396564 1.964186
v -2.015486 -9.973619 2.857527
v -3.636341 -9.375759 3.584776
v -3.626778 -10.105732 2.396681
v -5.209515 -7.571849 5.193785
v -5.482010 -9.089265 3.335463
v -5.351242 -9.929641 1.810988
v -4.936699 -10.441288 0.419829
v -7.122444 -8.584111 3.026946
v -5.963892 -9.924101 -1.302400
v -6.785728 -9.358622 1.316664
v -6.406206 -9.736033 -0.200349
v -6.479219 -9.229362 -2.499147
v -7.042898 -9.052291 -1.456407
v -7.515772 -8.901519 -0.364351
v -7.904829 -8.587375 1.047835
v -24.816216 0.910594 -5.703964
v -24.995537 0.952352 -5.591171
v -25.551605 -0.722985 -5.254105
v -24.969814 1.009662 -4.984406
v -25.750843 -0.681773 -5.044037
v -26.762947 -1.972341 -4.523713
v -25.263161 0.942914 -4.673477
v -25.746983 -0.557085 -4.628433
v -26.856552 -1.793815 -4.394059
v -25.627251 0.989938 -4.554977
v -25.652462 -0.490427 -4.161377
v -26.670055 -1.518425 -3.915741
v -25.534420 2.492028 -4.327041
v -26.164219 -0.335550 -4.182907
v -25.690727 3.711435 -4.294693
v -25.771053 1.016444 -4.063583
v -25.210709 3.672232 -4.220504
v -26.771275 -1.268849 -3.719834
v -25.084690 2.234866 -4.219451
v -27.878391 -2.069856 -3.206528
v -27.061012 -1.059837 -3.712113
v -27.896030 -1.856845 -3.121552
v -26.335690 -0.123018 -3.779831
v -29.229168 -2.332973 -2.448990
v -28.160625 -1.648573 -3.220490
v -27.083359 -0.832889 -3.447891
v -26.203125 -0.017184 -3.633118
v -28.143082 -1.344265 -3.071533
v -25.539032 0.914623 -3.943435
v -26.928864 -0.740054 -3.293198
v -28.090397 -1.263990 -2.847428
v -29.442917 -1.721609 -2.412400
v -29.372765 -2.102944 -2.499619
v -29.381203 -1.634093 -2.262772
v -29.629986 -2.158332 -2.186066
v -29.722233 -1.806364 -2.122437
v -29.451065 -2.388285 -2.116288
v -29.738605 -2.232520 -1.734619
v -29.653973 -1.696021 -1.985642
v -29.852943 -1.909918 -1.694596
v -29.024807 -1.641986 -1.865097
v -29.778133 -1.776749 -1.570633
v -27.349072 -1.506122 -2.490555
v -28.937813 -1.535402 -0.346497
v -25.446495 -1.318188 -2.982956
v -27.008492 -1.563497 -1.501251
v -24.763435 -0.458291 -3.392136
v -25.283806 -1.476680 -2.061020
v -24.108162 0.706211 -3.856247
v -24.489323 2.477556 -0.996231
v -23.852608 1.846646 -4.015518
v -24.065121 3.947471 -4.006820
v -26.157681 5.131808 -3.863250
v -24.763134 5.719713 -3.438659
v -26.371796 5.081295 -3.975417
v -25.173298 6.983341 -2.377013
v -27.860439 6.307651 -3.544188
v -27.842335 6.257083 -3.404586
v -30.004051 6.610200 -3.097823
v -29.909794 6.652959 -2.911711
v -31.619072 6.386211 -2.703368
v -29.527431 7.030591 -2.353377
v -32.054558 6.425851 -2.071853
v -27.469883 7.075559 -2.471572
v -29.440620 7.291101 -0.902480
v -32.260632 6.520740 -1.347854
v -32.406120 6.479878 -0.394805
v -27.259781 7.449973 -0.906356
v -29.472214 7.173051 0.353059
v -32.166622 6.458219 0.469575
v -25.410683 7.300380 -0.788375
v -31.958591 6.429416 0.715074
v -31.715652 6.488622 1.008836
v -31.628979 6.446622 0.878389
v -29.647934 6.646846 1.289140
v -29.671642 6.665915 1.106340
v -27.634529 6.345906 1.373384
v -27.649826 6.251922 1.557847
v -26.733612 5.692144 1.763535
v -27.059700 7.353539 0.370378
v -26.442825 5.724747 1.629670
v -25.214500 7.196092 0.464341
v -25.089790 6.051961 1.525697
v -25.981091 4.907190 1.813325
v -26.085861 4.826232 1.953477
v -24.849052 4.902991 1.953675
v -25.608006 3.720171 2.073167
v -25.699390 3.703152 2.202073
v -24.598328 3.625124 2.149064
v -25.467976 2.429355 2.184601
v -25.633240 2.443763 2.276886
v -24.598396 2.202243 2.206421
v -25.866657 1.075299 2.133026
v -25.981922 1.084284 2.276703
v -24.821507 0.891615 2.146408
v -25.174950 -0.056178 1.980255
v -24.973549 -1.137834 1.396759
v -26.499424 0.188589 2.009995
v -26.659203 0.230519 2.154495
v -26.474834 -1.121723 1.326401
v -28.123405 -0.695837 1.791397
v -28.075047 -0.689405 1.915680
v -29.131393 -1.185007 1.647644
v -28.632298 -1.346322 1.003982
v -29.078621 -1.111222 1.523239
v -29.458782 -1.416476 1.343948
v -29.412987 -1.324378 1.261307
v -29.612709 -1.560381 0.961365
v -29.651539 -1.670788 1.002243
v -29.681091 -1.718905 -0.269852
v -29.846104 -1.824823 -0.208557
v -29.802334 -2.151585 -0.191422
v -29.578114 -1.949273 1.071823
v -29.585361 -2.333828 -0.097382
v -29.436417 -2.056989 1.142242
v -29.524361 -2.462400 -1.645707
v -29.703094 -2.606917 -0.000946
v -29.488571 -2.283447 1.689804
v -29.730404 -2.826955 -1.972550
v -29.682461 -2.769271 -2.433945
v -29.485920 -2.730388 -2.757462
v -28.228283 -2.361246 -3.566269
v -6.931978 -7.241724 4.882033
v -6.621912 -6.171488 5.989913
v -6.208824 -5.348778 7.183471
v -6.698072 1.051805 8.121475
v -6.499088 2.633829 7.873261
v -6.189882 3.694997 7.224915
v -27.371662 8.467622 1.025606
v -30.021969 8.333587 1.257280
v -32.241978 7.823678 0.847230
v -32.518532 7.492929 0.914125
v -32.332058 7.476937 1.093812
v -32.783691 6.919816 1.012834
v -29.972446 8.001739 1.601823
v -32.767284 6.710530 0.976609
v -32.438129 6.819425 1.250306
v -32.471058 7.014731 1.265458
v -32.036819 7.155656 1.435914
v -31.987381 6.974330 1.441819
v -31.757351 6.616345 1.147538
v -29.630489 6.852868 1.477174
v -29.761581 7.416722 1.909135
v -27.657963 6.464320 1.810044
v -27.597229 6.872082 2.090165
v -26.593643 5.939011 2.161164
v -29.796139 7.602028 1.928605
v -25.910847 4.829601 2.392655
v -27.425110 7.722424 2.240999
v -27.590870 7.117892 2.492921
v -27.491039 7.296017 2.514390
v -26.299377 6.083451 2.381364
v -26.247314 6.269515 2.903504
v -25.364609 4.899171 2.941087
v -26.121525 6.391230 3.042848
v -25.216381 4.874762 3.507951
v -25.446659 3.648565 2.714447
v -24.936871 3.640630 3.069855
v -25.453701 2.397648 2.814560
v -25.875713 0.985852 2.780823
v -24.800617 2.304719 3.126343
v -24.870132 3.578236 3.565674
v -26.553780 0.010824 2.551498
v -27.951099 -0.875276 2.192810
v -24.756142 2.268213 3.709855
v -29.028061 -1.445080 1.823669
v -27.523731 -1.206991 2.361892
v -29.370399 -1.685754 1.466751
v -29.250828 -1.823011 1.602813
v -28.930595 -1.611879 2.025390
v -29.253479 -2.077598 2.076675
v -28.906803 -1.978291 2.383301
v -27.499767 -1.406597 2.914856
v -26.051849 -0.319134 2.933319
v -26.021523 -0.456417 3.532471
v -25.259941 0.749950 3.028412
v -25.233902 0.684228 3.695801
v -24.142895 2.698772 -6.039810
v -24.644287 4.755710 -5.765395
v -23.505077 4.865596 -5.792159
v -23.307045 2.745569 -6.220245
v -25.774021 7.073902 -4.653975
v -26.158104 7.988861 -3.380934
v -26.020641 8.194125 -1.175444
v -24.409000 7.688625 -3.528701
v -24.234299 8.080470 -1.298094
v -24.271107 6.576674 -4.867980
v -22.309956 7.799509 -3.562499
v -22.243156 6.713564 -4.974730
v -22.087658 4.930074 -6.155334
v -22.037979 2.840806 -6.536972
v -19.994865 3.029324 -7.251007
v -20.143181 5.430330 -6.746245
v -17.917885 3.288189 -7.653305
v -19.999008 7.143389 -5.447204
v -19.932529 8.297747 -3.857970
v -17.896980 5.708522 -7.261168
v -16.099983 3.405982 -7.804519
v -17.817364 7.541208 -5.818465
v -15.778431 6.068695 -7.384459
v -13.783434 3.319824 -7.660446
v -15.680523 7.866482 -5.963622
v -17.652367 8.770916 -4.248885
v -13.757334 6.109034 -7.289412
v -15.525150 9.271049 -4.402129
v -12.356478 5.741290 -7.085830
v -12.955107 3.191633 -7.520294
v -13.573414 8.022829 -5.905165
v -12.010462 3.014167 -7.098403
v -13.160110 9.068989 -4.419112
v -11.310787 5.471332 -6.690612
v -11.741776 7.925074 -5.648161
v -11.523201 2.979299 -6.830291
v -10.710314 7.675610 -5.530104
v -10.839071 5.324195 -6.493712
v -10.710552 5.209659 -6.345733
v -11.317577 2.904325 -6.710601
v -11.267054 8.847410 -4.110625
v -9.946016 7.433195 -5.254775
v -9.729885 8.572895 -3.809020
v -12.664942 9.570462 -1.634215
v -9.845501 7.305542 -5.215438
v -8.874485 8.406143 -3.672011
v -10.505838 9.267436 -1.557204
v -7.918480 8.810870 -1.295317
v -8.685482 8.233482 -3.764510
v -7.146744 8.799703 -2.085600
v -10.349566 6.150476 -4.212157
v -6.999746 8.704856 -2.197600
v -11.253157 4.886590 -5.098754
v -8.957663 6.607433 -3.141997
v -11.815050 3.028010 -5.327041
v -11.865290 1.291204 -4.981567
v -11.599791 0.627650 -6.354172
v -11.633345 -0.636987 -4.453094
v -11.540451 -1.241224 -5.819519
v -11.108225 -1.962436 -3.285660
v -11.192593 -2.182747 -4.087021
v -11.187796 -2.752964 -5.246216
v -10.366177 -4.056696 -3.377244
v -10.518188 -5.082847 -4.057069
v -9.753845 -4.691381 -2.815385
v -9.874104 -5.888135 -3.306718
v -8.903015 -5.225497 -2.514100
v -9.149281 -6.452569 -2.977784
v -6.048409 8.804412 -1.391371
v -6.158880 8.872855 -1.226393
v -8.337513 -7.240597 -2.846879
v -5.977671 8.294278 2.146654
v -7.307278 7.285340 3.381166
v -6.739079 6.220433 4.991151
v -7.528593 -8.231307 -2.594850
v -8.053505 -8.072960 -1.610521
v -8.469933 -7.307844 -2.750856
v -9.280727 -6.556311 -2.928864
v -9.037766 -7.292442 -1.830003
v -8.556932 -7.959484 -0.528428
v -10.004084 -6.007855 -3.260438
v -9.848509 -6.576766 -2.249009
v -9.553661 -7.154474 -0.849794
v -8.955538 -7.708608 0.778899
v -8.281212 -7.970955 2.611830
v -9.276735 -7.268022 2.274993
v -10.297880 -6.755288 0.583861
v -10.663860 -6.328687 1.754134
v -10.565056 -6.625617 -1.380677
v -11.434372 -6.300176 0.227065
v -10.605955 -6.222953 -2.784684
v -11.306074 -6.398373 -1.641740
v -11.267460 -5.860912 -3.344972
v -10.651751 -5.197983 -4.062165
v -11.373034 -2.913573 -5.434342
v -11.640564 -5.260082 -3.978929
v -11.671471 -1.290656 -5.938797
v -12.227461 -2.731301 -5.425217
v -11.711916 0.607377 -6.494110
v -12.476543 -1.106506 -6.008194
v -12.502665 0.731600 -6.691711
v -13.484606 -2.863039 -5.470795
v -13.350519 0.863584 -6.862640
v -13.384802 -1.005426 -6.043671
v -16.301300 1.112323 -6.877289
v -16.566177 -0.681621 -6.167938
v -17.874058 1.310411 -6.870148
v -16.845577 -2.804982 -5.477890
v -19.876202 1.141308 -6.615387
v -19.814938 -0.673799 -5.960800
v -22.042885 1.030838 -6.276138
v -20.185673 -2.796800 -5.297913
v -23.412262 0.939854 -5.975647
v -22.358559 -0.920149 -5.638168
v -24.221954 0.898467 -5.797150
v -23.776016 -0.903166 -5.448471
v -22.736538 -2.782147 -5.122834
v -24.959293 -0.861524 -5.359222
v -24.494976 -2.732735 -4.793320
v -26.278263 -2.226682 -4.547593
v -29.637711 -2.983697 -1.993515
v -29.578857 -2.835920 0.034866
v -29.595531 -2.940600 -2.461609
v -29.404758 -2.916304 -2.791810
v -28.168091 -2.552237 -3.633164
v -28.563148 -3.391825 -2.849625
v -27.598221 -3.023547 -3.635956
v -28.739334 -3.375653 -1.964844
v -25.088715 -4.162846 -3.930726
v -25.430363 -4.556784 -3.323380
v -25.413582 -4.648909 -2.341294
v -23.128147 -4.606743 -4.041505
v -23.183784 -5.120214 -3.496964
v -23.121334 -5.257865 -2.456132
v -20.350391 -5.107092 -4.151109
v -20.418526 -5.542468 -3.658525
v -17.037907 -5.411647 -4.166673
v -13.584137 -5.524555 -4.096253
v -16.937679 -5.860854 -3.643449
v -13.583591 -5.945697 -3.480439
v -20.234039 -5.717338 -2.494813
v -16.833488 -5.952540 -2.519547
v -13.727617 -5.991678 -2.244981
v -19.975010 -5.740653 -0.111649
v -12.309292 -6.154441 0.102248
v -16.604275 -5.850620 -0.110978
v -13.966780 -5.878525 -0.143571
v -12.002810 -5.691912 1.457335
v -12.779142 -5.377759 1.465331
v -14.487022 -5.190599 1.462234
v -12.306681 -4.911466 2.387435
v -10.840231 -5.512479 3.279403
v -13.176594 -4.492774 2.234115
v -12.600040 -3.933198 3.256301
v -9.442301 -6.101187 4.118117
v -10.923241 -4.587039 4.304870
v -8.316101 -6.715706 4.458266
v -9.341040 -5.268024 5.138198
v -8.015669 -5.773516 5.564116
v -9.246553 -4.335195 6.082489
v -7.533571 -4.991993 6.752929
v -7.090401 -2.803681 7.752792
v -8.925226 -2.447912 6.996002
v -6.913839 -0.531095 8.122833
v -8.806570 -0.259723 7.394180
v -8.677769 1.205744 7.353256
v -10.965443 -1.839390 5.880844
v -8.378180 2.602068 7.160660
v -7.943588 3.677998 6.650315
v -7.291878 5.178626 5.846009
v -9.963718 3.793026 5.782441
v -8.194139 6.279377 4.342332
v -8.999798 5.303572 5.101609
v -8.422688 7.412785 2.575044
v -9.719563 6.448077 3.498521
v -10.604227 5.499659 4.165406
v -7.135065 8.305188 1.405397
v -9.071196 7.532856 1.947191
v -6.170963 8.621648 0.441164
v -7.938208 8.424266 0.860231
v -6.954657 8.647733 -0.144667
v -5.317442 8.960578 -0.426970
v -9.075926 8.742690 0.377321
v -10.740982 9.061889 0.355684
v -10.157814 7.852099 1.619142
v -10.319483 6.589179 3.001191
v -11.214563 8.069310 1.991929
v -11.520462 7.191977 2.719728
v -11.316380 5.556711 3.785447
v -12.631081 9.323613 0.618211
v -12.981602 7.952555 2.506913
v -12.496883 6.131796 3.608079
v -15.023823 9.750970 -1.748717
v -15.051872 9.249379 0.862352
v -17.202843 9.070653 -1.634764
v -17.189941 9.094871 0.011034
v -19.592667 8.462787 -1.430617
v -19.432449 8.497653 0.500474
v -22.151337 8.177947 -1.339995
v -19.306778 8.249913 1.244295
v -22.130165 8.184321 0.892106
v -24.191917 8.184003 0.851701
v -22.094566 7.718276 1.483003
v -26.016834 8.296660 1.007554
v -24.078091 7.629006 1.764909
v -25.867634 7.770064 1.869768
v -27.383701 8.114223 1.785509
v -25.456509 6.807679 2.937928
v -25.076748 4.892783 3.597733
v -24.695114 3.590685 3.726197
v -29.362488 -2.442278 1.734558
v -29.127995 -2.244211 2.107223
v -28.790047 -3.148836 0.165405
v -28.523823 -2.736455 1.714263
v -25.345993 -4.525676 0.083816
v -22.915798 -5.247725 0.025878
v -25.176746 -3.949130 1.900131
v -27.872353 -2.435895 2.478225
v -22.707085 -4.721346 1.937560
v -24.894669 -3.473150 2.518890
v -28.781925 -2.152691 2.399673
v -27.311768 -1.549641 3.036697
v -25.823128 -0.567528 3.622223
v -26.724808 -1.839335 3.038711
v -24.561680 2.238164 3.810578
v -25.065010 0.595375 3.824600
v -25.334663 -0.844447 3.547806
v -24.421844 -2.563110 3.033874
v -22.638584 -4.059044 2.601760
v -23.832760 -1.337684 3.466308
v -19.846470 -5.194008 1.888320
v -22.434761 -3.066354 2.980072
v -19.799049 -4.367063 2.548446
v -16.611542 -5.311507 1.626128
v -16.645916 -4.600324 2.329314
v -14.590630 -4.344274 2.256622
v -19.804504 -3.455061 2.869079
v -14.734917 -3.621559 2.626235
v -16.707230 -3.652998 2.723922
v -22.091412 -1.670008 3.416107
v -13.335770 -3.664073 2.789672
v -19.722645 -2.002685 3.371399
v -12.797558 -2.798105 3.848892
v -14.875683 -2.421286 3.091461
v -13.635435 -2.617398 3.326507
v -10.893433 -3.517850 5.076095
v -12.910034 -1.133137 4.424561
v -13.885172 -0.725438 3.707306
v -10.949251 -0.031806 6.182541
v -12.824116 0.605162 4.700684
v -10.681515 1.546056 6.248124
v -13.845263 1.012703 4.010147
v -10.373264 2.618999 5.932297
v -12.573017 1.995672 4.728364
v -11.647459 4.118877 4.713242
v -12.212187 3.005733 4.792038
v -12.381231 4.332563 4.211854
v -13.089972 3.073375 4.206635
v -13.645340 4.600544 4.112702
v -13.591246 2.236457 4.087067
v -14.419285 2.702843 4.081208
v -14.712009 1.160932 4.000443
v -14.855133 -0.505353 3.632172
v -16.464977 -0.377787 3.710526
v -16.250767 1.420063 4.081238
v -16.578125 -2.405741 3.180648
v -19.413517 -0.004213 3.786758
v -21.561909 0.316961 3.743149
v -19.136036 1.846682 4.033143
v -16.072639 2.922122 4.162201
v -21.280445 2.035573 3.823944
v -19.053810 3.292044 3.974900
v -15.859684 4.808891 4.062272
v -13.383278 6.397971 3.551759
v -18.945343 4.884923 3.761811
v -15.227043 8.030711 2.370759
v -15.476002 6.664553 3.399766
v -18.994755 6.743012 2.864335
v -19.059826 7.328581 2.458528
v -21.494556 6.560917 2.693894
v -21.129375 4.954974 3.522523
v -21.222378 3.386452 3.723374
v -23.821968 6.488099 2.808106
v -22.714573 2.095383 3.736710
v -24.308056 4.966630 3.604295
v -23.160892 4.982214 3.491807
v -24.017818 3.558695 3.688782
v -22.815758 3.449058 3.656189
v -23.952034 2.170094 3.794083
v -22.949421 0.445558 3.741272
v -24.329235 0.511200 3.789597
v 1.841562 -3.974335 -1.124070
v -1.031033 -3.768391 1.261672
v -0.005434 -3.801937 -1.877030
v 1.292290 -1.567805 -3.933487
v 0.903114 -3.943641 1.747924
v -1.183720 -1.486820 3.644012
v 3.029028 -1.930044 -3.005768
v 0.763414 -1.855943 3.927841
v 3.769895 0.991710 -2.794906
v 2.101950 1.625281 -3.703048
v 1.949268 3.906849 -1.320693
v 4.460817 -1.677718 -0.603394
v 3.408154 -2.674782 1.750488
v 3.872846 -2.689981 0.328369
v 3.338977 -1.641025 2.829895
v 4.434407 -1.033375 1.281219
v 3.705832 -0.194278 2.934311
v 1.504271 1.065810 4.138702
v -0.374050 1.706258 3.874451
v 0.923681 3.940388 1.818009
v 2.691742 3.110098 2.257004
v 4.293814 0.817982 2.002548
v 3.630171 3.079409 -0.615005
v 4.758505 0.802787 0.580444
v 4.827682 -0.230967 -0.498978
v -2.851645 -0.853253 2.735885
v -2.711943 -2.940950 0.555969
v -2.110790 2.068500 2.946732
v -1.773495 -2.971645 -2.316025
v -0.923342 4.112790 1.065034
v -3.542587 1.816175 0.544358
v -3.840263 -0.664328 -0.639481
v -3.909441 0.369427 0.439941
v -3.375572 -0.679528 -2.061584
v -3.516167 1.171833 -1.340240
v -2.787590 0.332734 -2.993347
v -0.586031 -0.927356 -4.197723
v 0.154837 1.994402 -3.986862
v -2.420725 1.779484 -2.888916
v 0.015112 4.082098 -1.806976
v -2.489914 2.813237 -1.809509
v -2.954594 2.828433 -0.387390
vt 0.812370 0.976182
vt 0.901892 0.975723
vt 0.893806 0.978444
vt 0.956566 0.741854
vt 0.964552 0.745334
vt 0.965121 0.743175
vt 0.956049 0.743721
vt 0.963914 0.747951
vt 0.946769 0.737950
vt 0.954861 0.746072
vt 0.962795 0.751608
vt 0.943687 0.740271
vt 0.951929 0.748983
vt 0.951285 0.750185
vt 0.962769 0.752708
vt 0.963345 0.756008
vt 0.940883 0.742026
vt 0.938165 0.730178
vt 0.939862 0.728705
vt 0.934768 0.730802
vt 0.939519 0.743020
vt 0.935825 0.713973
vt 0.937412 0.714971
vt 0.935568 0.701908
vt 0.949271 0.753330
vt 0.934105 0.702303
vt 0.933854 0.697990
vt 0.948561 0.760728
vt 0.963376 0.761266
vt 0.936869 0.745203
vt 0.933286 0.731106
vt 0.932435 0.714253
vt 0.931043 0.731462
vt 0.930919 0.714038
vt 0.931051 0.703266
vt 0.930043 0.703595
vt 0.928434 0.714775
vt 0.931753 0.745602
vt 0.925712 0.703763
vt 0.924623 0.715712
vt 0.925937 0.732493
vt 0.928574 0.699886
vt 0.923796 0.704747
vt 0.929485 0.699233
vt 0.923879 0.701665
vt 0.932474 0.697876
vt 0.930484 0.694832
vt 0.931611 0.691967
vt 0.927401 0.696894
vt 0.927176 0.692164
vt 0.927446 0.690769
vt 0.919560 0.688225
vt 0.926572 0.697677
vt 0.924658 0.695076
vt 0.917679 0.689104
vt 0.910509 0.686413
vt 0.924037 0.695983
vt 0.908647 0.687902
vt 0.900499 0.687509
vt 0.915632 0.691217
vt 0.900546 0.689178
vt 0.906409 0.690152
vt 0.915218 0.692316
vt 0.897094 0.690689
vt 0.896587 0.689472
vt 0.906414 0.691320
vt 0.913472 0.697546
vt 0.921778 0.699896
vt 0.905688 0.696326
vt 0.921363 0.702733
vt 0.912386 0.700364
vt 0.919895 0.716009
vt 0.909249 0.715129
vt 0.905764 0.699214
vt 0.920113 0.732532
vt 0.905483 0.731388
vt 0.897977 0.712588
vt 0.921230 0.742303
vt 0.905434 0.741506
vt 0.922038 0.753796
vt 0.905176 0.753041
vt 0.934861 0.755430
vt 0.921486 0.767421
vt 0.934574 0.768780
vt 0.949768 0.770254
vt 0.964100 0.769267
vt 0.966760 0.783097
vt 0.950427 0.783885
vt 0.968876 0.797902
vt 0.935839 0.784138
vt 0.922124 0.783546
vt 0.952809 0.799336
vt 0.970661 0.811793
vt 0.937309 0.798978
vt 0.952717 0.813721
vt 0.971735 0.830438
vt 0.937906 0.813243
vt 0.924033 0.798905
vt 0.953000 0.827703
vt 0.924492 0.812887
vt 0.954318 0.837850
vt 0.972163 0.837779
vt 0.937437 0.826956
vt 0.972140 0.847068
vt 0.925689 0.828157
vt 0.954349 0.845869
vt 0.936555 0.838944
vt 0.971694 0.852108
vt 0.936721 0.845934
vt 0.954250 0.849517
vt 0.954428 0.851034
vt 0.972004 0.854628
vt 0.924593 0.840401
vt 0.936177 0.851427
vt 0.923471 0.850684
vt 0.907414 0.828872
vt 0.936637 0.852469
vt 0.922856 0.856491
vt 0.907588 0.842863
vt 0.906427 0.859807
vt 0.923952 0.858141
vt 0.911474 0.866101
vt 0.942802 0.861718
vt 0.912317 0.867346
vt 0.955015 0.860317
vt 0.932195 0.867691
vt 0.943880 0.866252
vt 0.967791 0.864785
vt 0.921086 0.876198
vt 0.954814 0.864816
vt 0.935078 0.870914
vt 0.950451 0.873027
vt 0.963927 0.869940
vt 0.923516 0.879302
vt 0.938067 0.877301
vt 0.966152 0.884311
vt 0.927832 0.885321
vt 0.935059 0.890793
vt 0.950827 0.900150
vt 0.972390 0.879896
vt 0.974090 0.896279
vt 0.976292 0.876004
vt 0.986117 0.872253
vt 0.978876 0.892019
vt 0.983312 0.889816
vt 0.992882 0.887518
vt 0.982934 0.903455
vt 0.987976 0.901467
vt 0.996374 0.900358
vt 0.991056 0.917355
vt 0.998906 0.920383
vt 0.984843 0.917382
vt 0.989887 0.924911
vt 0.997459 0.929402
vt 0.978567 0.908385
vt 0.983656 0.922400
vt 0.988483 0.932357
vt 0.996509 0.936391
vt 0.982390 0.931989
vt 0.969790 0.927309
vt 0.960039 0.910104
vt 0.946604 0.905624
vt 0.955610 0.914622
vt 0.930004 0.896007
vt 0.942332 0.911125
vt 0.921566 0.890783
vt 0.924070 0.901215
vt 0.916914 0.885434
vt 0.914925 0.896394
vt 0.914602 0.882361
vt 0.911797 0.890593
vt 0.907011 0.872801
vt 0.909568 0.887592
vt 0.905497 0.896711
vt 0.905935 0.871749
vt 0.902198 0.877771
vt 0.903499 0.893721
vt 0.908764 0.901318
vt 0.898564 0.902975
vt 0.908868 0.908132
vt 0.901414 0.906692
vt 0.896924 0.900550
vt 0.922673 0.911286
vt 0.892626 0.910292
vt 0.896209 0.913220
vt 0.907293 0.919455
vt 0.935239 0.920199
vt 0.918688 0.922532
vt 0.951193 0.920017
vt 0.928930 0.929371
vt 0.965146 0.931201
vt 0.943838 0.929706
vt 0.960432 0.936177
vt 0.970939 0.942660
vt 0.952237 0.943759
vt 0.982158 0.941899
vt 0.988485 0.942700
vt 0.996815 0.944503
vt 0.982731 0.953931
vt 0.988250 0.953687
vt 0.997172 0.953329
vt 0.973810 0.954580
vt 0.988491 0.961394
vt 0.997706 0.962856
vt 0.983038 0.962497
vt 0.987703 0.971079
vt 0.997894 0.971979
vt 0.994310 0.983617
vt 0.982955 0.970838
vt 0.974383 0.962738
vt 0.965957 0.956461
vt 0.983943 0.980321
vt 0.958242 0.959766
vt 0.980646 0.987830
vt 0.990363 0.993462
vt 0.980104 0.979204
vt 0.976489 0.985923
vt 0.970291 0.981646
vt 0.974642 0.970846
vt 0.964767 0.973616
vt 0.962024 0.984834
vt 0.958201 0.976344
vt 0.952286 0.989219
vt 0.947639 0.963060
vt 0.948533 0.976811
vt 0.945670 0.990537
vt 0.941655 0.989356
vt 0.944067 0.976910
vt 0.936728 0.988382
vt 0.943334 0.950343
vt 0.943433 0.964312
vt 0.938557 0.977175
vt 0.937342 0.938927
vt 0.939693 0.952388
vt 0.938316 0.965855
vt 0.928410 0.978013
vt 0.926326 0.987799
vt 0.928925 0.968379
vt 0.935403 0.954870
vt 0.934182 0.941682
vt 0.904713 0.969237
vt 0.927207 0.959179
vt 0.930384 0.944936
vt 0.926362 0.932814
vt 0.923363 0.950908
vt 0.916847 0.926554
vt 0.903853 0.964349
vt 0.917672 0.944209
vt 0.923316 0.936819
vt 0.914582 0.931253
vt 0.910417 0.939686
vt 0.900428 0.960966
vt 0.893716 0.969142
vt 0.904768 0.928912
vt 0.902047 0.937754
vt 0.906183 0.923765
vt 0.894406 0.929812
vt 0.894996 0.924853
vt 0.893760 0.959748
vt 0.893027 0.938544
vt 0.883512 0.933497
vt 0.883729 0.941739
vt 0.886601 0.962761
vt 0.874445 0.946731
vt 0.883358 0.929066
vt 0.872726 0.939033
vt 0.865317 0.952714
vt 0.881670 0.968950
vt 0.895568 0.920697
vt 0.890911 0.918942
vt 0.883095 0.925232
vt 0.887439 0.917454
vt 0.886231 0.915448
vt 0.871101 0.934891
vt 0.882824 0.920592
vt 0.862276 0.945020
vt 0.891466 0.907911
vt 0.851594 0.950683
vt 0.890523 0.892372
vt 0.856073 0.958643
vt 0.896967 0.884369
vt 0.844918 0.963120
vt 0.896022 0.882953
vt 0.885070 0.975563
vt 0.839828 0.955454
vt 0.833416 0.967128
vt 0.804892 0.983187
vt 0.795000 0.976122
vt 0.822334 0.971241
vt 0.804082 0.968996
vt 0.788628 0.972368
vt 0.827871 0.959544
vt 0.815709 0.963891
vt 0.799584 0.965150
vt 0.783262 0.968801
vt 0.812205 0.959850
vt 0.825080 0.955599
vt 0.811448 0.958867
vt 0.795720 0.958298
vt 0.773980 0.965585
vt 0.837582 0.951503
vt 0.824444 0.954579
vt 0.849608 0.946741
vt 0.860682 0.940927
vt 0.860294 0.939905
vt 0.849105 0.945683
vt 0.836981 0.950446
vt 0.870905 0.933093
vt 0.854013 0.933702
vt 0.877631 0.926483
vt 0.860924 0.927776
vt 0.866740 0.922957
vt 0.872651 0.917970
vt 0.877536 0.913339
vt 0.872156 0.917075
vt 0.880397 0.910454
vt 0.876893 0.912669
vt 0.879607 0.909387
vt 0.881887 0.908895
vt 0.881003 0.907664
vt 0.884986 0.901364
vt 0.876574 0.905025
vt 0.889795 0.891485
vt 0.883933 0.900643
vt 0.879230 0.897113
vt 0.873997 0.909024
vt 0.872366 0.904589
vt 0.883740 0.886433
vt 0.868755 0.913499
vt 0.874286 0.894706
vt 0.866356 0.909212
vt 0.865517 0.903549
vt 0.866239 0.922110
vt 0.863403 0.917465
vt 0.860424 0.926892
vt 0.861027 0.911205
vt 0.857492 0.920653
vt 0.853214 0.932515
vt 0.850818 0.924567
vt 0.855791 0.913134
vt 0.849053 0.916543
vt 0.844208 0.928178
vt 0.859900 0.903930
vt 0.853895 0.904004
vt 0.865716 0.892269
vt 0.858765 0.892116
vt 0.866385 0.886543
vt 0.877759 0.883341
vt 0.859377 0.884978
vt 0.867103 0.878921
vt 0.880026 0.877647
vt 0.889198 0.877876
vt 0.868924 0.871973
vt 0.881948 0.872619
vt 0.891336 0.875014
vt 0.884838 0.868200
vt 0.870910 0.865456
vt 0.859925 0.877046
vt 0.860982 0.869210
vt 0.874320 0.858724
vt 0.862828 0.861537
vt 0.852874 0.875848
vt 0.853553 0.866915
vt 0.852980 0.884036
vt 0.853081 0.892440
vt 0.843533 0.874993
vt 0.847231 0.905345
vt 0.844122 0.883745
vt 0.841962 0.916870
vt 0.845544 0.892413
vt 0.840416 0.906039
vt 0.833574 0.918976
vt 0.837803 0.883844
vt 0.839092 0.893232
vt 0.831589 0.907134
vt 0.836469 0.874707
vt 0.827972 0.884167
vt 0.829409 0.894038
vt 0.826904 0.874678
vt 0.822388 0.909528
vt 0.818246 0.885278
vt 0.819153 0.895144
vt 0.807142 0.897119
vt 0.817592 0.875088
vt 0.805580 0.886808
vt 0.810143 0.912453
vt 0.792852 0.897680
vt 0.804792 0.876805
vt 0.825399 0.921920
vt 0.791450 0.886868
vt 0.836699 0.931760
vt 0.813440 0.925400
vt 0.845310 0.937235
vt 0.829222 0.933908
vt 0.845619 0.938536
vt 0.840076 0.939913
vt 0.840330 0.940981
vt 0.832610 0.942303
vt 0.833180 0.943568
vt 0.819313 0.945718
vt 0.819235 0.944354
vt 0.806388 0.946378
vt 0.797162 0.946002
vt 0.805922 0.944856
vt 0.816271 0.936071
vt 0.803806 0.937326
vt 0.796785 0.944237
vt 0.788369 0.945522
vt 0.800108 0.927787
vt 0.795419 0.936528
vt 0.796397 0.913915
vt 0.789273 0.914788
vt 0.792756 0.927473
vt 0.786400 0.898671
vt 0.782062 0.915428
vt 0.777054 0.898584
vt 0.784236 0.886908
vt 0.785450 0.927346
vt 0.769846 0.914505
vt 0.787386 0.935511
vt 0.776186 0.926507
vt 0.788102 0.943376
vt 0.776918 0.940538
vt 0.776659 0.933139
vt 0.766157 0.929429
vt 0.765786 0.936544
vt 0.776405 0.942491
vt 0.775329 0.953394
vt 0.765289 0.938587
vt 0.774808 0.957083
vt 0.762736 0.952463
vt 0.759553 0.961573
vt 0.750163 0.957464
vt 0.747573 0.949362
vt 0.762414 0.948417
vt 0.745115 0.944044
vt 0.755609 0.934057
vt 0.741188 0.928720
vt 0.741136 0.926468
vt 0.755699 0.932557
vt 0.731423 0.912217
vt 0.739900 0.926892
vt 0.756884 0.925458
vt 0.732609 0.911441
vt 0.725208 0.895972
vt 0.743850 0.918553
vt 0.726359 0.895599
vt 0.724621 0.883216
vt 0.737525 0.906016
vt 0.749402 0.911360
vt 0.767091 0.923689
vt 0.759216 0.919592
vt 0.763513 0.915250
vt 0.764749 0.902642
vt 0.757173 0.905823
vt 0.775339 0.887476
vt 0.761746 0.890087
vt 0.752024 0.894212
vt 0.743921 0.899696
vt 0.760674 0.877982
vt 0.733396 0.890467
vt 0.749682 0.882572
vt 0.740305 0.886572
vt 0.725828 0.883121
vt 0.733112 0.878709
vt 0.726579 0.870393
vt 0.725380 0.870354
vt 0.726554 0.859449
vt 0.740511 0.875292
vt 0.733867 0.866913
vt 0.727739 0.859161
vt 0.728660 0.850221
vt 0.727505 0.850438
vt 0.734986 0.856560
vt 0.741671 0.863928
vt 0.728335 0.843143
vt 0.727162 0.843516
vt 0.734535 0.847718
vt 0.742608 0.853653
vt 0.749768 0.872084
vt 0.750867 0.861479
vt 0.760259 0.868313
vt 0.761102 0.859188
vt 0.753915 0.848771
vt 0.762978 0.846447
vt 0.742179 0.844211
vt 0.755315 0.839253
vt 0.733308 0.840651
vt 0.742648 0.838074
vt 0.731156 0.834551
vt 0.723601 0.835965
vt 0.722637 0.836655
vt 0.708355 0.826066
vt 0.707139 0.827716
vt 0.726558 0.829999
vt 0.698095 0.820888
vt 0.697585 0.822008
vt 0.685069 0.817750
vt 0.709158 0.820385
vt 0.685412 0.816601
vt 0.669779 0.814571
vt 0.669764 0.812949
vt 0.698575 0.815425
vt 0.686177 0.811188
vt 0.670422 0.809371
vt 0.712352 0.812588
vt 0.686977 0.805444
vt 0.670772 0.802632
vt 0.699842 0.809437
vt 0.671483 0.797241
vt 0.691320 0.786277
vt 0.675313 0.782822
vt 0.703939 0.788378
vt 0.693124 0.775877
vt 0.679634 0.771834
vt 0.685769 0.759231
vt 0.718393 0.791002
vt 0.698358 0.763320
vt 0.692298 0.745966
vt 0.710352 0.767499
vt 0.703975 0.749356
vt 0.696007 0.737499
vt 0.724838 0.769875
vt 0.707982 0.740355
vt 0.698296 0.731805
vt 0.717451 0.751681
vt 0.710340 0.734927
vt 0.698988 0.727838
vt 0.720995 0.742832
vt 0.730283 0.754305
vt 0.711888 0.730972
vt 0.699417 0.726599
vt 0.724150 0.735619
vt 0.734910 0.743886
vt 0.712237 0.729471
vt 0.701093 0.722491
vt 0.725213 0.731601
vt 0.713081 0.725198
vt 0.702139 0.719416
vt 0.726032 0.729810
vt 0.737747 0.732307
vt 0.738113 0.728882
vt 0.714912 0.722810
vt 0.703206 0.717069
vt 0.726053 0.726926
vt 0.737877 0.727392
vt 0.715696 0.720238
vt 0.726464 0.723892
vt 0.736492 0.723891
vt 0.704230 0.713649
vt 0.692644 0.708284
vt 0.727535 0.720665
vt 0.694373 0.706311
vt 0.681766 0.696533
vt 0.717130 0.717078
vt 0.697192 0.704886
vt 0.736353 0.721700
vt 0.707101 0.711722
vt 0.746193 0.721091
vt 0.737042 0.719349
vt 0.745786 0.719870
vt 0.728188 0.717677
vt 0.755896 0.717461
vt 0.746282 0.717895
vt 0.737073 0.717025
vt 0.727412 0.716543
vt 0.745823 0.716107
vt 0.717932 0.715505
vt 0.736406 0.715731
vt 0.745999 0.714724
vt 0.755618 0.714206
vt 0.755805 0.716118
vt 0.755661 0.713286
vt 0.758288 0.715340
vt 0.757952 0.713682
vt 0.758866 0.716515
vt 0.761103 0.714281
vt 0.758030 0.712827
vt 0.760465 0.712715
vt 0.755604 0.710667
vt 0.760590 0.711764
vt 0.744585 0.710458
vt 0.763206 0.703530
vt 0.733193 0.707943
vt 0.747468 0.704159
vt 0.726336 0.707776
vt 0.736715 0.703083
vt 0.718368 0.706956
vt 0.719809 0.685743
vt 0.712226 0.704772
vt 0.701888 0.698879
vt 0.685680 0.694587
vt 0.694461 0.689662
vt 0.684189 0.695240
vt 0.692300 0.679869
vt 0.673890 0.681760
vt 0.671192 0.682842
vt 0.674686 0.681161
vt 0.663681 0.667538
vt 0.661484 0.668791
vt 0.665025 0.667016
vt 0.657047 0.657832
vt 0.654995 0.659058
vt 0.654503 0.656474
vt 0.669847 0.665315
vt 0.657720 0.652809
vt 0.655438 0.651740
vt 0.680196 0.673934
vt 0.676411 0.657183
vt 0.659714 0.648068
vt 0.657890 0.646319
vt 0.662785 0.642343
vt 0.662044 0.641372
vt 0.686840 0.665002
vt 0.681483 0.649867
vt 0.667335 0.638469
vt 0.666599 0.636537
vt 0.668938 0.636326
vt 0.696144 0.670467
vt 0.669352 0.637794
vt 0.671777 0.636982
vt 0.671775 0.638075
vt 0.684411 0.643058
vt 0.683628 0.644030
vt 0.697775 0.649072
vt 0.698581 0.647942
vt 0.706600 0.650878
vt 0.693139 0.658546
vt 0.707231 0.652965
vt 0.701165 0.664485
vt 0.709878 0.661021
vt 0.715498 0.654182
vt 0.716287 0.653147
vt 0.717200 0.661720
vt 0.725742 0.657749
vt 0.726317 0.656858
vt 0.724842 0.664488
vt 0.735256 0.663044
vt 0.735918 0.662005
vt 0.732769 0.668735
vt 0.745545 0.669332
vt 0.746466 0.668525
vt 0.739767 0.673421
vt 0.744339 0.677537
vt 0.745549 0.684203
vt 0.753533 0.675883
vt 0.754839 0.675256
vt 0.753679 0.686658
vt 0.764953 0.686539
vt 0.765052 0.685546
vt 0.772128 0.693127
vt 0.766899 0.695392
vt 0.771209 0.693560
vt 0.773966 0.697433
vt 0.773094 0.697617
vt 0.774233 0.701916
vt 0.775335 0.702915
vt 0.767278 0.706809
vt 0.768451 0.707684
vt 0.769846 0.709494
vt 0.777949 0.706060
vt 0.771334 0.710989
vt 0.779820 0.707974
vt 0.762303 0.715397
vt 0.772601 0.712746
vt 0.785499 0.711081
vt 0.761440 0.718005
vt 0.758996 0.718923
vt 0.761716 0.718906
vt 0.773301 0.714527
vt 0.759268 0.719822
vt 0.757125 0.719829
vt 0.748497 0.723510
vt 0.757292 0.720787
vt 0.748850 0.724649
vt 0.756561 0.725428
vt 0.749028 0.728820
vt 0.762367 0.724076
vt 0.746496 0.744470
vt 0.751778 0.743824
vt 0.758327 0.744487
vt 0.744254 0.756517
vt 0.749066 0.757433
vt 0.755858 0.758619
vt 0.741217 0.773997
vt 0.745463 0.774582
vt 0.737119 0.795255
vt 0.731643 0.817650
vt 0.741344 0.796960
vt 0.736454 0.819005
vt 0.752768 0.776880
vt 0.748438 0.798976
vt 0.744789 0.819993
vt 0.767810 0.779903
vt 0.756949 0.832656
vt 0.763966 0.802238
vt 0.759485 0.820440
vt 0.766214 0.835386
vt 0.769068 0.829352
vt 0.772851 0.817076
vt 0.775460 0.832765
vt 0.774795 0.845131
vt 0.778460 0.825936
vt 0.785434 0.830223
vt 0.774983 0.856512
vt 0.784154 0.843921
vt 0.773691 0.865529
vt 0.783094 0.856264
vt 0.773830 0.875815
vt 0.782288 0.865881
vt 0.782654 0.875608
vt 0.791193 0.856094
vt 0.790738 0.876900
vt 0.790320 0.868191
vt 0.804267 0.867496
vt 0.804167 0.855805
vt 0.817515 0.865779
vt 0.826667 0.865429
vt 0.817740 0.853953
vt 0.835936 0.865295
vt 0.826807 0.853351
vt 0.805428 0.841183
vt 0.843304 0.865806
vt 0.835583 0.854101
vt 0.843313 0.855371
vt 0.854294 0.858356
vt 0.844383 0.842775
vt 0.864849 0.852759
vt 0.856047 0.848037
vt 0.878258 0.852096
vt 0.867940 0.843351
vt 0.858999 0.837629
vt 0.888611 0.861574
vt 0.881491 0.848308
vt 0.895506 0.869063
vt 0.891755 0.856951
vt 0.898980 0.864687
vt 0.900892 0.876351
vt 0.894789 0.850097
vt 0.894621 0.839335
vt 0.883433 0.841895
vt 0.870374 0.839622
vt 0.881453 0.834740
vt 0.873389 0.832373
vt 0.859979 0.832967
vt 0.892664 0.827104
vt 0.877037 0.823334
vt 0.862918 0.825684
vt 0.907325 0.813812
vt 0.890216 0.811653
vt 0.906261 0.799266
vt 0.895050 0.798157
vt 0.904734 0.783236
vt 0.890649 0.782888
vt 0.904641 0.766508
vt 0.884902 0.783161
vt 0.887850 0.764598
vt 0.889187 0.750847
vt 0.882135 0.764094
vt 0.889794 0.738580
vt 0.881075 0.750383
vt 0.882378 0.738224
vt 0.891469 0.729743
vt 0.885873 0.728195
vt 0.894103 0.712275
vt 0.901304 0.698901
vt 0.901365 0.696195
vt 0.899794 0.696637
vt 0.901203 0.692423
vt 0.891205 0.711279
vt 0.901022 0.691244
vt 0.898441 0.692820
vt 0.898913 0.693877
vt 0.896647 0.696339
vt 0.895829 0.695515
vt 0.893473 0.693639
vt 0.892667 0.692645
vt 0.881826 0.705799
vt 0.882933 0.707317
vt 0.871518 0.718115
vt 0.886702 0.710180
vt 0.873128 0.719602
vt 0.864968 0.723405
vt 0.875497 0.721974
vt 0.866425 0.726368
vt 0.857111 0.726728
vt 0.887767 0.710758
vt 0.856825 0.729999
vt 0.847754 0.729280
vt 0.881864 0.726884
vt 0.877736 0.724375
vt 0.878575 0.725541
vt 0.871627 0.739183
vt 0.866658 0.729144
vt 0.868542 0.732594
vt 0.856406 0.735398
vt 0.869173 0.734072
vt 0.856426 0.739501
vt 0.856383 0.740666
vt 0.846856 0.733134
vt 0.837388 0.729062
vt 0.846349 0.737431
vt 0.836642 0.732857
vt 0.824882 0.730013
vt 0.825864 0.726641
vt 0.836084 0.737841
vt 0.845985 0.741000
vt 0.815520 0.725947
vt 0.816959 0.723187
vt 0.845993 0.742693
vt 0.803815 0.717954
vt 0.804521 0.715669
vt 0.835445 0.741931
vt 0.794865 0.712230
vt 0.795958 0.710349
vt 0.803655 0.721829
vt 0.791526 0.709507
vt 0.793136 0.708097
vt 0.791207 0.705825
vt 0.789454 0.706618
vt 0.788647 0.707581
vt 0.790678 0.710792
vt 0.794445 0.713985
vt 0.789724 0.713821
vt 0.785780 0.712871
vt 0.792421 0.716460
vt 0.789218 0.715052
vt 0.775529 0.720247
vt 0.786570 0.720040
vt 0.774593 0.744656
vt 0.771770 0.760762
vt 0.787002 0.744902
vt 0.792912 0.724401
vt 0.784584 0.761877
vt 0.792416 0.746112
vt 0.791827 0.717657
vt 0.801651 0.725162
vt 0.801371 0.726959
vt 0.814633 0.730763
vt 0.812732 0.734536
vt 0.824022 0.734792
vt 0.822650 0.739170
vt 0.812426 0.736198
vt 0.800709 0.731413
vt 0.835266 0.743495
vt 0.822172 0.740685
vt 0.811073 0.739864
vt 0.799915 0.748103
vt 0.790749 0.761637
vt 0.809297 0.750860
vt 0.781238 0.780752
vt 0.797840 0.762052
vt 0.788212 0.780620
vt 0.776300 0.802331
vt 0.783229 0.801859
vt 0.781569 0.816010
vt 0.794649 0.780058
vt 0.787831 0.814558
vt 0.790427 0.801146
vt 0.807763 0.763220
vt 0.786253 0.824114
vt 0.805055 0.779673
vt 0.795072 0.827851
vt 0.797638 0.812795
vt 0.795619 0.821334
vt 0.792998 0.843059
vt 0.808259 0.825970
vt 0.810529 0.817936
vt 0.817863 0.839883
vt 0.821219 0.825014
vt 0.828550 0.840083
vt 0.823996 0.817200
vt 0.836326 0.840582
vt 0.831591 0.825839
vt 0.847463 0.831331
vt 0.839070 0.827934
vt 0.849437 0.826145
vt 0.839706 0.821541
vt 0.850708 0.818104
vt 0.833301 0.818394
vt 0.836730 0.813096
vt 0.825282 0.811627
vt 0.812544 0.811549
vt 0.814646 0.800807
vt 0.827762 0.801489
vt 0.799685 0.801308
vt 0.819088 0.780650
vt 0.821846 0.765589
vt 0.832172 0.781932
vt 0.838527 0.802344
vt 0.834158 0.766966
vt 0.842436 0.782337
vt 0.851855 0.803825
vt 0.864098 0.820113
vt 0.853934 0.783338
vt 0.877273 0.809191
vt 0.865608 0.806846
vt 0.868790 0.783852
vt 0.873914 0.783846
vt 0.869278 0.766736
vt 0.855668 0.768337
vt 0.844022 0.767281
vt 0.869239 0.750581
vt 0.834679 0.756752
vt 0.856485 0.746068
vt 0.856502 0.754187
vt 0.845651 0.747529
vt 0.844782 0.756047
vt 0.834945 0.747909
vt 0.822528 0.755759
vt 0.822269 0.745901
vt 0.872018 0.267065
vt 0.829261 0.229270
vt 0.887924 0.247862
vt 0.916258 0.302490
vt 0.831592 0.254096
vt 0.774633 0.257605
vt 0.891433 0.304821
vt 0.793836 0.273511
vt 0.878464 0.345247
vt 0.897666 0.361153
vt 0.843039 0.389488
vt 0.858931 0.307535
vt 0.834306 0.286598
vt 0.850955 0.291967
vt 0.818737 0.294574
vt 0.836150 0.309379
vt 0.813369 0.311223
vt 0.780866 0.313937
vt 0.756041 0.316268
vt 0.784376 0.370896
vt 0.800281 0.351693
vt 0.821345 0.326791
vt 0.840708 0.364662
vt 0.837993 0.332160
vt 0.853562 0.324184
vt 0.793836 0.273511
vt 0.831592 0.254096
vt 0.780866 0.313937
vt 0.872018 0.267065
vt 0.800281 0.351693
vt 0.813369 0.311223
vt 0.834306 0.286598
vt 0.818737 0.294574
vt 0.850955 0.291967
vt 0.836150 0.309379
vt 0.858931 0.307535
vt 0.891433 0.304821
vt 0.878464 0.345247
vt 0.853562 0.324184
vt 0.840708 0.364662
vt 0.837993 0.332160
vt 0.821345 0.326791
vn 0.3049 0.7189 -0.6246
vn -0.6564 -0.1500 -0.7394
vn -0.6263 -0.1047 -0.7725
vn -0.3781 0.0155 -0.9256
vn -0.6239 -0.1471 -0.7675
vn -0.9096 -0.1785 -0.3752
vn -0.6800 -0.3860 -0.6233
vn -0.8638 -0.3169 -0.3916
vn -0.9318 -0.1852 -0.3121
vn -0.7003 -0.5371 -0.4703
vn -0.8635 -0.3748 -0.3373
vn -0.2439 0.0946 -0.9652
vn -0.2823 0.0383 -0.9586
vn -0.1557 0.1384 -0.9781
vn -0.6448 -0.4716 -0.6016
vn -0.3960 -0.7206 -0.5692
vn -0.3057 -0.3753 -0.8750
vn -0.3659 -0.6842 -0.6309
vn -0.1736 0.2602 -0.9498
vn -0.1210 -0.8450 -0.5209
vn -0.1133 -0.9905 0.0780
vn 0.0638 -0.9428 -0.3273
vn -0.0724 0.2215 -0.9725
vn 0.0114 -0.8504 -0.5261
vn 0.1329 -0.9911 -0.0073
vn -0.1401 0.3294 -0.9337
vn -0.2386 0.1704 -0.9560
vn 0.0376 0.5097 -0.8595
vn -0.1683 0.3624 -0.9167
vn -0.1738 -0.6080 -0.7747
vn -0.0471 0.6964 -0.7162
vn -0.1977 0.4065 -0.8920
vn -0.0980 -0.6713 -0.7347
vn -0.3369 0.4340 -0.8356
vn -0.1523 0.6845 -0.7130
vn 0.0825 0.7163 -0.6929
vn -0.3507 0.5306 -0.7716
vn -0.0997 0.7627 -0.6390
vn 0.0012 0.7881 -0.6156
vn -0.6903 0.2059 -0.6936
vn -0.2361 0.7627 -0.6021
vn -0.4166 -0.7424 -0.5246
vn -0.6639 0.4081 -0.6267
vn -0.1877 -0.9130 -0.3623
vn -0.2820 -0.9547 -0.0954
vn 0.0836 -0.9870 0.1372
vn -0.5739 -0.7519 -0.3244
vn -0.3920 -0.9197 -0.0203
vn 0.1042 -0.9929 0.0567
vn -0.4401 -0.8980 0.0043
vn -0.7829 0.1971 -0.5901
vn -0.6737 -0.7347 -0.0804
vn -0.5019 -0.8649 0.0066
vn -0.5118 -0.8591 -0.0005
vn -0.9647 0.1994 -0.1722
vn -0.5217 -0.8531 0.0035
vn -0.6062 -0.7687 0.2040
vn -0.7346 -0.6779 0.0263
vn -0.5253 -0.8060 0.2727
vn -0.7369 -0.6689 0.0982
vn -0.9869 0.1518 0.0545
vn -0.1919 -0.7266 0.6597
vn -0.1895 -0.7376 0.6481
vn -0.9692 0.1256 0.2119
vn -0.8963 0.4424 0.0289
vn -0.8487 0.4890 -0.2015
vn -0.8641 0.4135 0.2869
vn -0.2946 0.9424 -0.1583
vn -0.2892 0.9573 0.0008
vn -0.0564 0.9717 -0.2295
vn -0.0536 0.9985 -0.0138
vn -0.3078 0.9302 0.1999
vn 0.0909 0.9682 -0.2332
vn 0.1064 0.9936 -0.0377
vn -0.0825 0.9831 0.1636
vn 0.1306 0.9401 -0.3148
vn 0.1202 0.9902 -0.0715
vn 0.0386 0.9237 -0.3813
vn 0.0087 0.9947 -0.1024
vn -0.0029 0.6233 -0.7820
vn -0.1545 0.9177 -0.3661
vn -0.1989 0.6487 -0.7346
vn -0.3010 0.3504 -0.8869
vn -0.3058 0.1640 -0.9379
vn -0.2690 0.1794 -0.9463
vn -0.2972 0.3892 -0.8719
vn -0.1682 0.1679 -0.9713
vn -0.2709 0.6840 -0.6774
vn -0.2237 0.9296 -0.2930
vn -0.1867 0.3864 -0.9032
vn -0.0083 0.1554 -0.9878
vn -0.1996 0.6935 -0.6922
vn -0.0365 0.3820 -0.9234
vn 0.0991 0.1362 -0.9857
vn -0.0954 0.6828 -0.7244
vn -0.2358 0.9204 -0.3118
vn 0.1046 0.3652 -0.9250
vn -0.1064 0.9274 -0.3587
vn 0.2835 0.3030 -0.9098
vn 0.3069 0.0894 -0.9475
vn 0.0690 0.6718 -0.7375
vn 0.4250 0.0423 -0.9042
vn 0.1106 0.9267 -0.3592
vn 0.3913 0.2257 -0.8922
vn 0.1957 0.6384 -0.7445
vn 0.4844 0.0061 -0.8748
vn 0.3090 0.5711 -0.7605
vn 0.5113 0.1410 -0.8478
vn 0.9286 -0.3674 0.0521
vn 0.9644 -0.1596 0.2109
vn 0.1894 0.9200 -0.3431
vn 0.4465 0.5029 -0.7401
vn 0.2289 0.9072 -0.3530
vn 0.1101 0.9921 -0.0595
vn 0.8563 -0.3805 -0.3492
vn 0.2135 0.8952 -0.3912
vn 0.1675 0.9832 -0.0731
vn 0.0899 0.9959 -0.0119
vn 0.6994 -0.1334 -0.7022
vn -0.0338 0.9875 -0.1541
vn 0.7853 -0.5895 -0.1892
vn 0.6286 0.0850 -0.7731
vn 0.8570 -0.4629 0.2263
vn 0.5932 -0.4634 -0.6583
vn 0.6608 -0.5974 -0.4543
vn 0.9423 -0.1290 0.3088
vn 0.5527 -0.1573 -0.8184
vn 0.8830 -0.4566 -0.1087
vn 0.4647 -0.7060 -0.5344
vn 0.7112 -0.1907 -0.6766
vn 0.9499 -0.1204 -0.2884
vn 0.3876 -0.7125 -0.5849
vn 0.5777 -0.4764 -0.6628
vn 0.7308 -0.0342 -0.6818
vn 0.3862 -0.6514 -0.6531
vn 0.5131 -0.1761 -0.8401
vn 0.6071 -0.0703 -0.7915
vn 0.9569 0.0424 -0.2872
vn 0.7149 0.0098 -0.6991
vn 0.9876 0.0448 0.1501
vn 0.9876 0.0196 0.1556
vn 0.9293 0.1127 -0.3516
vn 0.9857 0.1679 -0.0125
vn 0.9906 0.1369 -0.0068
vn 0.8741 0.2499 -0.4166
vn 0.9470 0.2886 -0.1412
vn 0.9564 0.2372 -0.1705
vn 0.8745 0.2085 -0.4379
vn 0.8880 0.1339 -0.4400
vn 0.6637 0.2763 -0.6951
vn 0.6204 0.2144 -0.7544
vn 0.6643 0.2024 -0.7196
vn 0.6657 0.1633 -0.7282
vn 0.5706 0.3568 -0.7397
vn 0.3726 0.2260 -0.9001
vn 0.3995 0.2328 -0.8867
vn 0.5117 0.4386 -0.7387
vn 0.5754 0.2535 -0.7776
vn 0.5952 0.0436 -0.8024
vn 0.1903 -0.0070 -0.9817
vn 0.2056 -0.0013 -0.9786
vn 0.1812 -0.0711 -0.9809
vn -0.2187 0.1130 -0.9692
vn 0.3071 -0.5152 -0.8002
vn 0.0298 0.1416 -0.9895
vn 0.3937 -0.6706 -0.6288
vn 0.3412 -0.3752 -0.8618
vn 0.5021 0.0248 -0.8644
vn 0.4115 -0.5723 -0.7093
vn 0.5828 0.2458 -0.7746
vn 0.4918 0.1630 -0.8553
vn 0.4393 -0.3750 -0.8163
vn -0.0679 0.9969 0.0389
vn 0.5216 0.3816 -0.7631
vn 0.4552 0.2689 -0.8488
vn 0.3122 -0.1645 -0.9357
vn 0.3494 -0.2629 -0.8994
vn 0.0006 0.5654 -0.8248
vn 0.3270 -0.1305 -0.9360
vn 0.3670 0.3233 -0.8723
vn -0.2390 0.4166 -0.8771
vn 0.1863 -0.1146 -0.9758
vn 0.1344 0.4178 -0.8986
vn -0.0028 0.6561 -0.7547
vn -0.4715 0.2502 -0.8456
vn -0.2364 0.4994 -0.8335
vn -0.3068 -0.0672 -0.9494
vn -0.3803 0.2563 -0.8886
vn 0.2197 0.0769 -0.9725
vn -0.5574 -0.0673 -0.8275
vn -0.2343 -0.1479 -0.9609
vn 0.4246 0.3721 -0.8254
vn -0.5093 -0.3755 -0.7744
vn 0.4460 0.5075 -0.7372
vn 0.2520 0.2334 -0.9392
vn 0.2826 0.1977 -0.9387
vn 0.4759 0.4827 -0.7352
vn 0.2072 0.1647 -0.9643
vn 0.2288 0.1224 -0.9657
vn 0.5207 0.5392 -0.6619
vn 0.2086 0.1325 -0.9690
vn 0.2130 0.1368 -0.9674
vn 0.4552 0.4867 -0.7456
vn 0.3092 0.0537 -0.9495
vn 0.3318 0.0961 -0.9384
vn 0.4443 0.0042 -0.8959
vn 0.4448 0.3998 -0.8015
vn 0.4850 0.5217 -0.7019
vn 0.1382 0.0799 -0.9872
vn 0.4414 -0.0133 -0.8972
vn -0.2582 -0.4415 -0.8593
vn 0.5014 -0.0247 -0.8648
vn 0.4898 -0.0035 -0.8718
vn 0.4923 0.4373 -0.7526
vn 0.4970 0.3737 -0.7832
vn 0.4173 0.5564 -0.7185
vn 0.4518 0.6023 -0.6581
vn 0.3420 0.2002 -0.9181
vn 0.3506 0.1713 -0.9207
vn 0.1158 -0.4679 -0.8762
vn 0.3144 -0.5338 -0.7850
vn -0.1823 -0.5543 -0.8121
vn 0.2143 -0.5974 -0.7728
vn 0.4503 -0.4667 -0.7612
vn 0.5085 -0.3261 -0.7969
vn 0.4621 -0.2907 -0.8378
vn 0.5742 0.5556 -0.6014
vn -0.3553 -0.3847 -0.8519
vn 0.3814 -0.2228 -0.8971
vn 0.6405 0.5616 -0.5238
vn -0.4494 -0.0808 -0.8897
vn 0.3246 -0.1040 -0.9401
vn 0.7917 0.4567 -0.4057
vn 0.5750 0.7679 -0.2824
vn 0.4518 0.8182 -0.3555
vn 0.6710 0.5376 -0.5106
vn 0.7726 0.6189 -0.1412
vn 0.8984 0.2995 -0.3212
vn 0.2707 0.0105 -0.9626
vn 0.8201 0.4375 -0.3688
vn 0.9234 0.3828 -0.0289
vn 0.9380 0.0858 -0.3359
vn 0.2786 0.1323 -0.9512
vn 0.9958 0.0917 0.0011
vn 0.3232 0.2494 -0.9129
vn 0.9565 0.0838 -0.2794
vn 0.9801 -0.1976 -0.0203
vn 0.9407 -0.1255 -0.3152
vn 0.8610 -0.3199 -0.3954
vn 0.8775 -0.4650 -0.1178
vn 0.8905 -0.2904 -0.3503
vn 0.5893 0.0372 -0.8071
vn 0.7371 -0.4531 -0.5014
vn 0.7111 -0.6576 -0.2488
vn 0.4033 0.3304 -0.8533
vn 0.5832 -0.5250 -0.6199
vn 0.4964 0.3799 -0.7806
vn 0.6585 -0.5274 -0.5369
vn 0.4879 -0.7639 -0.4224
vn 0.4275 -0.5075 -0.7481
vn 0.2604 -0.7617 -0.5933
vn 0.3130 -0.5217 -0.7936
vn 0.0334 -0.6530 -0.7566
vn 0.6034 0.3517 -0.7157
vn 0.3112 -0.3931 -0.8652
vn -0.1451 -0.4623 -0.8748
vn 0.0542 -0.2277 -0.9722
vn 0.3307 0.6170 -0.7141
vn 0.2912 0.2658 -0.9190
vn 0.5662 0.1085 -0.8171
vn 0.2558 -0.2603 -0.9310
vn 0.3972 0.1593 -0.9038
vn 0.7021 0.3308 -0.6306
vn 0.6389 -0.0220 -0.7690
vn 0.1206 -0.3184 -0.9402
vn 0.2440 0.3278 -0.9127
vn 0.0901 -0.1106 -0.9898
vn 0.3563 0.4159 -0.8367
vn -0.2516 -0.1865 -0.9497
vn 0.4595 0.4089 -0.7885
vn -0.2782 0.0946 -0.9558
vn -0.1394 0.9793 0.1469
vn 0.0187 0.1938 -0.9809
vn 0.0568 0.0808 -0.9951
vn 0.1578 0.4221 -0.8927
vn -0.2223 0.3822 -0.8970
vn 0.1044 0.7708 -0.6285
vn 0.2311 0.8011 -0.5521
vn 0.3867 0.6038 -0.6970
vn -0.0912 0.6102 -0.7870
vn 0.3225 0.5569 -0.7654
vn 0.6157 -0.3271 -0.7169
vn 0.0809 0.2785 -0.9570
vn 0.1530 0.4547 -0.8774
vn 0.6446 -0.2104 -0.7350
vn 0.5179 -0.5357 -0.6670
vn 0.7673 -0.2679 -0.5827
vn 0.8454 -0.1576 -0.5103
vn 0.6912 -0.0610 -0.7201
vn 0.6271 -0.0514 -0.7772
vn 0.2990 0.2317 -0.9257
vn 0.8817 -0.0083 -0.4717
vn 0.7365 -0.0475 -0.6747
vn 0.8687 0.1513 -0.4716
vn 0.7980 0.2832 -0.5319
vn 0.6844 0.1215 -0.7190
vn 0.7323 0.0784 -0.6764
vn 0.7572 0.0116 -0.6531
vn 0.6426 0.1191 -0.7569
vn 0.7695 0.1389 -0.6233
vn 0.6332 0.0394 -0.7730
vn 0.7173 0.1418 -0.6821
vn 0.6899 0.1100 -0.7155
vn 0.6961 0.0626 -0.7152
vn 0.6666 0.0696 -0.7422
vn 0.5322 0.7506 0.3916
vn 0.5951 0.1728 -0.7848
vn 0.4946 0.8074 0.3216
vn 0.4146 0.8702 0.2662
vn 0.2474 0.3673 -0.8966
vn 0.2629 0.9503 0.1668
vn 0.2366 0.4596 -0.8560
vn 0.2253 0.8870 0.4030
vn -0.0653 0.9634 0.2599
vn 0.0935 0.9498 0.2987
vn 0.0464 0.9093 0.4136
vn 0.3993 0.8006 0.4467
vn 0.2184 0.8071 0.5485
vn -0.0838 0.9307 0.3560
vn 0.4497 0.7446 0.4933
vn 0.0350 0.8327 0.5526
vn 0.3505 0.7138 0.6064
vn 0.1793 0.7268 0.6631
vn 0.5908 0.6867 0.4235
vn 0.4849 0.6406 0.5954
vn 0.6387 0.5005 0.5844
vn 0.3733 0.6186 0.6913
vn 0.5035 0.4914 0.7107
vn 0.7164 0.3563 0.5998
vn 0.5542 0.3815 0.7398
vn 0.4028 0.4844 0.7766
vn 0.4442 0.4463 0.7768
vn 0.6142 0.2342 0.7536
vn 0.2242 0.6436 0.7318
vn 0.2694 0.5143 0.8142
vn 0.0723 0.7550 0.6517
vn 0.0916 0.6787 0.7287
vn -0.0511 0.7733 0.6320
vn -0.0753 0.8520 0.5181
vn -0.0445 0.7102 0.7026
vn -0.1274 0.7726 0.6219
vn -0.1683 0.8740 0.4559
vn -0.1625 0.9486 0.2715
vn -0.1817 0.7815 0.5968
vn -0.1930 0.8778 0.4384
vn -0.1932 0.9583 0.2107
vn -0.2145 0.9052 0.3669
vn -0.1981 0.7994 0.5671
vn -0.1407 0.7104 0.6896
vn -0.1873 0.7220 0.6660
vn -0.2436 0.8250 0.5099
vn -0.2301 0.7256 0.6485
vn -0.1632 0.6178 0.7692
vn -0.2205 0.6100 0.7611
vn -0.0291 0.6006 0.7990
vn 0.1302 0.5653 0.8145
vn -0.1473 0.5363 0.8310
vn 0.3046 0.4938 0.8145
vn -0.0186 0.4970 0.8675
vn 0.4859 0.2827 0.8270
vn 0.1304 0.5146 0.8475
vn 0.3087 0.3087 0.8996
vn 0.4829 0.0544 0.8740
vn -0.0333 0.3234 0.9457
vn 0.1278 0.3147 0.9405
vn 0.3062 0.0740 0.9491
vn -0.1194 0.3025 0.9457
vn -0.0342 0.1060 0.9938
vn 0.1399 0.0890 0.9862
vn -0.1578 0.1180 0.9804
vn 0.3150 -0.1137 0.9422
vn -0.0399 -0.0826 0.9958
vn 0.1224 -0.0919 0.9882
vn 0.1376 -0.3018 0.9434
vn -0.1726 -0.0717 0.9824
vn -0.0653 -0.2614 0.9630
vn 0.3159 -0.3021 0.8994
vn 0.0802 -0.5218 0.8493
vn -0.1943 -0.2452 0.9498
vn 0.4827 -0.1322 0.8658
vn -0.1081 -0.5105 0.8531
vn 0.6012 0.0737 0.7957
vn 0.4752 -0.3033 0.8260
vn 0.7267 0.2320 0.6466
vn 0.5858 -0.1288 0.8001
vn 0.8050 0.1005 -0.5846
vn 0.7239 0.1051 0.6818
vn 0.7871 0.0486 -0.6149
vn 0.7282 -0.1078 0.6768
vn 0.8061 -0.0074 -0.5918
vn 0.8022 -0.0722 -0.5927
vn 0.6354 -0.3030 0.7102
vn 0.7661 -0.0989 -0.6351
vn 0.7313 -0.1172 -0.6719
vn 0.6045 -0.4612 0.6496
vn 0.5530 -0.3113 0.7728
vn 0.5490 -0.4374 0.7122
vn 0.5976 -0.6038 0.5275
vn 0.6935 -0.1052 -0.7127
vn 0.4427 -0.4679 0.7649
vn 0.4724 -0.6029 0.6430
vn 0.2646 -0.5117 0.8174
vn 0.1876 -0.7100 0.6788
vn 0.3088 -0.6470 0.6972
vn 0.0287 -0.7322 0.6804
vn 0.1487 -0.6524 0.7432
vn -0.0192 -0.6906 0.7230
vn -0.1540 -0.7085 0.6887
vn 0.3005 -0.6443 0.7032
vn 0.0911 -0.7261 0.6815
vn 0.4210 -0.6891 0.5899
vn 0.2816 -0.7310 0.6216
vn 0.5655 -0.7168 0.4079
vn 0.5124 -0.7854 0.3472
vn 0.4149 -0.7766 0.4740
vn 0.3254 -0.8504 0.4133
vn 0.4247 -0.8503 0.3107
vn 0.6864 -0.1366 -0.7142
vn 0.6240 -0.0358 -0.7806
vn 0.6710 -0.1843 -0.7182
vn 0.3939 0.2921 -0.8715
vn 0.3855 0.2579 -0.8859
vn 0.1959 0.5079 -0.8388
vn 0.2773 0.5999 -0.7505
vn 0.4391 0.2869 -0.8514
vn 0.5741 -0.0393 -0.8178
vn 0.5385 -0.0221 -0.8423
vn 0.5735 -0.1263 -0.8094
vn 0.5526 -0.1109 -0.8260
vn 0.0720 -0.9970 -0.0297
vn 0.2501 -0.9567 0.1493
vn 0.0171 -0.8415 -0.5400
vn 0.1509 -0.8415 -0.5187
vn 0.1454 -0.9466 0.2876
vn -0.2226 -0.9614 -0.1617
vn -0.1647 -0.6787 -0.7157
vn -0.0765 -0.9871 0.1408
vn -0.4345 -0.8757 -0.2104
vn -0.3634 -0.4968 -0.7881
vn -0.3214 -0.9469 -0.0021
vn -0.1393 -0.9465 0.2912
vn 0.2282 -0.8340 0.5025
vn 0.0582 -0.9161 0.3968
vn 0.0361 -0.8555 0.5165
vn -0.1168 -0.7732 0.6233
vn -0.1521 -0.8856 0.4389
vn -0.1941 -0.7008 0.6864
vn -0.2675 -0.7890 0.5531
vn -0.3271 -0.8830 0.3366
vn -0.3417 -0.9309 0.1288
vn -0.4358 -0.7797 0.4496
vn -0.5029 -0.8595 -0.0916
vn -0.5035 -0.8444 0.1829
vn -0.5210 -0.8535 0.0110
vn -0.6043 -0.7397 -0.2961
vn -0.6321 -0.7521 -0.1865
vn -0.6350 -0.7008 -0.3249
vn -0.3502 -0.4662 -0.8124
vn -0.3208 -0.4894 -0.8109
vn -0.6279 -0.7751 -0.0700
vn -0.6282 -0.7442 -0.2269
vn -0.5722 -0.7231 -0.3869
vn -0.4508 -0.7478 -0.4874
vn -0.0520 -0.3670 -0.9288
vn -0.5690 -0.7790 -0.2634
vn -0.6276 -0.7712 -0.1067
vn -0.0925 -0.7886 -0.6079
vn 0.1860 -0.5120 -0.8386
vn -0.3721 -0.8669 -0.3317
vn -0.5317 -0.8406 -0.1033
vn -0.6127 -0.7867 0.0759
vn -0.6164 -0.7871 0.0239
vn -0.5724 -0.7486 0.3345
vn -0.6052 -0.7514 0.2628
vn -0.5010 -0.8640 0.0505
vn -0.5499 -0.7917 0.2661
vn -0.3359 -0.9349 -0.1149
vn -0.3245 -0.9379 0.1223
vn -0.1786 -0.9154 -0.3608
vn -0.1666 -0.9786 -0.1207
vn -0.0474 -0.8947 -0.4441
vn 0.0202 -0.5837 -0.8117
vn 0.4100 -0.3845 -0.8271
vn 0.1060 -0.4162 -0.9031
vn 0.7484 -0.0969 -0.6561
vn 0.0591 -0.5596 -0.8266
vn 0.1293 -0.2913 -0.9479
vn 0.6954 -0.1451 -0.7038
vn 0.7785 -0.1763 -0.6024
vn 0.0294 -0.4254 -0.9045
vn 0.2887 -0.2380 -0.9274
vn 0.4636 -0.1617 -0.8712
vn 0.4046 -0.2099 -0.8900
vn 0.0252 -0.3190 -0.9474
vn 0.1663 -0.2718 -0.9479
vn 0.3595 -0.2776 -0.8909
vn 0.0174 -0.3985 -0.9170
vn 0.0301 -0.3411 -0.9396
vn 0.2349 -0.3010 -0.9242
vn 0.0020 -0.3442 -0.9389
vn 0.0230 -0.3296 -0.9438
vn -0.0241 -0.3565 -0.9340
vn 0.0078 -0.3750 -0.9270
vn -0.0315 -0.3370 -0.9410
vn -0.0739 -0.3593 -0.9303
vn -0.0927 -0.3684 -0.9251
vn -0.1940 -0.3365 -0.9215
vn -0.0275 -0.3846 -0.9227
vn -0.1365 -0.3122 -0.9402
vn -0.2203 -0.1999 -0.9547
vn -0.0782 -0.3119 -0.9469
vn -0.1505 -0.2277 -0.9620
vn -0.2138 -0.1266 -0.9686
vn -0.0608 -0.3702 -0.9270
vn -0.1902 -0.1947 -0.9622
vn -0.2025 -0.1212 -0.9717
vn -0.1052 -0.2694 -0.9573
vn -0.1696 -0.1699 -0.9708
vn -0.3157 -0.1042 -0.9431
vn -0.1267 -0.2531 -0.9591
vn -0.1169 -0.3781 -0.9183
vn -0.2482 -0.1223 -0.9610
vn -0.9432 0.0527 -0.3281
vn -0.1536 -0.2723 -0.9499
vn -0.1911 -0.3867 -0.9022
vn -0.9409 0.1824 -0.2855
vn -0.9665 0.0458 -0.2526
vn -0.3664 -0.1623 -0.9162
vn -0.9479 0.1913 -0.2546
vn -0.6649 -0.0700 -0.7436
vn -0.8299 0.4090 -0.3794
vn -0.2626 -0.4065 -0.8751
vn -0.3802 -0.2640 -0.8864
vn -0.6156 0.0053 -0.7880
vn -0.8373 -0.0583 -0.5436
vn -0.8486 0.5258 -0.0591
vn -0.6717 0.6095 -0.4210
vn -0.7213 0.0038 -0.6927
vn -0.7622 0.2280 -0.6059
vn -0.6657 0.6581 -0.3517
vn -0.8382 0.0391 0.5439
vn -0.9448 -0.2856 -0.1604
vn -0.4323 -0.0454 -0.9006
vn -0.7145 -0.3508 0.6053
vn -0.7590 -0.6042 -0.2427
vn -0.9244 0.3410 0.1708
vn -0.1466 -0.1744 0.9737
vn -0.4449 0.0252 -0.8952
vn -0.1464 0.0905 0.9851
vn -0.4987 0.7478 -0.4382
vn -0.5105 0.0959 -0.8545
vn -0.3520 -0.2163 -0.9107
vn -0.7993 0.4828 -0.3578
vn -0.5935 0.4383 -0.6750
vn -0.3772 -0.1254 -0.9176
vn -0.6122 0.6977 -0.3720
vn -0.1131 0.4459 0.8879
vn -0.4979 0.6345 -0.5912
vn -0.0759 0.2854 0.9554
vn -0.0268 0.6696 0.7422
vn -0.0971 0.9338 0.3444
vn -0.5896 0.3682 -0.7189
vn -0.5400 -0.1465 -0.8288
vn -0.2597 0.9656 0.0168
vn -0.8085 -0.3437 -0.4776
vn -0.8785 0.1243 -0.4614
vn -0.9359 0.1743 -0.3061
vn -0.8589 -0.5054 -0.0831
vn -0.2935 0.9546 0.0510
vn -0.9885 -0.1213 -0.0901
vn -0.0776 0.9967 0.0249
vn -0.3478 0.9370 -0.0316
vn -0.0058 0.9409 0.3387
vn -0.1000 0.9905 -0.0947
vn -0.6880 0.6490 0.3246
vn -0.0702 0.9941 -0.0825
vn -0.8223 0.5690 0.0105
vn -0.8511 0.5196 0.0752
vn -0.9132 0.3955 0.0980
vn -0.9973 0.0141 -0.0719
vn -0.9813 0.0475 0.1867
vn -0.9575 -0.2655 0.1129
vn -0.1370 -0.5083 0.8502
vn -0.8819 -0.4219 0.2101
vn -0.7205 -0.6721 0.1706
vn -0.8216 -0.5409 0.1800
vn -0.3938 -0.9181 -0.0441
vn -0.3235 -0.9462 -0.0003
vn -0.1078 -0.7210 0.6845
vn -0.1176 -0.9491 -0.2923
vn -0.1837 -0.8249 -0.5347
vn 0.0734 -0.8869 0.4562
vn 0.1771 -0.9798 0.0934
vn 0.0726 -0.9292 -0.3625
vn -0.1980 -0.9726 -0.1215
vn 0.1250 -0.9461 0.2987
vn 0.1756 -0.9706 0.1644
vn -0.2463 -0.9689 -0.0234
vn -0.0032 -0.9013 0.4331
vn 0.1612 -0.9858 0.0470
vn 0.2126 -0.9747 0.0688
vn -0.0420 -0.9987 -0.0297
vn 0.2269 -0.9728 -0.0466
vn -0.0838 -0.9959 -0.0342
vn 0.0062 -0.9956 0.0932
vn 0.1407 -0.9420 -0.3048
vn 0.2438 -0.9550 -0.1690
vn 0.3090 -0.9286 -0.2055
vn 0.2231 -0.9681 -0.1142
vn -0.8410 -0.5400 0.0339
vn 0.1378 -0.9709 -0.1958
vn 0.0327 -0.9583 0.2839
vn 0.0755 -0.9943 0.0753
vn -0.0368 -0.9938 -0.1047
vn 0.0801 -0.8718 -0.4833
vn -0.0122 -0.7211 -0.6927
vn -0.2276 -0.8598 -0.4570
vn -0.2819 -0.6281 -0.7253
vn 0.0010 -0.8917 -0.4526
vn -0.0432 -0.3442 -0.9379
vn -0.8525 -0.4975 -0.1603
vn -0.8809 -0.3464 -0.3224
vn -0.0065 -0.2726 -0.9621
vn -0.5928 -0.4268 -0.6829
vn -0.9275 -0.2597 -0.2688
vn -0.0262 -0.1495 -0.9884
vn -0.7617 -0.2439 -0.6003
vn -0.9542 -0.1322 -0.2683
vn -0.0393 -0.0080 -0.9992
vn -0.4961 0.0569 -0.8664
vn -0.9506 0.0834 -0.2990
vn -0.0810 0.1332 -0.9878
vn -0.7054 0.3676 -0.6061
vn -0.9168 0.2838 -0.2809
vn -0.8445 0.1952 -0.4987
vn -0.8588 0.4889 -0.1531
vn -0.0716 0.4264 -0.9017
vn -0.3912 0.6829 -0.6169
vn -0.0436 0.9228 -0.3827
vn -0.0948 0.7197 -0.6878
vn -0.5315 0.8311 0.1638
vn -0.5353 0.8087 0.2438
vn -0.0924 0.9670 -0.2375
vn -0.2719 0.8821 -0.3847
vn -0.7698 0.5980 0.2231
vn -0.2691 0.8593 -0.4350
vn -0.3264 0.9369 -0.1253
vn -0.9827 -0.0258 0.1835
vn -0.3118 0.9483 -0.0599
vn -0.9723 0.2283 0.0504
vn -0.8848 -0.4556 0.0973
vn -0.8576 -0.4607 0.2289
vn -0.9862 -0.1555 0.0577
vn -0.9779 0.1885 0.0902
vn -0.9924 0.1116 -0.0526
vn -0.9968 -0.0518 0.0614
vn -0.9702 -0.0181 0.2415
vn -0.9932 0.1158 -0.0129
vn -0.8836 0.3909 -0.2576
vn -0.4818 -0.8754 0.0391
vn -0.5172 -0.8422 0.1522
vn -0.5051 -0.8470 -0.1656
vn -0.6195 0.5135 -0.5937
vn -0.5155 0.6944 -0.5021
vn -0.4832 -0.5300 -0.6968
vn -0.4392 -0.3535 -0.8259
vn -0.3927 -0.8425 -0.3688
vn -0.3393 -0.5410 -0.7696
vn -0.3704 -0.9278 0.0453
vn -0.2514 -0.5522 -0.7949
vn -0.3358 -0.8763 -0.3454
vn -0.3137 -0.9494 0.0170
vn -0.1484 -0.5472 -0.8237
vn -0.1986 -0.9117 -0.3596
vn -0.2071 -0.9782 -0.0142
vn -0.0745 -0.5171 -0.8527
vn -0.1241 -0.9330 -0.3377
vn -0.0273 -0.5175 -0.8552
vn 0.0421 -0.5483 -0.8352
vn -0.0461 -0.9488 -0.3124
vn 0.0275 -0.9663 -0.2558
vn -0.1156 -0.9926 -0.0375
vn -0.0366 -0.9993 -0.0022
vn -0.0500 -0.9986 -0.0196
vn -0.0951 -0.9871 0.1288
vn -0.1937 -0.9660 0.1715
vn -0.0153 -0.9872 0.1585
vn -0.0731 -0.9782 0.1946
vn -0.4060 -0.8266 0.3897
vn -0.2038 -0.8398 0.5032
vn -0.0026 -0.8617 0.5074
vn -0.5066 -0.7037 0.4981
vn -0.5675 -0.6984 0.4361
vn -0.2297 -0.6542 0.7205
vn -0.5773 -0.5360 0.6159
vn -0.5530 -0.6794 0.4822
vn -0.5795 -0.5451 0.6058
vn -0.4836 -0.6776 0.5541
vn -0.5306 -0.5867 0.6118
vn -0.3463 -0.6941 0.6311
vn -0.4325 -0.6337 0.6414
vn -0.2998 -0.6807 0.6684
vn -0.5267 -0.4211 0.7384
vn -0.2548 -0.4927 0.8320
vn -0.4225 -0.4583 0.7820
vn -0.3495 -0.2194 0.9109
vn -0.4638 -0.2192 0.8584
vn -0.3245 -0.0603 0.9439
vn -0.2947 0.1155 0.9486
vn -0.4363 -0.0547 0.8981
vn -0.2854 0.3501 0.8922
vn -0.4146 0.1283 0.9009
vn -0.5755 -0.2282 0.7853
vn -0.2580 0.5514 0.7933
vn -0.3779 0.3434 0.8598
vn -0.2913 0.5290 0.7971
vn -0.2680 0.6089 0.7466
vn -0.3969 0.4537 0.7979
vn -0.2502 0.7513 0.6107
vn -0.3017 0.6242 0.7206
vn -0.2455 0.8418 0.4807
vn -0.2591 0.7740 0.5777
vn -0.3310 0.6337 0.6992
vn -0.1707 0.9206 0.3511
vn -0.1113 0.8182 0.5641
vn -0.1473 0.9667 0.2094
vn -0.0195 0.9305 0.3657
vn -0.0736 0.9814 0.1771
vn -0.1565 0.9804 0.1200
vn 0.1371 0.9330 0.3326
vn 0.1791 0.9287 0.3248
vn 0.1629 0.7456 0.6462
vn -0.0213 0.7214 0.6922
vn 0.2285 0.7284 0.6460
vn 0.1744 0.5896 0.7887
vn -0.0857 0.5343 0.8409
vn 0.0849 0.9314 0.3540
vn 0.0539 0.6997 0.7124
vn 0.0817 0.4353 0.8965
vn -0.0784 0.9966 -0.0269
vn -0.0750 0.9040 0.4208
vn -0.2669 0.9621 -0.0559
vn -0.2122 0.9637 0.1621
vn -0.1765 0.9838 -0.0325
vn -0.1592 0.9823 0.0987
vn -0.0954 0.9929 -0.0710
vn -0.1323 0.8225 0.5532
vn -0.0591 0.9832 0.1728
vn 0.0249 0.9895 0.1425
vn -0.0250 0.7310 0.6819
vn 0.1133 0.9834 0.1417
vn 0.0850 0.7650 0.6384
vn 0.1216 0.8016 0.5853
vn 0.0635 0.9883 0.1387
vn 0.0362 0.8383 0.5440
vn -0.1379 0.8097 0.5704
vn -0.3270 0.7508 0.5739
vn -0.6332 0.4964 0.5938
vn -0.3430 0.5656 0.7500
vn -0.8446 0.1875 0.5014
vn -0.1989 0.6380 0.7439
vn -0.6797 -0.5984 0.4242
vn -0.2807 -0.5635 0.7770
vn -0.5511 0.2664 0.7907
vn -0.2969 0.4300 0.8526
vn -0.1090 -0.4892 0.8653
vn -0.0488 -0.6751 0.7361
vn -0.0368 -0.7406 0.6709
vn -0.1271 -0.6642 0.7366
vn -0.1380 -0.6316 0.7629
vn -0.3584 -0.7152 0.6000
vn -0.1580 -0.5276 0.8347
vn -0.3433 -0.5906 0.7303
vn -0.6251 -0.5470 0.5567
vn -0.3517 -0.6745 0.6492
vn -0.5633 -0.4259 0.7080
vn -0.8545 -0.3638 0.3708
vn -0.2077 0.4278 0.8797
vn -0.7728 -0.2206 0.5951
vn -0.8959 -0.1416 0.4211
vn -0.0271 0.6789 0.7337
vn -0.3824 -0.5688 0.7282
vn -0.1304 0.4354 0.8907
vn 0.0857 0.5748 0.8138
vn -0.6730 -0.5158 0.5302
vn -0.7046 -0.5381 0.4625
vn -0.8204 -0.3179 0.4753
vn -0.1811 0.2578 0.9491
vn -0.8499 -0.3251 0.4147
vn -0.1009 0.2122 0.9720
vn -0.7465 -0.0579 0.6629
vn -0.9321 0.1422 0.3331
vn -0.8265 -0.1137 0.5513
vn -0.6865 0.1098 0.7188
vn -0.6192 0.2213 0.7535
vn -0.8892 0.3638 0.2775
vn -0.8114 0.0982 0.5762
vn -0.9363 -0.1343 0.3244
vn -0.5603 0.3633 0.7444
vn -0.6223 0.5976 0.5057
vn -0.1236 0.0496 0.9911
vn -0.4025 0.3431 0.8487
vn -0.5019 0.5823 0.6396
vn -0.9194 0.1332 0.3700
vn -0.5783 0.3796 0.7221
vn -0.5268 0.3146 0.7896
vn -0.4788 0.5520 0.6827
vn -0.8000 -0.0557 0.5974
vn -0.7858 0.0239 0.6180
vn -0.8539 -0.0796 0.5143
vn -0.7915 -0.2266 0.5675
vn -0.9228 0.1185 0.3666
vn -0.8653 0.3567 0.3521
vn -0.4868 0.5491 0.6794
vn -0.8048 0.3233 0.4978
vn -0.4261 -0.8356 0.3468
vn -0.4611 0.4733 0.7506
vn -0.3447 -0.7206 0.6017
vn -0.3644 -0.9136 0.1806
vn -0.3310 -0.8657 0.3755
vn -0.3179 -0.9328 0.1698
vn -0.2149 -0.9665 0.1405
vn -0.2994 -0.8594 0.4146
vn -0.2604 -0.6451 0.7184
vn -0.1984 -0.8869 0.4172
vn -0.1938 -0.5746 0.7951
vn -0.2957 -0.4656 0.8341
vn -0.5529 0.6561 0.5137
vn -0.2767 -0.2402 0.9305
vn -0.6475 0.5340 0.5437
vn -0.6782 0.5557 0.4808
vn -0.7521 0.3044 0.5845
vn -0.8660 0.3781 0.3273
vn -0.1236 -0.2120 0.9694
vn -0.1525 -0.4106 0.8990
vn -0.0720 0.0449 0.9964
vn -0.0888 -0.0526 0.9947
vn -0.0509 -0.2776 0.9594
vn -0.0981 -0.3689 0.9243
vn -0.0983 -0.5309 0.8417
vn -0.0203 -0.2319 0.9725
vn -0.0631 -0.8904 0.4507
vn -0.0270 -0.3204 0.9469
vn -0.0031 -0.4929 0.8701
vn 0.0300 -0.8955 0.4441
vn 0.0502 -0.5597 0.8272
vn 0.0364 -0.5890 0.8073
vn 0.0090 -0.3284 0.9445
vn -0.0047 -0.4032 0.9151
vn 0.0286 -0.3611 0.9321
vn -0.0108 -0.2240 0.9745
vn -0.3372 -0.5131 0.7893
vn 0.0036 -0.2528 0.9675
vn -0.5985 -0.3716 0.7098
vn -0.0455 -0.3055 0.9511
vn -0.3979 -0.3584 0.8446
vn -0.6005 -0.4101 0.6864
vn -0.6312 -0.1870 0.7527
vn -0.4068 -0.1957 0.8923
vn -0.5603 -0.0442 0.8271
vn -0.6088 -0.0152 0.7932
vn -0.5288 0.1819 0.8290
vn -0.3568 -0.0825 0.9305
vn -0.4957 0.3156 0.8091
vn -0.5579 0.1313 0.8195
vn -0.4129 0.4441 0.7951
vn -0.4960 0.2168 0.8409
vn -0.1976 0.3181 0.9272
vn -0.2754 0.0996 0.9562
vn -0.0104 0.1797 0.9837
vn -0.2845 0.0142 0.9586
vn 0.0079 -0.0377 0.9993
vn 0.0092 -0.1416 0.9899
vn -0.0246 -0.2394 0.9706
vn 0.0077 -0.2330 0.9724
vn -0.0015 -0.1259 0.9920
vn 0.0239 -0.2856 0.9580
vn -0.0186 -0.1800 0.9835
vn -0.0363 -0.1169 0.9925
vn -0.0556 -0.0482 0.9973
vn -0.0202 0.0095 0.9998
vn -0.0863 0.0133 0.9962
vn -0.0835 0.0888 0.9925
vn -0.0507 0.2146 0.9754
vn 0.0134 0.4451 0.8954
vn -0.1022 0.3006 0.9482
vn -0.0775 0.7120 0.6979
vn -0.0655 0.4883 0.8702
vn -0.1059 0.4818 0.8698
vn -0.1327 0.7157 0.6857
vn -0.0506 0.5904 0.8055
vn -0.0641 0.3133 0.9475
vn -0.0807 0.1060 0.9911
vn 0.0924 0.5624 0.8217
vn -0.0040 0.0219 0.9998
vn 0.0692 0.2858 0.9558
vn 0.0277 0.3013 0.9531
vn 0.0508 0.0846 0.9951
vn -0.0026 0.0913 0.9958
vn 0.0393 0.0273 0.9989
vn 0.0103 -0.0895 0.9959
vn 0.0263 -0.1015 0.9945
vn 0.3159 -0.9161 -0.2468
vn -0.1735 -0.9168 0.3597
vn 0.0623 -0.9287 -0.3655
vn 0.3580 -0.4197 -0.8341
vn 0.1235 -0.9084 0.3993
vn -0.2062 -0.4012 0.8925
vn 0.6116 -0.4552 -0.6471
vn 0.0940 -0.4504 0.8879
vn 0.7524 0.2080 -0.6250
vn 0.5425 0.3079 -0.7816
vn 0.5055 0.8319 -0.2287
vn 0.8478 -0.4325 -0.3069
vn 0.5477 -0.7464 0.3780
vn 0.6970 -0.7170 0.0080
vn 0.5127 -0.4598 0.7250
vn 0.9184 -0.2547 0.3028
vn 0.6140 0.0270 0.7888
vn 0.2648 0.2135 0.9404
vn -0.0217 0.3264 0.9450
vn 0.2740 0.8354 0.4764
vn 0.5318 0.6772 0.5085
vn 0.8228 0.3387 0.4563
vn 0.7348 0.6657 -0.1303
vn 0.9538 0.2994 0.0262
vn 0.9729 -0.0065 -0.2310
vn -0.7524 -0.2080 0.6250
vn -0.5055 -0.8319 0.2287
vn -0.5425 -0.3079 0.7816
vn -0.3580 0.4197 0.8341
vn -0.7348 -0.6656 0.1303
vn -0.2740 -0.8354 -0.4764
vn -0.6116 0.4552 0.6471
vn -0.5318 -0.6772 -0.5085
vn -0.3159 0.9161 0.2468
vn -0.0623 0.9287 0.3655
vn 0.1735 0.9168 -0.3596
vn -0.8478 0.4325 0.3069
vn -0.9538 -0.2994 -0.0261
vn -0.9729 0.0065 0.2310
vn -0.8228 -0.3387 -0.4563
vn -0.9184 0.2547 -0.3028
vn -0.6140 -0.0270 -0.7889
vn -0.2648 -0.2135 -0.9404
vn 0.0217 -0.3264 -0.9450
vn 0.2061 0.4012 -0.8925
vn -0.0940 0.4504 -0.8879
vn -0.5127 0.4598 -0.7250
vn -0.1236 0.9084 -0.3993
vn -0.5477 0.7464 -0.3780
vn -0.6970 0.7170 -0.0080
s 1
f 1/1/1 2/2/1 3/3/1
f 4/4/2 5/5/3 6/6/4
f 5/5/3 4/4/2 7/7/5
f 5/5/3 7/7/5 8/8/6
f 9/9/7 7/7/5 4/4/2
f 8/8/6 7/7/5 10/10/8
f 8/8/6 10/10/8 11/11/9
f 7/7/5 9/9/7 12/12/10
f 10/10/8 7/7/5 12/12/10
f 11/11/9 10/10/8 13/13/11
f 12/12/10 13/13/11 10/10/8
f 14/14/12 11/11/9 13/13/11
f 11/11/9 14/14/12 15/15/13
f 14/14/12 556/16/14 15/15/13
f 13/13/11 12/12/10 16/17/15
f 16/17/15 14/14/12 13/13/11
f 17/18/16 12/12/10 9/9/7
f 9/9/7 18/19/17 17/18/16
f 12/12/10 19/20/18 16/17/15
f 19/20/18 12/12/10 17/18/16
f 14/14/12 16/17/15 20/21/19
f 19/20/18 20/21/19 16/17/15
f 21/22/20 17/18/16 18/19/17
f 21/22/20 19/20/18 17/18/16
f 18/19/17 22/23/21 21/22/20
f 23/24/22 21/22/20 22/23/21
f 20/21/19 557/25/23 14/14/12
f 557/25/23 556/16/14 14/14/12
f 21/22/20 23/24/22 24/26/24
f 25/27/25 24/26/24 23/24/22
f 558/28/26 556/16/14 557/25/23
f 556/16/14 558/28/26 559/29/27
f 557/25/23 20/21/19 26/30/28
f 26/30/28 558/28/26 557/25/23
f 27/31/29 26/30/28 20/21/19
f 27/31/29 20/21/19 19/20/18
f 28/32/30 19/20/18 21/22/20
f 19/20/18 28/32/30 27/31/29
f 24/26/24 28/32/30 21/22/20
f 29/33/31 26/30/28 27/31/29
f 30/34/32 27/31/29 28/32/30
f 30/34/32 29/33/31 27/31/29
f 31/35/33 28/32/30 24/26/24
f 28/32/30 32/36/34 30/34/32
f 32/36/34 28/32/30 31/35/33
f 29/33/31 30/34/32 33/37/35
f 32/36/34 33/37/35 30/34/32
f 29/33/31 560/38/36 26/30/28
f 26/30/28 560/38/36 558/28/26
f 33/37/35 32/36/34 34/39/37
f 35/40/38 29/33/31 33/37/35
f 33/37/35 34/39/37 35/40/38
f 560/38/36 29/33/31 36/41/39
f 29/33/31 35/40/38 36/41/39
f 34/39/37 32/36/34 37/42/40
f 31/35/33 37/42/40 32/36/34
f 35/40/38 34/39/37 38/43/41
f 37/42/40 31/35/33 39/44/42
f 24/26/24 39/44/42 31/35/33
f 40/45/43 34/39/37 37/42/40
f 34/39/37 40/45/43 38/43/41
f 39/44/42 24/26/24 41/46/44
f 24/26/24 25/27/25 41/46/44
f 41/46/44 25/27/25 42/47/45
f 41/46/44 42/47/45 39/44/42
f 42/47/45 25/27/25 43/48/46
f 42/47/45 44/49/47 39/44/42
f 39/44/42 44/49/47 37/42/40
f 44/49/47 42/47/45 45/50/48
f 42/47/45 43/51/49 45/50/48
f 43/51/49 46/52/50 45/50/48
f 47/53/51 37/42/40 44/49/47
f 47/53/51 40/45/43 37/42/40
f 45/50/48 48/54/52 44/49/47
f 44/49/47 48/54/52 47/53/51
f 46/52/50 49/55/53 45/50/48
f 45/50/48 49/55/53 48/54/52
f 46/52/50 50/56/54 49/55/53
f 51/57/55 47/53/51 48/54/52
f 52/58/56 49/55/53 50/56/54
f 50/56/54 53/59/57 52/58/56
f 48/54/52 49/55/53 54/60/58
f 52/58/56 54/60/58 49/55/53
f 54/60/58 51/57/55 48/54/52
f 55/61/59 52/58/56 53/59/57
f 56/62/60 54/60/58 52/58/56
f 55/61/59 56/62/60 52/58/56
f 51/57/55 54/60/58 57/63/61
f 58/64/62 55/61/59 53/59/57
f 53/59/57 59/65/63 58/64/62
f 54/60/58 60/66/64 57/63/61
f 60/66/64 54/60/58 56/62/60
f 61/67/65 51/57/55 57/63/61
f 60/66/64 61/67/65 57/63/61
f 51/57/55 62/68/66 47/53/51
f 51/57/55 61/67/65 62/68/66
f 62/68/66 40/45/43 47/53/51
f 63/69/67 61/67/65 60/66/64
f 64/70/68 40/45/43 62/68/66
f 64/70/68 38/43/41 40/45/43
f 65/71/69 62/68/66 61/67/65
f 62/68/66 65/71/69 64/70/68
f 64/70/68 66/72/70 38/43/41
f 38/43/41 66/72/70 35/40/38
f 67/73/71 64/70/68 65/71/69
f 64/70/68 67/73/71 66/72/70
f 61/67/65 68/74/72 65/71/69
f 67/73/71 65/71/69 68/74/72
f 68/74/72 61/67/65 63/69/67
f 69/75/73 35/40/38 66/72/70
f 35/40/38 69/75/73 36/41/39
f 70/76/74 66/72/70 67/73/71
f 66/72/70 70/76/74 69/75/73
f 68/74/72 71/77/75 67/73/71
f 70/76/74 67/73/71 71/77/75
f 69/75/73 561/78/76 36/41/39
f 560/38/36 36/41/39 561/78/76
f 562/79/77 69/75/73 70/76/74
f 69/75/73 562/79/77 561/78/76
f 561/78/76 563/80/78 560/38/36
f 564/81/79 561/78/76 562/79/77
f 561/78/76 564/81/79 563/80/78
f 565/82/80 560/38/36 563/80/78
f 558/28/26 560/38/36 565/82/80
f 566/83/81 565/82/80 563/80/78
f 563/80/78 564/81/79 566/83/81
f 567/84/82 558/28/26 565/82/80
f 565/82/80 566/83/81 567/84/82
f 558/28/26 567/84/82 568/85/83
f 568/85/83 559/29/27 558/28/26
f 559/29/27 568/85/83 569/86/84
f 569/86/84 568/85/83 570/87/85
f 570/87/85 568/85/83 571/88/86
f 570/87/85 571/88/86 572/89/87
f 573/90/88 568/85/83 567/84/82
f 568/85/83 573/90/88 571/88/86
f 574/91/89 567/84/82 566/83/81
f 567/84/82 574/91/89 573/90/88
f 572/89/87 571/88/86 575/92/90
f 576/93/91 572/89/87 575/92/90
f 577/94/92 571/88/86 573/90/88
f 571/88/86 577/94/92 575/92/90
f 576/93/91 575/92/90 578/95/93
f 578/95/93 579/96/94 576/93/91
f 580/97/95 575/92/90 577/94/92
f 575/92/90 580/97/95 578/95/93
f 573/90/88 581/98/96 577/94/92
f 581/98/96 580/97/95 577/94/92
f 581/98/96 573/90/88 574/91/89
f 578/95/93 580/97/95 582/99/97
f 579/96/94 578/95/93 582/99/97
f 580/97/95 581/98/96 583/100/98
f 584/101/99 579/96/94 582/99/97
f 579/96/94 584/101/99 585/102/100
f 586/103/101 582/99/97 580/97/95
f 584/101/99 582/99/97 586/103/101
f 583/100/98 586/103/101 580/97/95
f 584/101/99 587/104/102 585/102/100
f 586/103/101 583/100/98 588/105/103
f 587/104/102 584/101/99 589/106/104
f 584/101/99 586/103/101 590/107/105
f 584/101/99 590/107/105 589/106/104
f 590/107/105 586/103/101 588/105/103
f 589/106/104 591/108/106 587/104/102
f 589/106/104 590/107/105 592/109/107
f 591/108/106 589/106/104 593/110/108
f 589/106/104 592/109/107 593/110/108
f 594/111/109 591/108/106 593/110/108
f 591/108/106 594/111/109 595/112/110
f 590/107/105 596/113/111 592/109/107
f 588/105/103 596/113/111 590/107/105
f 593/110/108 592/109/107 597/114/112
f 592/109/107 596/113/111 598/115/113
f 592/109/107 598/115/113 597/114/112
f 588/105/103 599/116/114 596/113/111
f 600/117/115 593/110/108 597/114/112
f 593/110/108 600/117/115 594/111/109
f 597/114/112 598/115/113 601/118/116
f 601/118/116 600/117/115 597/114/112
f 596/113/111 602/119/117 598/115/113
f 599/116/114 602/119/117 596/113/111
f 598/115/113 603/120/118 601/118/116
f 602/119/117 603/120/118 598/115/113
f 600/117/115 601/118/116 604/121/119
f 605/122/120 601/118/116 603/120/118
f 605/122/120 604/121/119 601/118/116
f 594/111/109 600/117/115 606/123/121
f 607/124/122 604/121/119 605/122/120
f 594/111/109 606/123/121 608/125/123
f 608/125/123 595/112/110 594/111/109
f 600/117/115 609/126/124 606/123/121
f 604/121/119 609/126/124 600/117/115
f 72/127/125 608/125/123 606/123/121
f 609/126/124 72/127/125 606/123/121
f 595/112/110 608/125/123 610/128/126
f 604/121/119 73/129/127 609/126/124
f 73/129/127 604/121/119 607/124/122
f 608/125/123 72/127/125 74/130/128
f 74/130/128 610/128/126 608/125/123
f 75/131/129 72/127/125 609/126/124
f 76/132/130 74/130/128 72/127/125
f 75/131/129 76/132/130 72/127/125
f 610/128/126 74/130/128 77/133/131
f 76/132/130 77/133/131 74/130/128
f 609/126/124 78/134/132 75/131/129
f 78/134/132 609/126/124 73/129/127
f 79/135/133 76/132/130 75/131/129
f 78/134/132 79/135/133 75/131/129
f 76/132/130 80/136/134 77/133/131
f 79/135/133 78/134/132 81/137/135
f 82/138/136 76/132/130 79/135/133
f 82/138/136 79/135/133 81/137/135
f 76/132/130 83/139/137 80/136/134
f 83/139/137 76/132/130 82/138/136
f 77/133/131 80/136/134 84/140/138
f 84/140/138 610/128/126 77/133/131
f 83/139/137 85/141/139 80/136/134
f 610/128/126 84/140/138 611/142/140
f 611/142/140 595/112/110 610/128/126
f 595/112/110 611/142/140 612/143/141
f 80/136/134 86/144/142 84/140/138
f 84/140/138 86/144/142 611/142/140
f 86/144/142 80/136/134 85/141/139
f 611/142/140 613/145/143 612/143/141
f 613/145/143 611/142/140 86/144/142
f 614/146/144 612/143/141 613/145/143
f 86/144/142 615/147/145 613/145/143
f 85/141/139 615/147/145 86/144/142
f 613/145/143 616/148/146 614/146/144
f 615/147/145 616/148/146 613/145/143
f 614/146/144 616/148/146 617/149/147
f 616/148/146 618/150/148 617/149/147
f 615/147/145 618/150/148 616/148/146
f 619/151/149 617/149/147 618/150/148
f 618/150/148 615/147/145 87/152/150
f 619/151/149 618/150/148 620/153/151
f 87/152/150 620/153/151 618/150/148
f 621/154/152 619/151/149 620/153/151
f 88/155/153 87/152/150 615/147/145
f 85/141/139 88/155/153 615/147/145
f 620/153/151 87/152/150 89/156/154
f 89/156/154 87/152/150 88/155/153
f 622/157/155 621/154/152 620/153/151
f 621/154/152 622/157/155 623/158/156
f 90/159/157 620/153/151 89/156/154
f 620/153/151 90/159/157 622/157/155
f 89/156/154 88/155/153 91/160/158
f 91/160/158 90/159/157 89/156/154
f 92/161/159 88/155/153 85/141/139
f 92/161/159 91/160/158 88/155/153
f 85/141/139 83/139/137 92/161/159
f 93/162/160 92/161/159 83/139/137
f 82/138/136 93/162/160 83/139/137
f 94/163/161 91/160/158 92/161/159
f 92/161/159 93/162/160 94/163/161
f 93/162/160 82/138/136 95/164/162
f 81/137/135 95/164/162 82/138/136
f 96/165/163 94/163/161 93/162/160
f 95/164/162 96/165/163 93/162/160
f 95/164/162 81/137/135 97/166/164
f 78/134/132 97/166/164 81/137/135
f 96/165/163 95/164/162 98/167/165
f 97/166/164 98/167/165 95/164/162
f 97/166/164 78/134/132 99/168/166
f 73/129/127 99/168/166 78/134/132
f 100/169/167 98/167/165 97/166/164
f 99/168/166 73/129/127 101/170/168
f 607/124/122 101/170/168 73/129/127
f 102/171/169 97/166/164 99/168/166
f 102/171/169 99/168/166 101/170/168
f 97/166/164 102/171/169 100/169/167
f 101/170/168 607/124/122 624/172/170
f 101/170/168 103/173/171 102/171/169
f 624/172/170 103/173/171 101/170/168
f 102/171/169 104/174/172 100/169/167
f 104/174/172 102/171/169 103/173/171
f 624/172/170 607/124/122 625/175/173
f 625/175/173 607/124/122 605/122/120
f 603/120/118 625/175/173 605/122/120
f 103/173/171 624/172/170 105/176/174
f 105/176/174 624/172/170 625/175/173
f 103/173/171 106/177/175 104/174/172
f 105/176/174 106/177/175 103/173/171
f 107/178/176 100/169/167 104/174/172
f 107/178/176 98/167/165 100/169/167
f 106/177/175 108/179/177 104/174/172
f 108/179/177 107/178/176 104/174/172
f 109/180/178 98/167/165 107/178/176
f 110/181/179 107/178/176 108/179/177
f 110/181/179 109/180/178 107/178/176
f 108/179/177 106/177/175 111/182/180
f 98/167/165 109/180/178 112/183/181
f 112/183/181 96/165/163 98/167/165
f 113/184/182 110/181/179 108/179/177
f 111/182/180 113/184/182 108/179/177
f 109/180/178 110/181/179 114/185/183
f 110/181/179 113/184/182 114/185/183
f 115/186/184 112/183/181 109/180/178
f 115/186/184 109/180/178 114/185/183
f 96/165/163 112/183/181 116/187/185
f 112/183/181 115/186/184 117/188/186
f 117/188/186 116/187/185 112/183/181
f 116/187/185 118/189/187 96/165/163
f 94/163/161 96/165/163 118/189/187
f 116/187/185 117/188/186 119/190/188
f 118/189/187 120/191/189 94/163/161
f 94/163/161 120/191/189 91/160/158
f 118/189/187 116/187/185 121/192/190
f 119/190/188 121/192/190 116/187/185
f 118/189/187 122/193/191 120/191/189
f 122/193/191 118/189/187 121/192/190
f 91/160/158 120/191/189 123/194/192
f 122/193/191 123/194/192 120/191/189
f 91/160/158 123/194/192 90/159/157
f 124/195/193 122/193/191 121/192/190
f 90/159/157 123/194/192 125/196/194
f 125/196/194 622/157/155 90/159/157
f 622/157/155 125/196/194 126/197/195
f 623/158/156 622/157/155 126/197/195
f 626/198/196 623/158/156 126/197/195
f 127/199/197 126/197/195 125/196/194
f 123/194/192 127/199/197 125/196/194
f 128/200/198 626/198/196 126/197/195
f 126/197/195 127/199/197 128/200/198
f 626/198/196 128/200/198 129/201/199
f 127/199/197 123/194/192 130/202/200
f 129/201/199 128/200/198 131/203/201
f 132/204/202 129/201/199 131/203/201
f 133/205/203 128/200/198 127/199/197
f 128/200/198 133/205/203 131/203/201
f 130/202/200 133/205/203 127/199/197
f 132/204/202 131/203/201 134/206/204
f 135/207/205 132/204/202 134/206/204
f 135/207/205 134/206/204 136/208/206
f 137/209/207 131/203/201 133/205/203
f 131/203/201 137/209/207 134/206/204
f 133/205/203 130/202/200 138/210/208
f 138/210/208 137/209/207 133/205/203
f 123/194/192 139/211/209 130/202/200
f 130/202/200 139/211/209 138/210/208
f 122/193/191 139/211/209 123/194/192
f 137/209/207 140/212/210 134/206/204
f 136/208/206 134/206/204 140/212/210
f 122/193/191 141/213/211 139/211/209
f 142/214/212 136/208/206 140/212/210
f 142/214/212 143/215/213 136/208/206
f 141/213/211 122/193/191 124/195/193
f 144/216/214 142/214/212 140/212/210
f 140/212/210 137/209/207 144/216/214
f 142/214/212 144/216/214 145/217/215
f 146/218/216 145/217/215 144/216/214
f 147/219/217 144/216/214 137/209/207
f 144/216/214 147/219/217 146/218/216
f 137/209/207 138/210/208 147/219/217
f 147/219/217 148/220/218 146/218/216
f 138/210/208 148/220/218 147/219/217
f 138/210/208 139/211/209 148/220/218
f 141/213/211 148/220/218 139/211/209
f 146/218/216 148/220/218 149/221/219
f 150/222/220 149/221/219 148/220/218
f 148/220/218 141/213/211 150/222/220
f 149/221/219 150/222/220 151/223/221
f 152/224/222 150/222/220 141/213/211
f 141/213/211 124/195/193 152/224/222
f 153/225/223 151/223/221 150/222/220
f 150/222/220 152/224/222 153/225/223
f 151/223/221 153/225/223 154/226/224
f 153/225/223 155/227/225 154/226/224
f 155/227/225 153/225/223 156/228/226
f 152/224/222 156/228/226 153/225/223
f 156/228/226 157/229/227 155/227/225
f 152/224/222 124/195/193 158/230/228
f 156/228/226 152/224/222 159/231/229
f 158/230/228 159/231/229 152/224/222
f 157/229/227 156/228/226 160/232/230
f 159/231/229 160/232/230 156/228/226
f 124/195/193 161/233/231 158/230/228
f 161/233/231 124/195/193 121/192/190
f 121/192/190 119/190/188 161/233/231
f 159/231/229 158/230/228 162/234/232
f 161/233/231 162/234/232 158/230/228
f 160/232/230 159/231/229 163/235/233
f 162/234/232 163/235/233 159/231/229
f 164/236/234 157/229/227 160/232/230
f 157/229/227 164/236/234 165/237/235
f 2/2/236 165/237/235 164/236/234
f 166/238/237 160/232/230 163/235/233
f 160/232/230 166/238/237 164/236/234
f 163/235/233 162/234/232 167/239/238
f 167/239/238 166/238/237 163/235/233
f 162/234/232 161/233/231 168/240/239
f 168/240/239 167/239/238 162/234/232
f 166/238/237 169/241/240 164/236/234
f 164/236/234 169/241/240 2/2/236
f 166/238/237 167/239/238 170/242/241
f 169/241/240 166/238/237 170/242/241
f 167/239/238 168/240/239 171/243/242
f 171/243/242 170/242/241 167/239/238
f 161/233/231 172/244/243 168/240/239
f 172/244/243 171/243/242 168/240/239
f 172/244/243 161/233/231 119/190/188
f 170/242/241 171/243/242 173/245/244
f 119/190/188 174/246/245 172/244/243
f 174/246/245 119/190/188 117/188/186
f 175/247/246 170/242/241 173/245/244
f 169/241/240 170/242/241 175/247/246
f 176/248/247 173/245/244 171/243/242
f 176/248/247 175/247/246 173/245/244
f 171/243/242 172/244/243 177/249/248
f 177/249/248 176/248/247 171/243/242
f 172/244/243 178/250/249 177/249/248
f 178/250/249 172/244/243 174/246/245
f 179/251/250 176/248/247 177/249/248
f 178/250/249 179/251/250 177/249/248
f 175/247/246 176/248/247 180/252/251
f 180/252/251 176/248/247 179/251/250
f 181/253/252 169/241/240 175/247/246
f 181/253/252 175/247/246 180/252/251
f 181/253/252 2/2/236 169/241/240
f 182/254/253 179/251/250 178/250/249
f 174/246/245 182/254/253 178/250/249
f 183/255/254 180/252/251 179/251/250
f 179/251/250 182/254/253 183/255/254
f 174/246/245 184/256/255 182/254/253
f 117/188/186 184/256/255 174/246/245
f 117/188/186 115/186/184 184/256/255
f 184/256/255 185/257/256 182/254/253
f 185/257/256 183/255/254 182/254/253
f 115/186/184 186/258/257 184/256/255
f 184/256/255 186/258/257 185/257/256
f 180/252/251 183/255/254 187/259/258
f 181/253/252 180/252/251 187/259/258
f 183/255/254 185/257/256 188/260/259
f 187/259/258 183/255/254 188/260/259
f 189/261/260 188/260/259 185/257/256
f 189/261/260 185/257/256 186/258/257
f 190/262/261 187/259/258 188/260/259
f 188/260/259 189/261/260 190/262/261
f 187/259/258 190/262/261 191/263/262
f 181/253/252 187/259/258 191/263/262
f 192/264/263 190/262/261 189/261/260
f 191/263/262 190/262/261 192/264/263
f 186/258/257 193/265/264 189/261/260
f 194/266/265 192/264/263 189/261/260
f 194/266/265 189/261/260 193/265/264
f 195/267/266 191/263/262 192/264/263
f 195/267/266 192/264/263 194/266/265
f 181/253/252 191/263/262 196/268/267
f 191/263/262 195/267/266 196/268/267
f 115/186/184 197/269/268 186/258/257
f 193/265/264 186/258/257 197/269/268
f 197/269/268 115/186/184 114/185/183
f 198/270/269 197/269/268 114/185/183
f 113/184/182 198/270/269 114/185/183
f 197/269/268 199/271/270 193/265/264
f 199/271/270 197/269/268 198/270/269
f 198/270/269 113/184/182 200/272/271
f 198/270/269 200/272/271 199/271/270
f 200/272/271 113/184/182 201/273/272
f 199/271/270 202/274/273 193/265/264
f 194/266/265 193/265/264 202/274/273
f 199/271/270 200/272/271 203/275/274
f 201/273/272 203/275/274 200/272/271
f 202/274/273 204/276/275 194/266/265
f 204/276/275 195/267/266 194/266/265
f 113/184/182 205/277/276 201/273/272
f 113/184/182 111/182/180 205/277/276
f 206/278/277 195/267/266 204/276/275
f 207/279/278 205/277/276 111/182/180
f 195/267/266 206/278/277 208/280/279
f 196/268/267 195/267/266 208/280/279
f 111/182/180 209/281/280 207/279/278
f 209/281/280 111/182/180 106/177/175
f 106/177/175 105/176/174 209/281/280
f 210/282/281 196/268/267 208/280/279
f 105/176/174 211/283/282 209/281/280
f 196/268/267 210/282/281 212/284/283
f 181/253/252 196/268/267 212/284/283
f 208/280/279 213/285/284 210/282/281
f 213/285/284 208/280/279 206/278/277
f 181/253/252 212/284/283 3/3/285
f 181/253/252 3/3/285 2/2/236
f 212/284/283 210/282/281 214/286/286
f 212/284/283 214/286/286 3/3/285
f 214/286/286 210/282/281 213/285/284
f 2/2/1 1/1/287 165/287/288
f 1/1/287 157/288/289 165/287/288
f 215/289/290 3/3/285 214/286/286
f 3/3/285 215/289/290 1/1/287
f 157/288/289 1/1/287 216/290/291
f 215/289/290 216/290/291 1/1/287
f 216/290/291 155/291/292 157/288/289
f 215/289/290 214/286/286 217/292/293
f 217/292/293 214/286/286 213/285/284
f 216/290/291 215/289/290 218/293/294
f 218/293/294 215/289/290 217/292/293
f 155/291/292 216/290/291 219/294/295
f 218/293/294 219/294/295 216/290/291
f 219/294/295 154/295/296 155/291/292
f 217/292/293 220/296/297 218/293/294
f 219/294/295 218/293/294 220/296/297
f 220/296/297 217/292/293 221/297/298
f 213/285/284 221/297/298 217/292/293
f 219/294/295 220/296/297 222/298/299
f 221/297/298 222/298/299 220/296/297
f 154/295/296 219/294/295 223/299/300
f 222/298/299 223/299/300 219/294/295
f 151/300/301 154/295/296 223/299/300
f 221/297/298 213/285/284 224/301/302
f 206/278/277 224/301/302 213/285/284
f 222/298/299 221/297/298 225/302/303
f 224/301/302 225/302/303 221/297/298
f 224/301/302 206/278/277 226/303/304
f 206/278/277 227/304/305 226/303/304
f 227/304/305 206/278/277 204/276/275
f 204/276/275 202/274/273 227/304/305
f 226/303/304 227/304/305 228/305/306
f 202/274/273 228/305/306 227/304/305
f 224/301/302 226/303/304 229/306/307
f 228/305/306 229/306/307 226/303/304
f 225/302/303 224/301/302 230/307/308
f 229/306/307 230/307/308 224/301/302
f 228/305/306 202/274/273 231/308/309
f 231/308/309 202/274/273 199/271/270
f 228/305/306 232/309/310 229/306/307
f 231/308/309 199/271/270 233/310/311
f 233/310/311 199/271/270 203/275/274
f 228/305/306 231/308/309 234/311/312
f 232/309/310 228/305/306 234/311/312
f 233/310/311 235/312/313 231/308/309
f 231/308/309 235/312/313 234/311/312
f 203/275/274 236/313/314 233/310/311
f 235/312/313 233/310/311 236/313/314
f 236/313/314 203/275/274 237/314/315
f 238/315/316 235/312/313 236/313/314
f 203/275/274 239/316/317 237/314/315
f 239/316/317 203/275/274 201/273/272
f 240/317/318 236/313/314 237/314/315
f 236/313/314 240/317/318 238/315/316
f 237/314/315 239/316/317 241/318/319
f 237/314/315 241/318/319 240/317/318
f 201/273/272 242/319/320 239/316/317
f 205/277/276 242/319/320 201/273/272
f 243/320/321 239/316/317 242/319/320
f 239/316/317 243/320/321 241/318/319
f 242/319/320 205/277/276 244/321/322
f 242/319/320 244/321/322 243/320/321
f 205/277/276 207/279/278 244/321/322
f 245/322/323 241/318/319 243/320/321
f 246/323/324 244/321/322 207/279/278
f 207/279/278 209/281/280 246/323/324
f 247/324/325 243/320/321 244/321/322
f 243/320/321 247/324/325 245/322/323
f 244/321/322 246/323/324 247/324/325
f 211/283/282 246/323/324 209/281/280
f 247/324/325 248/325/326 245/322/323
f 246/323/324 248/325/326 247/324/325
f 249/326/327 241/318/319 245/322/323
f 241/318/319 249/326/327 240/317/318
f 249/326/327 238/315/316 240/317/318
f 248/325/326 250/327/328 245/322/323
f 250/327/328 249/326/327 245/322/323
f 248/325/326 246/323/324 251/328/329
f 238/315/316 249/326/327 252/329/330
f 253/330/331 250/327/328 248/325/326
f 248/325/326 251/328/329 253/330/331
f 254/331/332 249/326/327 250/327/328
f 249/326/327 254/331/332 252/329/330
f 255/332/333 254/331/332 250/327/328
f 253/330/331 255/332/333 250/327/328
f 252/329/330 256/333/334 238/315/316
f 235/312/313 238/315/316 256/333/334
f 256/333/334 234/311/312 235/312/313
f 257/334/335 252/329/330 254/331/332
f 256/333/334 252/329/330 257/334/335
f 234/311/312 256/333/334 258/335/336
f 257/334/335 258/335/336 256/333/334
f 259/336/337 257/334/335 254/331/332
f 255/332/333 259/336/337 254/331/332
f 258/335/336 257/334/335 260/337/338
f 259/336/337 260/337/338 257/334/335
f 258/335/336 261/338/339 234/311/312
f 234/311/312 261/338/339 232/309/310
f 258/335/336 260/337/338 262/339/340
f 258/335/336 262/339/340 261/338/339
f 260/337/338 259/336/337 263/340/341
f 260/337/338 264/341/342 262/339/340
f 263/340/341 264/341/342 260/337/338
f 261/338/339 262/339/340 265/342/343
f 262/339/340 264/341/342 265/342/343
f 266/343/344 263/340/341 259/336/337
f 255/332/333 266/343/344 259/336/337
f 267/344/345 264/341/342 263/340/341
f 263/340/341 266/343/344 267/344/345
f 268/345/346 266/343/344 255/332/333
f 255/332/333 253/330/331 268/345/346
f 269/346/347 266/343/344 268/345/346
f 269/346/347 267/344/345 266/343/344
f 253/330/331 270/347/348 268/345/346
f 270/347/348 269/346/347 268/345/346
f 270/347/348 253/330/331 271/348/349
f 271/348/349 253/330/331 251/328/329
f 269/346/347 270/347/348 272/349/350
f 270/347/348 271/348/349 273/350/351
f 270/347/348 273/350/351 272/349/350
f 251/328/329 274/351/352 271/348/349
f 274/351/352 273/350/351 271/348/349
f 251/328/329 275/352/353 274/351/352
f 246/323/324 275/352/353 251/328/329
f 246/323/324 211/283/282 275/352/353
f 273/350/351 274/351/352 276/353/354
f 274/351/352 275/352/353 277/354/355
f 277/354/355 276/353/354 274/351/352
f 275/352/353 211/283/282 278/355/356
f 275/352/353 627/356/357 277/354/355
f 627/356/357 275/352/353 278/355/356
f 276/353/354 277/354/355 279/357/358
f 627/356/357 279/357/358 277/354/355
f 273/350/351 276/353/354 280/358/359
f 273/350/351 280/358/359 272/349/350
f 276/353/354 279/357/358 281/359/360
f 276/353/354 281/359/360 280/358/359
f 279/357/358 627/356/357 628/360/361
f 279/357/358 629/361/362 281/359/360
f 279/357/358 628/360/361 629/361/362
f 281/359/360 282/362/363 280/358/359
f 281/359/360 629/361/362 283/363/364
f 282/362/363 281/359/360 283/363/364
f 272/349/350 280/358/359 284/364/365
f 282/362/363 284/364/365 280/358/359
f 285/365/366 272/349/350 284/364/365
f 272/349/350 285/365/366 269/346/347
f 285/365/366 267/344/345 269/346/347
f 286/366/367 284/364/365 282/362/363
f 285/365/366 287/367/368 267/344/345
f 264/341/342 267/344/345 287/367/368
f 288/368/369 285/365/366 284/364/365
f 284/364/365 286/366/367 288/368/369
f 264/341/342 287/367/368 289/369/370
f 264/341/342 289/369/370 265/342/343
f 287/367/368 285/365/366 290/370/371
f 285/365/366 288/368/369 290/370/371
f 289/369/370 287/367/368 291/371/372
f 287/367/368 290/370/371 291/371/372
f 289/369/370 292/372/373 265/342/343
f 291/371/372 292/372/373 289/369/370
f 293/373/374 290/370/371 288/368/369
f 291/371/372 290/370/371 294/374/375
f 290/370/371 293/373/374 294/374/375
f 292/372/373 291/371/372 295/375/376
f 294/374/375 295/375/376 291/371/372
f 288/368/369 296/376/377 293/373/374
f 296/376/377 288/368/369 286/366/367
f 297/377/378 294/374/375 293/373/374
f 295/375/376 294/374/375 298/378/379
f 294/374/375 297/377/378 298/378/379
f 299/379/380 293/373/374 296/376/377
f 293/373/374 299/379/380 297/377/378
f 295/375/376 298/378/379 300/380/381
f 300/380/381 292/372/373 295/375/376
f 301/381/382 298/378/379 297/377/378
f 298/378/379 302/382/383 300/380/381
f 298/378/379 301/381/382 302/382/383
f 303/383/384 300/380/381 302/382/383
f 303/383/384 302/382/383 301/381/382
f 297/377/378 304/384/385 301/381/382
f 304/384/385 297/377/378 299/379/380
f 303/383/384 301/381/382 305/385/386
f 305/385/386 301/381/382 304/384/385
f 300/380/381 303/383/384 306/386/387
f 307/387/388 303/383/384 305/385/386
f 307/387/388 306/386/387 303/383/384
f 305/385/386 304/384/385 308/388/389
f 306/386/387 309/389/390 300/380/381
f 292/372/373 300/380/381 309/389/390
f 310/390/391 305/385/386 308/388/389
f 307/387/388 305/385/386 310/390/391
f 292/372/373 309/389/390 311/391/392
f 265/342/343 292/372/373 311/391/392
f 309/389/390 306/386/387 312/392/393
f 265/342/343 311/391/392 313/393/394
f 261/338/339 265/342/343 313/393/394
f 261/338/339 313/393/394 232/309/310
f 311/391/392 309/389/390 314/394/395
f 312/392/393 314/394/395 309/389/390
f 315/395/396 232/309/310 313/393/394
f 232/309/310 315/395/396 229/306/307
f 313/393/394 311/391/392 316/396/397
f 313/393/394 316/396/397 315/395/396
f 317/397/398 229/306/307 315/395/396
f 317/397/398 315/395/396 316/396/397
f 230/307/308 229/306/307 317/397/398
f 311/391/392 318/398/399 316/396/397
f 316/396/397 318/398/399 317/397/398
f 318/398/399 311/391/392 314/394/395
f 230/307/308 317/397/398 319/399/400
f 317/397/398 318/398/399 319/399/400
f 319/399/400 225/302/303 230/307/308
f 225/302/303 319/399/400 320/400/401
f 318/398/399 320/400/401 319/399/400
f 320/400/401 222/298/299 225/302/303
f 321/401/402 318/398/399 314/394/395
f 320/400/401 318/398/399 321/401/402
f 222/298/299 320/400/401 322/402/403
f 322/402/403 320/400/401 321/401/402
f 323/403/404 222/298/299 322/402/403
f 222/298/299 323/403/404 223/299/300
f 321/401/402 324/404/405 322/402/403
f 324/404/405 323/403/404 322/402/403
f 314/394/395 325/405/406 321/401/402
f 321/401/402 325/405/406 324/404/405
f 314/394/395 312/392/393 325/405/406
f 325/405/406 326/406/407 324/404/405
f 325/405/406 312/392/393 326/406/407
f 324/404/405 327/407/408 323/403/404
f 326/406/407 327/407/408 324/404/405
f 223/299/300 323/403/404 328/408/409
f 327/407/408 328/408/409 323/403/404
f 312/392/393 329/409/410 326/406/407
f 327/407/408 326/406/407 330/410/411
f 329/409/410 330/410/411 326/406/407
f 312/392/393 331/411/412 329/409/410
f 331/411/412 312/392/393 306/386/387
f 306/386/387 307/387/388 331/411/412
f 332/412/413 329/409/410 331/411/412
f 307/387/388 332/412/413 331/411/412
f 330/410/411 329/409/410 333/413/414
f 329/409/410 332/412/413 333/413/414
f 332/412/413 307/387/388 334/414/415
f 334/414/415 307/387/388 310/390/391
f 335/415/416 333/413/414 332/412/413
f 336/416/417 332/412/413 334/414/415
f 332/412/413 336/416/417 335/415/416
f 337/417/418 334/414/415 310/390/391
f 336/416/417 334/414/415 337/417/418
f 333/413/414 335/415/416 338/418/419
f 338/418/419 330/410/411 333/413/414
f 336/416/417 339/419/420 335/415/416
f 330/410/411 338/418/419 340/420/421
f 340/420/421 327/407/408 330/410/411
f 335/415/416 341/421/422 338/418/419
f 341/421/422 340/420/421 338/418/419
f 341/421/422 335/415/416 339/419/420
f 327/407/408 340/420/421 342/422/423
f 327/407/408 342/422/423 328/408/409
f 340/420/421 343/423/424 342/422/423
f 342/422/423 343/423/424 328/408/409
f 340/420/421 341/421/422 344/424/425
f 343/423/424 340/420/421 344/424/425
f 344/424/425 341/421/422 345/425/426
f 343/423/424 344/424/425 346/426/427
f 344/424/425 345/425/426 346/426/427
f 347/427/428 328/408/409 343/423/424
f 343/423/424 346/426/427 347/427/428
f 348/428/429 328/408/409 347/427/428
f 348/428/429 223/299/300 328/408/409
f 349/429/430 347/427/428 346/426/427
f 349/429/430 348/428/429 347/427/428
f 348/428/429 350/430/431 223/299/300
f 151/300/301 223/299/300 350/430/431
f 351/431/432 151/300/301 350/430/431
f 348/428/429 351/431/432 350/430/431
f 151/300/301 351/431/432 149/432/433
f 351/431/432 146/433/434 149/432/433
f 146/433/434 351/431/432 145/434/435
f 351/431/432 348/428/429 352/435/436
f 352/435/436 145/434/435 351/431/432
f 348/428/429 349/429/430 352/435/436
f 145/434/435 352/435/436 142/436/437
f 353/437/438 142/436/437 352/435/436
f 352/435/436 349/429/430 353/437/438
f 142/436/437 353/437/438 143/438/439
f 353/437/438 354/439/440 143/438/439
f 353/437/438 349/429/430 355/440/441
f 346/426/427 355/440/441 349/429/430
f 355/440/441 354/439/440 353/437/438
f 345/425/426 355/440/441 346/426/427
f 354/439/440 136/441/442 143/442/443
f 355/440/441 345/425/426 356/443/444
f 356/443/444 354/439/440 355/440/441
f 136/441/442 354/439/440 357/444/445
f 357/444/445 135/445/446 136/441/442
f 354/439/440 356/443/444 358/446/447
f 358/446/447 357/444/445 354/439/440
f 135/445/446 357/444/445 359/447/448
f 132/448/449 135/445/446 359/447/448
f 357/444/445 358/446/447 360/449/450
f 359/447/448 357/444/445 360/449/450
f 356/443/444 361/450/451 358/446/447
f 361/450/451 360/449/450 358/446/447
f 362/451/452 356/443/444 345/425/426
f 341/421/422 362/451/452 345/425/426
f 362/451/452 341/421/422 339/419/420
f 356/443/444 362/451/452 363/452/453
f 363/452/453 361/450/451 356/443/444
f 362/451/452 339/419/420 364/453/454
f 362/451/452 364/453/454 363/452/453
f 364/453/454 339/419/420 365/454/455
f 339/419/420 336/416/417 365/454/455
f 366/455/456 363/452/453 364/453/454
f 366/455/456 364/453/454 365/454/455
f 363/452/453 366/455/456 361/450/451
f 367/456/457 365/454/455 336/416/417
f 336/416/417 337/417/418 367/456/457
f 368/457/458 366/455/456 365/454/455
f 365/454/455 367/456/457 368/457/458
f 369/458/459 361/450/451 366/455/456
f 366/455/456 368/457/458 369/458/459
f 361/450/451 369/458/459 370/459/460
f 360/449/450 361/450/451 370/459/460
f 371/460/461 369/458/459 368/457/458
f 370/459/460 372/461/462 360/449/450
f 360/449/450 372/461/462 359/447/448
f 373/462/463 370/459/460 369/458/459
f 369/458/459 371/460/461 373/462/463
f 372/461/462 370/459/460 374/463/464
f 370/459/460 373/462/463 374/463/464
f 359/447/448 372/461/462 375/464/465
f 132/448/449 359/447/448 375/464/465
f 372/461/462 374/463/464 376/465/466
f 375/464/465 372/461/462 376/465/466
f 630/466/467 132/448/449 375/464/465
f 630/466/467 375/464/465 376/465/466
f 132/448/449 630/466/467 129/467/468
f 630/466/467 626/468/469 129/467/468
f 376/465/466 374/463/464 377/469/470
f 377/469/470 374/463/464 373/462/463
f 376/465/466 631/470/471 630/466/467
f 631/470/471 376/465/466 377/469/470
f 626/468/469 630/466/467 632/471/472
f 630/466/467 631/470/471 632/471/472
f 633/472/473 626/468/469 632/471/472
f 626/468/469 633/472/473 623/473/474
f 632/471/472 631/470/471 634/474/475
f 632/471/472 634/474/475 633/472/473
f 377/469/470 635/475/476 631/470/471
f 635/475/476 634/474/475 631/470/471
f 636/476/477 623/473/474 633/472/473
f 623/473/474 636/476/477 621/477/478
f 634/474/475 637/478/479 633/472/473
f 637/478/479 636/476/477 633/472/473
f 634/474/475 635/475/476 638/479/480
f 634/474/475 638/479/480 637/478/479
f 635/475/476 377/469/470 378/480/481
f 377/469/470 373/462/463 378/480/481
f 639/481/482 638/479/480 635/475/476
f 635/475/476 378/480/481 639/481/482
f 373/462/463 640/482/483 378/480/481
f 640/482/483 373/462/463 371/460/461
f 378/480/481 641/483/484 639/481/482
f 641/483/484 378/480/481 640/482/483
f 638/479/480 639/481/482 642/484/485
f 643/485/486 639/481/482 641/483/484
f 639/481/482 643/485/486 642/484/485
f 638/479/480 642/484/485 644/486/487
f 638/479/480 644/486/487 637/478/479
f 645/487/488 642/484/485 643/485/486
f 642/484/485 645/487/488 644/486/487
f 644/486/487 646/488/489 637/478/479
f 636/476/477 637/478/479 646/488/489
f 646/488/489 644/486/487 647/489/490
f 645/487/488 647/489/490 644/486/487
f 648/490/491 636/476/477 646/488/489
f 648/490/491 646/488/489 647/489/490
f 649/491/492 621/477/478 636/476/477
f 649/491/492 636/476/477 648/490/491
f 621/477/478 649/491/492 619/492/493
f 650/493/494 619/492/493 649/491/492
f 617/494/495 619/492/493 650/493/494
f 648/490/491 651/495/496 649/491/492
f 651/495/496 650/493/494 649/491/492
f 652/496/497 617/494/495 650/493/494
f 617/494/495 652/496/497 614/497/498
f 652/496/497 612/498/499 614/497/498
f 651/495/496 653/499/500 650/493/494
f 652/496/497 650/493/494 653/499/500
f 612/498/499 652/496/497 654/500/501
f 654/500/501 595/501/502 612/498/499
f 595/501/502 654/500/501 591/502/503
f 654/500/501 652/496/497 655/503/504
f 653/499/500 655/503/504 652/496/497
f 591/502/503 654/500/501 656/504/505
f 654/500/501 655/503/504 656/504/505
f 591/502/503 656/504/505 587/505/506
f 655/503/504 653/499/500 657/506/507
f 587/505/506 656/504/505 658/507/508
f 587/505/506 658/507/508 585/508/509
f 656/504/505 655/503/504 659/509/510
f 656/504/505 659/509/510 658/507/508
f 655/503/504 657/506/507 659/509/510
f 658/507/508 579/510/511 585/508/509
f 660/511/512 579/510/511 658/507/508
f 579/510/511 660/511/512 576/512/513
f 658/507/508 659/509/510 661/513/514
f 658/507/508 661/513/514 660/511/512
f 662/514/515 576/512/513 660/511/512
f 660/511/512 661/513/514 662/514/515
f 576/512/513 662/514/515 572/515/516
f 662/514/515 570/516/517 572/515/516
f 659/509/510 663/517/518 661/513/514
f 659/509/510 657/506/507 663/517/518
f 664/518/519 570/516/517 662/514/515
f 664/518/519 569/519/520 570/516/517
f 662/514/515 661/513/514 665/520/521
f 662/514/515 665/520/521 664/518/519
f 663/517/518 665/520/521 661/513/514
f 666/521/522 569/519/520 664/518/519
f 666/521/522 664/518/519 665/520/521
f 666/521/522 559/522/523 569/519/520
f 667/523/524 665/520/521 663/517/518
f 668/524/525 559/522/523 666/521/522
f 668/524/525 556/525/526 559/522/523
f 665/520/521 669/526/527 666/521/522
f 668/524/525 666/521/522 669/526/527
f 669/526/527 665/520/521 667/523/524
f 556/525/526 668/524/525 670/527/528
f 670/527/528 15/528/529 556/525/526
f 671/529/530 668/524/525 669/526/527
f 668/524/525 671/529/530 670/527/528
f 667/523/524 672/530/531 669/526/527
f 672/530/531 671/529/530 669/526/527
f 379/531/532 15/528/529 670/527/528
f 15/528/529 379/531/532 11/532/533
f 673/533/534 670/527/528 671/529/530
f 673/533/534 379/531/532 670/527/528
f 671/529/530 672/530/531 674/534/535
f 674/534/535 673/533/534 671/529/530
f 380/535/536 11/532/533 379/531/532
f 8/536/537 11/532/533 380/535/536
f 379/531/532 673/533/534 381/537/538
f 381/537/538 380/535/536 379/531/532
f 382/538/539 8/536/537 380/535/536
f 5/539/540 8/536/537 382/538/539
f 380/535/536 381/537/538 383/540/541
f 383/540/541 382/538/539 380/535/536
f 673/533/534 675/541/542 381/537/538
f 673/533/534 674/534/535 675/541/542
f 381/537/538 384/542/543 383/540/541
f 381/537/538 675/541/542 384/542/543
f 385/543/544 5/539/540 382/538/539
f 385/543/544 6/544/545 5/539/540
f 382/538/539 383/540/541 386/545/546
f 382/538/539 386/545/546 385/543/544
f 383/540/541 384/542/543 387/546/547
f 383/540/541 387/546/547 386/545/546
f 6/544/545 385/543/544 388/547/548
f 389/548/549 385/543/544 386/545/546
f 389/548/549 388/547/548 385/543/544
f 386/545/546 390/549/550 389/548/549
f 386/545/546 387/546/547 390/549/550
f 388/547/548 391/550/551 6/544/545
f 4/551/552 6/544/545 391/550/551
f 388/547/548 389/548/549 392/552/553
f 391/550/551 393/553/554 4/551/552
f 9/554/555 4/551/552 393/553/554
f 391/550/551 388/547/548 394/555/556
f 392/552/553 394/555/556 388/547/548
f 391/550/551 395/556/557 393/553/554
f 389/548/549 396/557/558 392/552/553
f 389/548/549 390/549/550 396/557/558
f 395/556/557 391/550/551 397/558/559
f 394/555/556 397/558/559 391/550/551
f 398/559/560 396/557/558 390/549/550
f 398/559/560 390/549/550 387/546/547
f 392/552/553 396/557/558 399/560/561
f 396/557/558 398/559/560 400/561/562
f 396/557/558 400/561/562 399/560/561
f 394/555/556 392/552/553 401/562/563
f 399/560/561 401/562/563 392/552/553
f 398/559/560 402/563/564 400/561/562
f 400/561/562 403/564/565 399/560/561
f 402/563/564 403/564/565 400/561/562
f 401/562/563 399/560/561 404/565/566
f 403/564/565 404/565/566 399/560/561
f 394/555/556 401/562/563 405/566/567
f 404/565/566 403/564/565 406/567/568
f 394/555/556 405/566/567 407/568/569
f 397/558/559 394/555/556 407/568/569
f 401/562/563 404/565/566 408/569/570
f 408/569/570 405/566/567 401/562/563
f 409/570/571 404/565/566 406/567/568
f 409/570/571 408/569/570 404/565/566
f 403/564/565 410/571/572 406/567/568
f 410/571/572 409/570/571 406/567/568
f 410/571/572 403/564/565 411/572/573
f 403/564/565 402/563/564 411/572/573
f 409/570/571 410/571/572 412/573/574
f 413/574/575 410/571/572 411/572/573
f 410/571/572 414/575/576 412/573/574
f 410/571/572 413/574/575 414/575/576
f 411/572/573 415/576/577 413/574/575
f 415/576/577 411/572/573 402/563/564
f 416/577/578 414/575/576 413/574/575
f 416/577/578 413/574/575 415/576/577
f 417/578/579 412/573/574 414/575/576
f 414/575/576 416/577/578 418/579/580
f 418/579/580 417/578/579 414/575/576
f 412/573/574 417/578/579 419/580/581
f 419/580/581 409/570/571 412/573/574
f 417/578/579 418/579/580 420/581/582
f 419/580/581 417/578/579 420/581/582
f 419/580/581 421/582/583 409/570/571
f 421/582/583 408/569/570 409/570/571
f 420/581/582 422/583/584 419/580/581
f 408/569/570 421/582/583 423/584/585
f 419/580/581 424/585/586 421/582/583
f 422/583/584 424/585/586 419/580/581
f 425/586/587 408/569/570 423/584/585
f 408/569/570 425/586/587 405/566/567
f 421/582/583 426/587/588 423/584/585
f 424/585/586 426/587/588 421/582/583
f 427/588/589 405/566/567 425/586/587
f 405/566/567 427/588/589 407/568/569
f 425/586/587 423/584/585 428/589/590
f 427/588/589 425/586/587 428/589/590
f 423/584/585 426/587/588 428/589/590
f 429/590/591 407/568/569 427/588/589
f 429/590/591 427/588/589 428/589/590
f 407/568/569 429/590/591 397/558/559
f 429/590/591 430/591/592 397/558/559
f 430/591/592 429/590/591 428/589/590
f 395/556/557 397/558/559 430/591/592
f 430/591/592 431/592/593 395/556/557
f 431/592/593 393/553/554 395/556/557
f 431/592/593 430/591/592 432/593/594
f 432/593/594 430/591/592 428/589/590
f 393/553/554 431/592/593 433/594/595
f 9/554/555 393/553/554 433/594/595
f 434/595/596 431/592/593 432/593/594
f 434/595/596 432/593/594 428/589/590
f 435/596/597 9/554/555 433/594/595
f 9/554/555 435/596/597 18/597/598
f 436/598/599 433/594/595 431/592/593
f 433/594/595 436/598/599 435/596/597
f 434/595/596 436/598/599 431/592/593
f 437/599/600 18/597/598 435/596/597
f 18/597/598 437/599/600 22/600/601
f 435/596/597 438/601/602 437/599/600
f 438/601/602 435/596/597 436/598/599
f 439/602/603 22/600/601 437/599/600
f 438/601/602 439/602/603 437/599/600
f 22/600/601 439/602/603 23/603/604
f 439/602/603 25/604/605 23/603/604
f 438/601/602 436/598/599 440/605/606
f 440/605/606 439/602/603 438/601/602
f 441/606/607 25/604/605 439/602/603
f 439/602/603 440/605/606 441/606/607
f 25/604/605 441/606/607 43/607/608
f 436/598/599 442/608/609 440/605/606
f 442/608/609 436/598/599 434/595/596
f 443/609/610 441/606/607 440/605/606
f 442/608/609 443/609/610 440/605/606
f 444/610/611 43/607/608 441/606/607
f 441/606/607 443/609/610 444/610/611
f 43/607/608 444/610/611 46/611/612
f 445/612/613 46/611/612 444/610/611
f 443/609/610 445/612/613 444/610/611
f 46/611/612 445/612/613 50/613/614
f 443/609/610 442/608/609 446/614/615
f 434/595/596 446/614/615 442/608/609
f 445/612/613 443/609/610 447/615/616
f 443/609/610 446/614/615 447/615/616
f 448/616/617 50/613/614 445/612/613
f 445/612/613 447/615/616 448/616/617
f 50/613/614 448/616/617 53/617/618
f 59/618/619 53/617/618 448/616/617
f 446/614/615 434/595/596 449/619/620
f 450/620/621 59/618/619 448/616/617
f 450/620/621 451/621/622 59/618/619
f 449/619/620 434/595/596 428/589/590
f 451/621/622 450/620/621 452/622/623
f 453/623/624 451/621/622 452/622/623
f 448/616/617 454/624/625 450/620/621
f 450/620/621 454/624/625 452/622/623
f 453/623/624 452/622/623 454/624/625
f 448/616/617 447/615/616 454/624/625
f 455/625/626 453/623/624 454/624/625
f 447/615/616 455/625/626 454/624/625
f 453/623/624 455/625/626 456/626/627
f 455/625/626 457/627/628 456/626/627
f 446/614/615 458/628/629 447/615/616
f 447/615/616 458/628/629 455/625/626
f 449/619/620 458/628/629 446/614/615
f 455/625/626 459/629/630 457/627/628
f 458/628/629 449/619/620 460/630/631
f 460/630/631 449/619/620 428/589/590
f 458/628/629 461/631/632 455/625/626
f 461/631/632 458/628/629 460/630/631
f 461/631/632 459/629/630 455/625/626
f 461/631/632 460/630/631 428/589/590
f 462/632/633 457/627/628 459/629/630
f 459/629/630 461/631/632 462/632/633
f 457/627/628 462/632/633 463/633/634
f 461/631/632 464/634/635 462/632/633
f 464/634/635 461/631/632 428/589/590
f 462/632/633 465/635/636 463/633/634
f 464/634/635 465/635/636 462/632/633
f 466/636/637 463/633/634 465/635/636
f 464/634/635 467/637/638 465/635/636
f 428/589/590 467/637/638 464/634/635
f 468/638/639 466/636/637 465/635/636
f 467/637/638 468/638/639 465/635/636
f 466/636/637 468/638/639 469/639/640
f 467/637/638 470/640/641 468/638/639
f 467/637/638 428/589/590 470/640/641
f 471/641/642 469/639/640 468/638/639
f 470/640/641 471/641/642 468/638/639
f 469/639/640 471/641/642 472/642/643
f 473/643/644 470/640/641 428/589/590
f 471/641/642 470/640/641 473/643/644
f 474/644/645 473/643/644 428/589/590
f 474/644/645 471/641/642 473/643/644
f 475/645/646 474/644/645 428/589/590
f 426/587/588 475/645/646 428/589/590
f 476/646/647 471/641/642 474/644/645
f 476/646/647 472/642/643 471/641/642
f 475/645/646 476/646/647 474/644/645
f 472/642/643 476/646/647 477/647/648
f 478/648/649 475/645/646 426/587/588
f 476/646/647 475/645/646 478/648/649
f 424/585/586 478/648/649 426/587/588
f 479/649/650 477/647/648 476/646/647
f 478/648/649 479/649/650 476/646/647
f 477/647/648 479/649/650 480/650/651
f 479/649/650 481/651/652 480/650/651
f 424/585/586 482/652/653 478/648/649
f 479/649/650 478/648/649 482/652/653
f 482/652/653 424/585/586 422/583/584
f 481/651/652 479/649/650 483/653/654
f 479/649/650 482/652/653 483/653/654
f 483/653/654 484/654/655 481/651/652
f 482/652/653 485/655/656 483/653/654
f 484/654/655 483/653/654 485/655/656
f 486/656/657 485/655/656 482/652/653
f 485/655/656 486/656/657 484/654/655
f 486/656/657 482/652/653 422/583/584
f 487/657/658 484/654/655 486/656/657
f 488/658/659 486/656/657 422/583/584
f 422/583/584 420/581/582 488/658/659
f 486/656/657 488/658/659 489/659/660
f 420/581/582 489/659/660 488/658/659
f 489/659/660 487/657/658 486/656/657
f 418/579/580 489/659/660 420/581/582
f 487/657/658 489/659/660 490/660/661
f 418/579/580 490/660/661 489/659/660
f 487/657/658 490/660/661 491/661/662
f 490/660/661 418/579/580 416/577/578
f 491/661/662 490/660/661 492/662/663
f 492/662/663 493/663/664 491/661/662
f 494/664/665 490/660/661 416/577/578
f 490/660/661 494/664/665 492/662/663
f 415/576/577 494/664/665 416/577/578
f 493/663/664 492/662/663 495/665/666
f 494/664/665 495/665/666 492/662/663
f 495/665/666 496/666/667 493/663/664
f 415/576/577 497/667/668 494/664/665
f 495/665/666 494/664/665 497/667/668
f 497/667/668 415/576/577 498/668/669
f 402/563/564 498/668/669 415/576/577
f 495/665/666 497/667/668 676/669/670
f 498/668/669 676/669/670 497/667/668
f 676/669/670 677/670/671 495/665/666
f 677/670/671 496/666/667 495/665/666
f 676/669/670 498/668/669 678/671/672
f 498/668/669 402/563/564 499/672/673
f 499/672/673 678/671/672 498/668/669
f 402/563/564 500/673/674 499/672/673
f 402/563/564 398/559/560 500/673/674
f 398/559/560 387/546/547 500/673/674
f 500/673/674 679/674/675 499/672/673
f 678/671/672 499/672/673 679/674/675
f 387/546/547 680/675/676 500/673/674
f 679/674/675 500/673/674 680/675/676
f 384/542/543 680/675/676 387/546/547
f 681/676/677 678/671/672 679/674/675
f 680/675/676 681/676/677 679/674/675
f 682/677/678 680/675/676 384/542/543
f 682/677/678 681/676/677 680/675/676
f 675/541/542 682/677/678 384/542/543
f 683/678/679 678/671/672 681/676/677
f 683/678/679 676/669/670 678/671/672
f 683/678/679 677/670/671 676/669/670
f 675/541/542 684/679/680 682/677/678
f 684/679/680 675/541/542 674/534/535
f 685/680/681 681/676/677 682/677/678
f 682/677/678 684/679/680 685/680/681
f 686/681/682 683/678/679 681/676/677
f 681/676/677 685/680/681 686/681/682
f 674/534/535 687/682/683 684/679/680
f 687/682/683 674/534/535 672/530/531
f 684/679/680 688/683/684 685/680/681
f 684/679/680 687/682/683 688/683/684
f 685/680/681 689/684/685 686/681/682
f 685/680/681 688/683/684 689/684/685
f 672/530/531 690/685/686 687/682/683
f 690/685/686 672/530/531 667/523/524
f 663/517/518 690/685/686 667/523/524
f 687/682/683 691/686/687 688/683/684
f 691/686/687 687/682/683 690/685/686
f 691/686/687 689/684/685 688/683/684
f 663/517/518 692/687/688 690/685/686
f 690/685/686 692/687/688 691/686/687
f 657/506/507 692/687/688 663/517/518
f 693/688/689 692/687/688 657/506/507
f 653/499/500 693/688/689 657/506/507
f 693/688/689 653/499/500 651/495/496
f 694/689/690 691/686/687 692/687/688
f 693/688/689 694/689/690 692/687/688
f 651/495/496 695/690/691 693/688/689
f 694/689/690 693/688/689 695/690/691
f 695/690/691 651/495/496 648/490/491
f 694/689/690 696/691/692 691/686/687
f 689/684/685 691/686/687 696/691/692
f 695/690/691 697/692/693 694/689/690
f 696/691/692 694/689/690 697/692/693
f 648/490/491 698/693/694 695/690/691
f 697/692/693 695/690/691 698/693/694
f 698/693/694 648/490/491 647/489/490
f 696/691/692 697/692/693 699/694/695
f 700/695/696 698/693/694 647/489/490
f 647/489/490 645/487/488 700/695/696
f 698/693/694 701/696/697 697/692/693
f 697/692/693 701/696/697 699/694/695
f 698/693/694 700/695/696 702/697/698
f 701/696/697 698/693/694 702/697/698
f 703/698/699 700/695/696 645/487/488
f 643/485/486 703/698/699 645/487/488
f 700/695/696 704/699/700 702/697/698
f 700/695/696 703/698/699 704/699/700
f 701/696/697 702/697/698 705/700/701
f 702/697/698 704/699/700 705/700/701
f 643/485/486 706/701/702 703/698/699
f 706/701/702 704/699/700 703/698/699
f 706/701/702 643/485/486 707/702/703
f 641/483/484 707/702/703 643/485/486
f 704/699/700 706/701/702 708/703/704
f 705/700/701 704/699/700 708/703/704
f 707/702/703 709/704/705 706/701/702
f 706/701/702 709/704/705 708/703/704
f 707/702/703 641/483/484 710/705/706
f 640/482/483 710/705/706 641/483/484
f 709/704/705 707/702/703 711/706/707
f 707/702/703 710/705/706 711/706/707
f 710/705/706 640/482/483 712/707/708
f 371/460/461 712/707/708 640/482/483
f 713/708/709 711/706/707 710/705/706
f 712/707/708 713/708/709 710/705/706
f 712/707/708 371/460/461 501/709/710
f 368/457/458 501/709/710 371/460/461
f 501/709/710 368/457/458 367/456/457
f 501/709/710 714/710/711 712/707/708
f 713/708/709 712/707/708 714/710/711
f 367/456/457 502/711/712 501/709/710
f 714/710/711 501/709/710 502/711/712
f 367/456/457 337/417/418 502/711/712
f 713/708/709 714/710/711 715/712/713
f 502/711/712 337/417/418 503/713/714
f 337/417/418 310/390/391 503/713/714
f 714/710/711 502/711/712 716/714/715
f 502/711/712 503/713/714 716/714/715
f 714/710/711 716/714/715 715/712/713
f 310/390/391 308/388/389 503/713/714
f 503/713/714 717/715/716 716/714/715
f 717/715/716 503/713/714 308/388/389
f 718/716/717 716/714/715 717/715/716
f 716/714/715 718/716/717 715/712/713
f 308/388/389 719/717/718 717/715/716
f 719/717/718 718/716/717 717/715/716
f 719/717/718 308/388/389 304/384/385
f 299/379/380 719/717/718 304/384/385
f 719/717/718 299/379/380 504/718/719
f 296/376/377 504/718/719 299/379/380
f 718/716/717 719/717/718 720/719/720
f 504/718/719 720/719/720 719/717/718
f 504/718/719 296/376/377 505/720/721
f 286/366/367 505/720/721 296/376/377
f 720/719/720 504/718/719 721/721/722
f 505/720/721 721/721/722 504/718/719
f 718/716/717 720/719/720 722/722/723
f 718/716/717 722/722/723 715/712/713
f 505/720/721 286/366/367 506/723/724
f 282/362/363 506/723/724 286/366/367
f 506/723/724 282/362/363 283/363/364
f 506/723/724 723/724/725 505/720/721
f 721/721/722 505/720/721 723/724/725
f 283/363/364 724/725/726 506/723/724
f 723/724/725 506/723/724 724/725/726
f 724/725/726 283/363/364 725/726/727
f 629/361/362 725/726/727 283/363/364
f 726/727/728 723/724/725 724/725/726
f 725/726/727 726/727/728 724/725/726
f 629/361/362 727/728/729 725/726/727
f 628/360/361 727/728/729 629/361/362
f 726/727/728 725/726/727 728/729/730
f 727/728/729 728/729/730 725/726/727
f 628/360/361 729/730/731 727/728/729
f 727/728/729 730/731/732 728/729/730
f 727/728/729 729/730/731 730/731/732
f 728/729/730 731/732/733 726/727/728
f 728/729/730 730/731/732 731/732/733
f 628/360/361 732/733/734 729/730/731
f 732/733/734 628/360/361 627/356/357
f 730/731/732 729/730/731 733/734/735
f 627/356/357 734/735/736 732/733/734
f 734/735/736 627/356/357 278/355/356
f 729/730/731 732/733/734 735/736/737
f 729/730/731 735/736/737 733/734/735
f 732/733/734 734/735/736 736/737/738
f 732/733/734 736/737/738 735/736/737
f 278/355/356 737/738/739 734/735/736
f 737/738/739 736/737/738 734/735/736
f 737/738/739 278/355/356 211/283/282
f 211/283/282 105/176/174 737/738/739
f 625/175/173 737/738/739 105/176/174
f 736/737/738 737/738/739 625/175/173
f 625/175/173 603/120/118 736/737/738
f 736/737/738 603/120/118 735/736/737
f 735/736/737 603/120/118 738/739/740
f 733/734/735 735/736/737 738/739/740
f 602/119/117 738/739/740 603/120/118
f 738/739/740 602/119/117 739/740/741
f 599/116/114 739/740/741 602/119/117
f 738/739/740 740/741/742 733/734/735
f 738/739/740 739/740/741 740/741/742
f 733/734/735 740/741/742 741/742/743
f 730/731/732 733/734/735 741/742/743
f 731/732/733 730/731/732 741/742/743
f 739/740/741 742/743/744 740/741/742
f 741/742/743 740/741/742 743/744/745
f 740/741/742 742/743/744 743/744/745
f 731/732/733 741/742/743 744/745/746
f 744/745/746 741/742/743 743/744/745
f 739/740/741 745/746/747 742/743/744
f 739/740/741 599/116/114 745/746/747
f 743/744/745 742/743/744 746/747/748
f 745/746/747 746/747/748 742/743/744
f 743/744/745 747/748/749 744/745/746
f 746/747/748 747/748/749 743/744/745
f 748/749/750 745/746/747 599/116/114
f 588/105/103 748/749/750 599/116/114
f 748/749/750 588/105/103 583/100/98
f 749/750/751 746/747/748 745/746/747
f 745/746/747 748/749/750 749/750/751
f 583/100/98 750/751/752 748/749/750
f 750/751/752 583/100/98 581/98/96
f 751/752/753 748/749/750 750/751/752
f 748/749/750 751/752/753 749/750/751
f 581/98/96 752/753/754 750/751/752
f 752/753/754 751/752/753 750/751/752
f 752/753/754 581/98/96 574/91/89
f 753/754/755 751/752/753 752/753/754
f 574/91/89 754/755/756 752/753/754
f 754/755/756 753/754/755 752/753/754
f 754/755/756 574/91/89 566/83/81
f 564/81/79 754/755/756 566/83/81
f 751/752/753 753/754/755 755/756/757
f 755/756/757 749/750/751 751/752/753
f 753/754/755 754/755/756 756/757/758
f 756/757/758 755/756/757 753/754/755
f 757/758/759 754/755/756 564/81/79
f 754/755/756 757/758/759 756/757/758
f 562/79/77 757/758/759 564/81/79
f 755/756/757 756/757/758 758/759/760
f 757/758/759 562/79/77 759/760/761
f 70/76/74 759/760/761 562/79/77
f 760/761/762 756/757/758 757/758/759
f 756/757/758 760/761/762 758/759/760
f 761/762/763 757/758/759 759/760/761
f 757/758/759 761/762/763 760/761/762
f 759/760/761 70/76/74 507/763/764
f 71/77/75 507/763/764 70/76/74
f 759/760/761 762/764/765 761/762/763
f 762/764/765 759/760/761 507/763/764
f 508/765/766 507/763/764 71/77/75
f 507/763/764 508/765/766 762/764/765
f 71/77/75 509/766/767 508/765/766
f 509/766/767 71/77/75 68/74/72
f 68/74/72 510/767/768 509/766/767
f 510/767/768 68/74/72 63/69/67
f 511/768/769 508/765/766 509/766/767
f 509/766/767 510/767/768 511/768/769
f 510/767/768 63/69/67 512/769/770
f 510/767/768 512/769/770 511/768/769
f 512/769/770 63/69/67 60/66/64
f 56/62/60 512/769/770 60/66/64
f 508/765/766 511/768/769 513/770/771
f 513/770/771 762/764/765 508/765/766
f 512/769/770 56/62/60 514/771/772
f 56/62/60 55/61/59 514/771/772
f 515/772/773 514/771/772 55/61/59
f 515/772/773 512/769/770 514/771/772
f 58/64/62 515/772/773 55/61/59
f 511/768/769 512/769/770 516/773/774
f 512/769/770 515/772/773 516/773/774
f 511/768/769 516/773/774 517/774/775
f 517/774/775 513/770/771 511/768/769
f 518/775/776 516/773/774 515/772/773
f 516/773/774 518/775/776 517/774/775
f 519/776/777 515/772/773 58/64/62
f 515/772/773 519/776/777 518/775/776
f 59/65/63 519/776/777 58/64/62
f 519/776/777 59/65/63 451/777/778
f 453/778/779 519/776/777 451/777/778
f 519/776/777 453/778/779 520/779/780
f 520/779/780 518/775/776 519/776/777
f 456/780/781 520/779/780 453/778/779
f 521/781/782 517/774/775 518/775/776
f 521/781/782 518/775/776 520/779/780
f 520/779/780 456/780/781 522/782/783
f 457/783/784 522/782/783 456/780/781
f 523/784/785 521/781/782 520/779/780
f 522/782/783 523/784/785 520/779/780
f 522/782/783 457/783/784 524/785/786
f 522/782/783 524/785/786 523/784/785
f 463/786/787 524/785/786 457/783/784
f 517/774/775 521/781/782 525/787/788
f 513/770/771 517/774/775 525/787/788
f 524/785/786 463/786/787 526/788/789
f 463/786/787 466/789/790 526/788/789
f 527/790/791 513/770/771 525/787/788
f 762/764/765 513/770/771 527/790/791
f 528/791/792 525/787/788 521/781/782
f 528/791/792 521/781/782 523/784/785
f 525/787/788 529/792/793 527/790/791
f 529/792/793 525/787/788 528/791/792
f 763/793/794 762/764/765 527/790/791
f 763/793/794 527/790/791 529/792/793
f 762/764/765 763/793/794 761/762/763
f 763/793/794 760/761/762 761/762/763
f 523/784/785 530/794/795 528/791/792
f 530/794/795 523/784/785 524/785/786
f 524/785/786 526/788/789 530/794/795
f 531/795/796 528/791/792 530/794/795
f 528/791/792 531/795/796 529/792/793
f 530/794/795 526/788/789 532/796/797
f 530/794/795 532/796/797 531/795/796
f 533/797/798 529/792/793 531/795/796
f 763/793/794 529/792/793 533/797/798
f 531/795/796 534/798/799 533/797/798
f 534/798/799 531/795/796 532/796/797
f 764/799/800 763/793/794 533/797/798
f 764/799/800 533/797/798 534/798/799
f 532/796/797 526/788/789 535/800/801
f 526/788/789 466/789/790 535/800/801
f 469/801/802 535/800/801 466/789/790
f 536/802/803 534/798/799 532/796/797
f 532/796/797 535/800/801 536/802/803
f 535/800/801 469/801/802 537/803/804
f 537/803/804 536/802/803 535/800/801
f 538/804/805 537/803/804 469/801/802
f 538/804/805 469/801/802 472/805/806
f 536/802/803 537/803/804 539/806/807
f 538/804/805 539/806/807 537/803/804
f 534/798/799 536/802/803 540/807/808
f 539/806/807 540/807/808 536/802/803
f 534/798/799 540/807/808 764/799/800
f 541/808/809 538/804/805 472/805/806
f 541/808/809 472/805/806 477/809/810
f 764/799/800 540/807/808 765/810/811
f 477/809/810 542/811/812 541/808/809
f 542/811/812 477/809/810 480/812/813
f 540/807/808 543/813/814 765/810/811
f 540/807/808 539/806/807 543/813/814
f 480/812/813 544/814/815 542/811/812
f 544/814/815 480/812/813 481/815/816
f 541/808/809 542/811/812 545/816/817
f 481/815/816 546/817/818 544/814/815
f 546/817/818 481/815/816 484/818/819
f 484/818/819 487/819/820 546/817/818
f 491/820/821 546/817/818 487/819/820
f 546/817/818 491/820/821 493/821/822
f 493/821/822 547/822/823 546/817/818
f 544/814/815 546/817/818 547/822/823
f 493/821/822 496/666/667 547/822/823
f 542/811/812 544/814/815 548/823/824
f 547/822/823 548/823/824 544/814/815
f 548/823/824 545/816/817 542/811/812
f 547/822/823 496/666/667 549/824/825
f 547/822/823 549/824/825 548/823/824
f 549/824/825 496/666/667 766/825/826
f 496/666/667 677/670/671 766/825/826
f 548/823/824 549/824/825 550/826/827
f 550/826/827 545/816/817 548/823/824
f 549/824/825 766/825/826 767/827/828
f 550/826/827 549/824/825 767/827/828
f 768/828/829 766/825/826 677/670/671
f 677/670/671 683/678/679 768/828/829
f 766/825/826 768/828/829 769/829/830
f 769/829/830 767/827/828 766/825/826
f 683/678/679 770/830/831 768/828/829
f 770/830/831 769/829/830 768/828/829
f 770/830/831 683/678/679 686/681/682
f 770/830/831 686/681/682 689/684/685
f 689/684/685 771/831/832 770/830/831
f 689/684/685 696/691/692 771/831/832
f 696/691/692 699/694/695 771/831/832
f 769/829/830 770/830/831 772/832/833
f 771/831/832 772/832/833 770/830/831
f 773/833/834 767/827/828 769/829/830
f 772/832/833 773/833/834 769/829/830
f 772/832/833 771/831/832 774/834/835
f 699/694/695 774/834/835 771/831/832
f 773/833/834 772/832/833 775/835/836
f 774/834/835 775/835/836 772/832/833
f 776/836/837 767/827/828 773/833/834
f 550/826/827 767/827/828 776/836/837
f 776/836/837 551/837/838 550/826/827
f 545/816/817 550/826/827 551/837/838
f 777/838/839 776/836/837 773/833/834
f 551/837/838 776/836/837 777/838/839
f 551/837/838 552/839/840 545/816/817
f 545/816/817 552/839/840 541/808/809
f 552/839/840 538/804/805 541/808/809
f 552/839/840 551/837/838 553/840/841
f 777/838/839 553/840/841 551/837/838
f 538/804/805 552/839/840 554/841/842
f 553/840/841 554/841/842 552/839/840
f 539/806/807 538/804/805 554/841/842
f 555/842/843 539/806/807 554/841/842
f 554/841/842 553/840/841 555/842/843
f 539/806/807 555/842/843 543/813/814
f 553/840/841 777/838/839 778/843/844
f 778/843/844 555/842/843 553/840/841
f 773/833/834 779/844/845 777/838/839
f 778/843/844 777/838/839 779/844/845
f 773/833/834 775/835/836 779/844/845
f 543/813/814 555/842/843 780/845/846
f 765/810/811 543/813/814 780/845/846
f 555/842/843 778/843/844 781/846/847
f 781/846/847 780/845/846 555/842/843
f 779/844/845 782/847/848 778/843/844
f 781/846/847 778/843/844 782/847/848
f 783/848/849 779/844/845 775/835/836
f 783/848/849 782/847/848 779/844/845
f 775/835/836 784/849/850 783/848/849
f 775/835/836 774/834/835 784/849/850
f 782/847/848 783/848/849 785/850/851
f 786/851/852 784/849/850 774/834/835
f 774/834/835 699/694/695 786/851/852
f 787/852/853 783/848/849 784/849/850
f 783/848/849 787/852/853 785/850/851
f 784/849/850 786/851/852 788/853/854
f 788/853/854 787/852/853 784/849/850
f 699/694/695 789/854/855 786/851/852
f 699/694/695 701/696/697 789/854/855
f 701/696/697 705/700/701 789/854/855
f 786/851/852 790/855/856 788/853/854
f 786/851/852 789/854/855 790/855/856
f 789/854/855 705/700/701 791/856/857
f 789/854/855 791/856/857 790/855/856
f 705/700/701 708/703/704 791/856/857
f 790/855/856 792/857/858 788/853/854
f 787/852/853 788/853/854 792/857/858
f 793/858/859 790/855/856 791/856/857
f 708/703/704 793/858/859 791/856/857
f 792/857/858 790/855/856 794/859/860
f 790/855/856 793/858/859 794/859/860
f 792/857/858 795/860/861 787/852/853
f 787/852/853 795/860/861 785/850/851
f 793/858/859 708/703/704 796/861/862
f 709/704/705 796/861/862 708/703/704
f 795/860/861 792/857/858 797/862/863
f 794/859/860 797/862/863 792/857/858
f 709/704/705 798/863/864 796/861/862
f 711/706/707 798/863/864 709/704/705
f 796/861/862 799/864/865 793/858/859
f 799/864/865 794/859/860 793/858/859
f 798/863/864 800/865/866 796/861/862
f 799/864/865 796/861/862 800/865/866
f 798/863/864 711/706/707 801/866/867
f 711/706/707 713/708/709 801/866/867
f 715/712/713 801/866/867 713/708/709
f 715/712/713 722/722/723 801/866/867
f 722/722/723 798/863/864 801/866/867
f 802/867/868 800/865/866 798/863/864
f 798/863/864 722/722/723 802/867/868
f 800/865/866 802/867/868 803/868/869
f 800/865/866 803/868/869 799/864/865
f 804/869/870 802/867/868 722/722/723
f 720/719/720 804/869/870 722/722/723
f 721/721/722 804/869/870 720/719/720
f 802/867/868 804/869/870 805/870/871
f 805/870/871 803/868/869 802/867/868
f 804/869/870 721/721/722 806/871/872
f 806/871/872 805/870/871 804/869/870
f 723/724/725 806/871/872 721/721/722
f 803/868/869 805/870/871 807/872/873
f 806/871/872 723/724/725 808/873/874
f 723/724/725 726/727/728 808/873/874
f 805/870/871 806/871/872 809/874/875
f 808/873/874 809/874/875 806/871/872
f 809/874/875 807/872/873 805/870/871
f 808/873/874 726/727/728 810/875/876
f 726/727/728 731/732/733 810/875/876
f 810/875/876 731/732/733 744/745/746
f 808/873/874 810/875/876 811/876/877
f 809/874/875 808/873/874 811/876/877
f 810/875/876 744/745/746 812/877/878
f 811/876/877 810/875/876 812/877/878
f 809/874/875 811/876/877 813/878/879
f 811/876/877 812/877/878 813/878/879
f 744/745/746 814/879/880 812/877/878
f 813/878/879 812/877/878 814/879/880
f 814/879/880 744/745/746 747/748/749
f 809/874/875 813/878/879 815/880/881
f 807/872/873 809/874/875 815/880/881
f 816/881/882 815/880/881 813/878/879
f 813/878/879 814/879/880 816/881/882
f 815/880/881 817/882/883 807/872/873
f 817/882/883 815/880/881 816/881/882
f 818/883/884 807/872/873 817/882/883
f 807/872/873 818/883/884 803/868/869
f 803/868/869 818/883/884 799/864/865
f 817/882/883 819/884/885 818/883/884
f 819/884/885 799/864/865 818/883/884
f 816/881/882 820/885/886 817/882/883
f 819/884/885 817/882/883 820/885/886
f 799/864/865 819/884/885 821/886/887
f 821/886/887 794/859/860 799/864/865
f 797/862/863 794/859/860 821/886/887
f 822/887/888 821/886/887 819/884/885
f 821/886/887 822/887/888 797/862/863
f 820/885/886 822/887/888 819/884/885
f 797/862/863 822/887/888 823/888/889
f 797/862/863 823/888/889 795/860/861
f 822/887/888 820/885/886 824/889/890
f 824/889/890 823/888/889 822/887/888
f 820/885/886 816/881/882 825/890/891
f 825/890/891 824/889/890 820/885/886
f 814/879/880 825/890/891 816/881/882
f 823/888/889 824/889/890 826/891/892
f 824/889/890 825/890/891 827/892/893
f 827/892/893 826/891/892 824/889/890
f 825/890/891 814/879/880 828/893/894
f 828/893/894 827/892/893 825/890/891
f 814/879/880 829/894/895 828/893/894
f 829/894/895 814/879/880 747/748/749
f 747/748/749 746/747/748 829/894/895
f 827/892/893 828/893/894 830/895/896
f 831/896/897 829/894/895 746/747/748
f 746/747/748 749/750/751 831/896/897
f 829/894/895 832/897/898 828/893/894
f 829/894/895 831/896/897 832/897/898
f 832/897/898 830/895/896 828/893/894
f 755/756/757 831/896/897 749/750/751
f 830/895/896 832/897/898 833/898/899
f 831/896/897 833/898/899 832/897/898
f 831/896/897 755/756/757 834/899/900
f 833/898/899 831/896/897 834/899/900
f 755/756/757 835/900/901 834/899/900
f 834/899/900 835/900/901 833/898/899
f 835/900/901 755/756/757 758/759/760
f 833/898/899 836/901/902 830/895/896
f 836/901/902 833/898/899 835/900/901
f 830/895/896 837/902/903 827/892/893
f 837/902/903 830/895/896 836/901/902
f 826/891/892 827/892/893 837/902/903
f 838/903/904 835/900/901 758/759/760
f 758/759/760 760/761/762 838/903/904
f 760/761/762 763/793/794 838/903/904
f 837/902/903 839/904/905 826/891/892
f 826/891/892 839/904/905 823/888/889
f 763/793/794 840/905/906 838/903/904
f 763/793/794 764/799/800 840/905/906
f 764/799/800 765/810/811 840/905/906
f 841/906/907 835/900/901 838/903/904
f 838/903/904 840/905/906 841/906/907
f 835/900/901 841/906/907 836/901/902
f 842/907/908 840/905/906 765/810/811
f 842/907/908 841/906/907 840/905/906
f 780/845/846 842/907/908 765/810/811
f 836/901/902 841/906/907 843/908/909
f 841/906/907 842/907/908 843/908/909
f 837/902/903 836/901/902 843/908/909
f 839/904/905 837/902/903 843/908/909
f 842/907/908 780/845/846 844/909/910
f 844/909/910 843/908/909 842/907/908
f 843/908/909 844/909/910 839/904/905
f 781/846/847 844/909/910 780/845/846
f 844/909/910 845/910/911 839/904/905
f 823/888/889 839/904/905 845/910/911
f 795/860/861 823/888/889 845/910/911
f 795/860/861 845/910/911 785/850/851
f 844/909/910 781/846/847 846/911/912
f 845/910/911 844/909/910 846/911/912
f 785/850/851 845/910/911 846/911/912
f 782/847/848 846/911/912 781/846/847
f 782/847/848 785/850/851 846/911/912
f 847/912/913 848/913/914 849/914/915
f 850/915/916 847/912/913 849/914/915
f 847/912/913 851/916/917 848/913/914
f 848/913/914 851/916/917 852/917/918
f 847/912/913 850/915/916 853/918/919
f 851/916/917 854/919/920 852/917/918
f 850/915/916 855/920/921 853/918/919
f 855/920/921 850/915/916 856/921/922
f 857/922/923 855/920/921 856/921/922
f 858/923/924 847/912/913 853/918/919
f 855/920/921 858/923/924 853/918/919
f 847/912/913 859/924/925 851/916/917
f 860/925/926 847/912/913 858/923/924
f 859/924/925 847/912/913 860/925/926
f 861/926/927 851/916/917 859/924/925
f 851/916/917 861/926/927 854/919/920
f 862/927/928 859/924/925 860/925/926
f 862/927/928 861/926/927 859/924/925
f 862/927/928 860/925/926 858/923/924
f 863/928/929 854/919/920 861/926/927
f 862/927/928 863/928/929 861/926/927
f 864/929/930 852/917/918 854/919/920
f 854/919/920 863/928/929 864/929/930
f 852/917/918 864/929/930 865/930/931
f 864/929/930 866/931/932 865/930/931
f 863/928/929 867/932/933 864/929/930
f 866/931/932 864/929/930 867/932/933
f 863/928/929 868/933/934 867/932/933
f 862/927/928 868/933/934 863/928/929
f 869/934/935 866/931/932 867/932/933
f 869/934/935 867/932/933 868/933/934
f 866/931/932 869/934/935 857/922/923
f 855/920/921 857/922/923 869/934/935
f 869/934/935 868/933/934 870/935/936
f 870/935/936 855/920/921 869/934/935
f 862/927/928 870/935/936 868/933/934
f 855/920/921 870/935/936 871/936/937
f 862/927/928 871/936/937 870/935/936
f 858/923/924 855/920/921 871/936/937
f 862/927/928 858/923/924 871/936/937
f 872/937/938 848/913/939 852/917/940
f 865/930/941 872/937/938 852/917/940
f 848/913/939 872/937/938 873/938/942
f 873/938/942 849/914/943 848/913/939
f 872/937/938 865/930/941 874/939/944
f 849/914/943 873/938/942 875/940/945
f 876/941/946 874/939/944 865/930/941
f 865/930/941 866/931/947 876/941/946
f 857/922/948 876/941/946 866/931/947
f 874/939/944 877/942/949 872/937/938
f 876/941/946 877/942/949 874/939/944
f 872/937/938 878/943/950 873/938/942
f 872/937/938 877/942/949 879/944/951
f 878/943/950 872/937/938 879/944/951
f 880/945/952 873/938/942 878/943/950
f 873/938/942 880/945/952 875/940/945
f 881/946/953 878/943/950 879/944/951
f 881/946/953 880/945/952 878/943/950
f 881/946/953 879/944/951 877/942/949
f 882/947/954 875/940/945 880/945/952
f 881/946/953 882/947/954 880/945/952
f 883/948/955 849/914/943 875/940/945
f 875/940/945 882/947/954 883/948/955
f 849/914/943 883/948/955 850/915/956
f 856/921/957 850/915/956 883/948/955
f 882/947/954 884/949/958 883/948/955
f 856/921/957 883/948/955 884/949/958
f 884/949/958 882/947/954 885/950/959
f 881/946/953 885/950/959 882/947/954
f 886/951/960 856/921/957 884/949/958
f 884/949/958 885/950/959 886/951/960
f 856/921/957 886/951/960 857/922/948
f 876/941/946 857/922/948 886/951/960
f 886/951/960 885/950/959 887/952/961
f 887/952/961 876/941/946 886/951/960
f 881/946/953 887/952/961 885/950/959
f 876/941/946 887/952/961 888/953/962
f 881/946/953 888/953/962 887/952/961
f 877/942/949 876/941/946 888/953/962
f 881/946/953 877/942/949 888/953/962
