# Blender v3.3.21 OBJ File: 'URDF3.blend'
# www.blender.org
v 3.271077 -1.086830 4.870224
v 3.502693 -2.333994 3.957047
v 3.473561 -1.042633 4.506683
v 3.280964 -2.588862 4.166962
v 3.564181 -3.375232 2.954239
v 2.322106 -1.138004 5.036026
v 3.376641 -3.597916 3.182652
v 2.367872 -2.801059 4.254852
v 1.896722 -2.578932 4.024548
v 1.859411 -1.071734 4.813652
v 1.470780 -1.378824 5.257984
v 2.417377 -3.807261 3.199528
v 3.430115 -4.430648 1.604515
v 3.744010 -4.119658 1.503948
v 2.464287 -4.617044 1.630829
v 1.958535 -3.619295 2.987438
v 1.544512 -3.003719 4.429863
v 0.652255 -2.903621 4.496922
v 0.633750 -1.301054 5.243874
v 0.563467 -1.447037 5.560246
v 1.630908 -4.122294 3.329037
v 0.578533 -3.168484 4.667393
v 0.786961 -4.028107 3.274944
v 2.003428 -4.582284 1.473206
v 1.742934 -4.967730 1.611782
v 2.631688 -4.727155 -0.210205
v 2.116945 -4.648528 -0.244091
v 0.904929 -4.976330 1.502701
v 1.858292 -5.128582 -0.309704
v 2.248064 -4.253826 -1.652401
v 0.721197 -4.327106 3.440620
v 1.056697 -5.188882 -0.362492
v 0.786635 -5.295355 1.595657
v -1.742313 -4.388231 3.230164
v 1.958150 -4.715766 -1.907776
v -1.819655 -3.141525 4.540325
v -1.848336 -1.200035 5.375969
v -2.000046 -2.974961 4.340424
v -1.947535 -1.101269 5.138233
v -1.903583 -4.124967 3.116829
v -2.815802 -2.922486 4.189869
v -2.816919 -1.078873 5.010426
v -2.918100 -1.100735 4.545475
v -1.749757 -4.911472 1.418209
v -2.823214 -2.597089 3.754097
v -3.354581 -1.058864 4.651707
v -2.691333 -4.100520 3.014351
v -2.707150 -3.639500 2.712994
v -3.341815 -2.744450 3.860355
v -4.149849 -2.631356 3.676670
v -4.196062 -1.058767 4.429386
v -3.275571 -3.815476 2.778858
v -4.480353 -0.995445 4.091843
v -4.445585 -2.431725 3.478153
v -4.089891 -3.670951 2.629745
v -4.378870 -3.446007 2.381420
v -3.163795 -4.568462 1.215271
v -4.072936 -4.379208 1.118473
v -4.292789 -4.088550 1.008644
v -3.869603 -4.526259 -0.518860
v -4.194186 -4.221915 -0.500423
v -4.098645 -3.830008 -1.963989
v -2.687469 -4.432389 1.140598
v -3.040092 -4.706368 -0.507046
v -3.761897 -4.108536 -2.126621
v -4.017687 -2.960076 -3.205570
v -2.538633 -4.959251 1.289242
v -3.662488 -3.178130 -3.455246
v -3.957391 -1.717097 -4.075119
v -2.932580 -4.273591 -2.104328
v -2.610790 -4.615274 -0.420872
v -2.586367 -4.262457 -2.028778
v -2.434464 -5.118753 -0.496109
v -2.368730 -4.684841 -2.147251
v -1.683019 -5.097195 -0.524040
v -2.255015 -3.821442 -3.589424
v -1.659381 -5.242067 1.441154
v -1.538168 -5.432881 -0.551582
v -1.545455 -4.663355 -2.140167
v -1.404113 -4.980337 -2.251446
v 0.911963 -5.501828 -0.449085
v -1.317171 -3.999578 -3.941078
v 1.160548 -4.782786 -1.971764
v 1.047528 -4.987076 -2.118107
v 2.038247 -3.721062 -3.508312
v 1.283952 -3.732955 -3.588478
v 1.157984 -3.977612 -3.830231
v -1.455682 -3.719050 -3.761856
v -1.241085 -3.920967 -4.127632
v 1.261901 -3.509426 -4.295689
v 1.477775 -2.689975 -4.488506
v -1.451358 -3.336782 -4.089478
v -2.242287 -3.495984 -3.911514
v -1.599191 -3.976869 -4.104397
v -1.143905 -4.023569 -4.270004
v -2.449358 -3.267676 -3.430855
v -2.844883 -3.387588 -3.409824
v -2.460295 -2.779586 -4.138302
v -2.422553 -3.872168 -3.874889
v -2.775619 -1.977556 -4.725731
v -1.988914 -4.424431 -4.616966
v -2.652442 -4.040628 -4.042614
v -3.747603 -1.935977 -4.546947
v -3.097786 -1.828444 -5.166935
v -3.680709 -1.138518 -5.301853
v -3.914951 -0.367576 -4.503242
v -3.198292 -1.346469 -5.308723
v -3.916738 1.189200 -4.374367
v -3.887274 1.030607 -5.743237
v -2.388036 -3.667722 -4.993652
v -3.750000 -0.753306 -6.121346
v -3.954599 1.109770 -6.065987
v -3.258926 -1.165258 -5.889824
v -4.169615 -1.483790 -6.246231
v -2.930343 -1.812248 -5.847511
v -3.230058 -2.047752 -5.737732
v -2.580507 -3.618490 -4.992062
v -3.193933 -3.952234 -5.469906
v -2.481460 -4.721397 -5.730370
v -1.729722 -4.451020 -5.432518
v -1.036525 -4.067729 -7.038544
v -1.616956 -4.293489 -5.384266
v -1.130610 -4.805526 -5.081932
v -1.022033 -3.662443 -6.944542
v 1.655589 -4.249851 -4.369064
v -0.966330 -4.393090 -5.847160
v 1.931627 -5.041964 -5.184097
v 1.990700 -3.193599 -4.447346
v 2.138968 -4.215413 -4.163200
v 2.112989 -2.580625 -4.554676
v 2.737675 -4.071622 -3.813019
v 2.696173 -3.191307 -4.289295
v 2.614850 -4.612805 -4.739956
v 2.326970 -2.262007 -4.541328
v 3.038198 -4.256341 -3.949104
v 3.000621 -3.134302 -4.538673
v 3.043230 -3.557410 -4.624992
v 2.528492 -4.471698 -5.148399
v 1.948034 -4.434749 -5.858177
v -0.687921 -3.677688 -7.167931
v 2.124786 -3.604422 -6.965630
v -0.744513 -4.003015 -7.330692
v 1.821289 -3.606919 -7.149574
v 1.978462 -3.785497 -7.372398
v 2.234767 -3.791976 -7.154762
v 2.654518 -4.639567 -5.203220
v 3.379204 -5.070857 -5.817692
v 3.453287 -4.019040 -4.378487
v 4.084429 -1.875006 -5.102234
v 4.205146 -4.373984 -4.913734
v 4.885726 -2.168049 -5.494968
v 5.344974 -0.064214 -5.668304
v 4.290173 -1.128230 -5.296478
v 5.502907 1.667698 -5.357838
v 4.511031 0.258244 -5.428200
v 3.564018 -1.582332 -5.413105
v 3.971863 -0.795056 -5.580715
v 3.526019 -1.575245 -4.861740
v 3.831774 -1.211860 -4.737991
v 3.007299 -1.505450 -4.732563
v 3.932878 -1.265580 -4.303234
v 2.471960 -1.594810 -4.717674
v 3.030508 -1.506135 -4.530167
v 2.483864 -1.455011 -4.582069
v 2.383286 -2.187819 -4.093266
v 2.970339 -1.972970 -4.229855
v 2.357429 -3.355811 -3.070534
v 2.794168 -3.335454 -3.134586
v 2.701788 -4.323189 -1.690876
v 3.707551 -3.168539 -2.977005
v 3.813135 -1.832568 -3.999451
v 4.076346 -1.725239 -3.629402
v 4.016544 -2.980248 -2.751373
v 4.039191 -0.228886 -4.097591
v 3.691040 -4.105113 -1.583511
v 3.932378 -3.858587 -1.497932
v 3.568299 -4.529422 -0.136864
v 3.837729 -4.254293 -0.020092
v 4.194841 0.330992 -5.444546
v 4.031789 1.417867 -3.878685
v 4.624117 1.755564 -5.244453
v 4.124023 1.798983 -5.113579
v 4.198795 3.042279 -4.617027
v 3.988602 2.689172 -3.184872
v 4.602837 3.070845 -4.666676
v 5.453452 3.150549 -4.505173
v 4.072848 3.853791 -4.016586
v 4.413929 4.015029 -3.951385
v 3.986938 3.644327 -3.093834
v 4.001203 3.756455 -2.166435
v 3.797462 4.567288 -3.364704
v 3.773751 4.115912 -2.249813
v 3.877865 4.258185 -0.756935
v 3.817769 4.335588 -2.683514
v 3.684965 4.600832 -0.860168
v 2.969783 4.430363 -2.215195
v 3.544504 4.759787 0.830189
v 3.759112 4.392667 0.791325
v 3.432094 4.393857 2.248123
v 3.641007 4.047818 2.176331
v 2.622540 4.967463 0.786034
v 3.307615 3.465302 3.636219
v 3.553782 3.122658 3.469025
v 2.516219 4.622762 2.180439
v 2.746868 4.820780 -0.989162
v 2.059572 4.428480 2.078609
v 2.150361 4.808046 0.661053
v 2.425162 3.637121 3.674866
v 1.952474 3.488691 3.591766
v 2.319955 2.113910 4.742241
v 3.275200 2.000415 4.633209
v 3.521211 1.863585 4.295193
v 3.159522 0.599809 5.018963
v 3.469829 0.505373 4.647648
v 2.318066 0.704702 5.195526
v 1.851048 0.614982 4.882034
v 1.880023 2.034912 4.501591
v 1.483853 0.674177 5.459599
v 1.516706 2.244654 4.996010
v 1.637567 3.778772 3.980789
v 0.695553 2.333213 4.904007
v 0.634249 0.627333 5.450581
v 0.532118 0.602992 5.722683
v 0.578403 2.509858 5.198185
v -1.902829 0.695628 5.600334
v -1.869699 2.397210 5.145313
v -2.024029 0.660054 5.256241
v 0.826085 3.913076 3.950764
v -2.833029 0.604570 5.163780
v 0.941318 4.977370 2.255177
v -2.864679 0.588005 4.608185
v 0.598207 4.117227 4.134647
v -1.794162 4.033401 3.966431
v 0.753591 5.347883 2.414772
v -1.991863 2.261726 4.827435
v -1.690974 5.274001 2.237919
v -1.927434 3.898814 3.790485
v -2.649557 2.250295 4.785904
v -2.545376 3.883035 3.636097
v -2.838100 2.009202 4.289494
v -2.764101 3.403447 3.336174
v -3.391303 0.695567 4.772411
v -3.292553 2.140080 4.350178
v -4.217413 0.604819 4.549000
v -4.160158 2.114629 4.146236
v -4.481552 0.517026 4.223305
v -4.451152 1.983156 3.830509
v -4.130698 3.454630 3.215332
v -3.259584 3.579667 3.387363
v -3.186878 4.624111 1.853230
v -4.392818 3.226151 2.960831
v -4.309899 4.096065 1.719395
v -4.086593 4.566278 1.749847
v -4.214358 4.487976 0.255829
v -3.964565 4.810047 0.335369
v -2.697141 4.425382 1.743591
v -3.099221 4.996621 0.289803
v -3.829216 4.684286 -1.338425
v -4.117717 4.354620 -1.253376
v -2.568753 4.847786 0.291767
v -3.530395 4.259997 -2.892044
v -4.029672 3.712062 -2.626034
v -2.990036 4.813529 -1.442726
v -2.948624 4.890630 -2.348179
v -2.447488 4.691180 -1.510162
v -3.833905 3.833355 -3.325172
v -3.958282 2.676292 -3.737778
v -3.422591 4.386633 -3.193756
v -3.927506 3.585341 -3.989250
v -3.880458 3.086245 -4.977058
v -3.906067 2.545706 -5.707275
v -4.103237 3.103108 -4.988255
v -4.873338 2.368751 -5.652683
v -3.968143 3.829091 -3.843727
v -4.841315 3.209283 -4.904697
v -4.582481 4.450075 -4.294182
v -4.271514 6.048955 -5.275158
v -4.491331 4.083104 -3.703545
v -4.063400 5.298698 -3.849144
v -4.045459 4.789222 -3.050205
v -3.547787 4.496035 -3.153679
v -3.302651 5.978541 -3.176952
v -2.864892 5.027690 -2.648830
v -3.252490 5.517045 -2.509983
v -2.936326 5.148863 -2.645027
v -2.165596 5.478118 -2.260368
v -2.148353 5.593436 -2.286953
v -2.208441 5.934910 -2.208797
v -2.174835 5.422609 -1.896564
v -2.286982 6.379737 -2.693092
v -2.342537 5.182200 -1.893238
v -1.567427 5.313164 -1.689968
v -2.367474 5.316305 -1.438950
v -1.526133 5.679938 -1.717365
v -1.557486 5.402688 -1.404083
v -2.461966 5.436908 0.409855
v -1.727697 5.516324 0.391041
v -2.509336 5.009127 1.991627
v -1.822283 4.963511 2.094158
v -1.570705 5.806494 0.510345
v -1.510676 5.701967 -1.333138
v 0.850959 5.817706 0.679451
v 0.982959 5.740808 -1.180027
v 1.013130 5.458823 0.654083
v 0.977396 5.704674 -1.596050
v 1.103132 5.384018 -1.193409
v 1.833481 5.398968 0.701756
v 1.930972 5.340034 -1.116314
v 1.144330 5.247761 -1.663666
v 1.741729 4.915760 2.324841
v 2.314452 4.782847 -1.075863
v 2.039559 5.060168 -1.691811
v 2.362900 4.747936 -1.930195
v 2.059328 5.544062 -1.687592
v 2.773193 5.336517 -1.852238
v 1.984643 5.647504 -2.138428
v 3.417379 4.843361 -2.254372
v 2.729774 5.457940 -2.352627
v 3.406081 5.074674 -2.794727
v 4.072972 4.832082 -3.167206
v 3.557506 5.324661 -2.601173
v 2.819485 5.693657 -2.198544
v 5.135193 4.459124 -3.514339
v 2.039031 5.869197 -2.040165
v 3.027074 6.171030 -1.945087
v 3.857523 5.819724 -2.220795
v 4.640767 5.246723 -2.773502
v 4.852402 5.651729 -3.199600
v 5.435089 4.714550 -4.201691
v 4.048126 6.224458 -2.597248
v 5.211272 6.386681 -4.374153
v 3.173748 6.602172 -2.331284
v 3.664259 7.686200 -3.969406
v 2.480327 8.064826 -3.744911
v 2.186473 6.830984 -2.198696
v 3.321740 9.920581 -6.682167
v 2.044817 6.347408 -1.788139
v 0.780541 8.303071 -3.761963
v 0.667372 5.937594 -2.038212
v 0.593955 6.838107 -2.167313
v 0.639231 6.352140 -1.800934
v -0.860373 6.632746 -2.359615
v -0.836717 6.162517 -1.966511
v 0.571744 5.725914 -2.100281
v -0.866553 5.800984 -2.105034
v -0.894862 5.707948 -2.118927
v -0.857848 8.026995 -3.866550
v -2.224612 7.740231 -4.151047
v 0.782102 10.359671 -6.697422
v -3.552276 7.071347 -4.703369
v -0.614746 10.231011 -6.772442
v 1.927133 10.236492 -6.610867
v -3.228383 5.869120 -35.485161
v -3.074364 4.036442 -35.912354
v -2.835479 4.183681 -36.139503
v -2.997730 5.852493 -35.701691
v -2.617327 4.292369 -36.220367
v -3.261272 7.150872 -35.631775
v -3.001719 7.093168 -35.861404
v -2.681757 5.799091 -35.755829
v -2.640455 7.035152 -35.853218
v -2.674306 5.831203 -36.093033
v -2.573197 4.453912 -36.530533
v -2.160260 4.555774 -36.589848
v -2.292489 5.859419 -36.199726
v -2.282195 6.929354 -36.282051
v -2.681680 7.043251 -36.210190
v -2.270434 7.897183 -36.794029
v -2.602719 8.184735 -36.398117
v -2.633548 8.056288 -36.625748
v -2.146680 8.466438 -37.323086
v -2.902240 8.323374 -36.418045
v -2.409605 8.852810 -37.044678
v -2.399987 8.741772 -37.250526
v -2.027651 8.849129 -37.862118
v -3.162503 8.525749 -36.215534
v -2.234517 9.179064 -37.770287
v -1.863574 9.299901 -38.481461
v -2.255410 9.354331 -37.649406
v -2.732580 9.060684 -37.022621
v -2.064646 9.583738 -38.301666
v -2.905258 9.290042 -36.860531
v -1.974553 9.665152 -38.389553
v -1.300124 9.550142 -38.661804
v -1.883269 9.691910 -37.810764
v -1.315407 9.908326 -38.509018
v 0.735695 9.544367 -38.809097
v 0.792150 9.888981 -38.637703
v 1.111800 9.450403 -38.784016
v -1.140248 9.832026 -37.890198
v 1.262627 9.792126 -38.616112
v 1.697049 9.574388 -38.499516
v 1.448107 9.198884 -38.597660
v 1.265538 9.767885 -38.015236
v 0.786634 9.807444 -37.972725
v 1.772287 9.463336 -38.377899
v 1.620418 9.584757 -37.856544
v 2.078293 8.632099 -37.573204
v 1.640796 8.460893 -37.560345
v 1.797428 9.776587 -37.981819
v 2.380055 7.784017 -36.999340
v 1.914532 7.654623 -37.103565
v 2.217933 8.704765 -37.062786
v 2.396647 9.244141 -37.668415
v 1.356240 10.134581 -38.071270
v 2.060494 9.980390 -38.002831
v 0.733888 10.184610 -38.019196
v 1.439553 10.508657 -37.878777
v -1.142797 10.173280 -37.895287
v 0.674773 10.585162 -37.830406
v -2.217811 9.914590 -37.791473
v -1.253619 10.517371 -37.720116
v -2.457924 9.731575 -37.688263
v -2.352400 10.193933 -37.611637
v -2.609885 9.954040 -37.448380
v -2.243874 10.236974 -36.681229
v -2.762526 9.614690 -36.287460
v -2.464773 10.073854 -36.583321
v -1.161103 10.538393 -36.787952
v 1.524561 10.575391 -37.070747
v 2.262302 10.305433 -37.864632
v 2.366643 10.501379 -37.158070
v 2.848640 9.806887 -37.620457
v 2.616698 9.517119 -37.729168
v 2.946165 9.956802 -36.913425
v 3.321117 8.582480 -36.728775
v 3.101678 8.398176 -36.897224
v 2.806920 8.323712 -36.944885
v 2.442750 8.085588 -36.655975
v 3.099102 7.298422 -36.512619
v 2.675265 7.124743 -36.306465
v 2.570287 7.017445 -36.752480
v 2.084828 6.927218 -36.832943
v 2.773070 5.885784 -36.285202
v 2.618953 5.901064 -36.730782
v 2.150243 5.893546 -36.786690
v 2.094043 5.049322 -37.094589
v 2.562234 5.003781 -37.032433
v 1.953186 3.993093 -37.823669
v 2.629181 4.852058 -36.627064
v 2.381824 3.919534 -37.713005
v 1.767341 3.122908 -38.850014
v 2.380963 3.794198 -37.319023
v 2.057791 2.868462 -38.790421
v 1.926054 2.638744 -39.156734
v 1.442398 2.801257 -39.242809
v 1.963771 2.670870 -38.574291
v 1.565692 2.364174 -39.416088
v 1.098160 2.640337 -39.296814
v 1.604577 2.370445 -38.820156
v 1.010244 2.141218 -39.437157
v -1.108426 2.586417 -39.194183
v 1.076975 2.265293 -38.800949
v -1.230210 2.243168 -39.351677
v -1.461388 2.701048 -39.156330
v 1.643971 2.536943 -37.670044
v -1.583185 2.315814 -39.293114
v 1.945683 2.882718 -37.423584
v -1.900924 2.486255 -39.044609
v -1.744240 2.869703 -38.935226
v 2.332942 3.698328 -36.787342
v -2.010466 2.576355 -38.735134
v -1.843326 2.951320 -38.746212
v 2.646118 4.843597 -36.357956
v -2.347476 3.334037 -37.482418
v -1.995476 3.571062 -37.509613
v -1.807020 2.411567 -38.471622
v -2.252256 3.224473 -36.913269
v -1.088729 2.394051 -38.319172
v -2.015782 2.483444 -37.670246
v -2.606405 3.048286 -36.789009
v 1.166707 2.490105 -37.344780
v -0.919079 2.574317 -36.989830
v 1.576309 1.219309 -39.335182
v -0.797251 1.328809 -39.171921
v -1.463802 1.486081 -39.043274
v -1.219898 1.344615 -39.143425
v -1.005044 0.874631 -39.108971
v -1.563270 1.035035 -39.076622
v -1.786434 1.179275 -38.946404
v -2.415669 2.300441 -37.443970
v -1.759695 0.717243 -38.861160
v -2.046497 0.929130 -38.677364
v -2.657521 2.089089 -37.189518
v -1.220151 0.577703 -38.896854
v -1.645760 0.791374 -37.779781
v -2.032665 1.075439 -37.609367
v -2.881363 2.889012 -36.465431
v -2.497784 1.831198 -36.656830
v -2.791486 2.750241 -35.823326
v -1.132296 0.639705 -37.817886
v 1.728305 0.395154 -38.988262
v 1.778893 0.537255 -37.900848
v 1.684175 0.718534 -39.244133
v 2.169043 0.597089 -38.897896
v 2.104222 0.889504 -39.202217
v 1.954041 1.414695 -39.250175
v 2.419615 0.804835 -38.872421
v 2.275096 1.034058 -39.091854
v 2.589521 2.546891 -37.999081
v 2.956617 2.363838 -37.851891
v 2.912168 3.633416 -37.194996
v 3.299227 3.498378 -37.182808
v 3.167786 2.187263 -37.605057
v 2.449913 0.831736 -37.992931
v 3.545368 3.407404 -36.937832
v 2.242562 0.717230 -37.926582
v 3.163727 2.054685 -36.996521
v 3.639895 3.307299 -36.267372
v 3.766811 4.610561 -36.475250
v 3.916566 4.515200 -35.805222
v 3.986954 5.688963 -35.548233
v 3.852708 5.742796 -36.175667
v 3.801180 7.276130 -35.601646
v 3.638238 5.700557 -36.402794
v 3.494255 4.692205 -36.690502
v 3.147493 4.762898 -36.639839
v 3.157726 5.697415 -36.408211
v 3.422687 7.333302 -36.502457
v 3.686193 7.331744 -36.327621
v 3.405915 8.614451 -36.068398
v -1.436570 8.975449 -37.529209
v 1.176645 9.075492 -37.670303
v -0.952358 8.611426 -34.833107
v 1.139438 8.506607 -34.994312
v 1.809495 7.900850 -35.010323
v -1.554759 7.917441 -34.616184
v 2.042398 7.195765 -35.016869
v -1.936114 7.034980 -34.591625
v 2.225458 5.852803 -35.052788
v -2.019884 5.758636 -34.687504
v 2.055429 4.931912 -35.096237
v -1.883382 4.549438 -34.838802
v 0.135415 6.180972 -34.788288
v -1.333110 3.576700 -34.924477
v 1.544783 3.714366 -35.126415
v 1.139161 3.481376 -34.992996
v -1.189462 2.782991 -38.767139
v 1.167316 2.753869 -38.916687
v 1.443319 2.921216 -38.877316
v 4.433461 2.523623 -3.048210
v 4.460320 1.195358 -3.673492
v 4.313364 3.567621 -2.112057
v 4.419711 -0.257453 -3.846424
v 4.272244 4.198912 -0.721889
v 4.424811 -1.633142 -3.451214
v 4.824145 1.067656 -3.125435
v 4.866180 -0.253524 -3.153164
v 4.331915 -2.903758 -2.617256
v 4.842775 -1.424884 -2.826763
v 4.262082 -3.756573 -1.376976
v 4.788380 -2.459105 -2.109577
v 4.802805 -1.068586 -2.161163
v 4.170081 -4.128602 -0.015778
v 4.764157 -1.879633 -1.593739
v 4.730682 -3.153145 -1.068108
v 4.711047 -2.447250 -0.783646
v 4.105126 -3.976366 1.497387
v 4.644864 -3.486577 0.135910
v 4.000754 -3.335008 2.883392
v 4.554584 -3.397680 1.368130
v 4.649881 -2.702976 0.171410
v 4.588034 -2.615965 1.156227
v 4.489429 -2.850816 2.511402
v 3.948604 -2.318338 3.877251
v 3.873627 -0.967137 4.531155
v 4.435557 -1.950891 3.402878
v 4.532968 -2.196711 2.052029
v 3.863938 0.492024 4.656380
v 4.410443 -0.817725 3.918304
v 4.491323 -1.495785 2.750767
v 4.944888 -2.028693 1.958981
v 4.995959 -2.417529 1.128170
v 4.468123 -0.597727 3.168159
v 5.053320 -2.498229 0.214802
v 4.382658 0.441255 4.064373
v 5.110048 -2.261056 -0.670963
v 4.428726 1.694522 3.685848
v 5.159305 -1.734619 -1.422283
v 3.906510 1.970898 4.244129
v 3.986112 3.138897 3.393139
v 4.466554 2.690671 3.000126
v 4.084878 3.959046 2.187057
v 4.544211 3.401340 1.959557
v 4.188289 4.326928 0.747318
v 4.648929 3.676577 0.709450
v 4.711744 3.594400 -0.521915
v 4.524335 2.156844 2.430122
v 4.577444 2.724463 1.620026
v 4.485688 1.345797 2.997551
v 4.936881 2.009007 2.309643
v 4.466165 0.389144 3.253864
v 4.901039 1.256801 2.835899
v 4.884748 -0.545717 2.994133
v 4.882935 0.369555 3.073620
v 4.906265 -1.378620 2.607021
v 5.013245 -1.139890 2.271225
v 5.046337 -1.687456 1.725410
v 5.082520 -2.014953 1.025177
v 5.305673 -1.625623 1.697701
v 4.988805 -0.438304 2.596897
v 5.272709 -1.096881 2.224686
v 5.327865 -1.941813 1.020741
v 5.130256 -2.082924 0.255798
v 5.824020 -0.919971 1.149399
v 5.178040 -1.883152 -0.490292
v 5.372835 -2.007444 0.277744
v 5.220068 -1.439730 -1.123100
v 5.418977 -1.814540 -0.442688
v 5.460608 -1.386369 -1.053673
v 5.256575 -0.806162 -1.565975
v 5.195148 -0.982415 -1.948544
v 5.507671 -0.774627 -1.480576
v 4.822327 -0.111933 -2.417480
v 5.272382 -0.058826 -1.766178
v 5.213254 -0.095168 -2.186268
v 4.820369 0.874940 -2.331776
v 5.211437 0.820105 -2.106777
v 5.264019 0.712144 -1.699654
v 5.189920 1.653008 -1.719666
v 4.822489 2.209851 -2.531445
v 4.797169 1.772998 -1.914383
v 4.778697 3.074129 -1.640724
v 4.755524 2.473925 -1.215645
v 4.700457 2.893178 -0.319847
v 5.151298 2.303083 -1.071621
v 4.638610 2.980188 0.664978
v 5.100226 2.691917 -0.240810
v 5.245318 1.413710 -1.373623
v 5.212785 1.961275 -0.827770
v 5.483941 1.368959 -1.295647
v 5.042867 2.772615 0.672558
v 5.170304 2.288794 -0.127937
v 4.986137 2.535444 1.558319
v 5.128306 2.356744 0.641804
v 5.081080 2.156969 1.387928
v 5.032757 1.713570 2.020344
v 5.339223 2.086612 1.371822
v 5.001988 1.079980 2.463577
v 5.279813 1.658504 1.981689
v 4.986738 0.332642 2.663815
v 5.248980 1.046704 2.409615
v 5.237295 -0.419378 2.538414
v 5.234253 0.325063 2.602966
v 5.800559 -0.519707 1.544960
v 5.795658 -0.178218 1.656513
v 5.802680 0.644027 1.584595
v 5.836093 -0.411966 1.370255
v 5.794436 0.240103 1.692822
v 5.819480 0.987920 1.344025
v 5.830690 0.222062 1.491028
v 5.835924 1.229104 1.079891
v 5.831403 -0.137778 1.459774
v 5.837533 0.557408 1.401176
v 5.855595 -0.743203 1.042919
v 5.851666 0.854006 1.193672
v 5.865664 1.046838 0.982540
v 5.846197 -1.028576 0.808926
v 5.894472 1.165200 0.532639
v 5.872005 -1.065468 0.391327
v 5.870837 1.372132 0.536240
v 5.897831 -0.957495 -0.011921
v 5.383813 2.279521 0.651291
v 5.920736 -0.716890 -0.355286
v 5.412555 2.213949 -0.092728
v 5.935840 -0.449459 -0.594730
v 5.452527 1.897696 -0.768562
v 5.893661 1.298066 0.185421
v 5.916611 1.120351 -0.194324
v 5.934193 0.824402 -0.489349
v 5.912043 1.105734 0.250916
v 5.932120 0.952863 -0.075722
v 5.946719 0.707159 -0.320656
v 5.935895 -0.565241 -0.219666
v 5.958085 0.099080 -0.534435
v 5.944445 0.443614 -0.666302
v 5.955204 0.378741 -0.473297
v 5.503123 0.691512 -1.610397
v 5.946984 0.093836 -0.742836
v 5.523947 -0.052993 -1.673828
v 5.948777 -0.350520 -0.411877
v 5.916532 -0.772210 0.075714
v 5.895090 -0.861852 0.410500
v 5.872472 -0.830032 0.770649
v -4.791226 3.218169 2.925812
v -4.679136 4.052495 1.598251
v -4.851339 1.978951 3.792732
v -4.627232 4.406547 0.163986
v -4.881648 0.517266 4.184334
v -4.530244 4.284776 -1.231659
v -4.878466 -0.970157 3.959831
v -5.324083 0.456216 3.442776
v -4.843044 -2.288210 3.348755
v -5.321449 -0.804502 3.333290
v -4.779474 -3.367695 2.268131
v -5.291155 -1.951738 2.800133
v -4.700199 -3.988331 0.920944
v -5.236859 -2.847156 1.907589
v -5.174556 -1.498502 2.157681
v -4.616386 -4.107538 -0.535175
v -5.132051 -2.199431 1.459000
v -5.198269 -0.600441 2.575039
v -5.567068 -1.378514 1.962482
v -5.075884 -2.618689 0.563267
v -5.165105 -3.382743 0.763317
v -5.527648 -2.028589 1.314491
v -5.012826 -2.705704 -0.421471
v -5.084553 -3.493903 -0.494663
v -4.531731 -3.707894 -1.969128
v -5.004915 -3.167231 -1.714615
v -4.441542 -2.852940 -3.191898
v -4.950485 -2.449983 -1.376453
v -4.410028 -1.675722 -3.981495
v -4.972266 -2.362219 -2.736069
v -4.896380 -1.882369 -2.186481
v -4.370804 -0.227073 -4.386608
v -4.923112 -1.420077 -3.405159
v -4.350210 1.217894 -4.232727
v -4.893855 -0.197677 -3.728832
v -4.900979 1.074410 -3.645950
v -4.857038 -1.071324 -2.753864
v -4.863883 0.888322 -2.970295
v -5.309075 -1.734530 -2.066513
v -4.889602 -0.122794 -3.058689
v -5.272587 -0.982328 -2.592728
v -5.359256 -2.260963 -1.315247
v -5.405267 -1.439092 -1.777328
v -5.417074 -2.498132 -0.429554
v -5.446996 -1.882514 -1.144501
v -5.475555 -2.417429 0.483742
v -5.495697 -2.082284 -0.398472
v -5.545535 -2.014305 0.370777
v -5.596248 -1.686757 1.070084
v -5.628892 -1.139192 1.615929
v -5.849532 -1.623131 1.009705
v -5.880046 -1.094398 1.536850
v -5.641104 -0.437649 1.942375
v -5.589063 -0.545608 2.349560
v -5.880023 -0.417018 1.852833
v -5.200332 0.386430 2.660740
v -5.642177 0.333294 2.009361
v -5.590975 0.369664 2.429043
v -5.572577 1.256910 2.191341
v -5.180496 1.343082 2.404446
v -5.298744 1.678300 3.115364
v -5.536089 2.009113 1.665123
v -5.248485 2.714387 2.390549
v -5.141152 2.154127 1.837063
v -5.179367 3.439499 1.355759
v -5.087048 2.721742 1.027035
v -5.130711 3.683360 0.072441
v -5.067270 2.989025 0.063412
v -5.485909 2.535546 0.913860
v -5.047215 3.625898 -1.095692
v -4.961650 2.890448 -0.912689
v -4.454463 3.666803 -2.575470
v -4.970865 3.066246 -2.234673
v -4.417804 2.585788 -3.620701
v -4.909365 2.191746 -3.165825
v -4.862977 1.770261 -2.507103
v -4.905482 2.471191 -1.808422
v -5.317516 2.303174 -1.715878
v -5.278096 1.653097 -2.363869
v -5.256103 0.820192 -2.750946
v -5.369610 2.692012 -0.885132
v -5.254189 -0.095082 -2.830433
v -5.428091 2.772715 0.028168
v -5.380849 -0.805480 -2.220978
v -5.561091 2.157667 0.732632
v -5.652297 -1.384026 -1.738972
v -5.596523 1.714222 1.365864
v -5.511831 2.357435 -0.013367
v -5.626680 1.080631 1.809139
v -5.837051 1.660862 1.296139
v -5.865048 1.049052 1.724243
v -5.880012 0.327412 1.917580
v -6.320712 0.245953 0.943649
v -6.312337 0.649875 0.835434
v -5.815584 2.089103 0.683853
v -6.296070 0.993770 0.594830
v -6.277171 1.234946 0.330853
v -5.767008 2.281998 -0.036423
v -5.701531 2.216298 -0.778099
v -6.241796 1.377973 -0.212769
v -6.295583 1.052848 0.230431
v -5.456255 2.289437 -0.782238
v -5.411839 1.961911 -1.481953
v -5.657594 1.900030 -1.453682
v -5.378634 1.414344 -2.027760
v -6.220421 1.303911 -0.563683
v -5.360688 0.712781 -2.353844
v -5.625532 1.371291 -1.980728
v -5.365910 -0.058142 -2.421230
v -5.609325 0.693855 -2.295666
v -6.196219 1.126193 -0.943340
v -5.640528 -0.772160 -2.168125
v -5.627115 -0.050516 -2.361557
v -6.175402 -0.443624 -1.343651
v -6.163872 0.099670 -1.491734
v -6.178273 0.830242 -1.238346
v -6.168633 0.449455 -1.415337
v -6.227826 0.958869 -0.827744
v -6.212927 0.713164 -1.072662
v -6.248306 1.111741 -0.501133
v -6.204254 0.384746 -1.225285
v -6.266224 1.171209 -0.219429
v -6.201300 0.105084 -1.286423
v -6.210757 -0.344515 -1.163872
v -6.223874 -0.559236 -0.971680
v -6.192679 -0.711047 -1.104343
v -6.243603 -0.766204 -0.676323
v -6.215220 -0.951653 -0.760956
v -5.691543 -1.812205 -1.127834
v -6.265456 -0.855845 -0.341560
v -6.241542 -1.059625 -0.357738
v -5.738568 -2.005105 -0.407459
v -5.787818 -1.939460 0.335262
v -6.268695 -1.022727 0.059776
v -6.288515 -0.824023 0.018559
v -6.289160 -0.914129 0.400356
v -6.305729 -0.737193 0.290810
v -6.313312 -0.513862 0.795876
v -6.320229 -0.172366 0.907299
v -6.325631 -0.405954 0.618122
v -6.330431 -0.131765 0.707634
v -6.331183 0.228075 0.738880
v -6.324230 0.563420 0.649040
v -6.309842 0.860017 0.441547
v -4.717004 1.083358 -6.144127
v -3.870615 -1.270769 -7.674416
v -4.939116 1.424971 -7.434307
v -2.506492 -3.577993 -7.627743
v -1.746907 -4.447657 -7.589802
v -1.390054 -4.439348 -7.791801
v 2.451119 -4.334976 -7.823780
v 2.541922 -4.093565 -8.490597
v 2.741439 -4.354700 -7.650135
v 3.667379 -4.632257 -6.021534
v 2.996570 -4.006437 -8.149910
v 4.179648 -4.146646 -5.548138
v 3.802113 -2.977725 -7.867577
v 2.928667 -3.379940 -10.353676
v 5.114655 -0.650635 -7.128231
v 3.860039 -2.134223 -10.125217
v 2.612414 -3.547308 -10.477222
v 2.926663 -2.847596 -12.219193
v 5.121881 0.149489 -9.482670
v 2.653193 -3.019224 -12.361816
v 5.238676 0.573640 -11.440876
v 3.788429 -1.764671 -12.086090
v 2.910486 -2.172088 -14.622765
v 5.384393 1.125613 -13.870232
v 3.751577 -1.244996 -14.529491
v 7.110235 3.218897 -10.993370
v 7.379183 3.713514 -13.407269
v 6.586691 2.738011 -8.668365
v 7.512514 4.598155 -10.849815
v 7.002989 3.974273 -8.287678
v 5.779089 1.951215 -6.301460
v 5.935908 3.757819 -5.456509
v -5.118459 2.506391 -6.843197
v -5.777512 3.067457 -9.533291
v -5.384289 1.887841 -9.901669
v -5.139167 3.391642 -6.273357
v -5.790144 3.881378 -9.100048
v -6.127256 3.414660 -11.650795
v -5.843191 2.322630 -11.881081
v -6.023742 2.722337 -14.078285
v -6.263313 4.290572 -11.501579
v -6.368573 3.815488 -14.191223
v -5.803360 3.186708 -16.382023
v -5.438783 5.497216 -8.652767
v -6.207858 4.252260 -16.098286
v -4.999704 3.635288 -19.320904
v -6.476541 4.768532 -14.034588
v -5.877170 6.279417 -11.168751
v -4.777331 4.880773 -5.772682
v -4.853450 7.337843 -8.279442
v -6.013971 6.897390 -13.698578
v -5.244286 8.196805 -10.811165
v 5.772816 5.014135 -4.976917
v 6.806494 5.807706 -7.601139
v 7.175451 4.642878 -8.042400
v 7.781082 5.339995 -10.654163
v 6.180017 7.737439 -7.251095
v 7.598362 6.566781 -10.460060
v 8.058641 5.852602 -13.104424
v 6.768350 8.611166 -9.870689
v 4.765800 9.269743 -6.887936
v 7.841639 7.085023 -12.904575
v -2.332708 9.892100 -7.184727
v -3.827524 8.997560 -7.734432
v -4.024347 9.987631 -10.256401
v -2.467766 10.904552 -9.838680
v -0.772883 11.354239 -9.615837
v 0.828668 11.526235 -9.467892
v 2.255468 11.446724 -9.433689
v 0.826750 12.288221 -12.768658
v 3.678416 11.063725 -9.373425
v 2.343716 12.248393 -12.697811
v 3.933539 11.827373 -12.570503
v 5.376042 10.183044 -9.563129
v 7.025038 9.262127 -12.754921
v 5.613132 10.921532 -12.696381
v 3.919182 12.154641 -15.042721
v 6.982059 9.573582 -15.157539
v 5.496835 11.308840 -15.050533
v 7.781630 7.490936 -15.303276
v 8.025743 6.302072 -15.413212
v 7.590765 7.687999 -17.673981
v 5.220819 11.448228 -17.590076
v 6.732734 9.554690 -17.954163
v 3.586557 12.339428 -16.568836
v 2.362618 12.565185 -15.077499
v 3.162328 12.494491 -17.992592
v 0.822771 12.686327 -14.957638
v 1.997650 12.749323 -17.035606
v 0.801686 12.809197 -16.834129
v 1.502526 12.798162 -18.439423
v -0.621174 12.105754 -12.837177
v -0.656545 12.411137 -14.997303
v -2.523360 11.604008 -12.964283
v -0.454483 12.532595 -17.179459
v -4.000454 10.687172 -13.106789
v -2.387767 11.858783 -15.161926
v -5.285604 8.937547 -13.412655
v -3.693551 11.027099 -15.433716
v -1.812903 12.092952 -17.753372
v 0.648424 12.778984 -18.262375
v -0.156639 12.573809 -18.466854
v -3.011056 11.131147 -18.286667
v 0.712041 12.611058 -18.656055
v -1.282239 12.046231 -19.152687
v -0.080797 12.507386 -18.785725
v 1.365004 12.598079 -18.838078
v -1.058540 12.015169 -19.404480
v 0.669157 12.194662 -19.213753
v -0.550291 11.824916 -19.713028
v -2.278243 11.219666 -20.535610
v -2.110053 10.994473 -20.982542
v -4.088809 9.757021 -18.902458
v -3.148863 10.122477 -21.827971
v -5.018043 9.259008 -15.846046
v -4.953566 7.726783 -19.282635
v -5.783478 7.256845 -15.962341
v -6.287338 5.183088 -15.966438
v -5.497028 5.785076 -18.966805
v -5.437590 5.303864 -18.989677
v -5.391163 4.817570 -19.162586
v -3.868298 4.207723 -23.137691
v -4.353909 6.938910 -22.268757
v -4.142586 5.493383 -23.179354
v -3.260239 4.336405 -26.642265
v -4.197666 6.579623 -22.568773
v -4.054437 6.215249 -23.018818
v -3.558535 5.704196 -26.596399
v -2.784135 4.251944 -30.942587
v -3.680001 7.210235 -23.494789
v -3.890726 7.405998 -22.999218
v -4.114462 7.596679 -22.653667
v -3.709701 8.889884 -22.559278
v -3.452986 8.774599 -22.894558
v -2.805034 10.067866 -22.296539
v -3.209286 8.654232 -23.379860
v -2.474217 10.008174 -22.915138
v -1.954878 10.764197 -21.579494
v -2.140379 9.668351 -26.518095
v -0.624402 11.154000 -22.811789
v -1.886345 10.652522 -22.937775
v -1.518525 10.106335 -26.595623
v -2.545750 8.615266 -26.455738
v -1.615932 9.796010 -31.129461
v -3.131465 7.099520 -26.432402
v -2.085728 9.471177 -31.205687
v -3.157621 5.985471 -30.981470
v -2.876197 7.300065 -31.077959
v -3.087345 5.958545 -33.667076
v -2.848645 4.028276 -33.830288
v -2.384967 8.765799 -31.317339
v -2.952552 7.452400 -33.779938
v -2.674305 8.771875 -34.348747
v -3.240988 7.206909 -34.979824
v -3.217404 5.881310 -34.769981
v -3.046336 3.890054 -35.211296
v -3.107181 8.685167 -35.513073
v -1.856676 9.904140 -34.680561
v -2.318931 9.575682 -34.609722
v -0.958763 10.187301 -34.774822
v -0.616265 10.135557 -31.222073
v -0.572810 10.517437 -26.641590
v 1.684489 10.600116 -26.656488
v 1.599401 10.157310 -31.390038
v 0.725430 10.615538 -36.976696
v 1.578343 10.202525 -35.018341
v 2.465302 9.887959 -31.482473
v 2.314978 10.063585 -35.061340
v -1.979264 2.189834 -34.893314
v -1.369819 1.244258 -35.501137
v -1.660635 2.443253 -31.140676
v -0.761473 1.349145 -31.292910
v -1.664855 2.254049 -26.667349
v -1.879502 2.004653 -23.334118
v -0.768814 0.877980 -35.548649
v 2.463022 1.276586 -35.601601
v 1.869400 0.797191 -35.676254
v 2.327506 1.136460 -35.603687
v 1.999865 0.954369 -31.551470
v -0.341471 0.965977 -31.334827
v 2.360425 1.268223 -31.521322
v 2.157818 0.397757 -26.860832
v -0.027516 0.467654 -26.702986
v 2.679095 1.579107 -31.550047
v 2.412979 0.516034 -26.786890
v 3.322889 2.880586 -35.168427
v 3.271252 1.226382 -26.954767
v 3.477170 2.995510 -31.662115
v 4.149804 3.018623 -27.090338
v 3.983379 4.659286 -34.624294
v 4.335489 4.977361 -31.531843
v 4.746989 2.799709 -23.569290
v 4.025691 5.708981 -34.595581
v 3.564675 0.680074 -23.662567
v 5.025275 5.073421 -27.228512
v 4.388186 5.831797 -31.465824
v 3.725838 7.211389 -34.601196
v 3.969157 7.125834 -31.374197
v 5.133504 5.869310 -27.214302
v 3.305605 8.468823 -34.780342
v 2.895211 9.605898 -35.035477
v 3.422993 8.245569 -31.421947
v 2.934776 9.548755 -31.531771
v 3.273539 9.871234 -26.767181
v 4.036712 8.261049 -26.842728
v 4.682275 7.063239 -26.983126
v 5.051242 8.339754 -23.414692
v 2.804482 10.118908 -26.674475
v 4.126626 9.838477 -23.237240
v 1.916873 11.335367 -22.880669
v 3.302737 10.769028 -23.083055
v 1.928399 12.043761 -19.946945
v 2.769629 11.496922 -21.315741
v 2.393706 12.219996 -19.729168
v 2.718731 12.545234 -19.496628
v 3.143223 11.727474 -21.116652
v 3.760707 10.869966 -22.339897
v 3.560539 11.888058 -20.985842
v 4.228069 11.831959 -19.688755
v 4.754124 11.102478 -20.456608
v 4.193016 10.916334 -22.024973
v 4.523396 10.006174 -22.831907
v 5.614815 9.873503 -20.854753
v 4.910881 9.866017 -22.466764
v 5.398349 8.395837 -23.057350
v 6.257335 8.915454 -20.748606
v 5.687122 8.600301 -22.553364
v 7.018486 7.598059 -19.982384
v 6.192855 7.582873 -22.046581
v 7.140135 6.910394 -19.688717
v 5.887811 7.350383 -22.478487
v 6.916212 6.255067 -19.522942
v 5.676155 6.919528 -23.319914
v 6.007921 5.972218 -23.272074
v 7.825176 5.534997 -15.475636
v 6.939602 5.873086 -19.486996
v 5.987370 5.164665 -23.309891
v 6.823915 4.809177 -19.656719
v 5.247151 2.343420 -19.998100
v 7.381409 4.176773 -15.688976
v 5.529686 1.688129 -16.228840
v 3.703973 -0.045551 -20.161072
v 7.775875 5.118419 -13.264328
v 3.765512 -0.742794 -16.647083
v 2.883783 -1.574955 -16.780537
v 2.558681 -0.066671 -23.603561
v 2.781142 -0.761912 -20.111809
v 2.664681 -2.349014 -14.766396
v 2.640544 -1.794206 -16.767624
v 2.520815 -0.895866 -20.215309
v 2.329576 -0.171894 -23.722034
v 0.193661 -0.774549 -20.146679
v 0.104476 -0.021757 -23.646317
v -0.416859 0.537122 -23.590639
v -0.536487 0.972972 -26.637888
v -0.434842 -0.211165 -20.091225
v 0.170335 -1.691448 -16.593250
v -2.565545 1.538935 -19.645702
v -0.477401 -1.162784 -16.520981
v -0.066507 -2.238064 -14.605598
v -3.022030 0.837730 -16.408325
v -0.737684 -1.628202 -14.518608
v -0.496501 -2.907410 -12.253975
v -3.336867 0.380374 -14.303112
v -1.154443 -2.287296 -12.161053
v -0.889535 -3.373283 -10.672344
v -3.426059 -0.177690 -11.994007
v -3.466982 -0.608425 -10.184555
v -1.511802 -2.808005 -10.577385
v -2.237916 -3.455566 -8.270863
v -1.578141 -4.043221 -8.549797
vt 0.491719 0.006650
vt 0.489532 0.018803
vt 0.489135 0.006938
vt 0.491557 0.019103
vt 0.490608 0.029685
vt 0.497144 0.007338
vt 0.491869 0.029012
vt 0.496458 0.019516
vt 0.499513 0.018948
vt 0.499916 0.007612
vt 0.503548 0.007628
vt 0.496371 0.029142
vt 0.492097 0.041214
vt 0.490488 0.041246
vt 0.497078 0.040998
vt 0.499135 0.029157
vt 0.503272 0.019241
vt 0.508421 0.017712
vt 0.508206 0.006599
vt 0.510227 0.006189
vt 0.502811 0.028983
vt 0.510130 0.018234
vt 0.507549 0.028345
vt 0.499758 0.041701
vt 0.502433 0.041238
vt 0.496837 0.054325
vt 0.499942 0.054271
vt 0.507366 0.041095
vt 0.503222 0.054046
vt 0.499028 0.065087
vt 0.509482 0.028412
vt 0.507969 0.053337
vt 0.509369 0.040864
vt 0.523894 0.027288
vt 0.503382 0.065008
vt 0.524182 0.016895
vt 0.524655 0.004027
vt 0.526007 0.016649
vt 0.526342 0.004075
vt 0.525788 0.026714
vt 0.530954 0.016709
vt 0.531710 0.004487
vt 0.534319 0.005923
vt 0.525619 0.037601
vt 0.534386 0.016573
vt 0.536927 0.005232
vt 0.530534 0.026309
vt 0.534060 0.025801
vt 0.537732 0.016570
vt 0.542924 0.016114
vt 0.542217 0.005201
vt 0.537709 0.025592
vt 0.545167 0.005367
vt 0.545544 0.015537
vt 0.542862 0.025252
vt 0.545726 0.025556
vt 0.537118 0.035525
vt 0.542850 0.034910
vt 0.545288 0.034948
vt 0.541705 0.043515
vt 0.544617 0.043026
vt 0.545284 0.048889
vt 0.534131 0.036271
vt 0.536761 0.044884
vt 0.542604 0.050439
vt 0.548513 0.051846
vt 0.530288 0.037124
vt 0.546853 0.054677
vt 0.556302 0.051181
vt 0.537933 0.053018
vt 0.534160 0.045329
vt 0.535968 0.053929
vt 0.530904 0.046734
vt 0.533153 0.055269
vt 0.526625 0.048604
vt 0.537589 0.062751
vt 0.523706 0.038381
vt 0.524513 0.049333
vt 0.528574 0.057823
vt 0.526384 0.058772
vt 0.510011 0.053375
vt 0.531292 0.068508
vt 0.508931 0.064308
vt 0.510782 0.064274
vt 0.505275 0.077859
vt 0.511273 0.076996
vt 0.513981 0.076624
vt 0.533318 0.066627
vt 0.531614 0.069756
vt 0.514448 0.081284
vt 0.509101 0.085396
vt 0.534682 0.067387
vt 0.540128 0.063920
vt 0.534925 0.069208
vt 0.531476 0.071056
vt 0.541354 0.060609
vt 0.542836 0.058425
vt 0.546359 0.061395
vt 0.540156 0.065983
vt 0.553173 0.060174
vt 0.539370 0.071556
vt 0.541106 0.067162
vt 0.555733 0.054834
vt 0.556475 0.060691
vt 0.562382 0.056897
vt 0.565045 0.049693
vt 0.559662 0.059104
vt 0.573698 0.044303
vt 0.575987 0.051933
vt 0.546105 0.069476
vt 0.567333 0.060049
vt 0.577416 0.053006
vt 0.580339 0.056020
vt 0.562853 0.060689
vt 0.566670 0.065473
vt 0.558997 0.062925
vt 0.559072 0.064812
vt 0.547689 0.069228
vt 0.551592 0.072061
vt 0.572410 0.071892
vt 0.586498 0.060347
vt 0.559017 0.081608
vt 0.547807 0.075888
vt 0.552851 0.085092
vt 0.542950 0.076054
vt 0.546762 0.085578
vt 0.541601 0.075981
vt 0.552337 0.087261
vt 0.536206 0.076306
vt 0.544633 0.085550
vt 0.517631 0.085135
vt 0.539261 0.080297
vt 0.522743 0.089516
vt 0.510218 0.087390
vt 0.516214 0.088227
vt 0.505818 0.089341
vt 0.514012 0.091406
vt 0.509311 0.092883
vt 0.519210 0.092761
vt 0.503705 0.092035
vt 0.514683 0.093222
vt 0.508821 0.096190
vt 0.511384 0.096848
vt 0.521575 0.093934
vt 0.527050 0.092805
vt 0.544225 0.087321
vt 0.533472 0.098132
vt 0.546377 0.087998
vt 0.535017 0.097474
vt 0.535580 0.099290
vt 0.536666 0.104413
vt 0.533823 0.099664
vt 0.539591 0.107483
vt 0.521520 0.095114
vt 0.534330 0.104975
vt 0.523051 0.100895
vt 0.513789 0.097990
vt 0.523056 0.103833
vt 0.504854 0.109740
vt 0.535699 0.108790
vt 0.516750 0.102400
vt 0.518608 0.105629
vt 0.509977 0.113890
vt 0.529661 0.115228
vt 0.548145 0.115928
vt 0.515860 0.127839
vt 0.542017 0.123557
vt 0.550161 0.114470
vt 0.558982 0.121986
vt 0.531062 0.136083
vt 0.560907 0.120729
vt 0.543670 0.141533
vt 0.554398 0.128744
vt 0.573255 0.129834
vt 0.558840 0.148942
vt 0.569466 0.135927
vt 0.535366 0.157777
vt 0.550107 0.164340
vt 0.520274 0.151612
vt 0.532981 0.165296
vt 0.516759 0.159020
vt 0.504018 0.143949
vt 0.503428 0.127686
vt 0.496703 0.156863
vt 0.501463 0.114931
vt 0.497141 0.140925
vt 0.496368 0.126157
vt 0.500889 0.107873
vt 0.498917 0.115026
vt 0.499159 0.104090
vt 0.495432 0.106795
vt 0.499250 0.099428
vt 0.492362 0.104864
vt 0.500435 0.095780
vt 0.498053 0.098576
vt 0.499600 0.096013
vt 0.500929 0.090580
vt 0.497063 0.094034
vt 0.500250 0.077976
vt 0.497136 0.079088
vt 0.495502 0.065260
vt 0.490315 0.080068
vt 0.492066 0.097022
vt 0.489185 0.096526
vt 0.487488 0.080104
vt 0.487569 0.116329
vt 0.487489 0.064722
vt 0.484437 0.064335
vt 0.491014 0.054224
vt 0.488311 0.053357
vt 0.494222 0.125470
vt 0.480013 0.134643
vt 0.490681 0.138803
vt 0.487212 0.137968
vt 0.481822 0.149586
vt 0.471084 0.149742
vt 0.484301 0.150352
vt 0.489475 0.153342
vt 0.476698 0.157960
vt 0.478762 0.159513
vt 0.469161 0.159821
vt 0.460454 0.164374
vt 0.472569 0.166618
vt 0.460962 0.167441
vt 0.448651 0.171318
vt 0.467494 0.167796
vt 0.449895 0.173665
vt 0.460813 0.174616
vt 0.438120 0.177458
vt 0.437404 0.174824
vt 0.428319 0.179368
vt 0.427166 0.176907
vt 0.439672 0.183300
vt 0.417544 0.181054
vt 0.416247 0.178286
vt 0.430237 0.184993
vt 0.451782 0.180156
vt 0.430698 0.188145
vt 0.440824 0.186431
vt 0.418795 0.186663
vt 0.418750 0.189821
vt 0.406984 0.186995
vt 0.406158 0.180990
vt 0.405942 0.178201
vt 0.396843 0.181668
vt 0.396062 0.178456
vt 0.385882 0.178979
vt 0.386183 0.181656
vt 0.386407 0.187408
vt 0.397894 0.186830
vt 0.397708 0.190251
vt 0.386993 0.190333
vt 0.407362 0.190095
vt 0.397743 0.194304
vt 0.385264 0.193683
vt 0.385202 0.198446
vt 0.407427 0.194025
vt 0.418535 0.193496
vt 0.408121 0.199063
vt 0.397312 0.199359
vt 0.396954 0.201014
vt 0.384364 0.200331
vt 0.385714 0.214637
vt 0.408389 0.201219
vt 0.397341 0.215365
vt 0.386332 0.216253
vt 0.407296 0.216197
vt 0.397386 0.217441
vt 0.387156 0.221354
vt 0.419278 0.198748
vt 0.397418 0.222074
vt 0.431610 0.197609
vt 0.397993 0.225385
vt 0.387611 0.224088
vt 0.388557 0.226599
vt 0.419344 0.201018
vt 0.418643 0.216468
vt 0.431743 0.200368
vt 0.407221 0.218425
vt 0.430786 0.216037
vt 0.418643 0.218114
vt 0.407019 0.222574
vt 0.418655 0.222239
vt 0.406661 0.226818
vt 0.417314 0.226749
vt 0.398741 0.228495
vt 0.406754 0.229987
vt 0.398031 0.232684
vt 0.391723 0.229805
vt 0.405658 0.236227
vt 0.395861 0.233679
vt 0.392460 0.230636
vt 0.404668 0.239662
vt 0.416749 0.236033
vt 0.417311 0.230198
vt 0.428639 0.230435
vt 0.416714 0.238938
vt 0.426815 0.239207
vt 0.428133 0.236023
vt 0.436039 0.239327
vt 0.436268 0.236529
vt 0.429404 0.227092
vt 0.438051 0.231136
vt 0.444820 0.238999
vt 0.443326 0.241631
vt 0.438987 0.227706
vt 0.452213 0.244888
vt 0.448150 0.248773
vt 0.447652 0.234207
vt 0.452540 0.236300
vt 0.449212 0.230875
vt 0.451961 0.250961
vt 0.448514 0.261309
vt 0.454070 0.245472
vt 0.453996 0.256378
vt 0.455754 0.264043
vt 0.447453 0.273119
vt 0.453936 0.278453
vt 0.457467 0.269723
vt 0.456099 0.278830
vt 0.457142 0.263971
vt 0.462912 0.271255
vt 0.460894 0.280134
vt 0.454852 0.254349
vt 0.469440 0.276356
vt 0.468287 0.284490
vt 0.461730 0.263318
vt 0.485717 0.286716
vt 0.483014 0.294368
vt 0.469567 0.269234
vt 0.486019 0.280757
vt 0.499076 0.294257
vt 0.496787 0.300904
vt 0.512621 0.307172
vt 0.500872 0.289115
vt 0.516172 0.301018
vt 0.530517 0.310798
vt 0.488390 0.270526
vt 0.530011 0.303494
vt 0.553409 0.312740
vt 0.517465 0.295270
vt 0.504242 0.277415
vt 0.471665 0.259083
vt 0.491700 0.259463
vt 0.520246 0.282544
vt 0.462909 0.253949
vt 0.507183 0.265985
vt 0.473091 0.250204
vt 0.458580 0.253033
vt 0.463842 0.246396
vt 0.458271 0.245444
vt 0.454985 0.245255
vt 0.463070 0.237414
vt 0.454569 0.236490
vt 0.458392 0.236532
vt 0.455350 0.236371
vt 0.455784 0.227714
vt 0.456485 0.227426
vt 0.458665 0.227159
vt 0.453744 0.226705
vt 0.462645 0.228288
vt 0.452470 0.228824
vt 0.452514 0.222049
vt 0.449930 0.226739
vt 0.453962 0.220000
vt 0.451388 0.221081
vt 0.439745 0.223497
vt 0.441328 0.218717
vt 0.430342 0.222623
vt 0.430459 0.218307
vt 0.441405 0.216397
vt 0.451665 0.218828
vt 0.442283 0.199588
vt 0.454007 0.198101
vt 0.442143 0.196895
vt 0.456911 0.198023
vt 0.453882 0.195162
vt 0.441644 0.191290
vt 0.453214 0.188646
vt 0.456122 0.194093
vt 0.431039 0.192567
vt 0.452687 0.183242
vt 0.457354 0.186017
vt 0.458507 0.181304
vt 0.460053 0.188264
vt 0.462601 0.182290
vt 0.462944 0.190094
vt 0.465153 0.174713
vt 0.465833 0.182704
vt 0.469201 0.174388
vt 0.473920 0.169057
vt 0.470574 0.176311
vt 0.467114 0.183999
vt 0.482097 0.164904
vt 0.464339 0.190737
vt 0.470241 0.186206
vt 0.473248 0.179896
vt 0.477620 0.172766
vt 0.481160 0.174235
vt 0.487409 0.165315
vt 0.476599 0.181083
vt 0.489240 0.176608
vt 0.493112 0.165998
vt 0.473540 0.187501
vt 0.511201 0.170032
vt 0.515001 0.163080
vt 0.531209 0.169396
vt 0.508194 0.181993
vt 0.529057 0.175983
vt 0.545579 0.175362
vt 0.484957 0.190229
vt 0.523853 0.187357
vt 0.504553 0.194126
vt 0.481651 0.198190
vt 0.543110 0.181545
vt 0.470673 0.194383
vt 0.501341 0.202974
vt 0.466998 0.193126
vt 0.478404 0.209539
vt 0.460691 0.202206
vt 0.466644 0.205606
vt 0.463305 0.203573
vt 0.463775 0.216649
vt 0.460131 0.215293
vt 0.459288 0.202554
vt 0.457781 0.215235
vt 0.457220 0.215417
vt 0.475294 0.220455
vt 0.474259 0.230192
vt 0.497690 0.217821
vt 0.473947 0.241030
vt 0.495579 0.225833
vt 0.494892 0.236678
vt 0.494079 0.247697
vt 0.509117 0.253312
vt 0.510295 0.242797
vt 0.511993 0.233024
vt 0.513652 0.224191
vt 0.498809 0.211046
vt 0.515589 0.216563
vt 0.531812 0.231216
vt 0.517131 0.208539
vt 0.533497 0.223234
vt 0.534829 0.214455
vt 0.520247 0.198424
vt 0.540039 0.193422
vt 0.537600 0.204726
vt 0.548094 0.219395
vt 0.553135 0.198692
vt 0.550122 0.210193
vt 0.556396 0.187440
vt 0.558532 0.181371
vt 0.569363 0.193306
vt 0.563612 0.215938
vt 0.568562 0.204151
vt 0.555959 0.223861
vt 0.546414 0.227749
vt 0.563207 0.228498
vt 0.543821 0.235477
vt 0.556633 0.233121
vt 0.554073 0.238958
vt 0.563760 0.238049
vt 0.530058 0.238892
vt 0.541945 0.243241
vt 0.527756 0.249333
vt 0.554274 0.246221
vt 0.525529 0.258598
vt 0.540112 0.252942
vt 0.523058 0.270520
vt 0.539112 0.261559
vt 0.555485 0.254683
vt 0.561767 0.242182
vt 0.561837 0.246840
vt 0.556371 0.263770
vt 0.564219 0.242648
vt 0.564239 0.254465
vt 0.563749 0.247045
vt 0.566053 0.239514
vt 0.566086 0.253787
vt 0.568037 0.244259
vt 0.569159 0.251958
vt 0.570703 0.263325
vt 0.573872 0.263724
vt 0.557501 0.274303
vt 0.576721 0.272703
vt 0.537733 0.274074
vt 0.556879 0.287483
vt 0.534725 0.286007
vt 0.530678 0.297824
vt 0.552122 0.298967
vt 0.551928 0.301930
vt 0.552671 0.305046
vt 0.581505 0.310800
vt 0.576130 0.293358
vt 0.581787 0.302554
vt 0.604555 0.310448
vt 0.578225 0.295624
vt 0.581251 0.297957
vt 0.604477 0.301580
vt 0.631245 0.313828
vt 0.585291 0.291387
vt 0.581836 0.290328
vt 0.579152 0.289364
vt 0.579737 0.281199
vt 0.582480 0.281309
vt 0.580317 0.271951
vt 0.585957 0.281613
vt 0.584728 0.271470
vt 0.577817 0.264401
vt 0.607274 0.274282
vt 0.587083 0.257466
vt 0.585904 0.265978
vt 0.608609 0.269352
vt 0.605920 0.281642
vt 0.636293 0.275494
vt 0.604456 0.292159
vt 0.636276 0.279309
vt 0.632260 0.302687
vt 0.633739 0.294187
vt 0.649041 0.305650
vt 0.649028 0.317994
vt 0.636324 0.284409
vt 0.650535 0.296387
vt 0.654916 0.288702
vt 0.658022 0.299380
vt 0.656032 0.307176
vt 0.657767 0.319901
vt 0.660594 0.307879
vt 0.662202 0.319475
vt 0.664332 0.318838
vt 0.662306 0.291376
vt 0.662606 0.308263
vt 0.665799 0.318261
vt 0.662141 0.300304
vt 0.664276 0.301015
vt 0.664628 0.308782
vt 0.666360 0.302000
vt 0.666985 0.308993
vt 0.668034 0.317704
vt 0.670547 0.317164
vt 0.669260 0.309161
vt 0.670937 0.303235
vt 0.668802 0.302225
vt 0.673788 0.297773
vt 0.670006 0.295784
vt 0.671581 0.296585
vt 0.677167 0.293955
vt 0.668607 0.294363
vt 0.674286 0.291790
vt 0.675775 0.292302
vt 0.680398 0.290800
vt 0.666666 0.292956
vt 0.678990 0.288857
vt 0.684550 0.286814
vt 0.678010 0.287873
vt 0.672667 0.290264
vt 0.682355 0.285802
vt 0.671011 0.289027
vt 0.682952 0.285229
vt 0.686904 0.282105
vt 0.679443 0.283982
vt 0.684865 0.281289
vt 0.690702 0.269200
vt 0.688549 0.268489
vt 0.691294 0.266252
vt 0.681260 0.279321
vt 0.688900 0.265618
vt 0.689318 0.262658
vt 0.691896 0.262657
vt 0.685247 0.264193
vt 0.684417 0.267636
vt 0.689121 0.261651
vt 0.685634 0.260938
vt 0.688184 0.254069
vt 0.690950 0.254191
vt 0.683913 0.261094
vt 0.687647 0.247509
vt 0.690680 0.248105
vt 0.685320 0.252116
vt 0.682958 0.255664
vt 0.682653 0.264237
vt 0.682094 0.260345
vt 0.682001 0.267737
vt 0.679880 0.264108
vt 0.679366 0.278501
vt 0.679176 0.267935
vt 0.677348 0.284545
vt 0.676929 0.278226
vt 0.676471 0.286155
vt 0.675448 0.283990
vt 0.674433 0.285544
vt 0.670126 0.282730
vt 0.667443 0.286763
vt 0.669446 0.284113
vt 0.671323 0.276910
vt 0.657736 0.280145
vt 0.657044 0.283574
vt 0.658913 0.274514
vt 0.637855 0.268668
vt 0.610129 0.262606
vt 0.613189 0.247733
vt 0.641476 0.254450
vt 0.673801 0.267121
vt 0.662941 0.259735
vt 0.674874 0.263224
vt 0.643366 0.248728
vt 0.679927 0.260139
vt 0.664231 0.255437
vt 0.675981 0.259166
vt 0.679346 0.256266
vt 0.681354 0.256134
vt 0.675491 0.254987
vt 0.677862 0.248024
vt 0.679990 0.248107
vt 0.681958 0.248597
vt 0.684915 0.247722
vt 0.681974 0.241995
vt 0.685071 0.242072
vt 0.687973 0.242873
vt 0.690987 0.243654
vt 0.687511 0.235777
vt 0.690327 0.237359
vt 0.692763 0.238955
vt 0.696602 0.236450
vt 0.694809 0.234195
vt 0.703931 0.232891
vt 0.692852 0.232181
vt 0.702306 0.230634
vt 0.713387 0.230534
vt 0.700335 0.228693
vt 0.712557 0.227983
vt 0.715455 0.227797
vt 0.718766 0.229228
vt 0.711930 0.225902
vt 0.718433 0.226741
vt 0.722461 0.226821
vt 0.715139 0.224570
vt 0.720997 0.224363
vt 0.731482 0.212532
vt 0.717471 0.222195
vt 0.729807 0.211220
vt 0.732147 0.208576
vt 0.708039 0.220690
vt 0.730023 0.208618
vt 0.704166 0.223073
vt 0.729515 0.205749
vt 0.731430 0.204546
vt 0.697347 0.226907
vt 0.728352 0.203685
vt 0.730513 0.202478
vt 0.691294 0.231399
vt 0.726120 0.192739
vt 0.728703 0.192701
vt 0.725791 0.203619
vt 0.727978 0.182969
vt 0.730387 0.184148
vt 0.722858 0.189890
vt 0.725823 0.181492
vt 0.724233 0.180421
vt 0.724426 0.208594
vt 0.722014 0.198522
vt 0.720649 0.188108
vt 0.721907 0.178617
vt 0.711215 0.218552
vt 0.719638 0.206508
vt 0.703907 0.211714
vt 0.711652 0.203395
vt 0.714416 0.200707
vt 0.713047 0.201558
vt 0.710669 0.201252
vt 0.712784 0.199647
vt 0.713914 0.198870
vt 0.719727 0.194731
vt 0.711784 0.198075
vt 0.712855 0.196956
vt 0.717620 0.192100
vt 0.710028 0.199362
vt 0.709421 0.194209
vt 0.711654 0.193001
vt 0.718218 0.185609
vt 0.713722 0.188826
vt 0.714603 0.182066
vt 0.717143 0.174615
vt 0.704974 0.179551
vt 0.708950 0.167041
vt 0.702022 0.185776
vt 0.685486 0.165457
vt 0.693607 0.154870
vt 0.673607 0.136719
vt 0.679832 0.172584
vt 0.662436 0.148780
vt 0.658403 0.121552
vt 0.706757 0.195269
vt 0.646199 0.135467
vt 0.701010 0.208751
vt 0.698506 0.188442
vt 0.697108 0.206166
vt 0.702320 0.210097
vt 0.699729 0.210142
vt 0.701230 0.211524
vt 0.702854 0.213448
vt 0.699264 0.211338
vt 0.700678 0.212270
vt 0.699977 0.219266
vt 0.696976 0.217942
vt 0.694238 0.223913
vt 0.691945 0.222273
vt 0.694701 0.216597
vt 0.696008 0.209797
vt 0.689649 0.221129
vt 0.696117 0.208479
vt 0.691044 0.214332
vt 0.685768 0.204322
vt 0.688192 0.200482
vt 0.686267 0.203272
vt 0.668632 0.188054
vt 0.677457 0.175469
vt 0.666806 0.190635
vt 0.644311 0.171618
vt 0.652062 0.160115
vt 0.665460 0.193250
vt 0.642930 0.172863
vt 0.680004 0.212994
vt 0.640168 0.179507
vt 0.685433 0.218984
vt 0.661234 0.203035
vt 0.684716 0.226278
vt 0.635228 0.191358
vt 0.680539 0.224164
vt 0.673143 0.221752
vt 0.654677 0.215274
vt 0.615339 0.180826
vt 0.670797 0.227444
vt 0.622156 0.167843
vt 0.629897 0.204746
vt 0.652289 0.220243
vt 0.676685 0.229702
vt 0.667740 0.236009
vt 0.680617 0.231593
vt 0.673771 0.238372
vt 0.648943 0.228376
vt 0.682673 0.232206
vt 0.627837 0.209509
vt 0.686787 0.227500
vt 0.688607 0.228951
vt 0.685596 0.233638
vt 0.679958 0.241345
vt 0.678101 0.240439
vt 0.673754 0.246601
vt 0.666117 0.243827
vt 0.665331 0.251090
vt 0.646763 0.236192
vt 0.644637 0.245114
vt 0.616657 0.236457
vt 0.620669 0.225290
vt 0.624020 0.216962
vt 0.601546 0.214875
vt 0.615270 0.239780
vt 0.597407 0.225386
vt 0.591005 0.241923
vt 0.594257 0.232779
vt 0.573722 0.238264
vt 0.582911 0.235014
vt 0.572653 0.235448
vt 0.570913 0.233106
vt 0.581433 0.232626
vt 0.590036 0.229406
vt 0.580414 0.230151
vt 0.573983 0.224712
vt 0.579562 0.221581
vt 0.588204 0.226640
vt 0.594454 0.223420
vt 0.583924 0.214509
vt 0.592640 0.220455
vt 0.599023 0.213178
vt 0.584864 0.208068
vt 0.595573 0.212133
vt 0.582811 0.198235
vt 0.594698 0.204715
vt 0.582261 0.193973
vt 0.598096 0.204970
vt 0.583046 0.190138
vt 0.603799 0.205147
vt 0.605224 0.199129
vt 0.560070 0.177573
vt 0.583496 0.188051
vt 0.607091 0.194612
vt 0.586356 0.182918
vt 0.595022 0.169119
vt 0.563536 0.170966
vt 0.572924 0.156925
vt 0.602679 0.154839
vt 0.547390 0.171574
vt 0.582159 0.142901
vt 0.586093 0.137149
vt 0.625567 0.161082
vt 0.605644 0.148748
vt 0.574991 0.128672
vt 0.586886 0.135465
vt 0.607121 0.147597
vt 0.627043 0.160181
vt 0.615551 0.136607
vt 0.635210 0.149225
vt 0.638319 0.145651
vt 0.654861 0.156512
vt 0.619089 0.132873
vt 0.595451 0.123659
vt 0.629299 0.119249
vt 0.642220 0.104014
vt 0.599029 0.120026
vt 0.584964 0.115719
vt 0.613578 0.106073
vt 0.630341 0.090455
vt 0.589054 0.111816
vt 0.573250 0.105980
vt 0.603802 0.097384
vt 0.619760 0.081462
vt 0.577549 0.102095
vt 0.566041 0.099088
vt 0.592339 0.088892
vt 0.608893 0.074063
vt 0.598297 0.068442
vt 0.583591 0.082211
vt 0.570077 0.095454
vt 0.560992 0.084862
vt 0.557389 0.089150
vt 0.619550 0.020412
vt 0.619949 0.024636
vt 0.612815 0.020698
vt 0.615322 0.017190
vt 0.616285 0.038104
vt 0.611065 0.014189
vt 0.615071 0.040455
vt 0.607885 0.038908
vt 0.612780 0.042420
vt 0.603605 0.042930
vt 0.598760 0.020716
vt 0.595177 0.031973
vt 0.591540 0.035089
vt 0.595425 0.044845
vt 0.587724 0.045574
vt 0.596629 0.015829
vt 0.606324 0.010564
vt 0.597777 0.005397
vt 0.587913 0.035364
vt 0.592919 0.012599
vt 0.581055 0.035430
vt 0.577701 0.043562
vt 0.586657 0.010162
vt 0.587574 0.002106
vt 0.576916 0.032972
vt 0.569294 0.041516
vt 0.580106 0.010073
vt 0.574440 0.002387
vt 0.585746 0.023248
vt 0.574906 0.012893
vt 0.563671 0.003986
vt 0.571796 0.029001
vt 0.559716 0.035710
vt 0.551734 0.030977
vt 0.571590 0.026327
vt 0.553178 0.009216
vt 0.554899 0.004683
vt 0.553382 0.005310
vt 0.551181 0.007098
vt 0.550225 0.009580
vt 0.550807 0.025911
vt 0.548294 0.025200
vt 0.548817 0.027795
vt 0.551344 0.028226
vt 0.442280 0.046554
vt 0.440199 0.036700
vt 0.443036 0.037164
vt 0.441142 0.026739
vt 0.445512 0.046511
vt 0.448283 0.056426
vt 0.443032 0.027880
vt 0.444971 0.017401
vt 0.450641 0.054927
vt 0.446821 0.018881
vt 0.458926 0.060644
vt 0.457805 0.062825
vt 0.449047 0.045053
vt 0.454488 0.051999
vt 0.469988 0.063766
vt 0.469640 0.065943
vt 0.461333 0.056683
vt 0.482419 0.061925
vt 0.469948 0.058795
vt 0.462562 0.052535
vt 0.485653 0.053019
vt 0.468998 0.054094
vt 0.478109 0.057008
vt 0.474836 0.052816
vt 0.485609 0.044817
vt 0.486414 0.044941
vt 0.481580 0.050547
vt 0.485122 0.037277
vt 0.485889 0.036788
vt 0.483016 0.044265
vt 0.478163 0.048463
vt 0.480133 0.043258
vt 0.483168 0.037744
vt 0.484684 0.030694
vt 0.485520 0.030248
vt 0.485084 0.023450
vt 0.484045 0.023348
vt 0.483983 0.014273
vt 0.482836 0.031257
vt 0.480807 0.037645
vt 0.482448 0.015265
vt 0.480474 0.003819
vt 0.481809 0.024721
vt 0.480544 0.031888
vt 0.479273 0.037462
vt 0.478465 0.042451
vt 0.479319 0.026182
vt 0.476452 0.046872
vt 0.479680 0.017885
vt 0.473311 0.050310
vt 0.475033 0.012310
vt 0.468577 0.051369
vt 0.478003 0.006707
vt 0.470443 0.001922
vt 0.469536 0.004960
vt 0.459853 0.004146
vt 0.468758 0.010320
vt 0.460676 0.006898
vt 0.451695 0.009320
vt 0.461644 0.011641
vt 0.452830 0.011777
vt 0.455269 0.015909
vt 0.450354 0.021634
vt 0.467928 0.015456
vt 0.462464 0.016280
vt 0.472975 0.017139
vt 0.467631 0.018337
vt 0.476861 0.020985
vt 0.471945 0.019700
vt 0.477791 0.027245
vt 0.475431 0.022840
vt 0.479042 0.032276
vt 0.477501 0.032667
vt 0.477707 0.037217
vt 0.476884 0.041558
vt 0.476669 0.037047
vt 0.476316 0.028321
vt 0.476516 0.032936
vt 0.475956 0.040999
vt 0.475000 0.045300
vt 0.472518 0.036587
vt 0.472130 0.048027
vt 0.474181 0.044343
vt 0.468224 0.048889
vt 0.471540 0.046713
vt 0.468059 0.047464
vt 0.463946 0.047818
vt 0.463326 0.050080
vt 0.464306 0.046456
vt 0.457016 0.048656
vt 0.460090 0.045074
vt 0.458668 0.046801
vt 0.453109 0.043139
vt 0.455330 0.042077
vt 0.457280 0.041072
vt 0.453650 0.036561
vt 0.447081 0.036867
vt 0.451240 0.036724
vt 0.447574 0.028904
vt 0.451398 0.030102
vt 0.453609 0.024104
vt 0.453748 0.030874
vt 0.457465 0.019318
vt 0.455584 0.025699
vt 0.455830 0.036381
vt 0.455877 0.031549
vt 0.457057 0.036270
vt 0.458829 0.021586
vt 0.457384 0.027142
vt 0.463037 0.019005
vt 0.460088 0.023648
vt 0.463601 0.021464
vt 0.467448 0.020912
vt 0.463963 0.022951
vt 0.471111 0.022021
vt 0.467380 0.022346
vt 0.474158 0.024613
vt 0.470684 0.023341
vt 0.475454 0.028989
vt 0.473460 0.025653
vt 0.472427 0.033557
vt 0.471738 0.031808
vt 0.469051 0.028824
vt 0.471608 0.033809
vt 0.470594 0.030023
vt 0.467260 0.028329
vt 0.470042 0.030863
vt 0.465685 0.028344
vt 0.471041 0.032398
vt 0.468757 0.029880
vt 0.471679 0.036345
vt 0.467195 0.029450
vt 0.465939 0.029456
vt 0.471924 0.038307
vt 0.464162 0.030650
vt 0.470886 0.040044
vt 0.463523 0.029775
vt 0.469414 0.041183
vt 0.460846 0.024871
vt 0.467629 0.041552
vt 0.458414 0.027960
vt 0.466011 0.041359
vt 0.457082 0.031925
vt 0.462643 0.031364
vt 0.462009 0.033478
vt 0.462046 0.035772
vt 0.463472 0.031941
vt 0.462944 0.033753
vt 0.462986 0.035651
vt 0.467516 0.040438
vt 0.464350 0.038910
vt 0.462761 0.037983
vt 0.463603 0.037547
vt 0.458359 0.040501
vt 0.463717 0.039692
vt 0.460931 0.044002
vt 0.466223 0.040279
vt 0.469032 0.040123
vt 0.470267 0.039197
vt 0.471182 0.037710
vt 0.405171 0.264715
vt 0.404897 0.252755
vt 0.407286 0.252843
vt 0.402886 0.264238
vt 0.399921 0.274828
vt 0.402393 0.241512
vt 0.397764 0.273404
vt 0.391989 0.282544
vt 0.394357 0.235128
vt 0.390896 0.280183
vt 0.385101 0.229428
vt 0.386086 0.226931
vt 0.391178 0.238698
vt 0.373956 0.227768
vt 0.373042 0.225052
vt 0.362003 0.227675
vt 0.383497 0.233973
vt 0.363174 0.230079
vt 0.352730 0.233588
vt 0.374443 0.232536
vt 0.354601 0.235541
vt 0.346213 0.241991
vt 0.365695 0.234268
vt 0.374809 0.237239
vt 0.348706 0.243204
vt 0.367828 0.238551
vt 0.381917 0.238386
vt 0.374965 0.239921
vt 0.361875 0.242027
vt 0.358377 0.238671
vt 0.368977 0.241011
vt 0.357597 0.247152
vt 0.353166 0.245083
vt 0.345759 0.252346
vt 0.342981 0.251843
vt 0.350508 0.252693
vt 0.345762 0.261872
vt 0.343038 0.262112
vt 0.346496 0.271756
vt 0.355289 0.253306
vt 0.348995 0.270286
vt 0.352201 0.279331
vt 0.350950 0.260855
vt 0.355261 0.259744
vt 0.354874 0.277741
vt 0.360969 0.285198
vt 0.353295 0.267706
vt 0.362644 0.282807
vt 0.371583 0.288103
vt 0.358323 0.273836
vt 0.364995 0.278322
vt 0.357316 0.265771
vt 0.366832 0.274484
vt 0.357989 0.259251
vt 0.361234 0.270905
vt 0.359761 0.264525
vt 0.358056 0.253673
vt 0.360501 0.258814
vt 0.360078 0.248379
vt 0.360592 0.254041
vt 0.363828 0.243977
vt 0.362343 0.249529
vt 0.365577 0.245794
vt 0.369976 0.243283
vt 0.375060 0.242388
vt 0.370565 0.244687
vt 0.375091 0.243871
vt 0.380174 0.243245
vt 0.381020 0.240921
vt 0.379666 0.244585
vt 0.388111 0.241984
vt 0.384650 0.245797
vt 0.386321 0.243960
vt 0.390300 0.248405
vt 0.392865 0.247073
vt 0.397375 0.244599
vt 0.391936 0.254044
vt 0.399544 0.253186
vt 0.394712 0.253708
vt 0.398368 0.262102
vt 0.393916 0.260707
vt 0.393746 0.269930
vt 0.390746 0.267101
vt 0.391336 0.260035
vt 0.388300 0.275769
vt 0.385869 0.272046
vt 0.381926 0.284396
vt 0.382153 0.287077
vt 0.380676 0.279304
vt 0.372107 0.285175
vt 0.372434 0.280439
vt 0.373253 0.275782
vt 0.379796 0.275041
vt 0.379217 0.272391
vt 0.373504 0.273093
vt 0.367913 0.271980
vt 0.384487 0.269777
vt 0.363077 0.269040
vt 0.388790 0.265568
vt 0.362004 0.263339
vt 0.388932 0.259438
vt 0.361959 0.258577
vt 0.389378 0.254375
vt 0.386772 0.264108
vt 0.387954 0.249607
vt 0.387928 0.254568
vt 0.386617 0.250296
vt 0.383675 0.246858
vt 0.379578 0.251386
vt 0.381071 0.253198
vt 0.387440 0.259077
vt 0.381763 0.255438
vt 0.381863 0.257452
vt 0.385556 0.263245
vt 0.382376 0.266544
vt 0.380538 0.260386
vt 0.380699 0.257272
vt 0.383156 0.267726
vt 0.378652 0.269976
vt 0.378320 0.268590
vt 0.373747 0.270610
vt 0.378947 0.261714
vt 0.368974 0.269653
vt 0.373891 0.269177
vt 0.364871 0.267159
vt 0.369577 0.268328
vt 0.376790 0.262826
vt 0.363363 0.262627
vt 0.365963 0.266002
vt 0.368421 0.259468
vt 0.370308 0.261902
vt 0.374427 0.263174
vt 0.372118 0.262719
vt 0.376487 0.261732
vt 0.374522 0.262027
vt 0.378343 0.260761
vt 0.372525 0.261635
vt 0.379610 0.259698
vt 0.371071 0.260990
vt 0.369501 0.258968
vt 0.369217 0.257403
vt 0.368050 0.257534
vt 0.369286 0.255418
vt 0.368129 0.255224
vt 0.362048 0.254270
vt 0.370028 0.253626
vt 0.369014 0.253063
vt 0.363636 0.250203
vt 0.366561 0.246828
vt 0.370613 0.251295
vt 0.371419 0.252107
vt 0.372294 0.250110
vt 0.372765 0.251158
vt 0.375518 0.249598
vt 0.377502 0.250187
vt 0.375424 0.250747
vt 0.377006 0.251227
vt 0.378778 0.252252
vt 0.380012 0.253747
vt 0.380597 0.255673
vn 0.3528 -0.3895 0.8508
vn 0.8197 -0.2936 0.4919
vn 0.8688 -0.1772 0.4624
vn 0.3783 -0.4983 0.7801
vn 0.8460 -0.4136 0.3365
vn -0.0538 -0.4364 0.8981
vn 0.3863 -0.7407 0.5497
vn -0.0890 -0.5701 0.8167
vn 0.3246 -0.5178 0.7916
vn 0.3014 -0.4364 0.8478
vn 0.3713 -0.4003 0.8378
vn -0.0610 -0.8216 0.5668
vn 0.3491 -0.8964 0.2732
vn 0.7195 -0.6521 0.2389
vn 0.0574 -0.9541 0.2940
vn 0.4170 -0.7169 0.5588
vn 0.3786 -0.5430 0.7496
vn 0.3322 -0.5353 0.7766
vn 0.3357 -0.3925 0.8563
vn 0.0353 -0.4289 0.9027
vn 0.3452 -0.7576 0.5540
vn 0.0549 -0.5943 0.8023
vn 0.2978 -0.7659 0.5698
vn 0.4658 -0.8455 0.2610
vn 0.2887 -0.9119 0.2918
vn 0.0960 -0.9913 -0.0897
vn 0.4994 -0.8652 -0.0452
vn 0.3488 -0.8917 0.2886
vn 0.4177 -0.9081 -0.0287
vn 0.5340 -0.7882 -0.3060
vn 0.0959 -0.8133 0.5738
vn 0.4073 -0.9130 -0.0220
vn 0.0813 -0.9551 0.2848
vn -0.1325 -0.8254 0.5488
vn 0.4580 -0.8240 -0.3335
vn -0.1520 -0.5696 0.8077
vn -0.2050 -0.3861 0.8994
vn -0.4012 -0.5131 0.7588
vn -0.3898 -0.3630 0.8464
vn -0.3796 -0.7766 0.5027
vn -0.5591 -0.4815 0.6750
vn -0.4040 -0.3722 0.8356
vn -0.6727 -0.3375 0.6585
vn -0.3765 -0.8926 0.2480
vn -0.5948 -0.4877 0.6390
vn -0.0950 -0.4373 0.8943
vn -0.5564 -0.7021 0.4443
vn -0.6136 -0.6604 0.4328
vn -0.0404 -0.5639 0.8248
vn -0.3908 -0.5307 0.7521
vn -0.3877 -0.4006 0.8302
vn -0.0167 -0.8250 0.5649
vn -0.7608 -0.2705 0.5900
vn -0.6983 -0.4171 0.5817
vn -0.4084 -0.7626 0.5016
vn -0.7489 -0.5679 0.3414
vn -0.0319 -0.9635 0.2657
vn -0.3994 -0.8919 0.2120
vn -0.7997 -0.5954 0.0769
vn -0.3613 -0.9270 -0.1008
vn -0.6834 -0.7225 -0.1052
vn -0.6903 -0.6441 -0.3296
vn -0.5775 -0.7952 0.1845
vn -0.0656 -0.9939 -0.0882
vn -0.3516 -0.8378 -0.4177
vn -0.6832 -0.4975 -0.5345
vn -0.4255 -0.8790 0.2151
vn -0.3458 -0.6800 -0.6465
vn -0.9345 -0.2021 -0.2929
vn -0.0803 -0.9013 -0.4258
vn -0.6158 -0.7849 -0.0686
vn -0.5879 -0.7305 -0.3474
vn -0.4307 -0.8983 -0.0870
vn -0.3593 -0.8564 -0.3708
vn -0.3654 -0.9250 -0.1044
vn -0.4282 -0.7390 -0.5201
vn -0.1489 -0.9552 0.2559
vn -0.1377 -0.9876 -0.0749
vn -0.3519 -0.8509 -0.3900
vn -0.1046 -0.9108 -0.3993
vn 0.0878 -0.9935 -0.0730
vn -0.0963 -0.8602 -0.5008
vn 0.3691 -0.8608 -0.3504
vn 0.1117 -0.9087 -0.4023
vn 0.4903 -0.6855 -0.5383
vn 0.4106 -0.7307 -0.5454
vn 0.1531 -0.8247 -0.5444
vn -0.3965 -0.7411 -0.5418
vn -0.0373 -0.9991 -0.0181
vn 0.3903 -0.4563 0.7997
vn 0.3343 -0.8637 -0.3773
vn -0.0974 -0.8764 0.4717
vn -0.6405 -0.5719 0.5125
vn 0.1514 -0.5459 0.8240
vn 0.0157 -0.6917 0.7221
vn -0.5802 -0.6472 -0.4945
vn -0.0735 -0.7693 -0.6347
vn -0.8462 -0.4941 -0.1993
vn -0.3295 -0.2140 0.9196
vn -0.7407 -0.6031 -0.2960
vn -0.4389 -0.8940 0.0898
vn -0.9050 -0.4236 0.0382
vn -0.5163 -0.5821 -0.6282
vn -0.9675 -0.2520 -0.0196
vn -0.9381 -0.2527 -0.2369
vn -0.9862 -0.0752 -0.1475
vn -0.5304 -0.6956 -0.4845
vn -0.9998 0.0006 -0.0216
vn -0.9978 -0.0659 -0.0054
vn -0.8515 -0.4476 -0.2730
vn -0.6650 -0.1146 0.7380
vn -0.3879 -0.0699 0.9190
vn -0.9155 -0.3174 0.2473
vn -0.7241 -0.4948 0.4804
vn -0.9414 -0.3359 -0.0309
vn -0.9219 -0.2088 0.3264
vn -0.3504 0.1788 0.9194
vn -0.4105 -0.0787 0.9085
vn -0.8844 -0.4657 -0.0322
vn -0.8670 -0.4277 -0.2556
vn -0.8815 -0.4699 -0.0460
vn -0.7843 -0.5143 -0.3470
vn -0.3792 -0.9253 -0.0091
vn -0.3579 -0.9005 -0.2468
vn 0.2954 -0.8970 0.3289
vn 0.6114 -0.7737 0.1662
vn -0.3378 -0.8937 -0.2951
vn 0.0118 -0.9819 -0.1890
vn -0.1167 -0.9677 0.2234
vn 0.4111 -0.9011 -0.1378
vn -0.0555 -0.5470 0.8353
vn -0.1211 -0.8567 -0.5013
vn 0.0421 -0.9980 0.0462
vn -0.1081 0.2133 0.9710
vn -0.3265 -0.3975 0.8575
vn 0.7599 -0.6499 0.0145
vn -0.0727 -0.0727 0.9947
vn 0.1394 0.3461 0.9278
vn 0.5915 -0.7911 0.1560
vn 0.2657 0.1234 0.9561
vn 0.8672 -0.4276 0.2552
vn 0.7660 0.0671 0.6393
vn 0.2276 0.1772 0.9575
vn 0.2860 -0.9356 -0.2071
vn 0.1270 -0.8092 -0.5737
vn -0.0068 -0.9575 -0.2883
vn -0.2693 -0.9042 -0.3314
vn 0.0725 -0.7077 0.7028
vn 0.0520 -0.9411 -0.3341
vn 0.0134 -0.6568 0.7539
vn 0.0110 -0.9996 0.0248
vn -0.7154 -0.6985 0.0188
vn 0.0410 -0.9529 -0.3007
vn -0.4541 -0.8700 0.1918
vn -0.1999 -0.9604 -0.1941
vn -0.1982 -0.9798 -0.0276
vn 0.2135 -0.1884 0.9586
vn 0.7442 -0.5472 -0.3830
vn 0.1868 0.2624 0.9467
vn 0.7221 -0.6235 -0.2997
vn 0.6664 -0.4261 0.6118
vn 0.8781 -0.3851 -0.2839
vn 0.9582 -0.2796 0.0603
vn 0.8583 -0.4571 -0.2332
vn 0.7552 -0.6275 -0.1898
vn 0.9177 -0.3842 -0.1008
vn 0.8527 -0.5031 -0.1410
vn 0.0207 -0.9627 -0.2698
vn 0.7538 -0.6337 -0.1739
vn 0.8722 -0.4806 -0.0909
vn 0.0211 -0.9619 -0.2725
vn 0.8369 -0.5429 -0.0702
vn 0.8271 -0.5477 -0.1259
vn 0.7274 -0.6625 -0.1788
vn 0.8188 -0.5669 -0.0910
vn 0.8010 -0.5839 -0.1319
vn 0.8788 -0.4763 0.0287
vn 0.8656 -0.4972 -0.0596
vn 0.9013 -0.4218 0.0990
vn 0.9471 -0.3120 0.0750
vn 0.9250 -0.3166 0.2099
vn 0.9381 -0.2628 0.2257
vn 0.9272 -0.2101 0.3100
vn 0.9254 -0.1247 0.3578
vn 0.1526 0.0989 0.9833
vn 0.7403 -0.2638 0.6184
vn 0.1365 -0.0860 0.9869
vn 0.4412 0.0731 0.8944
vn 0.8533 -0.1339 0.5039
vn 0.7637 -0.2965 0.5735
vn 0.6637 -0.7432 -0.0846
vn 0.2221 -0.0556 0.9734
vn 0.9238 -0.2729 -0.2685
vn 0.5017 0.0052 0.8650
vn 0.2392 -0.7206 -0.6508
vn 0.3615 -0.7266 -0.5843
vn 0.5230 -0.5664 -0.6370
vn 0.1942 -0.5977 -0.7778
vn 0.5908 -0.6333 -0.4999
vn 0.1518 -0.7367 -0.6590
vn 0.1148 -0.9034 -0.4132
vn 0.3827 -0.6860 -0.6189
vn 0.4800 -0.5405 -0.6910
vn 0.8498 -0.3253 -0.4146
vn 0.6888 -0.5335 -0.4909
vn 0.9964 -0.0725 0.0437
vn 0.3671 -0.8471 -0.3842
vn 0.5868 -0.7442 -0.3191
vn 0.3580 -0.9310 -0.0715
vn 0.5711 -0.8206 -0.0209
vn 0.9407 -0.0967 0.3251
vn 0.9949 -0.0230 0.0983
vn 0.1077 -0.3120 0.9440
vn 0.9177 -0.1229 0.3777
vn 0.9208 -0.1571 0.3570
vn 0.9932 -0.0150 0.1158
vn -0.0404 -0.4887 0.8715
vn 0.6615 -0.3348 0.6711
vn 0.9036 -0.1444 0.4033
vn -0.0199 -0.6366 0.7709
vn 0.9888 0.1235 0.0837
vn 0.9212 0.3817 -0.0752
vn 0.8589 -0.1022 0.5019
vn 0.5289 0.8018 -0.2782
vn 0.8727 0.4870 -0.0356
vn 0.8155 -0.0117 0.5786
vn 0.4640 0.8767 -0.1270
vn 0.5563 0.8112 0.1804
vn 0.4224 0.9014 0.0951
vn 0.8636 0.4938 0.1023
vn 0.3942 0.8200 0.4150
vn 0.8450 0.4495 0.2898
vn 0.0275 0.9968 0.0756
vn 0.3686 0.6466 0.6679
vn 0.8176 0.3663 0.4443
vn -0.0247 0.9144 0.4040
vn 0.1627 0.9791 -0.1222
vn 0.4074 0.8247 0.3923
vn 0.5088 0.8524 0.1201
vn -0.0078 0.7220 0.6918
vn 0.4057 0.6345 0.6579
vn -0.0673 0.4486 0.8912
vn 0.3772 0.3939 0.8382
vn 0.8242 0.1994 0.5300
vn 0.3971 0.0572 0.9160
vn 0.7811 0.0513 0.6223
vn 0.8750 -0.0418 0.4823
vn 0.4068 -0.0678 0.9110
vn -0.0464 -0.0705 0.9964
vn -0.0957 0.0881 0.9915
vn 0.3163 0.0799 0.9453
vn 0.4205 -0.0644 0.9050
vn 0.3498 0.3796 0.8565
vn 0.3623 0.0889 0.9278
vn 0.2915 -0.0953 0.9518
vn 0.3562 -0.0863 0.9304
vn 0.3500 0.3810 0.8558
vn 0.3986 0.6231 0.6729
vn 0.3437 0.3871 0.8556
vn 0.3056 0.0780 0.9490
vn 0.0437 0.0753 0.9962
vn 0.0290 -0.0785 0.9965
vn -0.1388 -0.1029 0.9850
vn 0.0655 0.4206 0.9049
vn -0.1606 0.0684 0.9846
vn -0.4271 -0.0803 0.9006
vn -0.1529 0.4301 0.8897
vn -0.4595 0.0657 0.8857
vn -0.5476 -0.0523 0.8351
vn 0.3454 0.6623 0.6649
vn -0.5669 0.0599 0.8216
vn 0.4203 0.8046 0.4196
vn -0.5811 0.0500 0.8123
vn -0.5502 -0.0136 0.8350
vn -0.0711 -0.0649 0.9954
vn 0.0260 0.7027 0.7111
vn -0.1412 0.7004 0.6997
vn 0.0801 0.8924 0.4441
vn -0.4746 0.3968 0.7857
vn -0.1654 0.8855 0.4342
vn -0.4465 0.6401 0.6253
vn -0.5100 0.3955 0.7639
vn -0.5809 0.6072 0.5421
vn -0.6034 0.3693 0.7067
vn -0.5429 0.6091 0.5782
vn -0.0575 0.0949 0.9938
vn -0.0587 0.4399 0.8961
vn -0.4424 0.0773 0.8935
vn -0.4291 -0.0697 0.9006
vn -0.4105 0.4076 0.8157
vn -0.5205 0.0580 0.8519
vn -0.7688 -0.0560 0.6370
vn -0.5044 0.3782 0.7763
vn -0.3961 0.6587 0.6397
vn -0.0370 0.7133 0.6999
vn 0.0689 0.9025 0.4251
vn -0.7917 0.4582 0.4041
vn -0.8864 0.4200 0.1945
vn -0.3976 0.8411 0.3668
vn -0.7989 0.6001 -0.0403
vn -0.3841 0.9226 0.0360
vn -0.5460 0.7677 0.3353
vn -0.0169 0.9978 0.0639
vn -0.4576 0.8727 -0.1704
vn -0.7659 0.6050 -0.2174
vn -0.6298 0.7766 0.0153
vn -0.7105 0.6666 -0.2254
vn -0.8360 0.4792 -0.2674
vn 0.0037 0.9994 -0.0335
vn -0.5290 0.8460 -0.0663
vn -0.5699 0.8214 0.0236
vn -0.9212 0.3667 -0.1299
vn -0.9977 0.0254 -0.0627
vn -0.8721 0.3043 0.3831
vn -0.9956 -0.0136 0.0931
vn -0.9938 -0.1066 0.0327
vn -0.9994 0.0082 -0.0345
vn -0.9998 0.0047 0.0213
vn -0.5448 -0.3938 0.7403
vn -0.3350 -0.2785 0.9001
vn -0.0196 -0.7770 0.6292
vn -0.7169 -0.3584 0.5980
vn -0.7709 -0.3261 0.5471
vn -0.2640 -0.7082 0.6548
vn -0.9647 -0.1927 0.1797
vn -0.9535 -0.2631 0.1469
vn -0.8567 -0.2495 0.4514
vn -0.9594 -0.2413 0.1462
vn -0.9359 -0.3351 0.1090
vn -0.9720 0.0501 0.2295
vn -0.9740 0.0528 0.2203
vn -0.9680 -0.2341 0.0908
vn -0.9585 -0.2692 0.0941
vn -0.9537 -0.2985 -0.0363
vn -0.9870 0.0669 0.1461
vn -0.9740 -0.2227 -0.0410
vn -0.9269 -0.2870 -0.2417
vn -0.9493 0.1984 0.2440
vn -0.9574 -0.1845 -0.2223
vn -0.9159 -0.2631 -0.3032
vn -0.9941 0.1061 0.0240
vn -0.9599 0.2221 0.1708
vn -0.9438 0.2144 0.2514
vn -0.8917 0.3535 0.2825
vn -0.9621 0.2703 0.0364
vn -0.9425 0.2337 0.2390
vn -0.8915 0.4089 0.1950
vn -0.8818 0.3532 0.3125
vn -0.7618 -0.2654 0.5910
vn -0.8365 0.4168 0.3558
vn -0.7526 0.0850 0.6530
vn -0.1890 -0.5643 0.8037
vn -0.6490 0.5748 0.4984
vn -0.7423 0.5088 0.4360
vn -0.5817 0.3051 0.7540
vn -0.2148 -0.4288 0.8775
vn -0.4830 0.8286 0.2831
vn -0.1640 -0.1767 0.9705
vn -0.2946 0.4210 0.8579
vn -0.5143 0.7099 0.4812
vn -0.3840 0.6777 0.6271
vn -0.6705 0.6604 0.3381
vn -0.4513 0.8258 0.3383
vn -0.6278 0.7685 -0.1236
vn -0.1461 0.9892 0.0057
vn -0.3951 0.9117 -0.1128
vn -0.5813 0.8123 0.0474
vn -0.4080 0.9109 0.0615
vn -0.5506 0.7585 0.3485
vn -0.4190 0.8226 0.3845
vn -0.1184 0.9864 0.1137
vn -0.1354 0.9886 -0.0661
vn 0.1063 0.9871 0.1200
vn 0.1362 0.9895 -0.0482
vn 0.4210 0.8974 0.1319
vn 0.1096 0.9882 0.1068
vn 0.4013 0.9139 -0.0606
vn 0.4603 0.8765 0.1411
vn 0.4385 0.8951 -0.0806
vn 0.3564 0.6889 0.6312
vn 0.4038 0.8101 0.4251
vn 0.5182 0.8552 -0.0072
vn 0.5788 0.6034 0.5485
vn 0.5985 0.6312 0.4933
vn 0.2213 0.6236 0.7498
vn 0.5265 0.4014 0.7494
vn 0.2151 0.7221 0.6575
vn 0.6906 0.1913 0.6975
vn 0.5643 0.4804 0.6714
vn 0.7636 0.1482 0.6284
vn 0.0421 -0.6863 0.7261
vn 0.1277 -0.6376 0.7597
vn 0.1221 -0.5273 0.8409
vn 0.5621 -0.3876 0.7306
vn 0.0210 -0.4585 0.8884
vn 0.2656 0.0862 0.9602
vn 0.3710 -0.1560 0.9154
vn 0.4622 -0.3299 0.8232
vn 0.8240 0.2875 0.4883
vn 0.9120 0.0486 0.4072
vn 0.6005 0.5688 0.5620
vn 0.7629 0.4455 0.4686
vn 0.9125 0.0954 0.3978
vn 0.3616 0.6783 0.6396
vn 0.9132 0.1838 0.3636
vn 0.9462 -0.0147 0.3233
vn 0.9841 -0.0530 0.1697
vn 0.8154 0.4101 0.4085
vn 0.9451 0.2326 0.2294
vn 0.9983 -0.0349 0.0463
vn 0.5202 0.6607 0.5411
vn 0.8466 0.4631 0.2623
vn 0.5928 0.6538 0.4702
vn 0.2059 0.7757 0.5966
vn 0.9542 0.2834 0.0956
vn 0.1193 0.7232 0.6803
vn 0.3196 0.8112 0.4897
vn 0.0662 0.2030 0.9769
vn -0.0420 0.7916 0.6096
vn -0.0154 -0.4284 0.9034
vn -0.0911 0.7112 0.6971
vn -0.0747 0.1595 0.9844
vn -0.2268 0.6962 0.6811
vn -0.1769 0.2857 0.9419
vn 0.0038 0.8854 0.4648
vn -0.0581 -0.3085 0.9495
vn -0.0424 0.9875 0.1518
vn -0.2190 0.7650 0.6057
vn -0.4146 0.7168 0.5605
vn -0.0409 0.8676 0.4955
vn -0.6976 0.5609 0.4458
vn -0.1996 0.8475 0.4918
vn -0.4245 0.7870 0.4476
vn -0.7274 0.5848 0.3591
vn -0.7170 0.6576 0.2312
vn -0.4139 0.8690 0.2711
vn -0.2080 0.9351 0.2868
vn -0.0458 0.9518 0.3034
vn 0.1379 0.8561 0.4982
vn 0.1420 0.9377 0.3170
vn -0.0565 0.9770 0.2055
vn 0.3618 0.8766 0.3174
vn 0.1409 0.9706 0.1953
vn 0.3703 0.9093 0.1899
vn 0.6224 0.7241 0.2974
vn 0.8578 0.4981 0.1266
vn 0.6375 0.7526 0.1647
vn 0.3753 0.9229 0.0865
vn 0.8531 0.5217 -0.0083
vn 0.6483 0.7607 0.0319
vn 0.9522 0.3053 -0.0117
vn 0.9932 -0.0217 -0.1146
vn 0.9604 0.2258 -0.1630
vn 0.6631 0.7422 -0.0968
vn 0.8351 0.5288 -0.1513
vn 0.3819 0.9242 0.0099
vn 0.1711 0.9801 0.1007
vn 0.3573 0.9332 -0.0377
vn -0.0464 0.9924 0.1139
vn 0.1503 0.9880 0.0347
vn -0.0813 0.9958 0.0419
vn 0.0842 0.9933 -0.0794
vn -0.2092 0.9594 0.1893
vn -0.2534 0.9638 0.0835
vn -0.3988 0.9027 0.1615
vn -0.2742 0.9616 0.0096
vn -0.7062 0.7003 0.1039
vn -0.4300 0.9023 0.0310
vn -0.8815 0.4682 0.0607
vn -0.7014 0.7099 -0.0628
vn -0.4599 0.8834 -0.0898
vn -0.1386 0.9872 -0.0786
vn -0.2786 0.9545 -0.1066
vn -0.6766 0.7198 -0.1551
vn -0.0924 0.8605 -0.5009
vn -0.4460 0.8753 -0.1867
vn -0.0840 0.8732 -0.4801
vn -0.1708 0.8570 -0.4863
vn -0.1114 0.8706 -0.4793
vn -0.0986 0.9445 -0.3135
vn -0.2089 0.9316 -0.2973
vn -0.5952 0.7767 -0.2059
vn -0.2029 0.8714 -0.4466
vn -0.8272 0.5294 -0.1886
vn -0.7799 0.5883 -0.2135
vn -0.8640 0.4908 -0.1126
vn -0.9207 0.3248 -0.2162
vn -0.9451 0.2973 -0.1353
vn -0.9768 0.1456 -0.1572
vn -0.9565 0.1602 -0.2437
vn -0.9530 -0.0389 -0.3003
vn -0.9372 -0.1723 -0.3032
vn -0.9423 -0.2145 -0.2570
vn -0.9476 0.1132 -0.2986
vn -0.9678 -0.0708 -0.2416
vn -0.9689 -0.2074 -0.1349
vn -0.9341 0.0089 -0.3568
vn -0.9559 0.1811 -0.2311
vn -0.9912 0.0363 -0.1276
vn -0.9788 -0.1961 -0.0598
vn -0.9301 0.2979 -0.2147
vn -0.8360 0.2111 -0.5064
vn -0.9154 0.2676 -0.3009
vn -0.8686 0.4283 -0.2491
vn -0.7161 0.4446 -0.5381
vn -0.5544 0.7152 -0.4257
vn -0.8846 0.4159 -0.2111
vn -0.7798 0.6017 -0.1730
vn -0.4091 0.8858 -0.2189
vn -0.8176 0.5670 -0.1000
vn -0.1747 0.9643 -0.1991
vn -0.5049 0.8508 -0.1456
vn -0.4729 0.8750 -0.1041
vn -0.9316 0.3505 -0.0966
vn -0.4193 0.9077 -0.0141
vn -0.9389 0.3276 -0.1060
vn -0.8077 0.5895 0.0135
vn -0.9981 -0.0152 -0.0595
vn -0.9641 0.2649 -0.0151
vn -0.9979 -0.0392 0.0514
vn -0.9896 -0.1243 0.0727
vn -0.9413 0.3370 0.0169
vn -0.9762 0.1940 0.0966
vn -0.9328 0.3291 0.1470
vn -0.9803 0.1222 0.1551
vn -0.9929 -0.0735 0.0934
vn -0.9890 -0.1071 0.1019
vn -0.9833 -0.0451 -0.1762
vn -0.9774 -0.0335 -0.2086
vn -0.6266 0.1338 -0.7678
vn -0.9271 0.3134 0.2056
vn -0.4638 0.0646 -0.8836
vn -0.7732 0.1114 -0.6243
vn -0.9789 -0.0200 -0.2035
vn -0.3967 -0.2507 -0.8831
vn -0.7131 0.1011 -0.6937
vn -0.6906 -0.1867 -0.6987
vn -0.8164 0.0603 -0.5743
vn -0.7219 0.1608 -0.6730
vn -0.2152 0.2779 -0.9362
vn -0.2750 0.1098 -0.9551
vn -0.2457 -0.2466 -0.9374
vn -0.8355 -0.1483 -0.5291
vn -0.4952 -0.4133 -0.7641
vn -0.6470 -0.3264 -0.6891
vn -0.8648 -0.1614 -0.4755
vn -0.6400 -0.4562 -0.6183
vn -0.5316 -0.3877 -0.7530
vn -0.7290 -0.3557 -0.5849
vn -0.8670 -0.2045 -0.4545
vn -0.7757 -0.3787 -0.5048
vn -0.9791 0.0874 -0.1838
vn -0.9146 -0.0748 -0.3974
vn -0.6514 -0.1127 -0.7503
vn -0.6669 -0.2292 -0.7090
vn -0.6533 -0.3806 -0.6544
vn -0.9465 0.2069 -0.2477
vn -0.9590 0.2087 -0.1919
vn -0.4741 0.7720 -0.4235
vn -0.1327 0.3667 -0.9208
vn -0.4737 0.6168 -0.6286
vn -0.0988 0.9363 -0.3369
vn -0.0193 0.4420 -0.8968
vn 0.0253 0.9465 -0.3218
vn 0.2885 0.2561 -0.9226
vn -0.0583 0.9397 -0.3369
vn 0.3513 0.8362 -0.4212
vn 0.6439 0.6334 -0.4292
vn 0.5839 -0.3550 -0.7301
vn 0.2786 0.8071 -0.5206
vn -0.0003 0.9062 -0.4227
vn 0.9385 0.0528 -0.3413
vn 0.8422 0.1535 -0.5168
vn 0.7855 -0.1759 -0.5934
vn 0.2502 -0.6377 -0.7285
vn 0.0761 -0.3565 -0.9312
vn 0.7301 -0.1009 -0.6759
vn 0.2819 -0.3323 -0.9001
vn 0.4418 -0.4185 -0.7935
vn 0.0336 -0.6040 -0.7963
vn 0.0417 0.2190 -0.9748
vn 0.2361 0.0374 -0.9710
vn -0.0543 0.1742 -0.9832
vn 0.1533 0.9049 -0.3970
vn -0.0938 0.2532 -0.9629
vn -0.0277 0.9265 -0.3754
vn -0.2574 0.2001 -0.9453
vn -0.1416 0.9464 -0.2904
vn -0.6995 -0.1476 -0.6992
vn -0.4053 0.8774 -0.2569
vn -0.8847 0.4135 -0.2152
vn -0.3157 0.9384 0.1402
vn -0.8258 0.5363 0.1744
vn -0.6871 0.7023 0.1863
vn -0.1117 0.9861 0.1231
vn -0.3910 0.9143 0.1061
vn -0.7678 0.6275 0.1295
vn -0.0867 0.9928 0.0824
vn -0.1115 0.9930 -0.0382
vn -0.1511 0.9816 -0.1164
vn 0.1096 0.9847 -0.1354
vn 0.0831 0.9956 -0.0427
vn 0.0057 0.9911 0.1329
vn 0.0534 0.9954 0.0793
vn 0.1038 0.9892 0.1032
vn 0.4072 0.9125 -0.0388
vn 0.4066 0.7423 -0.5326
vn 0.4004 0.9124 0.0852
vn 0.3726 0.9264 0.0540
vn 0.8420 0.2569 -0.4744
vn 0.4793 -0.2726 -0.8342
vn 0.8381 0.5448 0.0269
vn 0.9315 0.1325 -0.3388
vn 0.5070 -0.2635 -0.8207
vn -0.0570 -0.5246 -0.8494
vn 0.3635 -0.3098 -0.8786
vn -0.1575 -0.2238 -0.9618
vn 0.3243 -0.0823 -0.9424
vn 0.7245 -0.0024 -0.6893
vn 0.1800 -0.1371 -0.9741
vn 0.3477 -0.0106 -0.9375
vn 0.6929 0.0730 -0.7173
vn 0.1150 0.1414 -0.9833
vn 0.1550 0.4563 -0.8762
vn 0.7304 0.2223 -0.6458
vn 0.2802 0.6151 -0.7370
vn 0.9831 -0.1259 -0.1326
vn 0.8452 0.1900 -0.4996
vn 0.5036 0.5477 -0.6681
vn 0.9532 -0.3024 -0.0029
vn 0.9165 0.1082 -0.3850
vn 0.7876 -0.1510 -0.5974
vn 0.2126 0.4741 -0.8544
vn 0.8066 -0.5865 0.0738
vn 0.4515 -0.6383 -0.6235
vn -0.0528 0.2869 -0.9565
vn 0.3806 -0.9221 0.0695
vn -0.0038 -0.8210 -0.5709
vn -0.0145 0.4001 -0.9164
vn 0.0177 -0.9877 0.1551
vn -0.0656 -0.9763 -0.2062
vn -0.2532 0.4063 -0.8780
vn -0.1920 0.4763 -0.8581
vn -0.2982 -0.9132 -0.2777
vn 0.7622 0.1452 -0.6308
vn -0.7817 -0.3871 -0.4889
vn -0.6178 0.4071 -0.6727
vn 0.1594 0.4248 -0.8912
vn -0.9628 -0.2009 -0.1807
vn -0.7898 0.4117 -0.4547
vn 0.0011 0.3002 -0.9539
vn -0.9659 -0.0247 -0.2576
vn -0.4603 0.6433 -0.6118
vn -0.4008 -0.9113 0.0938
vn -0.8175 0.2349 -0.5259
vn -0.2611 0.6352 -0.7269
vn -0.9321 -0.0044 -0.3622
vn -0.8320 0.0724 -0.5500
vn -0.6315 0.2837 -0.7216
vn -0.0234 -0.9900 0.1391
vn -0.3800 0.5110 -0.7710
vn -0.6641 0.3285 -0.6716
vn -0.9747 -0.0839 -0.2074
vn -0.1139 0.5793 -0.8071
vn 0.0117 0.5281 -0.8491
vn -0.0431 0.6757 -0.7359
vn -0.0295 0.7327 -0.6799
vn -0.0672 0.7671 -0.6380
vn 0.0414 0.7340 -0.6779
vn -0.0713 -0.3741 -0.9247
vn -0.2838 -0.2180 -0.9338
vn -0.7031 0.3234 -0.6333
vn -0.7082 0.3738 -0.5989
vn -0.4147 -0.8896 -0.1917
vn -0.9113 -0.2838 -0.2983
vn -0.9579 -0.2070 -0.1990
vn -0.1014 -0.9842 -0.1452
vn -0.3826 -0.9060 0.1810
vn -0.6943 -0.6966 0.1810
vn -0.9765 -0.1197 -0.1790
vn -0.7207 -0.6448 0.2546
vn -0.8534 -0.4246 0.3022
vn -0.8766 -0.4394 0.1960
vn -0.8153 -0.5545 0.1667
vn -0.8637 -0.4926 0.1065
vn -0.6661 -0.7254 0.1735
vn -0.8151 -0.5792 0.0121
vn -0.8506 -0.5248 -0.0329
vn -0.7983 -0.5943 -0.0977
vn -0.7397 -0.6722 0.0327
vn -0.7705 -0.6341 -0.0652
vn -0.7229 -0.6605 -0.2026
vn -0.0855 -0.9901 0.1111
vn -0.7226 -0.6744 -0.1520
vn 0.0113 -0.9927 -0.1197
vn -0.1314 -0.9882 0.0786
vn 0.0286 -0.9929 0.1158
vn -0.0203 -0.4301 -0.9026
vn 0.4816 -0.8647 -0.1429
vn 0.3690 -0.3028 -0.8787
vn 0.1429 0.6265 -0.7662
vn 0.8943 -0.3502 -0.2786
vn 0.7428 0.1620 -0.6496
vn 0.0292 0.6838 -0.7291
vn 0.6809 0.2535 -0.6871
vn -0.2147 0.5386 -0.8147
vn 0.4950 0.3112 -0.8113
vn 0.9354 -0.2316 -0.2671
vn 0.8091 -0.5856 0.0499
vn 0.9354 -0.0962 -0.3403
vn 0.4362 -0.8933 0.1082
vn 0.8739 -0.4811 0.0703
vn 0.8536 -0.5190 0.0449
vn 0.0812 -0.9944 0.0671
vn 0.6274 -0.7773 0.0462
vn 0.1032 -0.9935 -0.0471
vn -0.1493 -0.9881 -0.0372
vn 0.6692 -0.7401 -0.0660
vn 0.0237 -0.9899 -0.1395
vn -0.2173 -0.9693 -0.1151
vn 0.8411 -0.5348 -0.0807
vn 0.5790 -0.8001 -0.1569
vn 0.9072 -0.4204 0.0129
vn 0.8058 -0.5706 -0.1585
vn 0.9539 -0.2982 0.0328
vn 0.8967 -0.4334 -0.0899
vn 0.9161 -0.0101 -0.4007
vn 0.8937 -0.4204 -0.1564
vn 0.9787 -0.1962 -0.0599
vn 0.9632 -0.2633 -0.0535
vn 0.9475 -0.2972 -0.1183
vn 0.8744 -0.4499 -0.1816
vn 0.9900 0.1002 -0.0997
vn 0.7851 -0.5956 -0.1701
vn 0.9262 -0.3345 -0.1739
vn 0.9767 0.1670 -0.1349
vn 0.9943 0.0632 -0.0863
vn 0.9622 0.2703 -0.0341
vn 0.9382 0.0545 -0.3419
vn 0.9792 0.2026 0.0045
vn 0.9186 0.3796 -0.1096
vn 0.3525 0.0631 -0.9337
vn 0.9632 0.1896 -0.1905
vn 0.3350 0.2788 -0.9000
vn -0.2614 0.3801 -0.8873
vn -0.1507 0.0528 -0.9872
vn 0.3083 -0.1134 -0.9445
vn 0.9288 0.1252 -0.3489
vn 0.9458 0.3230 0.0341
vn 0.9430 0.3322 0.0210
vn 0.8390 0.5420 0.0472
vn 0.9187 0.3877 -0.0759
vn 0.8621 0.5038 -0.0544
vn 0.8030 0.5748 -0.1574
vn 0.8734 0.4493 -0.1879
vn 0.8867 0.4244 -0.1834
vn 0.8480 0.4468 -0.2850
vn 0.4214 0.8969 -0.1344
vn 0.7545 0.5950 -0.2769
vn 0.0518 0.9731 -0.2243
vn 0.4837 0.8380 -0.2525
vn -0.0217 0.9541 -0.2988
vn 0.1677 0.9331 -0.3181
vn -0.2547 0.8186 -0.5149
vn 0.2207 0.9564 -0.1914
vn -0.1961 0.8216 -0.5352
vn 0.3478 0.8129 -0.4672
vn 0.3745 0.8580 -0.3514
vn 0.5368 0.8303 -0.1498
vn 0.7158 0.6525 -0.2487
vn 0.6082 0.6894 -0.3934
vn 0.5532 0.5600 -0.6167
vn 0.7728 0.5711 -0.2768
vn 0.7403 0.5565 -0.3772
vn 0.7412 0.3234 -0.5882
vn 0.8601 0.4164 -0.2946
vn 0.8220 0.3917 -0.4134
vn 0.9194 0.2717 -0.2844
vn 0.9086 0.0527 -0.4144
vn 0.9322 -0.1960 -0.3042
vn 0.9285 0.0784 -0.3629
vn 0.9458 -0.1735 -0.2745
vn 0.9141 0.3176 -0.2520
vn 0.9574 0.1684 -0.2346
vn 0.9492 -0.2666 -0.1669
vn 0.9758 -0.0670 -0.2080
vn 0.9103 -0.3545 -0.2138
vn 0.8911 -0.4042 -0.2062
vn 0.8438 -0.5086 -0.1711
vn 0.8633 -0.4774 -0.1635
vn 0.8198 -0.5561 -0.1367
vn 0.7753 -0.6113 -0.1589
vn 0.9517 -0.3071 -0.0050
vn 0.7810 -0.6094 -0.1364
vn 0.6793 -0.7129 -0.1740
vn 0.5658 -0.8038 -0.1837
vn 0.5789 -0.7893 -0.2047
vn 0.0232 -0.9629 -0.2688
vn 0.0201 -0.9662 -0.2571
vn 0.0083 -0.9737 -0.2275
vn -0.0072 -0.9819 -0.1890
vn -0.2308 -0.9472 -0.2225
vn -0.2551 -0.9515 -0.1719
vn -0.7168 -0.6883 -0.1118
vn -0.7328 -0.6787 -0.0482
vn -0.6572 -0.7282 -0.1945
vn -0.2038 -0.9437 -0.2604
vn -0.6533 -0.7178 -0.2408
vn -0.6400 -0.7154 -0.2802
vn -0.6204 -0.7476 -0.2371
vn -0.2006 -0.9361 -0.2889
vn -0.6188 -0.7428 -0.2556
vn -0.6310 -0.7321 -0.2567
vn -0.6154 -0.7347 -0.2854
vn -0.1837 -0.9345 -0.3049
vn -0.6353 -0.7359 -0.2343
vn -0.6726 -0.7205 -0.1688
vn -0.6652 -0.6878 -0.2907
vn -0.1449 -0.9357 -0.3216
vn -0.6998 -0.6966 -0.1581
vn -0.7193 -0.6938 -0.0343
vn -0.7667 -0.6419 -0.0034
vn -0.7860 -0.5851 -0.1994
vn -0.7288 -0.5875 -0.3517
vn -0.7672 -0.5065 -0.3934
vn -0.1837 -0.9047 -0.3844
vn 0.2987 -0.8544 -0.4251
vn 0.0050 -0.8920 -0.4520
vn 0.1390 -0.9630 -0.2311
vn 0.4248 -0.7809 -0.4580
vn -0.1021 -0.8331 -0.5436
vn 0.6177 -0.7443 -0.2541
vn -0.0462 -0.9357 -0.3498
vn -0.1687 -0.9595 -0.2256
vn -0.5893 -0.7602 -0.2736
vn -0.8168 -0.5639 -0.1220
vn 0.1008 -0.7889 -0.6062
vn -0.2286 -0.7255 -0.6492
vn -0.6292 -0.4160 -0.6565
vn -0.9562 -0.2924 -0.0136
vn -0.9862 -0.1657 0.0050
vn 0.4274 -0.3882 -0.8165
vn 0.8988 -0.3267 -0.2923
vn 0.9592 -0.1432 -0.2438
vn -0.7141 -0.1392 -0.6860
vn 0.5425 -0.1017 -0.8338
vn -0.7229 0.0310 -0.6903
vn -0.9995 0.0227 0.0203
vn 0.5108 0.0985 -0.8540
vn 0.9832 0.0717 -0.1677
vn -0.6815 0.2378 -0.6921
vn -0.9749 0.2098 -0.0742
vn 0.5369 0.2520 -0.8051
vn 0.9301 0.3111 -0.1951
vn -0.0765 0.0254 -0.9967
vn 0.1744 0.7711 -0.6124
vn 0.6528 0.7355 -0.1813
vn -0.7127 0.4399 -0.5463
vn -0.9505 0.2890 -0.1141
vn -0.7189 0.6780 -0.1534
vn -0.0831 0.8034 -0.5896
vn 0.0786 0.9729 -0.2172
vn 0.2155 0.8877 -0.4068
vn 0.2396 0.9175 -0.3175
vn 0.2511 0.8968 -0.3643
vn 0.0078 0.9135 -0.4067
vn -0.0588 0.9794 -0.1934
vn -0.0714 0.9592 -0.2735
vn -0.4426 0.8638 -0.2409
vn -0.5006 0.8477 -0.1756
vn 0.5105 0.2727 -0.8155
vn 0.4249 0.5453 -0.7226
vn 0.6877 0.4343 -0.5818
vn 0.5160 0.7446 -0.4234
vn 0.7059 0.1816 -0.6847
vn 0.5350 -0.0522 -0.8432
vn 0.7171 0.5921 -0.3676
vn 0.1900 0.9542 -0.2311
vn 0.7322 -0.0682 -0.6777
vn 0.6169 0.7682 -0.1710
vn 0.7273 -0.3080 -0.6133
vn 0.4951 -0.3795 -0.7816
vn 0.9474 0.0894 -0.3073
vn 0.9506 -0.0332 -0.3088
vn 0.7068 -0.5266 -0.4723
vn 0.4257 -0.6486 -0.6310
vn 0.9486 -0.1687 -0.2679
vn 0.6925 -0.6730 -0.2597
vn 0.9393 -0.2755 -0.2043
vn 0.9622 -0.1387 -0.2342
vn 0.6735 -0.7388 -0.0239
vn 0.9573 -0.2346 -0.1690
vn 0.9380 -0.3343 -0.0912
vn 0.9546 -0.2886 -0.0744
vn 0.6513 -0.7198 0.2403
vn 0.3408 -0.8999 0.2719
vn 0.9276 -0.3721 0.0334
vn 0.5682 -0.6517 0.5024
vn 0.1667 -0.7824 0.6001
vn 0.9266 -0.3412 0.1579
vn 0.9494 -0.3119 0.0354
vn 0.9452 -0.2954 0.1389
vn 0.9169 -0.2976 0.2660
vn 0.5690 -0.4467 0.6904
vn 0.1672 -0.5320 0.8301
vn 0.0106 -0.2808 0.9597
vn 0.5198 -0.1998 0.8306
vn -0.0211 0.0811 0.9965
vn 0.9089 -0.2061 0.3624
vn 0.9315 -0.2683 0.2455
vn 0.5195 0.0693 0.8517
vn 0.0100 0.3820 0.9241
vn 0.9027 -0.0924 0.4203
vn 0.9279 -0.1868 0.3227
vn 0.7179 -0.5485 0.4287
vn 0.7383 -0.6390 0.2158
vn 0.9251 -0.0789 0.3715
vn 0.7571 -0.6532 -0.0079
vn 0.8993 0.0325 0.4361
vn 0.7666 -0.6008 -0.2265
vn 0.8986 0.1557 0.4103
vn 0.7741 -0.4736 -0.4200
vn 0.5370 0.3447 0.7700
vn 0.0861 0.6936 0.7152
vn 0.5417 0.5843 0.6043
vn 0.1617 0.8953 0.4150
vn 0.9122 0.2548 0.3208
vn 0.5803 0.7237 0.3735
vn 0.1624 0.9810 0.1064
vn 0.9182 0.3304 0.2184
vn 0.6012 0.7925 0.1028
vn 0.9268 0.3634 0.0946
vn 0.9342 0.3550 -0.0356
vn 0.9305 0.2259 0.2882
vn 0.9340 0.2940 0.2032
vn 0.9159 0.1428 0.3750
vn 0.7183 0.4659 0.5167
vn 0.9248 0.0210 0.3799
vn 0.7147 0.2725 0.6441
vn 0.7099 -0.1683 0.6839
vn 0.7054 0.0557 0.7066
vn 0.7121 -0.3790 0.5910
vn 0.8252 -0.2970 0.4804
vn 0.8292 -0.4337 0.3526
vn 0.8542 -0.4866 0.1830
vn 0.7646 -0.5080 0.3967
vn 0.8341 -0.1256 0.5371
vn 0.7524 -0.3477 0.5595
vn 0.7689 -0.6083 0.1969
vn 0.8690 -0.4946 0.0136
vn 0.8861 -0.3603 0.2915
vn 0.8780 -0.4540 -0.1518
vn 0.7932 -0.6089 0.0003
vn 0.8849 -0.3607 -0.2946
vn 0.8051 -0.5576 -0.2022
vn 0.8097 -0.4509 -0.3756
vn 0.8828 -0.2243 -0.4128
vn 0.7846 -0.2813 -0.5525
vn 0.8192 -0.2726 -0.5046
vn 0.9666 -0.0186 -0.2555
vn 0.8865 -0.0461 -0.4604
vn 0.7935 -0.0603 -0.6056
vn 0.9594 0.0764 -0.2714
vn 0.7997 0.1621 -0.5780
vn 0.9027 0.1226 -0.4124
vn 0.7826 0.3781 -0.4945
vn 0.9501 0.2067 -0.2338
vn 0.9564 0.1905 -0.2213
vn 0.9353 0.3155 -0.1604
vn 0.9538 0.2706 -0.1309
vn 0.9476 0.3180 -0.0293
vn 0.7770 0.5383 -0.3265
vn 0.9363 0.3399 0.0889
vn 0.7640 0.6341 -0.1195
vn 0.8916 0.2845 -0.3524
vn 0.8858 0.4045 -0.2276
vn 0.8225 0.3512 -0.4473
vn 0.7515 0.6515 0.1043
vn 0.8749 0.4787 -0.0734
vn 0.7322 0.5988 0.3246
vn 0.8541 0.5110 0.0963
vn 0.8407 0.4667 0.2745
vn 0.8428 0.3471 0.4114
vn 0.7701 0.5534 0.3174
vn 0.8388 0.2044 0.5046
vn 0.7573 0.4235 0.4972
vn 0.8280 0.0420 0.5591
vn 0.7571 0.2505 0.6034
vn 0.7480 -0.1457 0.6476
vn 0.7490 0.0520 0.6605
vn 0.8782 -0.2330 0.4176
vn 0.8731 -0.0783 0.4813
vn 0.8772 0.1696 0.4491
vn 0.9912 -0.0452 0.1244
vn 0.8762 0.0344 0.4807
vn 0.8802 0.2737 0.3876
vn 0.9900 0.0027 0.1411
vn 0.8908 0.3769 0.2539
vn 0.9962 -0.0080 0.0866
vn 0.9975 -0.0001 0.0703
vn 0.9975 -0.0123 0.0692
vn 0.9902 0.0534 0.1289
vn 0.9968 0.0245 0.0764
vn 0.8966 -0.4215 0.1360
vn 0.9949 0.0732 0.0696
vn 0.9008 -0.4333 0.0285
vn 0.9022 0.4238 0.0808
vn 0.9108 -0.3964 -0.1151
vn 0.7896 0.6061 0.0956
vn 0.9165 -0.3339 -0.2205
vn 0.7930 0.5966 -0.1230
vn 0.9250 -0.2013 -0.3222
vn 0.8146 0.4985 -0.2964
vn 0.9131 0.3993 -0.0821
vn 0.9169 0.3549 -0.1826
vn 0.9240 0.2508 -0.2885
vn 0.9981 0.0027 0.0608
vn 0.9979 0.0614 0.0183
vn 0.9992 0.0160 0.0353
vn 0.9982 -0.0086 0.0586
vn 0.9989 -0.0051 0.0456
vn 0.9262 0.1454 -0.3479
vn 0.9995 0.0255 -0.0195
vn 0.8231 0.1717 -0.5413
vn 0.9290 -0.0282 -0.3690
vn 0.8282 -0.0504 -0.5581
vn 0.9993 -0.0360 -0.0040
vn 0.9967 -0.0764 0.0291
vn 0.9975 -0.0358 0.0604
vn 0.9929 -0.0893 0.0788
vn -0.2172 0.8909 0.3989
vn -0.6438 0.5765 0.5031
vn -0.0759 0.7073 0.7029
vn -0.6318 0.7265 0.2703
vn -0.2057 0.9756 0.0773
vn -0.6502 0.3420 0.6785
vn -0.6327 0.7742 0.0131
vn -0.1720 0.9463 -0.2739
vn -0.6613 0.0500 0.7485
vn -0.6056 0.7588 -0.2397
vn -0.6670 -0.2074 0.7156
vn -0.3287 -0.2413 0.9131
vn -0.9588 0.0258 0.2828
vn -0.6779 -0.4372 0.5911
vn -0.4306 -0.5418 0.7218
vn -0.3175 -0.7829 0.5350
vn -0.9605 -0.0873 0.2641
vn -0.6411 -0.6503 0.4076
vn -0.2785 -0.9305 0.2379
vn -0.9560 -0.1982 0.2162
vn -0.6250 -0.7648 0.1562
vn -0.2536 -0.9618 -0.1030
vn -0.9522 -0.2759 0.1311
vn -0.9803 -0.1394 0.1397
vn -0.6084 -0.7849 -0.1174
vn -0.9780 -0.1953 0.0736
vn -0.9837 -0.0585 0.1700
vn -0.7805 -0.3792 0.4970
vn -0.9732 -0.2299 -0.0024
vn -0.9475 -0.3190 0.0240
vn -0.7736 -0.5419 0.3284
vn -0.9697 -0.2297 -0.0838
vn -0.9416 -0.3237 -0.0927
vn -0.5911 -0.7109 -0.3811
vn -0.2425 -0.8768 -0.4152
vn -0.9331 -0.2963 -0.2038
vn -0.5850 -0.5462 -0.5996
vn -0.1979 -0.6945 -0.6918
vn -0.2158 -0.4168 -0.8830
vn -0.9628 -0.2151 -0.1635
vn -0.5858 -0.3280 -0.7411
vn -0.2693 -0.1143 -0.9562
vn -0.9326 -0.2237 -0.2833
vn -0.9627 -0.1641 -0.2152
vn -0.5949 -0.0566 -0.8018
vn -0.2795 0.2303 -0.9321
vn -0.9360 -0.1190 -0.3312
vn -0.5739 0.2100 -0.7916
vn -0.2908 0.5272 -0.7984
vn -0.9117 -0.0402 -0.4090
vn -0.9138 0.0948 -0.3950
vn -0.9609 -0.1033 -0.2570
vn -0.9635 0.0699 -0.2584
vn -0.7184 -0.4661 -0.5164
vn -0.9450 -0.0334 -0.3254
vn -0.7189 -0.2877 -0.6328
vn -0.7358 -0.5948 -0.3238
vn -0.8417 -0.3518 -0.4095
vn -0.7544 -0.6478 -0.1061
vn -0.8545 -0.4466 -0.2654
vn -0.7634 -0.6351 0.1178
vn -0.8670 -0.4881 -0.1005
vn -0.8744 -0.4806 0.0670
vn -0.8726 -0.4251 0.2405
vn -0.8792 -0.2952 0.3740
vn -0.8096 -0.5073 0.2953
vn -0.8221 -0.3433 0.4542
vn -0.8956 -0.1252 0.4268
vn -0.7926 -0.1654 0.5869
vn -0.8200 -0.1453 0.5535
vn -0.9808 0.0259 0.1932
vn -0.9061 0.0453 0.4205
vn -0.8052 0.0592 0.5900
vn -0.7888 0.2794 0.5475
vn -0.9822 0.1050 0.1556
vn -0.9629 0.1437 0.2286
vn -0.7753 0.4724 0.4192
vn -0.9555 0.2480 0.1597
vn -0.9774 0.1794 0.1117
vn -0.9395 0.3288 0.0961
vn -0.9757 0.2119 0.0554
vn -0.9416 0.3346 -0.0364
vn -0.9715 0.2332 -0.0432
vn -0.7677 0.5967 0.2336
vn -0.9374 0.3155 -0.1474
vn -0.9692 0.2092 -0.1297
vn -0.5949 0.6444 -0.4804
vn -0.1537 0.8094 -0.5668
vn -0.9287 0.2688 -0.2554
vn -0.6015 0.4330 -0.6713
vn -0.9218 0.1889 -0.3384
vn -0.9586 0.1458 -0.2446
vn -0.9509 0.2224 -0.2151
vn -0.7207 0.5449 -0.4286
vn -0.7214 0.3848 -0.5758
vn -0.7574 0.1584 -0.6334
vn -0.7415 0.6317 -0.2260
vn -0.7685 -0.0475 -0.6381
vn -0.7884 0.6152 0.0024
vn -0.8238 -0.2178 -0.5233
vn -0.8648 0.4741 0.1657
vn -0.7526 -0.4480 -0.4827
vn -0.8847 0.3582 0.2983
vn -0.8566 0.5158 -0.0140
vn -0.8945 0.2136 0.3927
vn -0.8058 0.4364 0.4002
vn -0.8255 0.2629 0.4994
vn -0.8350 0.0565 0.5473
vn -0.9263 0.0419 0.3745
vn -0.9255 0.1927 0.3262
vn -0.8038 0.5557 0.2122
vn -0.9227 0.2810 0.2640
vn -0.9131 0.3853 0.1334
vn -0.7870 0.6169 -0.0075
vn -0.7723 0.5944 -0.2244
vn -0.9014 0.4311 -0.0396
vn -0.9982 0.0336 -0.0503
vn -0.8557 0.4823 -0.1874
vn -0.8449 0.4105 -0.3430
vn -0.7653 0.5005 -0.4046
vn -0.8393 0.2854 -0.4628
vn -0.8892 0.4091 -0.2051
vn -0.8336 0.1309 -0.5367
vn -0.7575 0.3493 -0.5515
vn -0.8111 -0.0398 -0.5836
vn -0.7405 0.1757 -0.6487
vn -0.8837 0.3489 -0.3118
vn -0.7545 -0.2622 -0.6016
vn -0.7469 -0.0423 -0.6635
vn -0.8783 -0.1897 -0.4389
vn -0.8744 -0.0161 -0.4849
vn -0.8766 0.2427 -0.4155
vn -0.8766 0.1437 -0.4592
vn -0.9915 0.0691 -0.1102
vn -0.9956 0.0218 -0.0908
vn -0.9977 0.0097 -0.0664
vn -0.9887 0.0325 -0.1462
vn -0.9952 0.0777 -0.0587
vn -0.9968 0.0023 -0.0803
vn -0.9906 -0.0290 -0.1337
vn -0.9976 -0.0016 -0.0686
vn -0.8861 -0.3188 -0.3364
vn -0.9929 -0.0676 -0.0979
vn -0.8896 -0.3837 -0.2477
vn -0.7764 -0.5503 -0.3072
vn -0.9973 -0.0303 -0.0672
vn -0.8998 -0.4236 -0.1048
vn -0.7907 -0.6026 -0.1082
vn -0.7970 -0.5969 0.0920
vn -0.9063 -0.4223 0.0159
vn -0.9954 -0.0824 -0.0479
vn -0.9190 -0.3555 0.1707
vn -0.9983 -0.0054 -0.0580
vn -0.9249 -0.2321 0.3012
vn -0.9300 -0.0773 0.3593
vn -0.9993 -0.0382 -0.0025
vn -0.9992 -0.0010 -0.0406
vn -0.9999 0.0096 0.0143
vn -0.9984 0.0069 -0.0569
vn -0.9982 0.0603 0.0022
s 1
f 1/1/1 2/2/2 3/3/3
f 2/2/2 1/1/1 4/4/4
f 4/4/4 5/5/5 2/2/2
f 1/1/1 6/6/6 4/4/4
f 5/5/5 4/4/4 7/7/7
f 6/6/6 8/8/8 4/4/4
f 8/8/8 7/7/7 4/4/4
f 8/8/8 6/6/6 9/9/9
f 10/10/10 9/9/9 6/6/6
f 11/11/11 9/9/9 10/10/10
f 7/7/7 8/8/8 12/12/12
f 9/9/9 12/12/12 8/8/8
f 13/13/13 5/5/5 7/7/7
f 5/5/5 13/13/13 14/14/14
f 15/15/15 7/7/7 12/12/12
f 7/7/7 15/15/15 13/13/13
f 12/12/12 9/9/9 16/16/16
f 16/16/16 15/15/15 12/12/12
f 9/9/9 11/11/11 17/17/17
f 17/17/17 16/16/16 9/9/9
f 11/11/11 18/18/18 17/17/17
f 18/18/18 11/11/11 19/19/19
f 20/20/20 18/18/18 19/19/19
f 16/16/16 17/17/17 21/21/21
f 18/18/18 20/20/20 22/22/22
f 23/23/23 17/17/17 18/18/18
f 17/17/17 23/23/23 21/21/21
f 22/22/22 23/23/23 18/18/18
f 21/21/21 24/24/24 16/16/16
f 15/15/15 16/16/16 24/24/24
f 23/23/23 25/25/25 21/21/21
f 24/24/24 21/21/21 25/25/25
f 24/24/24 26/26/26 15/15/15
f 26/26/26 13/13/13 15/15/15
f 25/25/25 27/27/27 24/24/24
f 26/26/26 24/24/24 27/27/27
f 23/23/23 28/28/28 25/25/25
f 27/27/27 25/25/25 29/29/29
f 28/28/28 29/29/29 25/25/25
f 27/27/27 30/30/30 26/26/26
f 29/29/29 30/30/30 27/27/27
f 31/31/31 28/28/28 23/23/23
f 23/23/23 22/22/22 31/31/31
f 29/29/29 28/28/28 32/32/32
f 28/28/28 31/31/31 33/33/33
f 33/33/33 32/32/32 28/28/28
f 22/22/22 34/34/34 31/31/31
f 34/34/34 33/33/33 31/31/31
f 32/32/32 35/35/35 29/29/29
f 30/30/30 29/29/29 35/35/35
f 34/34/34 22/22/22 36/36/36
f 20/20/20 36/36/36 22/22/22
f 37/37/37 36/36/36 20/20/20
f 36/36/36 37/37/37 38/38/38
f 37/37/37 39/39/39 38/38/38
f 40/40/40 36/36/36 38/38/38
f 34/34/34 36/36/36 40/40/40
f 39/39/39 41/41/41 38/38/38
f 41/41/41 40/40/40 38/38/38
f 42/42/42 41/41/41 39/39/39
f 43/43/43 41/41/41 42/42/42
f 44/44/44 34/34/34 40/40/40
f 41/41/41 43/43/43 45/45/45
f 45/45/45 43/43/43 46/46/46
f 40/40/40 41/41/41 47/47/47
f 47/47/47 44/44/44 40/40/40
f 48/48/48 41/41/41 45/45/45
f 41/41/41 48/48/48 47/47/47
f 46/46/46 49/49/49 45/45/45
f 49/49/49 48/48/48 45/45/45
f 46/46/46 50/50/50 49/49/49
f 51/51/51 50/50/50 46/46/46
f 48/48/48 49/49/49 52/52/52
f 50/50/50 52/52/52 49/49/49
f 51/51/51 53/53/53 54/54/54
f 50/50/50 51/51/51 54/54/54
f 54/54/54 55/55/55 50/50/50
f 52/52/52 50/50/50 55/55/55
f 55/55/55 54/54/54 56/56/56
f 57/57/57 48/48/48 52/52/52
f 55/55/55 57/57/57 52/52/52
f 56/56/56 58/58/58 55/55/55
f 57/57/57 55/55/55 58/58/58
f 58/58/58 56/56/56 59/59/59
f 59/59/59 60/60/60 58/58/58
f 60/60/60 57/57/57 58/58/58
f 60/60/60 59/59/59 61/61/61
f 61/61/61 62/62/62 60/60/60
f 48/48/48 57/57/57 63/63/63
f 63/63/63 47/47/47 48/48/48
f 57/57/57 60/60/60 64/64/64
f 64/64/64 63/63/63 57/57/57
f 65/65/65 60/60/60 62/62/62
f 65/65/65 64/64/64 60/60/60
f 62/62/62 66/66/66 65/65/65
f 47/47/47 63/63/63 67/67/67
f 44/44/44 47/47/47 67/67/67
f 68/68/68 65/65/65 66/66/66
f 68/68/68 66/66/66 69/69/69
f 64/64/64 65/65/65 70/70/70
f 68/68/68 70/70/70 65/65/65
f 63/63/63 64/64/64 71/71/71
f 71/71/71 67/67/67 63/63/63
f 72/72/72 64/64/64 70/70/70
f 64/64/64 72/72/72 71/71/71
f 67/67/67 71/71/71 73/73/73
f 74/74/74 71/71/71 72/72/72
f 71/71/71 74/74/74 73/73/73
f 75/75/75 67/67/67 73/73/73
f 74/74/74 75/75/75 73/73/73
f 67/67/67 75/75/75 44/44/44
f 72/72/72 76/76/76 74/74/74
f 75/75/75 77/77/77 44/44/44
f 34/34/34 44/44/44 77/77/77
f 33/33/33 34/34/34 77/77/77
f 77/77/77 75/75/75 78/78/78
f 78/78/78 33/33/33 77/77/77
f 75/75/75 74/74/74 79/79/79
f 76/76/76 79/79/79 74/74/74
f 75/75/75 80/80/80 78/78/78
f 80/80/80 75/75/75 79/79/79
f 33/33/33 78/78/78 81/81/81
f 80/80/80 81/81/81 78/78/78
f 32/32/32 33/33/33 81/81/81
f 79/79/79 82/82/82 80/80/80
f 81/81/81 83/83/83 32/32/32
f 35/35/35 32/32/32 83/83/83
f 81/81/81 80/80/80 84/84/84
f 83/83/83 81/81/81 84/84/84
f 82/82/82 84/84/84 80/80/80
f 83/83/83 85/85/85 35/35/35
f 84/84/84 86/86/86 83/83/83
f 83/83/83 86/86/86 85/85/85
f 84/84/84 82/82/82 87/87/87
f 86/86/86 84/84/84 87/87/87
f 82/82/82 79/79/79 88/88/88
f 79/79/79 76/76/76 88/88/88
f 89/89/89 87/87/87 82/82/82
f 88/88/88 89/89/89 82/82/82
f 90/90/90 86/86/86 87/87/87
f 87/87/87 89/89/89 90/90/90
f 91/91/91 86/86/86 90/90/90
f 86/86/86 91/91/91 85/85/85
f 89/89/89 88/88/88 92/92/92
f 88/88/88 93/93/93 92/92/92
f 88/88/88 76/76/76 93/93/93
f 92/92/92 94/94/94 89/89/89
f 92/92/92 93/93/93 94/94/94
f 94/94/94 95/95/95 89/89/89
f 95/95/95 90/90/90 89/89/89
f 96/96/96 93/93/93 76/76/76
f 76/76/76 72/72/72 96/96/96
f 96/96/96 72/72/72 70/70/70
f 70/70/70 97/97/97 96/96/96
f 70/70/70 68/68/68 97/97/97
f 93/93/93 96/96/96 98/98/98
f 96/96/96 97/97/97 98/98/98
f 98/98/98 99/99/99 93/93/93
f 93/93/93 99/99/99 94/94/94
f 97/97/97 100/100/100 98/98/98
f 100/100/100 99/99/99 98/98/98
f 97/97/97 68/68/68 100/100/100
f 99/99/99 101/101/101 94/94/94
f 101/101/101 95/95/95 94/94/94
f 100/100/100 102/102/102 99/99/99
f 101/101/101 99/99/99 102/102/102
f 68/68/68 103/103/103 100/100/100
f 103/103/103 68/68/68 69/69/69
f 102/102/102 100/100/100 104/104/104
f 69/69/69 105/105/105 103/103/103
f 105/105/105 69/69/69 106/106/106
f 103/103/103 107/107/107 100/100/100
f 107/107/107 103/103/103 105/105/105
f 104/104/104 100/100/100 107/107/107
f 106/106/106 108/108/108 109/109/109
f 109/109/109 105/105/105 106/106/106
f 104/104/104 110/110/110 102/102/102
f 101/101/101 102/102/102 110/110/110
f 105/105/105 109/109/109 111/111/111
f 112/112/112 111/111/111 109/109/109
f 829/113/113 111/111/111 112/112/112
f 113/114/114 105/105/105 111/111/111
f 105/105/105 113/114/114 107/107/107
f 829/113/113 114/115/115 111/111/111
f 115/116/116 107/107/107 113/114/114
f 107/107/107 115/116/116 104/104/104
f 110/110/110 104/104/104 115/116/116
f 116/117/117 113/114/114 111/111/111
f 113/114/114 116/117/117 115/116/116
f 114/115/115 116/117/117 111/111/111
f 116/117/117 117/118/118 115/116/116
f 110/110/110 115/116/116 117/118/118
f 114/115/115 118/119/119 116/117/117
f 118/119/119 117/118/118 116/117/117
f 114/115/115 829/113/113 830/120/120
f 829/113/113 831/121/121 830/120/120
f 114/115/115 832/122/122 118/119/119
f 832/122/122 114/115/115 830/120/120
f 119/123/123 117/118/118 118/119/119
f 833/124/124 118/119/119 832/122/122
f 118/119/119 833/124/124 119/123/123
f 117/118/118 119/123/123 120/125/125
f 120/125/125 110/110/110 117/118/118
f 119/123/123 121/126/126 120/125/125
f 119/123/123 833/124/124 121/126/126
f 110/110/110 120/125/125 122/127/127
f 121/126/126 122/127/127 120/125/125
f 122/127/127 101/101/101 110/110/110
f 834/128/128 121/126/126 833/124/124
f 122/127/127 123/129/129 101/101/101
f 95/95/95 101/101/101 123/129/129
f 122/127/127 121/126/126 124/130/130
f 123/129/129 125/131/131 95/95/95
f 90/90/90 95/95/95 125/131/131
f 122/127/127 126/132/132 123/129/129
f 122/127/127 124/130/130 126/132/132
f 125/131/131 123/129/129 127/133/133
f 126/132/132 127/133/133 123/129/129
f 125/131/131 128/134/134 90/90/90
f 128/134/134 91/91/91 90/90/90
f 127/133/133 129/135/135 125/131/131
f 128/134/134 125/131/131 129/135/135
f 91/91/91 128/134/134 130/136/136
f 91/91/91 130/136/136 85/85/85
f 128/134/134 129/135/135 131/137/137
f 132/138/138 130/136/136 128/134/134
f 128/134/134 131/137/137 132/138/138
f 129/135/135 127/133/133 133/139/139
f 133/139/139 131/137/137 129/135/135
f 132/138/138 134/140/140 130/136/136
f 131/137/137 133/139/139 135/141/141
f 131/137/137 136/142/142 132/138/138
f 136/142/142 131/137/137 135/141/141
f 137/143/143 135/141/141 133/139/139
f 136/142/142 135/141/141 137/143/143
f 127/133/133 138/144/144 133/139/139
f 138/144/144 137/143/143 133/139/139
f 138/144/144 127/133/133 139/145/145
f 127/133/133 126/132/132 139/145/145
f 139/145/145 126/132/132 140/146/146
f 124/130/130 140/146/146 126/132/132
f 141/147/147 138/144/144 139/145/145
f 124/130/130 142/148/148 140/146/146
f 142/148/148 124/130/130 121/126/126
f 139/145/145 140/146/146 143/149/149
f 142/148/148 143/149/149 140/146/146
f 139/145/145 143/149/149 141/147/147
f 121/126/126 834/128/128 142/148/148
f 143/149/149 142/148/148 144/150/150
f 834/128/128 835/151/151 142/148/148
f 142/148/148 835/151/151 144/150/150
f 145/152/152 143/149/149 144/150/150
f 835/151/151 145/152/152 144/150/150
f 143/149/149 145/152/152 141/147/147
f 834/128/128 836/153/153 835/151/151
f 146/154/154 141/147/147 145/152/152
f 141/147/147 146/154/154 138/144/144
f 145/152/152 835/151/151 837/155/155
f 836/153/153 837/155/155 835/151/151
f 145/152/152 147/156/156 146/154/154
f 147/156/156 145/152/152 837/155/155
f 148/157/157 138/144/144 146/154/154
f 147/156/156 148/157/157 146/154/154
f 138/144/144 148/157/157 137/143/143
f 147/156/156 837/155/155 838/158/158
f 148/157/157 149/159/159 137/143/143
f 839/160/160 838/158/158 837/155/155
f 837/155/155 836/153/153 839/160/160
f 148/157/157 147/156/156 150/161/161
f 840/162/162 147/156/156 838/158/158
f 147/156/156 840/162/162 150/161/161
f 150/161/161 151/163/163 148/157/157
f 840/162/162 151/163/163 150/161/161
f 149/159/159 148/157/157 151/163/163
f 838/158/158 841/164/164 840/162/162
f 838/158/158 839/160/160 841/164/164
f 841/164/164 151/163/163 840/162/162
f 842/165/165 841/164/164 839/160/160
f 842/165/165 839/160/160 836/153/153
f 151/163/163 841/164/164 843/166/166
f 841/164/164 842/165/165 844/167/167
f 841/164/164 844/167/167 843/166/166
f 836/153/153 845/168/168 842/165/165
f 846/169/169 844/167/167 842/165/165
f 845/168/168 846/169/169 842/165/165
f 844/167/167 847/170/170 843/166/166
f 846/169/169 845/168/168 848/171/171
f 844/167/167 849/172/172 847/170/170
f 844/167/167 846/169/169 850/173/173
f 849/172/172 844/167/167 850/173/173
f 851/174/174 850/173/173 846/169/169
f 851/174/174 846/169/169 848/171/171
f 850/173/173 852/175/175 849/172/172
f 850/173/173 851/174/174 853/176/176
f 853/176/176 852/175/175 850/173/173
f 854/177/177 847/170/170 849/172/172
f 852/175/175 855/178/178 849/172/172
f 849/172/172 855/178/178 854/177/177
f 847/170/170 854/177/177 856/179/179
f 847/170/170 856/179/179 843/166/166
f 855/178/178 857/180/180 854/177/177
f 856/179/179 854/177/177 858/181/181
f 854/177/177 857/180/180 858/181/181
f 843/166/166 856/179/179 859/182/182
f 858/181/181 859/182/182 856/179/179
f 859/182/182 152/183/183 843/166/166
f 152/183/183 151/163/163 843/166/166
f 859/182/182 858/181/181 860/184/184
f 151/163/163 152/183/183 153/185/185
f 153/185/185 149/159/159 151/163/163
f 152/183/183 859/182/182 154/186/186
f 859/182/182 860/184/184 154/186/186
f 153/185/185 152/183/183 155/187/187
f 154/186/186 155/187/187 152/183/183
f 149/159/159 153/185/185 156/188/188
f 156/188/188 137/143/143 149/159/159
f 156/188/188 136/142/142 137/143/143
f 155/187/187 157/189/189 153/185/185
f 157/189/189 156/188/188 153/185/185
f 136/142/142 156/188/188 158/190/190
f 156/188/188 159/191/191 158/190/190
f 159/191/191 156/188/188 157/189/189
f 160/192/192 136/142/142 158/190/190
f 159/191/191 160/192/192 158/190/190
f 136/142/142 160/192/192 132/138/138
f 132/138/138 160/192/192 134/140/140
f 161/193/193 159/191/191 157/189/189
f 134/140/140 160/192/192 162/194/194
f 159/191/191 163/195/195 160/192/192
f 163/195/195 159/191/191 161/193/193
f 164/196/196 162/194/194 160/192/192
f 164/196/196 160/192/192 163/195/195
f 162/194/194 165/197/197 134/140/140
f 164/196/196 165/197/197 162/194/194
f 130/136/136 134/140/140 165/197/197
f 165/197/197 85/85/85 130/136/136
f 166/198/198 164/196/196 163/195/195
f 165/197/197 164/196/196 166/198/198
f 85/85/85 165/197/197 167/199/199
f 167/199/199 35/35/35 85/85/85
f 35/35/35 167/199/199 30/30/30
f 165/197/197 168/200/200 167/199/199
f 168/200/200 165/197/197 166/198/198
f 30/30/30 167/199/199 169/201/201
f 169/201/201 167/199/199 168/200/200
f 30/30/30 169/201/201 26/26/26
f 168/200/200 166/198/198 170/202/202
f 169/201/201 168/200/200 170/202/202
f 163/195/195 171/203/203 166/198/198
f 170/202/202 166/198/198 171/203/203
f 171/203/203 163/195/195 161/193/193
f 172/204/204 170/202/202 171/203/203
f 161/193/193 172/204/204 171/203/203
f 170/202/202 172/204/204 173/205/205
f 174/206/206 172/204/204 161/193/193
f 161/193/193 157/189/189 174/206/206
f 173/205/205 175/207/207 170/202/202
f 175/207/207 169/201/201 170/202/202
f 175/207/207 26/26/26 169/201/201
f 175/207/207 173/205/205 176/208/208
f 26/26/26 175/207/207 177/209/209
f 176/208/208 177/209/209 175/207/207
f 13/13/13 26/26/26 177/209/209
f 13/13/13 177/209/209 14/14/14
f 177/209/209 178/210/210 14/14/14
f 177/209/209 176/208/208 178/210/210
f 157/189/189 179/211/211 174/206/206
f 179/211/211 157/189/189 155/187/187
f 179/211/211 180/212/212 174/206/206
f 181/213/213 179/211/211 155/187/187
f 155/187/187 154/186/186 181/213/213
f 180/212/212 179/211/211 182/214/214
f 182/214/214 179/211/211 181/213/213
f 183/215/215 180/212/212 182/214/214
f 180/212/212 183/215/215 184/216/216
f 185/217/217 182/214/214 181/213/213
f 183/215/215 182/214/214 185/217/217
f 186/218/218 181/213/213 154/186/186
f 185/217/217 181/213/213 186/218/218
f 154/186/186 860/184/184 186/218/218
f 185/217/217 187/219/219 183/215/215
f 184/216/216 183/215/215 187/219/219
f 186/218/218 188/220/220 185/217/217
f 187/219/219 185/217/217 188/220/220
f 184/216/216 187/219/219 189/221/221
f 189/221/221 190/222/222 184/216/216
f 191/223/223 187/219/219 188/220/220
f 191/223/223 189/221/221 187/219/219
f 190/222/222 189/221/221 192/224/224
f 192/224/224 193/225/225 190/222/222
f 189/221/221 191/223/223 194/226/226
f 193/225/225 192/224/224 195/227/227
f 189/221/221 196/228/228 192/224/224
f 196/228/228 189/221/221 194/226/226
f 196/228/228 195/227/227 192/224/224
f 195/227/227 197/229/229 193/225/225
f 193/225/225 197/229/229 198/230/230
f 199/231/231 198/230/230 197/229/229
f 198/230/230 199/231/231 200/232/232
f 195/227/227 201/233/233 197/229/229
f 201/233/233 199/231/231 197/229/229
f 202/234/234 200/232/232 199/231/231
f 200/232/232 202/234/234 203/235/235
f 199/231/231 201/233/233 204/236/236
f 204/236/236 202/234/234 199/231/231
f 201/233/233 195/227/227 205/237/237
f 195/227/227 196/228/228 205/237/237
f 204/236/236 201/233/233 206/238/238
f 201/233/233 205/237/237 207/239/239
f 206/238/238 201/233/233 207/239/239
f 202/234/234 204/236/236 208/240/240
f 209/241/241 204/236/236 206/238/238
f 204/236/236 209/241/241 208/240/240
f 210/242/242 202/234/234 208/240/240
f 209/241/241 210/242/242 208/240/240
f 202/234/234 211/243/243 203/235/235
f 202/234/234 210/242/242 211/243/243
f 203/235/235 211/243/243 212/244/244
f 211/243/243 213/245/245 212/244/244
f 214/246/246 212/244/244 213/245/245
f 3/247/247 214/246/246 1/248/248
f 213/245/245 1/248/248 214/246/246
f 213/245/245 6/249/249 1/248/248
f 211/243/243 215/250/250 213/245/245
f 6/249/249 213/245/245 215/250/250
f 211/243/243 210/242/242 215/250/250
f 216/251/251 6/249/249 215/250/250
f 6/249/249 216/251/251 10/252/252
f 217/253/253 215/250/250 210/242/242
f 215/250/250 217/253/253 216/251/251
f 210/242/242 209/241/241 217/253/253
f 218/254/254 10/252/252 216/251/251
f 10/252/252 218/254/254 11/255/255
f 218/254/254 19/256/256 11/255/255
f 219/257/257 216/251/251 217/253/253
f 216/251/251 219/257/257 218/254/254
f 220/258/258 217/253/253 209/241/241
f 217/253/253 220/258/258 219/257/257
f 218/254/254 219/257/257 221/259/259
f 220/258/258 221/259/259 219/257/257
f 19/256/256 218/254/254 222/260/260
f 221/259/259 222/260/260 218/254/254
f 223/261/261 19/256/256 222/260/260
f 19/256/256 223/261/261 20/262/262
f 223/261/261 37/263/263 20/262/262
f 224/264/264 222/260/260 221/259/259
f 222/260/260 224/264/264 223/261/261
f 37/263/263 223/261/261 225/265/265
f 37/263/263 225/265/265 39/266/266
f 226/267/267 225/265/265 223/261/261
f 224/264/264 226/267/267 223/261/261
f 227/268/268 39/266/266 225/265/265
f 225/265/265 226/267/267 227/268/268
f 227/268/268 42/269/269 39/266/266
f 228/270/270 224/264/264 221/259/259
f 221/259/259 220/258/258 228/270/270
f 42/269/269 227/268/268 229/271/271
f 220/258/258 230/272/272 228/270/270
f 231/273/273 42/269/269 229/271/271
f 42/269/269 231/273/273 43/274/274
f 231/273/273 46/275/275 43/274/274
f 232/276/276 224/264/264 228/270/270
f 230/272/272 232/276/276 228/270/270
f 232/276/276 233/277/277 224/264/264
f 233/277/277 226/267/267 224/264/264
f 232/276/276 230/272/272 234/278/278
f 233/277/277 235/279/279 226/267/267
f 235/279/279 227/268/268 226/267/267
f 232/276/276 236/280/280 233/277/277
f 236/280/280 232/276/276 234/278/278
f 235/279/279 233/277/277 237/281/281
f 236/280/280 237/281/281 233/277/277
f 227/268/268 235/279/279 238/282/282
f 238/282/282 229/271/271 227/268/268
f 239/283/283 235/279/279 237/281/281
f 235/279/279 239/283/283 238/282/282
f 240/284/284 229/271/271 238/282/282
f 229/271/271 240/284/284 231/273/273
f 241/285/285 238/282/282 239/283/283
f 238/282/282 241/285/285 240/284/284
f 240/284/284 242/286/286 231/273/273
f 46/275/275 231/273/273 242/286/286
f 241/285/285 243/287/287 240/284/284
f 242/286/286 240/284/284 243/287/287
f 244/288/288 46/275/275 242/286/286
f 46/275/275 244/288/288 51/289/289
f 245/290/290 242/286/286 243/287/287
f 242/286/286 245/290/290 244/288/288
f 51/289/289 246/291/291 53/292/292
f 246/291/291 51/289/289 244/288/288
f 247/293/293 244/288/288 245/290/290
f 244/288/288 247/293/293 246/291/291
f 243/287/287 248/294/294 245/290/290
f 248/294/294 247/293/293 245/290/290
f 243/287/287 241/285/285 249/295/295
f 248/294/294 243/287/287 249/295/295
f 241/285/285 250/296/296 249/295/295
f 250/296/296 248/294/294 249/295/295
f 247/293/293 248/294/294 251/297/297
f 248/294/294 252/298/298 251/297/297
f 252/298/298 248/294/294 253/299/299
f 248/294/294 250/296/296 253/299/299
f 253/299/299 254/300/300 252/298/298
f 250/296/296 255/301/301 253/299/299
f 254/300/300 253/299/299 255/301/301
f 250/296/296 241/285/285 256/302/302
f 239/283/283 256/302/302 241/285/285
f 255/301/301 250/296/296 257/303/303
f 256/302/302 257/303/303 250/296/296
f 255/301/301 258/304/304 254/300/300
f 257/303/303 258/304/304 255/301/301
f 258/304/304 259/305/305 254/300/300
f 257/303/303 256/302/302 260/306/306
f 258/304/304 261/307/307 259/305/305
f 262/308/308 259/305/305 261/307/307
f 258/304/304 257/303/303 263/309/309
f 260/306/306 263/309/309 257/303/303
f 264/310/310 258/304/304 263/309/309
f 258/304/304 264/310/310 261/307/307
f 263/309/309 260/306/306 265/311/311
f 263/309/309 265/311/311 264/310/310
f 261/307/307 266/312/312 262/308/308
f 266/312/312 267/313/313 262/308/308
f 266/312/312 261/307/307 268/314/314
f 267/313/313 266/312/312 269/315/315
f 268/314/314 269/315/315 266/312/312
f 270/316/316 267/313/313 269/315/315
f 270/316/316 108/317/317 267/313/313
f 108/317/317 270/316/316 109/318/318
f 109/318/318 270/316/316 271/319/319
f 109/318/318 271/319/319 112/320/320
f 269/315/315 272/321/321 270/316/316
f 272/321/321 271/319/319 270/316/316
f 273/322/322 112/320/320 271/319/319
f 273/322/322 271/319/319 272/321/321
f 112/320/320 273/322/322 829/323/323
f 272/321/321 269/315/315 274/324/324
f 269/315/315 268/314/314 274/324/324
f 829/323/323 273/322/322 861/325/325
f 831/326/326 829/323/323 861/325/325
f 272/321/321 275/327/327 273/322/322
f 862/328/328 831/326/326 861/325/325
f 831/326/326 862/328/328 863/329/329
f 861/325/325 273/322/322 864/330/330
f 275/327/327 864/330/330 273/322/322
f 862/328/328 861/325/325 865/331/331
f 864/330/330 865/331/331 861/325/325
f 866/332/332 863/329/329 862/328/328
f 863/329/329 866/332/332 867/333/333
f 868/334/334 867/333/333 866/332/332
f 869/335/335 862/328/328 865/331/331
f 862/328/328 869/335/335 866/332/332
f 866/332/332 870/336/336 868/334/334
f 870/336/336 866/332/332 869/335/335
f 870/336/336 871/337/337 868/334/334
f 872/338/338 869/335/335 865/331/331
f 864/330/330 872/338/338 865/331/331
f 871/337/337 870/336/336 873/339/339
f 873/339/339 874/340/340 871/337/337
f 869/335/335 875/341/341 870/336/336
f 875/341/341 873/339/339 870/336/336
f 869/335/335 872/338/338 876/342/342
f 875/341/341 869/335/335 876/342/342
f 872/338/338 864/330/330 877/343/343
f 275/327/327 877/343/343 864/330/330
f 876/342/342 872/338/338 878/344/344
f 877/343/343 878/344/344 872/338/338
f 876/342/342 879/345/345 875/341/341
f 877/343/343 275/327/327 276/346/346
f 879/345/345 876/342/342 880/347/347
f 878/344/344 880/347/347 876/342/342
f 276/346/346 277/348/348 877/343/343
f 277/348/348 878/344/344 877/343/343
f 276/346/346 275/327/327 278/349/349
f 272/321/321 278/349/349 275/327/327
f 278/349/349 272/321/321 274/324/324
f 277/348/348 276/346/346 279/350/350
f 278/349/349 279/350/350 276/346/346
f 274/324/324 280/351/351 278/349/349
f 279/350/350 278/349/349 280/351/351
f 274/324/324 281/352/352 280/351/351
f 281/352/352 274/324/324 268/314/314
f 280/351/351 282/353/353 279/350/350
f 268/314/314 283/354/354 281/352/352
f 261/307/307 283/354/354 268/314/314
f 283/354/354 261/307/307 264/310/310
f 281/352/352 284/355/355 280/351/351
f 282/353/353 280/351/351 284/355/355
f 285/356/356 281/352/352 283/354/354
f 284/355/355 281/352/352 285/356/356
f 283/354/354 286/357/357 285/356/356
f 264/310/310 286/357/357 283/354/354
f 287/358/358 284/355/355 285/356/356
f 287/358/358 285/356/356 286/357/357
f 284/355/355 287/358/358 288/359/359
f 264/310/310 289/360/360 286/357/357
f 290/361/361 284/355/355 288/359/359
f 284/355/355 290/361/361 282/353/353
f 289/360/360 264/310/310 291/362/362
f 265/311/311 291/362/362 264/310/310
f 292/363/363 289/360/360 291/362/362
f 291/362/362 265/311/311 293/364/364
f 293/364/364 292/363/363 291/362/362
f 293/364/364 265/311/311 260/306/306
f 289/360/360 292/363/363 294/365/365
f 289/360/360 294/365/365 286/357/357
f 292/363/363 293/364/364 295/366/366
f 295/366/366 294/365/365 292/363/363
f 296/367/367 293/364/364 260/306/306
f 256/302/302 296/367/367 260/306/306
f 293/364/364 297/368/368 295/366/366
f 297/368/368 293/364/364 296/367/367
f 296/367/367 256/302/302 298/369/369
f 298/369/369 297/368/368 296/367/367
f 256/302/302 239/283/283 298/369/369
f 239/283/283 299/370/370 298/369/369
f 299/370/370 297/368/368 298/369/369
f 237/281/281 299/370/370 239/283/283
f 237/281/281 236/280/280 299/370/370
f 299/370/370 300/371/371 297/368/368
f 236/280/280 300/371/371 299/370/370
f 301/372/372 295/366/366 297/368/368
f 300/371/371 301/372/372 297/368/368
f 301/372/372 294/365/365 295/366/366
f 236/280/280 302/373/373 300/371/371
f 302/373/373 236/280/280 234/278/278
f 300/371/371 303/374/374 301/372/372
f 300/371/371 302/373/373 303/374/374
f 234/278/278 304/375/375 302/373/373
f 304/375/375 303/374/374 302/373/373
f 304/375/375 234/278/278 230/272/272
f 305/376/376 301/372/372 303/374/374
f 301/372/372 305/376/376 294/365/365
f 303/374/374 304/375/375 306/377/377
f 306/377/377 305/376/376 303/374/374
f 230/272/272 307/378/378 304/375/375
f 304/375/375 308/379/379 306/377/377
f 308/379/379 304/375/375 307/378/378
f 308/379/379 309/380/380 306/377/377
f 305/376/376 306/377/377 309/380/380
f 307/378/378 230/272/272 310/381/381
f 230/272/272 220/258/258 310/381/381
f 209/241/241 310/381/381 220/258/258
f 310/381/381 209/241/241 206/238/238
f 207/239/239 310/381/381 206/238/238
f 310/381/381 207/239/239 307/378/378
f 311/382/382 307/378/378 207/239/239
f 307/378/378 311/382/382 308/379/379
f 207/239/239 205/237/237 311/382/382
f 311/382/382 312/383/383 308/379/379
f 309/380/380 308/379/379 312/383/383
f 205/237/237 313/384/384 311/382/382
f 312/383/383 311/382/382 313/384/384
f 313/384/384 205/237/237 196/228/228
f 314/385/385 309/380/380 312/383/383
f 314/385/385 305/376/376 309/380/380
f 313/384/384 315/386/386 312/383/383
f 315/386/386 314/385/385 312/383/383
f 196/228/228 315/386/386 313/384/384
f 316/387/387 305/376/376 314/385/385
f 315/386/386 316/387/387 314/385/385
f 315/386/386 196/228/228 317/388/388
f 196/228/228 194/226/226 317/388/388
f 317/388/388 318/389/389 315/386/386
f 316/387/387 315/386/386 318/389/389
f 194/226/226 319/390/390 317/388/388
f 317/388/388 319/390/390 318/389/389
f 191/223/223 319/390/390 194/226/226
f 319/390/390 191/223/223 320/391/391
f 191/223/223 188/220/220 320/391/391
f 318/389/389 319/390/390 321/392/392
f 320/391/391 321/392/392 319/390/390
f 321/392/392 322/393/393 318/389/389
f 320/391/391 188/220/220 323/394/394
f 188/220/220 186/218/218 323/394/394
f 324/395/395 318/389/389 322/393/393
f 318/389/389 324/395/395 316/387/387
f 321/392/392 325/396/396 322/393/393
f 325/396/396 324/395/395 322/393/393
f 320/391/391 326/397/397 321/392/392
f 325/396/396 321/392/392 326/397/397
f 320/391/391 323/394/394 327/398/398
f 327/398/398 326/397/397 320/391/391
f 323/394/394 328/399/399 327/398/398
f 328/399/399 326/397/397 327/398/398
f 186/218/218 329/400/400 323/394/394
f 328/399/399 323/394/394 329/400/400
f 329/400/400 186/218/218 860/184/184
f 326/397/397 328/399/399 330/401/401
f 329/400/400 331/402/402 328/399/399
f 330/401/401 328/399/399 331/402/402
f 860/184/184 881/403/403 329/400/400
f 881/403/403 331/402/402 329/400/400
f 330/401/401 332/404/404 326/397/397
f 332/404/404 325/396/396 326/397/397
f 860/184/184 882/405/405 881/403/403
f 882/405/405 331/402/402 881/403/403
f 882/405/405 860/184/184 883/406/406
f 858/181/181 883/406/406 860/184/184
f 858/181/181 884/407/407 883/406/406
f 884/407/407 882/405/405 883/406/406
f 884/407/407 858/181/181 857/180/180
f 331/402/402 882/405/405 885/408/408
f 882/405/405 884/407/407 886/409/409
f 886/409/409 885/408/408 882/405/405
f 887/410/410 884/407/407 857/180/180
f 887/410/410 886/409/409 884/407/407
f 885/408/408 333/411/411 331/402/402
f 333/411/411 330/401/401 331/402/402
f 333/411/411 332/404/404 330/401/401
f 885/408/408 886/409/409 888/412/412
f 333/411/411 885/408/408 889/413/413
f 888/412/412 889/413/413 885/408/408
f 334/414/414 332/404/404 333/411/411
f 890/415/415 888/412/412 886/409/409
f 886/409/409 887/410/410 890/415/415
f 332/404/404 334/414/414 335/416/416
f 332/404/404 335/416/416 325/396/396
f 333/411/411 336/417/417 334/414/414
f 336/417/417 333/411/411 889/413/413
f 335/416/416 337/418/418 325/396/396
f 324/395/395 325/396/396 337/418/418
f 338/419/419 335/416/416 334/414/414
f 337/418/418 339/420/420 324/395/395
f 324/395/395 339/420/420 316/387/387
f 335/416/416 340/421/421 337/418/418
f 335/416/416 338/419/419 340/421/421
f 341/422/422 337/418/418 340/421/421
f 339/420/420 337/418/418 341/422/422
f 342/423/423 341/422/422 340/421/421
f 338/419/419 342/423/423 340/421/421
f 343/424/424 339/420/420 341/422/422
f 341/422/422 342/423/423 343/424/424
f 344/425/425 316/387/387 339/420/420
f 305/376/376 316/387/387 344/425/425
f 339/420/420 345/426/426 344/425/425
f 339/420/420 343/424/424 345/426/426
f 346/427/427 305/376/376 344/425/425
f 346/427/427 344/425/425 345/426/426
f 305/376/376 346/427/427 294/365/365
f 294/365/365 346/427/427 286/357/357
f 286/357/357 346/427/427 287/358/358
f 287/358/358 346/427/427 345/426/426
f 287/358/358 345/426/426 288/359/359
f 343/424/424 288/359/359 345/426/426
f 288/359/359 343/424/424 290/361/361
f 342/423/423 290/361/361 343/424/424
f 342/423/423 347/428/428 290/361/361
f 342/423/423 338/419/419 347/428/428
f 290/361/361 347/428/428 348/429/429
f 290/361/361 348/429/429 282/353/353
f 349/430/430 347/428/428 338/419/419
f 350/431/431 282/353/353 348/429/429
f 350/431/431 279/350/350 282/353/353
f 279/350/350 350/431/431 277/348/348
f 350/431/431 878/344/344 277/348/348
f 351/432/432 348/429/429 347/428/428
f 347/428/428 349/430/430 351/432/432
f 891/433/433 350/431/431 348/429/429
f 348/429/429 351/432/432 891/433/433
f 878/344/344 350/431/431 892/434/434
f 350/431/431 891/433/433 892/434/434
f 893/435/435 878/344/344 892/434/434
f 878/344/344 893/435/435 880/347/347
f 894/436/436 892/434/434 891/433/433
f 892/434/434 894/436/436 893/435/435
f 895/437/437 891/433/433 351/432/432
f 891/433/433 895/437/437 894/436/436
f 351/432/432 349/430/430 896/438/438
f 351/432/432 896/438/438 895/437/437
f 338/419/419 352/439/439 349/430/430
f 352/439/439 896/438/438 349/430/430
f 352/439/439 338/419/419 334/414/414
f 334/414/414 336/417/417 352/439/439
f 896/438/438 352/439/439 897/440/440
f 336/417/417 897/440/440 352/439/439
f 898/441/441 895/437/437 896/438/438
f 897/440/440 336/417/417 899/442/442
f 889/413/413 899/442/442 336/417/417
f 900/443/443 896/438/438 897/440/440
f 896/438/438 900/443/443 898/441/441
f 901/444/444 897/440/440 899/442/442
f 897/440/440 901/444/444 900/443/443
f 899/442/442 889/413/413 902/445/445
f 901/444/444 899/442/442 902/445/445
f 889/413/413 888/412/412 902/445/445
f 903/446/446 902/445/445 888/412/412
f 888/412/412 890/415/415 903/446/446
f 902/445/445 904/447/447 901/444/444
f 902/445/445 903/446/446 904/447/447
f 904/447/447 905/448/448 901/444/444
f 901/444/444 905/448/448 900/443/443
f 906/449/449 904/447/447 903/446/446
f 905/448/448 904/447/447 907/450/450
f 904/447/447 906/449/449 907/450/450
f 908/451/451 903/446/446 890/415/415
f 903/446/446 908/451/451 906/449/449
f 890/415/415 909/452/452 908/451/451
f 909/452/452 890/415/415 887/410/410
f 910/453/453 906/449/449 908/451/451
f 910/453/453 908/451/451 909/452/452
f 906/449/449 911/454/454 907/450/450
f 906/449/449 910/453/453 912/455/455
f 911/454/454 906/449/449 912/455/455
f 907/450/450 913/456/456 905/448/448
f 913/456/456 907/450/450 911/454/454
f 914/457/457 905/448/448 913/456/456
f 900/443/443 905/448/448 914/457/457
f 911/454/454 915/458/458 913/456/456
f 916/459/459 900/443/443 914/457/457
f 900/443/443 916/459/459 898/441/441
f 917/460/460 914/457/457 913/456/456
f 913/456/456 915/458/458 917/460/460
f 918/461/461 914/457/457 917/460/460
f 914/457/457 918/461/461 916/459/459
f 915/458/458 919/462/462 917/460/460
f 917/460/460 919/462/462 918/461/461
f 920/463/463 898/441/441 916/459/459
f 895/437/437 898/441/441 920/463/463
f 920/463/463 894/436/436 895/437/437
f 920/463/463 916/459/459 921/464/464
f 918/461/461 921/464/464 916/459/459
f 894/436/436 920/463/463 922/465/465
f 921/464/464 922/465/465 920/463/463
f 922/465/465 893/435/435 894/436/436
f 921/464/464 918/461/461 923/466/466
f 893/435/435 922/465/465 924/467/467
f 924/467/467 880/347/347 893/435/435
f 922/465/465 921/464/464 925/468/468
f 925/468/468 924/467/467 922/465/465
f 923/466/466 925/468/468 921/464/464
f 880/347/347 924/467/467 926/469/469
f 880/347/347 926/469/469 879/345/345
f 924/467/467 925/468/468 927/470/470
f 927/470/470 926/469/469 924/467/467
f 925/468/468 923/466/466 928/471/471
f 928/471/471 927/470/470 925/468/468
f 929/472/472 923/466/466 918/461/461
f 918/461/461 919/462/462 929/472/472
f 930/473/473 928/471/471 923/466/466
f 923/466/466 929/472/472 930/473/473
f 927/470/470 928/471/471 931/474/474
f 932/475/475 930/473/473 929/472/472
f 919/462/462 932/475/475 929/472/472
f 928/471/471 930/473/473 933/476/476
f 931/474/474 928/471/471 933/476/476
f 930/473/473 932/475/475 934/477/477
f 934/477/477 933/476/476 930/473/473
f 932/475/475 919/462/462 935/478/478
f 933/476/476 934/477/477 936/479/479
f 937/480/480 934/477/477 932/475/475
f 937/480/480 932/475/475 935/478/478
f 934/477/477 938/481/481 936/479/479
f 938/481/481 934/477/477 937/480/480
f 936/479/479 939/482/482 933/476/476
f 939/482/482 931/474/474 933/476/476
f 938/481/481 940/483/483 936/479/479
f 936/479/479 940/483/483 939/482/482
f 939/482/482 941/484/484 931/474/474
f 940/483/483 942/485/485 939/482/482
f 941/484/484 939/482/482 942/485/485
f 943/486/486 931/474/474 941/484/484
f 931/474/474 943/486/486 927/470/470
f 926/469/469 927/470/470 943/486/486
f 943/486/486 941/484/484 944/487/487
f 942/485/485 944/487/487 941/484/484
f 926/469/469 943/486/486 945/488/488
f 944/487/487 945/488/488 943/486/486
f 879/345/345 926/469/469 945/488/488
f 946/489/489 879/345/345 945/488/488
f 879/345/345 946/489/489 875/341/341
f 873/339/339 875/341/341 946/489/489
f 945/488/488 947/490/490 946/489/489
f 947/490/490 945/488/488 944/487/487
f 948/491/491 873/339/339 946/489/489
f 946/489/489 947/490/490 948/491/491
f 948/491/491 949/492/492 873/339/339
f 874/340/340 873/339/339 949/492/492
f 950/493/493 874/340/340 949/492/492
f 947/490/490 951/494/494 948/491/491
f 951/494/494 947/490/490 944/487/487
f 949/492/492 952/495/495 950/493/493
f 952/495/495 953/496/496 950/493/493
f 948/491/491 954/497/497 949/492/492
f 948/491/491 951/494/494 954/497/497
f 949/492/492 955/498/498 952/495/495
f 949/492/492 954/497/497 955/498/498
f 953/496/496 952/495/495 956/499/499
f 952/495/495 955/498/498 956/499/499
f 957/500/500 953/496/496 956/499/499
f 954/497/497 958/501/501 955/498/498
f 956/499/499 955/498/498 958/501/501
f 959/502/502 954/497/497 951/494/494
f 958/501/501 954/497/497 959/502/502
f 951/494/494 960/503/503 959/502/502
f 960/503/503 951/494/494 944/487/487
f 960/503/503 944/487/487 961/504/504
f 944/487/487 942/485/485 961/504/504
f 960/503/503 961/504/504 962/505/505
f 942/485/485 962/505/505 961/504/504
f 960/503/503 962/505/505 959/502/502
f 962/505/505 942/485/485 963/506/506
f 940/483/483 963/506/506 942/485/485
f 959/502/502 962/505/505 964/507/507
f 959/502/502 964/507/507 958/501/501
f 962/505/505 963/506/506 965/508/508
f 965/508/508 964/507/507 962/505/505
f 963/506/506 940/483/483 966/509/509
f 966/509/509 965/508/508 963/506/506
f 938/481/481 966/509/509 940/483/483
f 967/510/510 964/507/507 965/508/508
f 968/511/511 966/509/509 938/481/481
f 969/512/512 965/508/508 966/509/509
f 966/509/509 968/511/511 969/512/512
f 967/510/510 965/508/508 969/512/512
f 968/511/511 938/481/481 937/480/480
f 969/512/512 970/513/513 967/510/510
f 968/511/511 970/513/513 969/512/512
f 964/507/507 967/510/510 971/514/514
f 971/514/514 958/501/501 964/507/507
f 972/515/515 967/510/510 970/513/513
f 958/501/501 971/514/514 973/516/516
f 958/501/501 973/516/516 956/499/499
f 974/517/517 971/514/514 967/510/510
f 967/510/510 972/515/515 974/517/517
f 975/518/518 956/499/499 973/516/516
f 956/499/499 975/518/518 957/500/500
f 971/514/514 976/519/519 973/516/516
f 973/516/516 976/519/519 975/518/518
f 957/500/500 975/518/518 977/520/520
f 976/519/519 977/520/520 975/518/518
f 957/500/500 977/520/520 978/521/521
f 976/519/519 971/514/514 979/522/522
f 971/514/514 974/517/517 979/522/522
f 979/522/522 980/523/523 976/519/519
f 977/520/520 976/519/519 980/523/523
f 979/522/522 981/524/524 980/523/523
f 974/517/517 981/524/524 979/522/522
f 977/520/520 980/523/523 982/525/525
f 981/524/524 982/525/525 980/523/523
f 978/521/521 977/520/520 983/526/526
f 977/520/520 982/525/525 983/526/526
f 978/521/521 983/526/526 984/527/527
f 353/528/528 984/527/527 983/526/526
f 982/525/525 353/528/528 983/526/526
f 984/527/527 353/528/528 354/529/529
f 353/528/528 355/530/530 354/529/529
f 982/525/525 981/524/524 985/531/531
f 355/530/530 353/528/528 356/532/532
f 355/530/530 356/532/532 357/533/533
f 353/528/528 982/525/525 358/534/534
f 985/531/531 358/534/534 982/525/525
f 353/528/528 359/535/535 356/532/532
f 359/535/535 353/528/528 358/534/534
f 357/533/533 356/532/532 360/536/536
f 361/537/537 356/532/532 359/535/535
f 356/532/532 361/537/537 360/536/536
f 357/533/533 360/536/536 362/538/538
f 360/536/536 361/537/537 362/538/538
f 362/538/538 363/539/539 357/533/533
f 362/538/538 364/540/540 363/539/539
f 364/540/540 362/538/538 365/541/541
f 366/542/542 365/541/541 362/538/538
f 362/538/538 367/543/543 366/542/542
f 367/543/543 362/538/538 361/537/537
f 368/544/544 366/542/542 367/543/543
f 369/545/545 367/543/543 361/537/537
f 359/535/535 369/545/545 361/537/537
f 367/543/543 370/546/546 368/544/544
f 370/546/546 367/543/543 369/545/545
f 370/546/546 371/547/547 368/544/544
f 359/535/535 372/548/548 369/545/545
f 358/534/534 372/548/548 359/535/535
f 370/546/546 369/545/545 373/549/549
f 372/548/548 373/549/549 369/545/545
f 370/546/546 374/550/550 371/547/547
f 374/550/550 370/546/546 373/549/549
f 375/551/551 371/547/547 374/550/550
f 358/534/534 376/552/552 372/548/548
f 358/534/534 985/531/531 376/552/552
f 374/550/550 377/553/553 375/551/551
f 378/554/554 375/551/551 377/553/553
f 373/549/549 379/555/555 374/550/550
f 377/553/553 374/550/550 379/555/555
f 373/549/549 372/548/548 380/556/556
f 380/556/556 379/555/555 373/549/549
f 376/552/552 380/556/556 372/548/548
f 378/554/554 377/553/553 381/557/557
f 376/552/552 382/558/558 380/556/556
f 381/557/557 383/559/559 378/554/554
f 383/559/559 384/560/560 378/554/554
f 377/553/553 385/561/561 381/557/557
f 385/561/561 383/559/559 381/557/557
f 385/561/561 377/553/553 379/555/555
f 384/560/560 383/559/559 386/562/562
f 385/561/561 386/562/562 383/559/559
f 387/563/563 384/560/560 386/562/562
f 387/563/563 386/562/562 388/564/564
f 389/565/565 387/563/563 388/564/564
f 386/562/562 385/561/561 390/566/566
f 390/566/566 388/564/564 386/562/562
f 388/564/564 391/567/567 389/565/565
f 389/565/565 391/567/567 392/568/568
f 392/568/568 393/569/569 389/565/565
f 388/564/564 394/570/570 391/567/567
f 394/570/570 392/568/568 391/567/567
f 390/566/566 395/571/571 388/564/564
f 394/570/570 388/564/564 395/571/571
f 392/568/568 396/572/572 393/569/569
f 392/568/568 394/570/570 397/573/573
f 396/572/572 392/568/568 397/573/573
f 398/574/574 393/569/569 396/572/572
f 398/574/574 396/572/572 397/573/573
f 393/569/569 398/574/574 399/575/575
f 397/573/573 394/570/570 400/576/576
f 398/574/574 401/577/577 399/575/575
f 402/578/578 399/575/575 401/577/577
f 397/573/573 403/579/579 398/574/574
f 403/579/579 401/577/577 398/574/574
f 400/576/576 404/580/580 397/573/573
f 404/580/580 403/579/579 397/573/573
f 405/581/581 400/576/576 394/570/570
f 395/571/571 405/581/581 394/570/570
f 406/582/582 404/580/580 400/576/576
f 400/576/576 405/581/581 406/582/582
f 405/581/581 395/571/571 407/583/583
f 390/566/566 407/583/583 395/571/571
f 408/584/584 406/582/582 405/581/581
f 407/583/583 408/584/584 405/581/581
f 407/583/583 390/566/566 409/585/585
f 385/561/561 409/585/585 390/566/566
f 408/584/584 407/583/583 410/586/586
f 409/585/585 410/586/586 407/583/583
f 409/585/585 385/561/561 411/587/587
f 379/555/555 411/587/587 385/561/561
f 410/586/586 409/585/585 412/588/588
f 411/587/587 412/588/588 409/585/585
f 411/587/587 379/555/555 413/589/589
f 380/556/556 413/589/589 379/555/555
f 412/588/588 411/587/587 414/590/590
f 415/591/591 413/589/589 380/556/556
f 415/591/591 411/587/587 413/589/589
f 411/587/587 415/591/591 414/590/590
f 382/558/558 415/591/591 380/556/556
f 416/592/592 412/588/588 414/590/590
f 416/592/592 414/590/590 415/591/591
f 417/593/593 415/591/591 382/558/558
f 382/558/558 376/552/552 417/593/593
f 417/593/593 376/552/552 985/531/531
f 415/591/591 418/594/594 416/592/592
f 415/591/591 417/593/593 418/594/594
f 416/592/592 419/595/595 412/588/588
f 419/595/595 410/586/586 412/588/588
f 986/596/596 416/592/592 418/594/594
f 419/595/595 416/592/592 986/596/596
f 986/596/596 418/594/594 417/593/593
f 987/597/597 417/593/593 985/531/531
f 986/596/596 417/593/593 987/597/597
f 987/597/597 985/531/531 981/524/524
f 981/524/524 974/517/517 987/597/597
f 974/517/517 986/596/596 987/597/597
f 986/596/596 974/517/517 972/515/515
f 988/598/598 419/595/595 986/596/596
f 989/599/599 986/596/596 972/515/515
f 986/596/596 989/599/599 988/598/598
f 972/515/515 990/600/600 989/599/599
f 990/600/600 972/515/515 970/513/513
f 970/513/513 968/511/511 990/600/600
f 989/599/599 990/600/600 991/601/601
f 968/511/511 991/601/601 990/600/600
f 992/602/602 988/598/598 989/599/599
f 991/601/601 992/602/602 989/599/599
f 993/603/603 419/595/595 988/598/598
f 410/586/586 419/595/595 993/603/603
f 994/604/604 993/603/603 988/598/598
f 988/598/598 992/602/602 994/604/604
f 420/605/605 410/586/586 993/603/603
f 994/604/604 420/605/605 993/603/603
f 410/586/586 420/605/605 408/584/584
f 994/604/604 992/602/602 995/606/606
f 420/605/605 421/607/607 408/584/584
f 406/582/582 408/584/584 421/607/607
f 420/605/605 994/604/604 996/608/608
f 995/606/606 996/608/608 994/604/604
f 420/605/605 422/609/609 421/607/607
f 996/608/608 422/609/609 420/605/605
f 423/610/610 406/582/582 421/607/607
f 421/607/607 422/609/609 423/610/610
f 406/582/582 423/610/610 424/611/611
f 404/580/580 406/582/582 424/611/611
f 425/612/612 423/610/610 422/609/609
f 422/609/609 996/608/608 425/612/612
f 423/610/610 426/613/613 424/611/611
f 425/612/612 426/613/613 423/610/610
f 427/614/614 404/580/580 424/611/611
f 424/611/611 426/613/613 427/614/614
f 404/580/580 427/614/614 428/615/615
f 404/580/580 428/615/615 403/579/579
f 403/579/579 428/615/615 429/616/616
f 401/577/577 403/579/579 429/616/616
f 430/617/617 429/616/616 428/615/615
f 427/614/614 430/617/617 428/615/615
f 431/618/618 401/577/577 429/616/616
f 429/616/616 430/617/617 431/618/618
f 401/577/577 431/618/618 432/619/619
f 432/619/619 402/578/578 401/577/577
f 402/578/578 432/619/619 433/620/620
f 434/621/621 432/619/619 431/618/618
f 430/617/617 434/621/621 431/618/618
f 435/622/622 433/620/620 432/619/619
f 432/619/619 434/621/621 435/622/622
f 433/620/620 435/622/622 436/623/623
f 435/622/622 437/624/624 436/623/623
f 437/624/624 435/622/622 438/625/625
f 439/626/626 437/624/624 438/625/625
f 434/621/621 440/627/627 435/622/622
f 438/625/625 435/622/622 440/627/627
f 438/625/625 441/628/628 439/626/626
f 441/628/628 442/629/629 439/626/626
f 443/630/630 438/625/625 440/627/627
f 438/625/625 443/630/630 441/628/628
f 441/628/628 444/631/631 442/629/629
f 444/631/631 445/632/632 442/629/629
f 442/629/629 445/632/632 446/633/633
f 441/628/628 447/634/634 444/631/631
f 444/631/631 447/634/634 445/632/632
f 447/634/634 441/628/628 443/630/630
f 445/632/632 448/635/635 446/633/633
f 446/633/633 448/635/635 449/636/636
f 445/632/632 447/634/634 450/637/637
f 450/637/637 448/635/635 445/632/632
f 451/638/638 449/636/636 448/635/635
f 451/638/638 452/639/639 449/636/636
f 453/640/640 448/635/635 450/637/637
f 448/635/635 453/640/640 451/638/638
f 451/638/638 454/641/641 452/639/639
f 453/640/640 454/641/641 451/638/638
f 454/641/641 455/642/642 452/639/639
f 456/643/643 453/640/640 450/637/637
f 456/643/643 450/637/637 447/634/634
f 455/642/642 454/641/641 457/644/644
f 447/634/634 458/645/645 456/643/643
f 447/634/634 443/630/630 458/645/645
f 459/646/646 455/642/642 457/644/644
f 460/647/647 455/642/642 459/646/646
f 458/645/645 443/630/630 461/648/648
f 440/627/627 461/648/648 443/630/630
f 462/649/649 460/647/647 459/646/646
f 460/647/647 462/649/649 463/650/650
f 461/648/648 440/627/627 464/651/651
f 440/627/627 434/621/621 464/651/651
f 465/652/652 463/650/650 462/649/649
f 463/650/650 465/652/652 466/653/653
f 462/649/649 459/646/646 467/654/654
f 465/652/652 462/649/649 467/654/654
f 459/646/646 457/644/644 467/654/654
f 363/655/655 466/653/653 465/652/652
f 466/653/653 363/655/655 364/656/656
f 468/657/657 363/655/655 465/652/652
f 467/654/654 468/657/657 465/652/652
f 363/655/655 468/657/657 357/658/658
f 357/658/658 468/657/657 355/659/659
f 457/644/644 469/660/660 467/654/654
f 469/660/660 457/644/644 454/641/641
f 454/641/641 453/640/640 469/660/660
f 467/654/654 470/661/661 468/657/657
f 469/660/660 470/661/661 467/654/654
f 471/662/662 355/659/659 468/657/657
f 470/661/661 471/662/662 468/657/657
f 471/662/662 354/663/663 355/659/659
f 472/664/664 469/660/660 453/640/640
f 472/664/664 453/640/640 456/643/643
f 472/664/664 473/665/665 469/660/660
f 470/661/661 469/660/660 473/665/665
f 456/643/643 474/666/666 472/664/664
f 473/665/665 472/664/664 475/667/667
f 472/664/664 474/666/666 475/667/667
f 473/665/665 476/668/668 470/661/661
f 473/665/665 475/667/667 477/669/669
f 476/668/668 473/665/665 477/669/669
f 478/670/670 477/669/669 475/667/667
f 479/671/671 476/668/668 477/669/669
f 477/669/669 478/670/670 479/671/671
f 470/661/661 476/668/668 480/672/672
f 476/668/668 479/671/671 480/672/672
f 470/661/661 480/672/672 481/673/673
f 471/662/662 470/661/661 481/673/673
f 480/672/672 479/671/671 482/674/674
f 483/675/675 481/673/673 480/672/672
f 483/675/675 480/672/672 482/674/674
f 484/676/676 471/662/662 481/673/673
f 481/673/673 483/675/675 484/676/676
f 479/671/671 485/677/677 482/674/674
f 485/677/677 479/671/671 478/670/670
f 486/678/678 483/675/675 482/674/674
f 485/677/677 486/678/678 482/674/674
f 484/676/676 483/675/675 487/679/679
f 487/679/679 483/675/675 486/678/678
f 471/662/662 484/676/676 488/680/680
f 354/663/663 471/662/662 488/680/680
f 484/676/676 487/679/679 489/681/681
f 489/681/681 488/680/680 484/676/676
f 490/682/682 354/663/663 488/680/680
f 488/680/680 489/681/681 490/682/682
f 354/663/663 490/682/682 984/683/683
f 490/682/682 489/681/681 997/684/684
f 997/684/684 984/683/683 490/682/682
f 997/684/684 489/681/681 487/679/679
f 997/684/684 978/685/685 984/683/683
f 998/686/686 487/679/679 486/678/678
f 997/684/684 487/679/679 998/686/686
f 999/687/687 978/685/685 997/684/684
f 999/687/687 957/688/688 978/685/685
f 999/687/687 953/689/689 957/688/688
f 997/684/684 1000/690/690 999/687/687
f 1000/690/690 997/684/684 998/686/686
f 953/689/689 999/687/687 1001/691/691
f 1000/690/690 1001/691/691 999/687/687
f 1001/691/691 950/692/692 953/689/689
f 998/686/686 486/678/678 491/693/693
f 486/678/678 485/677/677 491/693/693
f 950/692/692 1001/691/691 1002/694/694
f 485/677/677 492/695/695 491/693/693
f 492/695/695 485/677/677 478/670/670
f 491/693/693 1003/696/696 998/686/686
f 1000/690/690 998/686/686 1003/696/696
f 493/697/697 491/693/693 492/695/695
f 493/697/697 1003/696/696 491/693/693
f 492/695/695 478/670/670 494/698/698
f 494/698/698 478/670/670 475/667/667
f 494/698/698 475/667/667 474/666/666
f 495/699/699 492/695/695 494/698/698
f 493/697/697 492/695/695 495/699/699
f 474/666/666 496/700/700 494/698/698
f 495/699/699 494/698/698 496/700/700
f 496/700/700 474/666/666 497/701/701
f 474/666/666 456/643/643 497/701/701
f 496/700/700 498/702/702 495/699/699
f 497/701/701 499/703/703 496/700/700
f 498/702/702 496/700/700 499/703/703
f 497/701/701 456/643/643 500/704/704
f 500/704/704 456/643/643 458/645/645
f 461/648/648 500/704/704 458/645/645
f 497/701/701 501/705/705 499/703/703
f 501/705/705 497/701/701 500/704/704
f 499/703/703 501/705/705 498/702/702
f 500/704/704 461/648/648 502/706/706
f 464/651/651 502/706/706 461/648/648
f 500/704/704 503/707/707 501/705/705
f 500/704/704 502/706/706 503/707/707
f 504/708/708 498/702/702 501/705/705
f 503/707/707 504/708/708 501/705/705
f 498/702/702 504/708/708 505/709/709
f 505/709/709 495/699/699 498/702/702
f 504/708/708 503/707/707 506/710/710
f 507/711/711 495/699/699 505/709/709
f 495/699/699 507/711/711 493/697/697
f 505/709/709 504/708/708 508/712/712
f 504/708/708 506/710/710 508/712/712
f 1004/713/713 507/711/711 505/709/709
f 508/712/712 1004/713/713 505/709/709
f 507/711/711 1005/714/714 493/697/697
f 1003/696/696 493/697/697 1005/714/714
f 1005/714/714 507/711/711 1006/715/715
f 507/711/711 1004/713/713 1006/715/715
f 1007/716/716 1003/696/696 1005/714/714
f 1007/716/716 1005/714/714 1006/715/715
f 1008/717/717 1003/696/696 1007/716/716
f 1003/696/696 1008/717/717 1000/690/690
f 1006/715/715 1009/718/718 1007/716/716
f 1010/719/719 1008/717/717 1007/716/716
f 1009/718/718 1010/719/719 1007/716/716
f 1011/720/720 1000/690/690 1008/717/717
f 1011/720/720 1008/717/717 1010/719/719
f 1006/715/715 1012/721/721 1009/718/718
f 1012/721/721 1006/715/715 1004/713/713
f 1010/719/719 1009/718/718 1013/722/722
f 1014/723/723 1012/721/721 1004/713/713
f 1004/713/713 508/712/712 1014/723/723
f 1015/724/724 1009/718/718 1012/721/721
f 1009/718/718 1015/724/724 1013/722/722
f 509/725/725 1014/723/723 508/712/712
f 508/712/712 506/710/710 509/725/725
f 1012/721/721 1014/723/723 1016/726/726
f 510/727/727 509/725/725 506/710/710
f 1017/728/728 1012/721/721 1016/726/726
f 1012/721/721 1017/728/728 1015/724/724
f 511/729/729 1014/723/723 509/725/725
f 509/725/725 510/727/727 511/729/729
f 1018/730/730 1016/726/726 1014/723/723
f 1014/723/723 511/729/729 1018/730/730
f 1019/731/731 1017/728/728 1016/726/726
f 1016/726/726 1018/730/730 1019/731/731
f 1020/732/732 1015/724/724 1017/728/728
f 1021/733/733 1019/731/731 1018/730/730
f 1022/734/734 1015/724/724 1020/732/732
f 1022/734/734 1013/722/722 1015/724/724
f 1017/728/728 1019/731/731 1023/735/735
f 1023/735/735 1020/732/732 1017/728/728
f 1019/731/731 1021/733/733 1024/736/736
f 1024/736/736 1023/735/735 1019/731/731
f 1018/730/730 512/737/737 1021/733/733
f 512/737/737 1018/730/730 511/729/729
f 1025/738/738 1024/736/736 1021/733/733
f 1025/738/738 1021/733/733 512/737/737
f 512/737/737 511/729/729 513/739/739
f 510/727/727 513/739/739 511/729/729
f 1025/738/738 512/737/737 514/740/740
f 514/740/740 512/737/737 513/739/739
f 1024/736/736 1025/738/738 1026/741/741
f 510/727/727 515/742/742 513/739/739
f 1026/741/741 1027/743/743 1024/736/736
f 1023/735/735 1024/736/736 1027/743/743
f 516/744/744 515/742/742 510/727/727
f 506/710/710 516/744/744 510/727/727
f 516/744/744 506/710/710 503/707/707
f 502/706/706 516/744/744 503/707/707
f 516/744/744 502/706/706 517/745/745
f 517/745/745 515/742/742 516/744/744
f 502/706/706 464/651/651 517/745/745
f 517/745/745 464/651/651 518/746/746
f 515/742/742 517/745/745 518/746/746
f 464/651/651 434/621/621 518/746/746
f 434/621/621 430/617/617 518/746/746
f 519/747/747 518/746/746 430/617/617
f 518/746/746 519/747/747 515/742/742
f 430/617/617 427/614/614 519/747/747
f 515/742/742 519/747/747 520/748/748
f 519/747/747 427/614/614 520/748/748
f 520/748/748 513/739/739 515/742/742
f 520/748/748 427/614/614 426/613/613
f 514/740/740 513/739/739 520/748/748
f 521/749/749 520/748/748 426/613/613
f 521/749/749 514/740/740 520/748/748
f 425/612/612 521/749/749 426/613/613
f 1028/750/750 514/740/740 521/749/749
f 1028/750/750 1025/738/738 514/740/740
f 1029/751/751 521/749/749 425/612/612
f 521/749/749 1029/751/751 1028/750/750
f 1029/751/751 425/612/612 996/608/608
f 1030/752/752 1025/738/738 1028/750/750
f 996/608/608 1031/753/753 1029/751/751
f 1031/753/753 1028/750/750 1029/751/751
f 1030/752/752 1028/750/750 1031/753/753
f 1031/753/753 996/608/608 995/606/606
f 1026/741/741 1025/738/738 1030/752/752
f 995/606/606 1032/754/754 1031/753/753
f 1032/754/754 1030/752/752 1031/753/753
f 1033/755/755 1026/741/741 1030/752/752
f 1030/752/752 1032/754/754 1033/755/755
f 1026/741/741 1033/755/755 1034/756/756
f 1027/743/743 1026/741/741 1034/756/756
f 1035/757/757 1033/755/755 1032/754/754
f 1035/757/757 1034/756/756 1033/755/755
f 1032/754/754 995/606/606 1036/758/758
f 992/602/602 1036/758/758 995/606/606
f 1036/758/758 992/602/602 991/601/601
f 1032/754/754 1037/759/759 1035/757/757
f 1036/758/758 1037/759/759 1032/754/754
f 1038/760/760 1036/758/758 991/601/601
f 991/601/601 968/511/511 1038/760/760
f 1038/760/760 968/511/511 937/480/480
f 1037/759/759 1036/758/758 1039/761/761
f 1036/758/758 1038/760/760 1039/761/761
f 1040/762/762 1038/760/760 937/480/480
f 935/478/478 1040/762/762 937/480/480
f 1041/763/763 1039/761/761 1038/760/760
f 1038/760/760 1040/762/762 1041/763/763
f 1040/762/762 935/478/478 1042/764/764
f 1042/764/764 1041/763/763 1040/762/762
f 935/478/478 1043/765/765 1042/764/764
f 1043/765/765 935/478/478 919/462/462
f 915/458/458 1043/765/765 919/462/462
f 1041/763/763 1042/764/764 1044/766/766
f 1043/765/765 1044/766/766 1042/764/764
f 1039/761/761 1041/763/763 1045/767/767
f 1044/766/766 1045/767/767 1041/763/763
f 1045/767/767 1037/759/759 1039/761/761
f 1044/766/766 1043/765/765 1046/768/768
f 1046/768/768 1045/767/767 1044/766/766
f 1047/769/769 1043/765/765 915/458/458
f 1046/768/768 1043/765/765 1047/769/769
f 1047/769/769 915/458/458 911/454/454
f 911/454/454 1048/770/770 1047/769/769
f 1046/768/768 1047/769/769 1048/770/770
f 912/455/455 1048/770/770 911/454/454
f 1045/767/767 1046/768/768 1049/771/771
f 1048/770/770 1049/771/771 1046/768/768
f 1037/759/759 1045/767/767 1050/772/772
f 1050/772/772 1045/767/767 1049/771/771
f 1050/772/772 1035/757/757 1037/759/759
f 1051/773/773 1049/771/771 1048/770/770
f 1048/770/770 912/455/455 1051/773/773
f 1052/774/774 1050/772/772 1049/771/771
f 1049/771/771 1051/773/773 1052/774/774
f 1035/757/757 1050/772/772 1053/775/775
f 1054/776/776 1052/774/774 1051/773/773
f 912/455/455 1054/776/776 1051/773/773
f 1055/777/777 1050/772/772 1052/774/774
f 1052/774/774 1054/776/776 1055/777/777
f 1053/775/775 1050/772/772 1055/777/777
f 1054/776/776 912/455/455 1056/778/778
f 910/453/453 1056/778/778 912/455/455
f 1054/776/776 1057/779/779 1055/777/777
f 1057/779/779 1054/776/776 1056/778/778
f 910/453/453 1058/780/780 1056/778/778
f 1057/779/779 1056/778/778 1058/780/780
f 1058/780/780 910/453/453 909/452/452
f 1059/781/781 1055/777/777 1057/779/779
f 1055/777/777 1059/781/781 1053/775/775
f 1060/782/782 1057/779/779 1058/780/780
f 1057/779/779 1060/782/782 1059/781/781
f 909/452/452 1060/782/782 1058/780/780
f 1061/783/783 1053/775/775 1059/781/781
f 1053/775/775 1061/783/783 1035/757/757
f 1061/783/783 1059/781/781 1060/782/782
f 1034/756/756 1035/757/757 1061/783/783
f 1034/756/756 1061/783/783 1062/784/784
f 1060/782/782 1062/784/784 1061/783/783
f 1062/784/784 1027/743/743 1034/756/756
f 1060/782/782 909/452/452 1063/785/785
f 887/410/410 1063/785/785 909/452/452
f 1062/784/784 1060/782/782 1064/786/786
f 1064/786/786 1060/782/782 1063/785/785
f 1065/787/787 1027/743/743 1062/784/784
f 1027/743/743 1065/787/787 1023/735/735
f 1020/732/732 1023/735/735 1065/787/787
f 1066/788/788 1062/784/784 1064/786/786
f 1062/784/784 1066/788/788 1065/787/787
f 1065/787/787 1067/789/789 1020/732/732
f 1067/789/789 1065/787/787 1066/788/788
f 1067/789/789 1022/734/734 1020/732/732
f 1064/786/786 1068/790/790 1066/788/788
f 1068/790/790 1064/786/786 1063/785/785
f 1066/788/788 1069/791/791 1067/789/789
f 1069/791/791 1066/788/788 1068/790/790
f 1070/792/792 1022/734/734 1067/789/789
f 1070/792/792 1067/789/789 1069/791/791
f 1063/785/785 887/410/410 1071/793/793
f 1071/793/793 1068/790/790 1063/785/785
f 857/180/180 1071/793/793 887/410/410
f 857/180/180 855/178/178 1071/793/793
f 1068/790/790 1071/793/793 855/178/178
f 852/175/175 1068/790/790 855/178/178
f 1068/790/790 852/175/175 1069/791/791
f 853/176/176 1069/791/791 852/175/175
f 1069/791/791 853/176/176 1072/794/794
f 1072/794/794 1070/792/792 1069/791/791
f 853/176/176 1073/795/795 1072/794/794
f 1073/795/795 1070/792/792 1072/794/794
f 1073/795/795 853/176/176 851/174/174
f 1070/792/792 1074/796/796 1022/734/734
f 1013/722/722 1022/734/734 1074/796/796
f 1070/792/792 1073/795/795 1075/797/797
f 1074/796/796 1070/792/792 1075/797/797
f 1076/798/798 1073/795/795 851/174/174
f 848/171/171 1076/798/798 851/174/174
f 1077/799/799 1075/797/797 1073/795/795
f 1073/795/795 1076/798/798 1077/799/799
f 1078/800/800 1074/796/796 1075/797/797
f 1075/797/797 1077/799/799 1078/800/800
f 1079/801/801 1013/722/722 1074/796/796
f 1074/796/796 1078/800/800 1079/801/801
f 1013/722/722 1079/801/801 1010/719/719
f 1079/801/801 1011/720/720 1010/719/719
f 1077/799/799 1080/802/802 1078/800/800
f 1080/802/802 1079/801/801 1078/800/800
f 1011/720/720 1079/801/801 1081/803/803
f 1079/801/801 1080/802/802 1081/803/803
f 1011/720/720 1081/803/803 1082/804/804
f 1080/802/802 1082/804/804 1081/803/803
f 1082/804/804 1083/805/805 1011/720/720
f 1000/690/690 1011/720/720 1083/805/805
f 1001/691/691 1000/690/690 1083/805/805
f 1083/805/805 1002/694/694 1001/691/691
f 1002/694/694 1083/805/805 1082/804/804
f 1082/804/804 1080/802/802 1084/806/806
f 1084/806/806 1002/694/694 1082/804/804
f 1077/799/799 1085/807/807 1080/802/802
f 1085/807/807 1084/806/806 1080/802/802
f 1076/798/798 1085/807/807 1077/799/799
f 1086/808/808 1002/694/694 1084/806/806
f 950/692/692 1002/694/694 1086/808/808
f 874/809/809 950/692/692 1086/808/808
f 1084/806/806 1085/807/807 1087/810/810
f 1087/810/810 1086/808/808 1084/806/806
f 1076/798/798 1088/811/811 1085/807/807
f 1087/810/810 1085/807/807 1088/811/811
f 848/171/171 1088/811/811 1076/798/798
f 874/809/809 1086/808/808 1089/812/812
f 1087/810/810 1089/812/812 1086/808/808
f 1089/812/812 871/813/813 874/809/809
f 1090/814/814 1087/810/810 1088/811/811
f 1089/812/812 1087/810/810 1090/814/814
f 1088/811/811 848/171/171 1091/815/815
f 1091/815/815 1090/814/814 1088/811/811
f 845/168/168 1091/815/815 848/171/171
f 1092/816/816 871/813/813 1089/812/812
f 1090/814/814 1092/816/816 1089/812/812
f 871/813/813 1092/816/816 868/817/817
f 1090/814/814 1091/815/815 1093/818/818
f 1093/818/818 1092/816/816 1090/814/814
f 845/168/168 1094/819/819 1091/815/815
f 1093/818/818 1091/815/815 1094/819/819
f 836/153/153 1094/819/819 845/168/168
f 1095/820/820 868/817/817 1092/816/816
f 1092/816/816 1093/818/818 1095/820/820
f 868/817/817 1095/820/820 867/821/821
f 1095/820/820 863/822/822 867/821/821
f 863/822/822 1095/820/820 1096/823/823
f 1093/818/818 1096/823/823 1095/820/820
f 831/121/121 863/822/822 1096/823/823
f 830/120/120 831/121/121 1096/823/823
f 1096/823/823 1093/818/818 1097/824/824
f 1097/824/824 830/120/120 1096/823/823
f 1097/824/824 1093/818/818 1094/819/819
f 830/120/120 1097/824/824 1098/825/825
f 1098/825/825 1097/824/824 1094/819/819
f 830/120/120 1098/825/825 832/122/122
f 1094/819/819 1099/826/826 1098/825/825
f 1099/826/826 832/122/122 1098/825/825
f 836/153/153 1099/826/826 1094/819/819
f 832/122/122 1099/826/826 833/124/124
f 836/153/153 834/128/128 1099/826/826
f 1099/826/826 834/128/128 833/124/124
f 378/827/827 384/828/828 522/829/829
f 375/830/830 378/827/827 522/829/829
f 384/828/828 387/831/831 522/829/829
f 371/832/832 375/830/830 522/829/829
f 387/831/831 389/833/833 522/829/829
f 389/833/833 523/834/834 522/829/829
f 389/833/833 393/835/835 523/834/834
f 399/836/836 523/834/834 393/835/835
f 524/837/837 371/832/832 522/829/829
f 524/837/837 522/829/829 523/834/834
f 525/838/838 523/834/834 399/836/836
f 525/838/838 524/837/837 523/834/834
f 399/836/836 526/839/839 525/838/838
f 526/839/839 399/836/836 402/840/840
f 433/841/841 526/839/839 402/840/840
f 371/832/832 524/837/837 527/842/842
f 527/842/842 368/843/843 371/832/832
f 527/842/842 366/844/844 368/843/843
f 433/841/841 528/845/845 526/839/839
f 527/842/842 529/846/846 366/844/844
f 528/845/845 433/841/841 530/847/847
f 530/847/847 433/841/841 436/848/848
f 531/849/849 366/844/844 529/846/846
f 366/844/844 531/849/849 365/850/850
f 436/848/848 532/851/851 530/847/847
f 532/851/851 436/848/848 437/852/852
f 533/853/853 365/850/850 531/849/849
f 365/850/850 533/853/853 364/854/854
f 531/849/849 529/846/846 534/855/855
f 533/853/853 531/849/849 534/855/855
f 529/846/846 527/842/842 534/855/855
f 527/842/842 524/837/837 534/855/855
f 524/837/837 525/838/838 534/855/855
f 525/838/838 526/839/839 534/855/855
f 526/839/839 528/845/845 534/855/855
f 528/845/845 530/847/847 534/855/855
f 530/847/847 532/851/851 534/855/855
f 535/856/856 364/854/854 533/853/853
f 535/856/856 533/853/853 534/855/855
f 364/854/854 535/856/856 466/857/857
f 532/851/851 536/858/858 534/855/855
f 536/858/858 532/851/851 437/852/852
f 536/858/858 437/852/852 439/859/859
f 536/858/858 439/859/859 442/860/860
f 537/861/861 535/856/856 534/855/855
f 536/858/858 537/861/861 534/855/855
f 538/862/862 466/857/857 535/856/856
f 538/862/862 535/856/856 537/861/861
f 466/857/857 538/862/862 463/863/863
f 463/863/863 538/862/862 460/864/864
f 460/864/864 538/862/862 455/865/865
f 452/866/866 455/865/865 538/862/862
f 537/861/861 539/867/867 538/862/862
f 539/867/867 452/866/866 538/862/862
f 536/858/858 539/867/867 537/861/861
f 452/866/866 539/867/867 449/868/868
f 539/867/867 446/869/869 449/868/868
f 539/867/867 536/858/858 540/870/870
f 539/867/867 540/870/870 446/869/869
f 442/860/860 540/870/870 536/858/858
f 540/870/870 442/860/860 446/869/869
f 180/871/871 184/872/872 541/873/873
f 184/872/872 190/874/874 541/873/873
f 541/873/873 542/875/875 180/871/871
f 542/875/875 174/876/876 180/871/871
f 543/877/877 541/873/873 190/874/874
f 193/878/878 543/877/877 190/874/874
f 174/876/876 542/875/875 544/879/879
f 545/880/880 543/877/877 193/878/878
f 546/881/881 174/876/876 544/879/879
f 172/882/882 174/876/876 546/881/881
f 547/883/883 544/879/879 542/875/875
f 541/873/873 547/883/883 542/875/875
f 548/884/884 546/881/881 544/879/879
f 547/883/883 548/884/884 544/879/879
f 172/882/882 546/881/881 549/885/885
f 173/886/886 172/882/882 549/885/885
f 549/885/885 176/208/208 173/886/886
f 548/884/884 550/887/887 546/881/881
f 549/885/885 546/881/881 550/887/887
f 176/208/208 549/885/885 551/888/888
f 551/888/888 178/210/210 176/208/208
f 550/887/887 552/889/889 549/885/885
f 551/888/888 549/885/885 552/889/889
f 548/884/884 553/890/890 550/887/887
f 178/210/210 551/888/888 554/891/891
f 555/892/892 550/887/887 553/890/890
f 550/887/887 555/892/892 552/889/889
f 551/888/888 552/889/889 556/893/893
f 554/891/891 551/888/888 556/893/893
f 557/894/894 552/889/889 555/892/892
f 552/889/889 557/894/894 556/893/893
f 178/210/210 554/891/891 558/895/895
f 14/896/896 178/210/210 558/895/895
f 554/891/891 556/893/893 559/897/897
f 559/897/897 558/895/895 554/891/891
f 14/896/896 558/895/895 560/898/898
f 5/899/899 14/896/896 560/898/898
f 558/895/895 559/897/897 561/900/900
f 561/900/900 560/898/898 558/895/895
f 559/897/897 556/893/893 562/901/901
f 556/893/893 557/894/894 562/901/901
f 559/897/897 563/902/902 561/900/900
f 563/902/902 559/897/897 562/901/901
f 560/898/898 561/900/900 564/903/903
f 564/903/903 561/900/900 563/902/902
f 5/899/899 560/898/898 565/904/904
f 564/903/903 565/904/904 560/898/898
f 2/905/905 5/899/899 565/904/904
f 565/904/904 3/906/906 2/905/905
f 3/906/906 565/904/904 566/907/907
f 566/907/907 214/908/908 3/906/906
f 564/903/903 567/909/909 565/904/904
f 566/907/907 565/904/904 567/909/909
f 568/910/910 567/909/909 564/903/903
f 563/902/902 568/910/910 564/903/903
f 214/908/908 566/907/907 569/911/911
f 569/911/911 212/912/912 214/908/908
f 567/909/909 570/913/913 566/907/907
f 570/913/913 569/911/911 566/907/907
f 567/909/909 568/910/910 571/914/914
f 571/914/914 570/913/913 567/909/909
f 568/910/910 563/902/902 572/915/915
f 572/915/915 571/914/914 568/910/910
f 563/902/902 573/916/916 572/915/915
f 563/902/902 562/901/901 573/916/916
f 570/913/913 571/914/914 574/917/917
f 562/901/901 575/918/918 573/916/916
f 574/917/917 576/919/919 570/913/913
f 569/911/911 570/913/913 576/919/919
f 562/901/901 577/920/920 575/918/918
f 577/920/920 562/901/901 557/894/894
f 578/921/921 569/911/911 576/919/919
f 557/894/894 579/922/922 577/920/920
f 579/922/922 557/894/894 555/892/892
f 555/892/892 553/890/890 579/922/922
f 569/911/911 578/921/921 580/923/923
f 212/912/912 569/911/911 580/923/923
f 580/923/923 203/924/924 212/912/912
f 203/924/924 580/923/923 581/925/925
f 581/925/925 200/926/926 203/924/924
f 580/923/923 582/927/927 581/925/925
f 582/927/927 580/923/923 578/921/921
f 200/926/926 581/925/925 583/928/928
f 583/928/928 198/929/929 200/926/926
f 584/930/930 581/925/925 582/927/927
f 581/925/925 584/930/930 583/928/928
f 198/929/929 583/928/928 585/931/931
f 585/931/931 193/878/878 198/929/929
f 193/878/878 585/931/931 545/880/880
f 583/928/928 586/932/932 585/931/931
f 586/932/932 583/928/928 584/930/930
f 585/931/931 587/933/933 545/880/880
f 587/933/933 585/931/931 586/932/932
f 584/930/930 582/927/927 588/934/934
f 578/921/921 588/934/934 582/927/927
f 589/935/935 586/932/932 584/930/930
f 588/934/934 589/935/935 584/930/930
f 588/934/934 578/921/921 590/936/936
f 591/937/937 589/935/935 588/934/934
f 591/937/937 588/934/934 590/936/936
f 578/921/921 592/938/938 590/936/936
f 592/938/938 578/921/921 576/919/919
f 576/919/919 574/917/917 592/938/938
f 591/937/937 590/936/936 593/939/939
f 590/936/936 592/938/938 593/939/939
f 594/940/940 592/938/938 574/917/917
f 593/939/939 592/938/938 595/941/941
f 592/938/938 594/940/940 595/941/941
f 574/917/917 596/942/942 594/940/940
f 596/942/942 574/917/917 571/914/914
f 571/914/914 572/915/915 596/942/942
f 597/943/943 594/940/940 596/942/942
f 598/944/944 596/942/942 572/915/915
f 596/942/942 598/944/944 597/943/943
f 572/915/915 599/945/945 598/944/944
f 599/945/945 572/915/915 573/916/916
f 600/946/946 597/943/943 598/944/944
f 599/945/945 600/946/946 598/944/944
f 594/940/940 597/943/943 601/947/947
f 601/947/947 595/941/941 594/940/940
f 597/943/943 600/946/946 602/948/948
f 602/948/948 601/947/947 597/943/943
f 600/946/946 599/945/945 603/949/949
f 573/916/916 604/950/950 599/945/945
f 599/945/945 604/950/950 603/949/949
f 604/950/950 573/916/916 575/918/918
f 605/951/951 602/948/948 600/946/946
f 603/949/949 605/951/951 600/946/946
f 575/918/918 606/952/952 604/950/950
f 606/952/952 575/918/918 577/920/920
f 604/950/950 607/953/953 603/949/949
f 577/920/920 608/954/954 606/952/952
f 608/954/954 577/920/920 579/922/922
f 609/955/955 604/950/950 606/952/952
f 604/950/950 609/955/955 607/953/953
f 610/956/956 606/952/952 608/954/954
f 606/952/952 610/956/956 609/955/955
f 579/922/922 611/957/957 608/954/954
f 608/954/954 611/957/957 610/956/956
f 611/957/957 579/922/922 612/958/958
f 553/890/890 612/958/958 579/922/922
f 611/957/957 613/959/959 610/956/956
f 553/890/890 614/960/960 612/958/958
f 553/890/890 548/884/884 614/960/960
f 547/883/883 614/960/960 548/884/884
f 612/958/958 615/961/961 611/957/957
f 611/957/957 615/961/961 613/959/959
f 612/958/958 614/960/960 616/962/962
f 615/961/961 612/958/958 616/962/962
f 614/960/960 547/883/883 617/963/963
f 614/960/960 618/964/964 616/962/962
f 618/964/964 614/960/960 617/963/963
f 619/965/965 616/962/962 618/964/964
f 616/962/962 619/965/965 615/961/961
f 617/963/963 620/966/966 618/964/964
f 620/966/966 619/965/965 618/964/964
f 621/967/967 617/963/963 547/883/883
f 547/883/883 541/873/873 621/967/967
f 543/877/877 621/967/967 541/873/873
f 617/963/963 621/967/967 622/968/968
f 620/966/966 617/963/963 622/968/968
f 621/967/967 543/877/877 623/969/969
f 621/967/967 623/969/969 622/968/968
f 545/880/880 623/969/969 543/877/877
f 623/969/969 545/880/880 587/933/933
f 623/969/969 624/970/970 622/968/968
f 587/933/933 624/970/970 623/969/969
f 622/968/968 624/970/970 620/966/966
f 624/970/970 587/933/933 625/971/971
f 586/932/932 625/971/971 587/933/933
f 626/972/972 620/966/966 624/970/970
f 624/970/970 625/971/971 626/972/972
f 625/971/971 586/932/932 627/973/973
f 586/932/932 589/935/935 627/973/973
f 628/974/974 626/972/972 625/971/971
f 627/973/973 628/974/974 625/971/971
f 620/966/966 626/972/972 629/975/975
f 619/965/965 620/966/966 629/975/975
f 626/972/972 630/976/976 629/975/975
f 626/972/972 628/974/974 630/976/976
f 631/977/977 619/965/965 629/975/975
f 629/975/975 630/976/976 631/977/977
f 632/978/978 628/974/974 627/973/973
f 633/979/979 630/976/976 628/974/974
f 632/978/978 633/979/979 628/974/974
f 634/980/980 627/973/973 589/935/935
f 627/973/973 634/980/980 632/978/978
f 589/935/935 591/937/937 634/980/980
f 634/980/980 635/981/981 632/978/978
f 633/979/979 632/978/978 635/981/981
f 591/937/937 636/982/982 634/980/980
f 635/981/981 634/980/980 636/982/982
f 636/982/982 591/937/937 637/983/983
f 591/937/937 593/939/939 637/983/983
f 638/984/984 635/981/981 636/982/982
f 637/983/983 593/939/939 639/985/985
f 593/939/939 595/941/941 639/985/985
f 636/982/982 637/983/983 640/986/986
f 637/983/983 639/985/985 640/986/986
f 640/986/986 638/984/984 636/982/982
f 595/941/941 641/987/987 639/985/985
f 595/941/941 601/947/947 641/987/987
f 640/986/986 639/985/985 642/988/988
f 639/985/985 641/987/987 642/988/988
f 643/989/989 641/987/987 601/947/947
f 601/947/947 602/948/948 643/989/989
f 642/988/988 641/987/987 644/990/990
f 641/987/987 643/989/989 644/990/990
f 645/991/991 643/989/989 602/948/948
f 602/948/948 605/951/951 645/991/991
f 646/992/992 644/990/990 643/989/989
f 643/989/989 645/991/991 646/992/992
f 647/993/993 642/988/988 644/990/990
f 646/992/992 645/991/991 648/994/994
f 644/990/990 649/995/995 647/993/993
f 644/990/990 646/992/992 649/995/995
f 650/996/996 642/988/988 647/993/993
f 650/996/996 640/986/986 642/988/988
f 646/992/992 651/997/997 649/995/995
f 652/998/998 640/986/986 650/996/996
f 640/986/986 652/998/998 638/984/984
f 651/997/997 646/992/992 653/999/999
f 648/994/994 653/999/999 646/992/992
f 654/1000/1000 649/995/995 651/997/997
f 654/1000/1000 651/997/997 653/999/999
f 649/995/995 654/1000/1000 647/993/993
f 654/1000/1000 650/996/996 647/993/993
f 653/999/999 648/994/994 655/1001/1001
f 655/1001/1001 648/994/994 645/991/991
f 654/1000/1000 653/999/999 655/1001/1001
f 655/1001/1001 645/991/991 605/951/951
f 650/996/996 654/1000/1000 656/1002/1002
f 657/1003/1003 650/996/996 656/1002/1002
f 657/1003/1003 656/1002/1002 654/1000/1000
f 650/996/996 657/1003/1003 652/998/998
f 658/1004/1004 655/1001/1001 605/951/951
f 605/951/951 603/949/949 658/1004/1004
f 659/1005/1005 652/998/998 657/1003/1003
f 603/949/949 660/1006/1006 658/1004/1004
f 660/1006/1006 603/949/949 607/953/953
f 652/998/998 659/1005/1005 661/1007/1007
f 661/1007/1007 638/984/984 652/998/998
f 607/953/953 662/1008/1008 660/1006/1006
f 662/1008/1008 607/953/953 609/955/955
f 638/984/984 661/1007/1007 663/1009/1009
f 635/981/981 638/984/984 663/1009/1009
f 609/955/955 664/1010/1010 662/1008/1008
f 663/1009/1009 665/1011/1011 635/981/981
f 661/1007/1007 665/1011/1011 663/1009/1009
f 664/1010/1010 609/955/955 610/956/956
f 635/981/981 665/1011/1011 633/979/979
f 610/956/956 666/1012/1012 664/1010/1010
f 666/1012/1012 610/956/956 613/959/959
f 665/1011/1011 667/1013/1013 633/979/979
f 630/976/976 633/979/979 667/1013/1013
f 667/1013/1013 631/977/977 630/976/976
f 665/1011/1011 661/1007/1007 668/1014/1014
f 668/1014/1014 661/1007/1007 659/1005/1005
f 667/1013/1013 665/1011/1011 669/1015/1015
f 665/1011/1011 668/1014/1014 669/1015/1015
f 670/1016/1016 631/977/977 667/1013/1013
f 667/1013/1013 669/1015/1015 670/1016/1016
f 659/1005/1005 671/1017/1017 668/1014/1014
f 671/1017/1017 659/1005/1005 657/1003/1003
f 671/1017/1017 657/1003/1003 654/1000/1000
f 668/1014/1014 672/1018/1018 669/1015/1015
f 672/1018/1018 668/1014/1014 671/1017/1017
f 673/1019/1019 669/1015/1015 672/1018/1018
f 673/1019/1019 672/1018/1018 671/1017/1017
f 669/1015/1015 673/1019/1019 670/1016/1016
f 671/1017/1017 654/1000/1000 674/1020/1020
f 654/1000/1000 655/1001/1001 674/1020/1020
f 673/1019/1019 671/1017/1017 675/1021/1021
f 671/1017/1017 674/1020/1020 675/1021/1021
f 673/1019/1019 676/1022/1022 670/1016/1016
f 676/1022/1022 631/977/977 670/1016/1016
f 677/1023/1023 673/1019/1019 675/1021/1021
f 676/1022/1022 673/1019/1019 677/1023/1023
f 675/1021/1021 676/1022/1022 677/1023/1023
f 676/1022/1022 678/1024/1024 631/977/977
f 619/965/965 631/977/977 678/1024/1024
f 678/1024/1024 615/961/961 619/965/965
f 679/1025/1025 678/1024/1024 676/1022/1022
f 676/1022/1022 675/1021/1021 679/1025/1025
f 615/961/961 678/1024/1024 680/1026/1026
f 678/1024/1024 679/1025/1025 680/1026/1026
f 613/959/959 615/961/961 680/1026/1026
f 679/1025/1025 613/959/959 680/1026/1026
f 613/959/959 679/1025/1025 666/1012/1012
f 675/1021/1021 666/1012/1012 679/1025/1025
f 675/1021/1021 681/1027/1027 666/1012/1012
f 675/1021/1021 674/1020/1020 681/1027/1027
f 664/1010/1010 666/1012/1012 681/1027/1027
f 681/1027/1027 674/1020/1020 664/1010/1010
f 682/1028/1028 664/1010/1010 674/1020/1020
f 664/1010/1010 682/1028/1028 662/1008/1008
f 660/1006/1006 662/1008/1008 682/1028/1028
f 683/1029/1029 682/1028/1028 674/1020/1020
f 660/1006/1006 682/1028/1028 683/1029/1029
f 655/1001/1001 683/1029/1029 674/1020/1020
f 683/1029/1029 658/1004/1004 660/1006/1006
f 655/1001/1001 684/1030/1030 683/1029/1029
f 655/1001/1001 658/1004/1004 684/1030/1030
f 658/1004/1004 683/1029/1029 684/1030/1030
f 252/1031/1031 685/1032/1032 251/1033/1033
f 685/1032/1032 247/293/293 251/1033/1033
f 685/1032/1032 252/1031/1031 686/1034/1034
f 254/1035/1035 686/1034/1034 252/1031/1031
f 247/293/293 685/1032/1032 687/1036/1036
f 687/1036/1036 246/291/291 247/293/293
f 686/1034/1034 254/1035/1035 688/1037/1037
f 259/1038/1038 688/1037/1037 254/1035/1035
f 246/291/291 687/1036/1036 689/1039/1039
f 688/1037/1037 259/1038/1038 690/1040/1040
f 691/1041/1041 246/291/291 689/1039/1039
f 246/291/291 691/1041/1041 53/1042/1042
f 687/1036/1036 692/1043/1043 689/1039/1039
f 692/1043/1043 691/1041/1041 689/1039/1039
f 693/1044/1044 53/1042/1042 691/1041/1041
f 53/1042/1042 693/1044/1044 54/1045/1045
f 693/1044/1044 56/1046/1046 54/1045/1045
f 694/1047/1047 693/1044/1044 691/1041/1041
f 691/1041/1041 692/1043/1043 694/1047/1047
f 693/1044/1044 695/1048/1048 56/1046/1046
f 695/1048/1048 59/1049/1049 56/1046/1046
f 693/1044/1044 694/1047/1047 696/1050/1050
f 696/1050/1050 695/1048/1048 693/1044/1044
f 59/1049/1049 695/1048/1048 697/1051/1051
f 697/1051/1051 61/1052/1052 59/1049/1049
f 695/1048/1048 696/1050/1050 698/1053/1053
f 698/1053/1053 697/1051/1051 695/1048/1048
f 696/1050/1050 694/1047/1047 699/1054/1054
f 61/1052/1052 697/1051/1051 700/1055/1055
f 701/1056/1056 696/1050/1050 699/1054/1054
f 696/1050/1050 701/1056/1056 698/1053/1053
f 699/1054/1054 694/1047/1047 702/1057/1057
f 694/1047/1047 692/1043/1043 702/1057/1057
f 703/1058/1058 701/1056/1056 699/1054/1054
f 702/1057/1057 703/1058/1058 699/1054/1054
f 704/1059/1059 698/1053/1053 701/1056/1056
f 697/1051/1051 698/1053/1053 705/1060/1060
f 698/1053/1053 704/1059/1059 705/1060/1060
f 705/1060/1060 700/1055/1055 697/1051/1051
f 706/1061/1061 704/1059/1059 701/1056/1056
f 701/1056/1056 703/1058/1058 706/1061/1061
f 707/1062/1062 705/1060/1060 704/1059/1059
f 700/1055/1055 705/1060/1060 708/1063/1063
f 705/1060/1060 707/1062/1062 708/1063/1063
f 709/1064/1064 61/1052/1052 700/1055/1055
f 708/1063/1063 709/1064/1064 700/1055/1055
f 61/1052/1052 709/1064/1064 62/1065/1065
f 709/1064/1064 708/1063/1063 710/1066/1066
f 711/1067/1067 62/1065/1065 709/1064/1064
f 710/1066/1066 711/1067/1067 709/1064/1064
f 62/1065/1065 711/1067/1067 66/1068/1068
f 711/1067/1067 69/1069/1069 66/1068/1068
f 708/1063/1063 712/1070/1070 710/1066/1066
f 712/1070/1070 708/1063/1063 707/1062/1062
f 69/1069/1069 711/1067/1067 713/1071/1071
f 713/1071/1071 106/1072/1072 69/1069/1069
f 711/1067/1067 710/1066/1066 714/1073/1073
f 714/1073/1073 713/1071/1071 711/1067/1067
f 710/1066/1066 712/1070/1070 715/1074/1074
f 714/1073/1073 710/1066/1066 715/1074/1074
f 106/1072/1072 713/1071/1071 716/1075/1075
f 716/1075/1075 108/1076/1076 106/1072/1072
f 713/1071/1071 714/1073/1073 717/1077/1077
f 108/1076/1076 716/1075/1075 718/1078/1078
f 718/1078/1078 267/1079/1079 108/1076/1076
f 716/1075/1075 713/1071/1071 719/1080/1080
f 719/1080/1080 713/1071/1071 717/1077/1077
f 718/1078/1078 716/1075/1075 720/1081/1081
f 719/1080/1080 720/1081/1081 716/1075/1075
f 717/1077/1077 714/1073/1073 721/1082/1082
f 721/1082/1082 719/1080/1080 717/1077/1077
f 721/1082/1082 714/1073/1073 715/1074/1074
f 719/1080/1080 722/1083/1083 720/1081/1081
f 723/1084/1084 721/1082/1082 715/1074/1074
f 712/1070/1070 723/1084/1084 715/1074/1074
f 719/1080/1080 721/1082/1082 724/1085/1085
f 722/1083/1083 719/1080/1080 724/1085/1085
f 721/1082/1082 723/1084/1084 725/1086/1086
f 725/1086/1086 724/1085/1085 721/1082/1082
f 726/1087/1087 723/1084/1084 712/1070/1070
f 707/1062/1062 726/1087/1087 712/1070/1070
f 727/1088/1088 725/1086/1086 723/1084/1084
f 726/1087/1087 707/1062/1062 728/1089/1089
f 723/1084/1084 729/1090/1090 727/1088/1088
f 729/1090/1090 723/1084/1084 726/1087/1087
f 707/1062/1062 730/1091/1091 728/1089/1089
f 730/1091/1091 707/1062/1062 704/1059/1059
f 704/1059/1059 706/1061/1061 730/1091/1091
f 731/1092/1092 726/1087/1087 728/1089/1089
f 726/1087/1087 731/1092/1092 729/1090/1090
f 732/1093/1093 728/1089/1089 730/1091/1091
f 728/1089/1089 732/1093/1093 731/1092/1092
f 733/1094/1094 730/1091/1091 706/1061/1061
f 730/1091/1091 733/1094/1094 732/1093/1093
f 706/1061/1061 734/1095/1095 733/1094/1094
f 734/1095/1095 706/1061/1061 703/1058/1058
f 735/1096/1096 732/1093/1093 733/1094/1094
f 736/1097/1097 733/1094/1094 734/1095/1095
f 733/1094/1094 736/1097/1097 735/1096/1096
f 703/1058/1058 737/1098/1098 734/1095/1095
f 737/1098/1098 736/1097/1097 734/1095/1095
f 737/1098/1098 703/1058/1058 738/1099/1099
f 738/1099/1099 703/1058/1058 702/1057/1057
f 736/1097/1097 737/1098/1098 739/1100/1100
f 740/1101/1101 738/1099/1099 702/1057/1057
f 692/1043/1043 740/1101/1101 702/1057/1057
f 738/1099/1099 741/1102/1102 737/1098/1098
f 741/1102/1102 739/1100/1100 737/1098/1098
f 738/1099/1099 740/1101/1101 742/1103/1103
f 741/1102/1102 738/1099/1099 742/1103/1103
f 740/1101/1101 743/1104/1104 742/1103/1103
f 742/1103/1103 743/1104/1104 741/1102/1102
f 692/1043/1043 744/1105/1105 740/1101/1101
f 743/1104/1104 740/1101/1101 744/1105/1105
f 744/1105/1105 692/1043/1043 745/1106/1106
f 692/1043/1043 687/1036/1036 745/1106/1106
f 745/1106/1106 687/1036/1036 685/1032/1032
f 744/1105/1105 746/1107/1107 743/1104/1104
f 747/1108/1108 745/1106/1106 685/1032/1032
f 685/1032/1032 686/1034/1034 747/1108/1108
f 745/1106/1106 748/1109/1109 744/1105/1105
f 748/1109/1109 745/1106/1106 747/1108/1108
f 746/1107/1107 744/1105/1105 748/1109/1109
f 749/1110/1110 747/1108/1108 686/1034/1034
f 686/1034/1034 688/1037/1037 749/1110/1110
f 747/1108/1108 750/1111/1111 748/1109/1109
f 750/1111/1111 747/1108/1108 749/1110/1110
f 750/1111/1111 746/1107/1107 748/1109/1109
f 749/1110/1110 688/1037/1037 751/1112/1112
f 688/1037/1037 690/1040/1040 751/1112/1112
f 749/1110/1110 752/1113/1113 750/1111/1111
f 752/1113/1113 749/1110/1110 751/1112/1112
f 746/1107/1107 750/1111/1111 753/1114/1114
f 750/1111/1111 752/1113/1113 753/1114/1114
f 751/1112/1112 690/1040/1040 754/1115/1115
f 751/1112/1112 755/1116/1116 752/1113/1113
f 755/1116/1116 751/1112/1112 754/1115/1115
f 756/1117/1117 754/1115/1115 690/1040/1040
f 756/1117/1117 690/1040/1040 259/1038/1038
f 259/1038/1038 262/1118/1118 756/1117/1117
f 267/1079/1079 756/1117/1117 262/1118/1118
f 754/1115/1115 756/1117/1117 757/1119/1119
f 754/1115/1115 757/1119/1119 755/1116/1116
f 756/1117/1117 267/1079/1079 758/1120/1120
f 758/1120/1120 757/1119/1119 756/1117/1117
f 267/1079/1079 718/1078/1078 758/1120/1120
f 759/1121/1121 758/1120/1120 718/1078/1078
f 757/1119/1119 758/1120/1120 759/1121/1121
f 720/1081/1081 759/1121/1121 718/1078/1078
f 722/1083/1083 759/1121/1121 720/1081/1081
f 760/1122/1122 757/1119/1119 759/1121/1121
f 759/1121/1121 722/1083/1083 760/1122/1122
f 757/1119/1119 760/1122/1122 761/1123/1123
f 757/1119/1119 761/1123/1123 755/1116/1116
f 761/1123/1123 760/1122/1122 762/1124/1124
f 762/1124/1124 755/1116/1116 761/1123/1123
f 722/1083/1083 763/1125/1125 760/1122/1122
f 763/1125/1125 762/1124/1124 760/1122/1122
f 764/1126/1126 763/1125/1125 722/1083/1083
f 724/1085/1085 764/1126/1126 722/1083/1083
f 755/1116/1116 762/1124/1124 765/1127/1127
f 765/1127/1127 752/1113/1113 755/1116/1116
f 764/1126/1126 724/1085/1085 766/1128/1128
f 724/1085/1085 725/1086/1086 766/1128/1128
f 752/1113/1113 765/1127/1127 767/1129/1129
f 753/1114/1114 752/1113/1113 767/1129/1129
f 768/1130/1130 766/1128/1128 725/1086/1086
f 725/1086/1086 727/1088/1088 768/1130/1130
f 767/1129/1129 769/1131/1131 753/1114/1114
f 770/1132/1132 768/1130/1130 727/1088/1088
f 729/1090/1090 770/1132/1132 727/1088/1088
f 771/1133/1133 753/1114/1114 769/1131/1131
f 753/1114/1114 771/1133/1133 746/1107/1107
f 769/1131/1131 767/1129/1129 772/1134/1134
f 767/1129/1129 765/1127/1127 772/1134/1134
f 773/1135/1135 746/1107/1107 771/1133/1133
f 746/1107/1107 773/1135/1135 743/1104/1104
f 773/1135/1135 741/1102/1102 743/1104/1104
f 771/1133/1133 769/1131/1131 774/1136/1136
f 774/1136/1136 773/1135/1135 771/1133/1133
f 775/1137/1137 741/1102/1102 773/1135/1135
f 773/1135/1135 774/1136/1136 775/1137/1137
f 741/1102/1102 775/1137/1137 776/1138/1138
f 739/1100/1100 741/1102/1102 776/1138/1138
f 776/1138/1138 775/1137/1137 777/1139/1139
f 777/1139/1139 739/1100/1100 776/1138/1138
f 774/1136/1136 778/1140/1140 775/1137/1137
f 775/1137/1137 778/1140/1140 777/1139/1139
f 774/1136/1136 769/1131/1131 779/1141/1141
f 772/1134/1134 779/1141/1141 769/1131/1131
f 778/1140/1140 774/1136/1136 780/1142/1142
f 781/1143/1143 774/1136/1136 779/1141/1141
f 774/1136/1136 781/1143/1143 780/1142/1142
f 779/1141/1141 772/1134/1134 782/1144/1144
f 782/1144/1144 781/1143/1143 779/1141/1141
f 783/1145/1145 782/1144/1144 772/1134/1134
f 781/1143/1143 782/1144/1144 784/1146/1146
f 784/1146/1146 782/1144/1144 783/1145/1145
f 785/1147/1147 780/1142/1142 781/1143/1143
f 781/1143/1143 784/1146/1146 785/1147/1147
f 772/1134/1134 786/1148/1148 783/1145/1145
f 772/1134/1134 765/1127/1127 786/1148/1148
f 765/1127/1127 762/1124/1124 786/1148/1148
f 762/1124/1124 787/1149/1149 786/1148/1148
f 762/1124/1124 763/1125/1125 787/1149/1149
f 788/1150/1150 783/1145/1145 786/1148/1148
f 786/1148/1148 787/1149/1149 788/1150/1150
f 789/1151/1151 787/1149/1149 763/1125/1125
f 789/1151/1151 788/1150/1150 787/1149/1149
f 764/1126/1126 789/1151/1151 763/1125/1125
f 790/1152/1152 783/1145/1145 788/1150/1150
f 783/1145/1145 790/1152/1152 784/1146/1146
f 789/1151/1151 764/1126/1126 791/1153/1153
f 766/1128/1128 791/1153/1153 764/1126/1126
f 788/1150/1150 789/1151/1151 792/1154/1154
f 791/1153/1153 792/1154/1154 789/1151/1151
f 791/1153/1153 766/1128/1128 793/1155/1155
f 766/1128/1128 768/1130/1130 793/1155/1155
f 792/1154/1154 791/1153/1153 794/1156/1156
f 793/1155/1155 794/1156/1156 791/1153/1153
f 788/1150/1150 792/1154/1154 795/1157/1157
f 788/1150/1150 795/1157/1157 790/1152/1152
f 796/1158/1158 793/1155/1155 768/1130/1130
f 768/1130/1130 770/1132/1132 796/1158/1158
f 793/1155/1155 796/1158/1158 797/1159/1159
f 797/1159/1159 794/1156/1156 793/1155/1155
f 798/1160/1160 797/1159/1159 796/1158/1158
f 798/1160/1160 796/1158/1158 770/1132/1132
f 799/1161/1161 794/1156/1156 797/1159/1159
f 797/1159/1159 798/1160/1160 799/1161/1161
f 794/1156/1156 800/1162/1162 792/1154/1154
f 792/1154/1154 800/1162/1162 795/1157/1157
f 794/1156/1156 799/1161/1161 801/1163/1163
f 800/1162/1162 794/1156/1156 801/1163/1163
f 800/1162/1162 802/1164/1164 795/1157/1157
f 802/1164/1164 790/1152/1152 795/1157/1157
f 802/1164/1164 800/1162/1162 803/1165/1165
f 803/1165/1165 800/1162/1162 801/1163/1163
f 790/1152/1152 802/1164/1164 804/1166/1166
f 804/1166/1166 802/1164/1164 803/1165/1165
f 805/1167/1167 803/1165/1165 801/1163/1163
f 806/1168/1168 790/1152/1152 804/1166/1166
f 784/1146/1146 790/1152/1152 806/1168/1168
f 785/1147/1147 784/1146/1146 806/1168/1168
f 785/1147/1147 806/1168/1168 804/1166/1166
f 805/1167/1167 807/1169/1169 803/1165/1165
f 801/1163/1163 807/1169/1169 805/1167/1167
f 807/1169/1169 804/1166/1166 803/1165/1165
f 807/1169/1169 801/1163/1163 799/1161/1161
f 799/1161/1161 808/1170/1170 807/1169/1169
f 808/1170/1170 799/1161/1161 798/1160/1160
f 804/1166/1166 807/1169/1169 809/1171/1171
f 809/1171/1171 807/1169/1169 808/1170/1170
f 798/1160/1160 810/1172/1172 808/1170/1170
f 808/1170/1170 810/1172/1172 809/1171/1171
f 770/1132/1132 810/1172/1172 798/1160/1160
f 810/1172/1172 811/1173/1173 809/1171/1171
f 770/1132/1132 812/1174/1174 810/1172/1172
f 811/1173/1173 810/1172/1172 812/1174/1174
f 812/1174/1174 770/1132/1132 813/1175/1175
f 770/1132/1132 729/1090/1090 813/1175/1175
f 731/1092/1092 813/1175/1175 729/1090/1090
f 812/1174/1174 814/1176/1176 811/1173/1173
f 809/1171/1171 811/1173/1173 814/1176/1176
f 813/1175/1175 815/1177/1177 812/1174/1174
f 814/1176/1176 812/1174/1174 815/1177/1177
f 813/1175/1175 731/1092/1092 816/1178/1178
f 815/1177/1177 813/1175/1175 816/1178/1178
f 731/1092/1092 817/1179/1179 816/1178/1178
f 817/1179/1179 731/1092/1092 732/1093/1093
f 816/1178/1178 818/1180/1180 815/1177/1177
f 818/1180/1180 816/1178/1178 817/1179/1179
f 818/1180/1180 814/1176/1176 815/1177/1177
f 732/1093/1093 735/1096/1096 817/1179/1179
f 819/1181/1181 814/1176/1176 818/1180/1180
f 820/1182/1182 817/1179/1179 735/1096/1096
f 817/1179/1179 820/1182/1182 818/1180/1180
f 814/1176/1176 819/1181/1181 821/1183/1183
f 818/1180/1180 821/1183/1183 819/1181/1181
f 821/1183/1183 818/1180/1180 820/1182/1182
f 809/1171/1171 814/1176/1176 821/1183/1183
f 735/1096/1096 822/1184/1184 820/1182/1182
f 820/1182/1182 822/1184/1184 821/1183/1183
f 822/1184/1184 735/1096/1096 736/1097/1097
f 822/1184/1184 736/1097/1097 739/1100/1100
f 739/1100/1100 823/1185/1185 822/1184/1184
f 739/1100/1100 777/1139/1139 823/1185/1185
f 821/1183/1183 822/1184/1184 824/1186/1186
f 822/1184/1184 823/1185/1185 824/1186/1186
f 821/1183/1183 824/1186/1186 825/1187/1187
f 824/1186/1186 823/1185/1185 825/1187/1187
f 826/1188/1188 823/1185/1185 777/1139/1139
f 823/1185/1185 826/1188/1188 825/1187/1187
f 777/1139/1139 827/1189/1189 826/1188/1188
f 825/1187/1187 826/1188/1188 827/1189/1189
f 821/1183/1183 825/1187/1187 827/1189/1189
f 809/1171/1171 821/1183/1183 827/1189/1189
f 827/1189/1189 777/1139/1139 778/1140/1140
f 809/1171/1171 827/1189/1189 804/1166/1166
f 827/1189/1189 778/1140/1140 780/1142/1142
f 827/1189/1189 785/1147/1147 804/1166/1166
f 828/1190/1190 827/1189/1189 780/1142/1142
f 827/1189/1189 828/1190/1190 785/1147/1147
f 780/1142/1142 785/1147/1147 828/1190/1190
