# Blender v3.3.21 OBJ File: 'URDF3.blend'
# www.blender.org
v 1.330528 -1.559029 -6.005860
v -1.510674 -5.165385 -3.185296
v -1.530464 -1.225051 -5.851799
v -0.614595 3.376459 -5.061744
v 1.348637 -5.164542 -3.565934
v -0.566816 -6.136346 1.375777
v 2.168573 2.651474 -5.282951
v 0.700433 5.943641 -1.277938
v 2.212294 -6.052997 0.607551
v 0.748211 -3.569159 5.159576
v 4.816392 -3.255026 -2.730744
v 3.415581 -3.703952 4.069824
v 1.664080 1.032343 5.949600
v 5.244044 -3.694959 -0.664185
v 4.253625 0.506546 4.792725
v 5.839870 -2.531794 1.050224
v 4.235517 4.112053 2.352814
v 1.644290 4.972674 3.283112
v 6.254839 -0.446903 1.408188
v 3.371859 5.000514 -1.820678
v 6.245871 1.338417 0.200012
v 6.060472 -1.041802 -1.392677
v 5.818220 1.778352 -1.866546
v 4.807424 -1.469704 -3.938904
v 5.222394 0.615190 -3.580940
v -1.196918 1.366323 6.103691
v -1.215021 4.971829 3.663773
v -2.034962 -2.844175 5.380775
v -2.078677 5.860289 -0.509719
v -4.682777 3.062319 2.828553
v -3.281960 3.511250 -3.972007
v -5.110427 3.502254 0.761986
v -4.120006 -0.699253 -4.694916
v -5.706252 2.339092 -0.952392
v -4.101898 -4.304765 -2.254998
v -6.121224 0.254198 -1.310356
v -5.926857 0.849098 1.490494
v -6.112256 -1.531125 -0.102204
v -3.238245 -5.193220 1.918494
v -5.684606 -1.971056 1.964370
v -5.088779 -0.807891 3.678764
v -4.673810 1.276999 4.036720
v 3.684521 1.172196 -37.214481
v 4.242925 -0.441883 -37.477524
v 3.565503 -0.373235 -37.468857
v 4.363381 1.162849 -37.209866
v 4.188263 2.992147 -37.469910
v 3.564722 2.882134 -37.453266
v 4.781595 1.156311 -36.438152
v 4.632024 -0.641798 -36.556019
v 5.266410 -0.564890 -36.423386
v 3.894501 4.354659 -38.055492
v 3.199440 4.181718 -38.083336
v 4.486799 3.315273 -36.816666
v 5.476294 1.251145 -36.299728
v 3.913550 4.729270 -37.627293
v 5.068978 3.682210 -36.772430
v 6.157673 -2.855088 -12.525879
v 6.465500 -0.050074 -12.413490
v 4.971392 -2.556909 -12.636215
v 5.228795 0.073295 -12.617249
v 5.181603 3.572533 -12.049239
v 6.631084 3.665155 -11.800231
v 4.774669 5.920840 -10.900817
v 6.121868 6.687341 -10.673308
v 4.030708 7.384837 -9.722800
v 4.407684 5.489530 -37.670914
v 3.308151 5.930579 -38.759830
v 3.289800 7.001203 -39.132145
v 3.276177 5.648864 -39.259007
v 2.771338 5.342522 -39.298195
v 2.590146 5.895045 -40.002415
v 3.027685 6.567455 -39.354385
v 2.983939 6.242377 -39.882698
v 2.347493 6.438453 -40.547325
v 2.658650 7.073652 -39.844379
v 2.630237 6.826774 -40.347080
v 1.957412 6.757992 -40.749001
v 2.939386 7.467379 -39.584782
v 2.134337 7.237475 -40.529270
v 3.128847 7.628090 -38.397953
v 2.247020 7.387813 -39.991749
v 2.593878 7.757109 -39.790874
v 2.707736 8.120046 -38.569874
v 1.879713 8.271437 -38.626339
v 1.769147 8.052092 -39.926640
v -3.385577 8.251842 -38.251301
v 1.506517 7.636143 -40.046581
v -3.203262 7.957268 -39.494389
v 1.467269 7.411327 -40.539951
v 1.396165 6.840685 -40.779163
v -2.825317 7.451595 -40.287823
v -2.722506 6.858248 -40.527092
v -2.990461 7.559950 -39.683781
v -3.852170 6.957129 -39.948151
v -3.560129 6.502618 -40.250221
v -3.909559 7.653614 -39.187798
v -3.731095 7.144284 -39.400555
v -4.168605 6.512637 -39.528015
v -3.796153 6.128149 -39.863865
v -4.076575 4.745589 -38.321838
v -4.068201 6.759197 -38.992218
v -4.723158 5.021798 -37.972404
v -5.218081 3.182627 -36.907768
v -4.363023 3.234128 -37.378426
v -4.463857 1.885285 -37.055191
v -4.874212 5.143458 -37.086224
v -4.411495 7.267377 -38.747032
v -5.313274 1.827916 -36.683250
v -4.450561 0.579311 -36.990604
v -4.141432 7.961207 -37.859497
v -5.322886 0.411799 -36.711967
v -4.290759 -0.920988 -37.456078
v -5.623849 1.852129 -35.911572
v -5.450663 3.494437 -36.200298
v -5.218966 -1.191982 -37.292500
v -4.110060 -2.052346 -38.447788
v -5.664664 0.272139 -35.981831
v -4.953004 -2.353882 -38.337196
v -5.382360 -1.482313 -36.651772
v -5.072676 -2.787346 -37.838310
v -4.640034 -3.660622 -40.500443
v -4.096522 -3.153298 -40.476402
v -3.776058 -3.425325 -43.122215
v -4.619062 -4.116320 -40.311802
v -4.259182 -4.002448 -43.282513
v -4.110143 -4.398594 -43.207443
v -3.779759 -3.572638 -45.825684
v -3.394034 -3.095252 -45.753410
v -3.087121 -3.173490 -46.356544
v -3.724861 -4.076310 -45.506939
v -3.380059 -3.745184 -46.582783
v -3.371654 -4.118168 -46.107269
v -2.878197 -3.920794 -47.016087
v -2.678049 -3.254790 -46.635880
v -2.955486 -4.226424 -46.603138
v -3.842182 -4.487070 -45.465092
v -3.568333 -4.638669 -46.106121
v -2.013478 -4.304029 -46.786747
v -1.937033 -3.952619 -47.172371
v -2.031791 -3.316803 -46.811176
v -0.510100 -3.327226 -46.899170
v -0.413830 -3.943048 -47.168636
v 0.738510 -3.200496 -46.642250
v -0.444285 -4.289548 -46.805790
v 0.901744 -3.827108 -46.850616
v 1.284792 -3.236720 -46.286270
v 0.716152 -4.173873 -46.505917
v 1.403486 -3.808024 -46.495159
v 1.763995 -3.872371 -45.928490
v 1.689838 -3.356375 -45.719093
v 1.178859 -4.188166 -46.215546
v 2.229487 -4.530087 -43.476887
v 2.044561 -3.872412 -43.397720
v 1.500326 -4.285893 -45.713955
v 2.733874 -4.239786 -41.107960
v 2.315697 -3.672052 -41.087795
v 2.993834 -2.541851 -38.859283
v 1.806710 -4.899633 -43.262138
v 1.251451 -4.669002 -46.156517
v 3.530716 -2.912535 -38.941830
v 1.572160 -4.755913 -45.560886
v 0.789503 -4.665522 -46.540936
v 1.161843 -5.668818 -45.723400
v -0.331824 -4.783545 -46.890678
v 0.663900 -5.702015 -46.082336
v 1.173185 -5.899215 -45.500248
v -1.997113 -4.865534 -46.925198
v -0.378651 -5.745941 -46.437073
v -3.162171 -4.830640 -46.528980
v 0.478362 -6.165474 -45.867516
v -3.557806 -5.575631 -45.852795
v -3.094543 -5.782638 -46.254833
v -2.084006 -5.730284 -46.484253
v -3.429267 -6.214613 -45.762749
v -2.959620 -6.295860 -46.002674
v -2.270972 -6.399863 -46.189148
v -0.165338 -6.339281 -46.153606
v -2.818714 -6.677401 -45.890171
v -3.215010 -6.611812 -45.599152
v -3.590185 -6.300954 -45.323189
v -2.295957 -6.751002 -46.120613
v -3.027191 -6.996429 -45.570663
v -2.720930 -7.041742 -45.847458
v -0.123201 -6.703094 -46.114307
v -3.306319 -6.685127 -45.327797
v -2.299666 -7.090130 -45.997452
v 0.400716 -6.626949 -45.773609
v -0.034647 -7.037491 -45.922882
v 0.766319 -6.648993 -45.318478
v 0.346954 -7.000106 -45.708065
v 0.671011 -7.066072 -45.290390
v -2.459441 -7.583163 -45.575336
v 0.126622 -7.501071 -45.508381
v 0.366220 -7.503581 -45.270306
v -0.014682 -7.763620 -45.266068
v -2.738215 -7.608616 -45.420166
v -2.450134 -7.709611 -45.329067
v -3.133254 -7.042603 -45.359753
v -3.469098 -7.385388 -43.685272
v -2.840316 -7.941875 -43.712330
v -1.238574 -8.181338 -43.650604
v -3.655444 -6.990272 -43.566708
v -2.488906 -8.077079 -43.664005
v -0.044617 -8.189821 -43.640759
v -1.239940 -8.794076 -39.203667
v -2.682934 -8.659759 -39.223934
v -3.980371 -7.660075 -39.476704
v -3.358097 -8.384449 -39.198921
v 0.146679 -8.832612 -39.186939
v -4.254861 -7.132380 -39.531319
v -4.463450 -6.737775 -39.580917
v -3.849945 -6.631771 -43.565773
v -3.856368 -5.422389 -45.220581
v -4.257281 -5.581040 -43.282547
v -4.264072 -4.759992 -43.288277
v -4.932049 -4.611594 -40.230339
v -5.042022 -5.280758 -39.897141
v -5.518862 -3.132803 -37.610725
v -5.685759 -3.894366 -36.935474
v -5.983297 -1.747290 -36.478924
v -6.213031 -2.111579 -35.419109
v -6.209099 0.035819 -35.803490
v -6.143207 1.835685 -35.700790
v -6.579684 -0.191779 -34.728565
v -6.631625 2.032979 -34.454079
v -4.610354 7.469791 -37.355034
v -5.391493 5.338256 -36.734837
v -5.829594 5.390787 -35.460590
v -5.916089 3.772715 -36.013409
v -6.369100 3.761285 -34.899269
v 4.200534 -5.409491 -11.773728
v 3.278359 -7.512907 -9.001023
v 3.959764 -6.617045 -10.691369
v 3.293824 -1.626719 -38.021381
v 3.967700 -1.791694 -38.041691
v 4.241467 -2.032638 -37.080002
v 3.416274 -3.505836 -38.396854
v 4.748503 -2.227686 -36.860889
v 2.401374 -4.806043 -40.558002
v 3.662483 -3.986070 -38.270592
v 2.649814 -5.292721 -40.423965
v 2.006217 -5.315210 -43.567528
v 1.481464 -6.518322 -43.452179
v 2.210977 -6.566635 -39.703182
v 0.974211 -7.258852 -43.451248
v 0.764585 -7.644260 -43.562737
v 1.783444 -7.496177 -39.420593
v 0.475970 -8.003957 -43.624958
v 1.475872 -7.935303 -39.402996
v 0.851768 -8.544805 -39.199238
v 4.126861 -8.140817 -9.326440
v 4.742843 -6.931883 -10.806542
v 5.293224 -5.553961 -11.937997
v -2.727769 6.347876 -39.653191
v 1.431921 6.279762 -39.823090
v 1.679402 5.854764 -38.436172
v -2.911036 5.833346 -37.951496
v 3.070493 5.081468 -36.220451
v 2.001244 5.631263 -36.078308
v -4.029569 4.557507 -35.649025
v -3.032453 5.664657 -35.590897
v -0.321222 0.474487 -36.259132
v -4.518238 2.473857 -35.116692
v -4.632225 -0.373828 -35.233437
v -4.559237 -1.902180 -35.648975
v -4.212155 -3.220683 -36.913895
v -2.899111 -5.026575 -37.795280
v -2.697994 -4.888854 -40.690617
v -1.107975 -5.208315 -40.598202
v -2.406989 -4.451268 -43.259155
v -0.917678 -4.606417 -43.335327
v -1.094417 -5.412477 -37.696663
v 0.877647 -4.274317 -43.271713
v 0.767783 -4.755168 -40.715702
v 0.909365 -5.139397 -37.685471
v 3.027475 -3.330831 -36.496376
v 3.667134 -1.115779 -35.530731
v 3.844270 1.949285 -35.184921
v 3.377666 4.214365 -35.838692
v 5.639343 -0.741315 -35.025116
v 5.908190 1.416443 -34.772533
v 5.449300 3.688775 -35.271385
v 6.256577 1.111258 -32.981766
v 5.970696 -1.135636 -33.138992
v 5.851793 3.004145 -33.009014
v 7.160891 0.834517 -29.891182
v 6.915786 -1.428396 -29.981926
v 6.705572 2.471339 -29.952705
v 7.974700 0.574731 -26.168953
v 7.662941 -1.775998 -26.122627
v 5.638556 4.410400 -29.966705
v 8.672566 0.490760 -21.942703
v 8.208060 -2.019141 -21.988464
v 7.440141 2.680027 -26.158417
v 8.881349 0.535126 -18.913368
v 8.516064 -2.185655 -18.875069
v 8.306519 3.203375 -21.860138
v 8.901649 0.309857 -16.988998
v 8.533781 -2.330105 -17.082695
v 8.519666 3.538732 -18.713783
v 6.419224 4.972077 -26.348236
v 6.993411 6.132165 -21.761976
v 8.560035 3.762879 -16.802841
v 8.636053 0.056053 -15.090698
v 8.339097 -2.623845 -15.260086
v 7.563839 6.662811 -18.486082
v 8.314772 -0.250360 -13.002686
v 7.966476 -3.080544 -13.254388
v 8.468023 3.895861 -14.822326
v 7.734552 6.856536 -16.454191
v 8.241011 -0.322971 -12.637009
v 7.854261 -3.076194 -12.780122
v 7.475195 -3.047636 -12.309060
v 8.238493 3.807761 -12.315909
v 7.659569 7.089744 -14.046126
v 7.777022 -0.332819 -12.055283
v 6.525373 -2.971891 -11.914742
v 8.159863 3.783457 -11.872672
v 7.665860 7.372190 -11.434966
v 6.907960 -0.163185 -11.794769
v 7.790719 3.733120 -11.456733
v 6.942500 3.564116 -11.291335
v 6.413045 6.679913 -10.415641
v 5.118810 8.789873 -9.553823
v 2.600060 8.612619 -8.126304
v 7.223609 7.119070 -10.572845
v 3.121575 10.198172 -8.064756
v 5.399571 9.520859 -9.410673
v -1.704813 9.892818 -4.414862
v -1.227346 8.598351 -4.822661
v -2.483746 8.208570 -3.340392
v 3.221305 10.999625 -7.816236
v -3.365934 9.258131 -3.017256
v -4.585584 7.001898 -1.386008
v -2.079206 10.757220 -4.231535
v -5.240516 7.524513 -0.962195
v -6.525318 4.758518 0.556512
v -3.698917 9.847006 -2.695303
v -7.248656 5.086983 0.718514
v -6.013588 8.176169 -0.713690
v -7.899758 2.369289 1.521424
v -7.112908 2.382419 1.323845
v -7.358184 0.096627 1.963364
v -6.503257 8.262656 -0.931677
v -7.772834 5.029410 0.513482
v -8.094075 -0.058730 2.107986
v -8.504619 2.099287 1.422387
v -7.958579 4.852327 0.023949
v -7.630754 -2.297365 2.383361
v -7.062137 -2.245170 2.268302
v -8.664285 -0.110697 1.947380
v -7.141900 -3.608284 2.392387
v -6.668208 -3.496877 2.329635
v -5.736569 -5.045057 2.168418
v -8.225419 -2.383190 2.273162
v -7.644851 -3.764913 2.293342
v -6.132422 -5.440835 2.223250
v -4.361152 -6.685762 1.913321
v -6.557721 -5.671356 2.162009
v -8.482774 -2.441900 1.782714
v -8.844317 -0.229741 1.562958
v -7.870858 -3.912530 1.777480
v -9.958558 -2.098388 -4.982155
v -9.690583 -3.631311 -4.990387
v -6.773477 -5.919117 1.608726
v -9.124251 -5.277695 -4.979836
v -10.660951 -2.995256 -11.321824
v -10.348218 -4.314888 -11.398278
v -8.261512 -7.297511 -5.062890
v -10.636842 -2.616044 -11.393135
v -9.886849 -6.339302 -11.404000
v -10.790833 -3.298854 -16.897995
v -10.482114 -4.885468 -16.988441
v -9.780135 -1.661317 -4.963547
v -10.681607 -2.833176 -16.919724
v -8.819409 1.021949 1.229515
v -9.937366 -1.217461 -11.502289
v -9.541499 -0.206750 -4.988792
v -8.625220 1.935105 0.913155
v -9.539096 0.898214 -5.244484
v -8.891601 3.607775 -5.819686
v -10.326882 0.208764 -11.974983
v -6.753798 8.157563 -1.309798
v -10.004838 -1.575141 -16.905685
v -4.721568 10.830120 -2.753897
v -7.775640 6.612784 -6.724639
v -4.253967 10.622692 -2.477270
v -4.963335 10.795694 -3.152006
v -3.820344 11.667215 -3.484976
v -3.460082 11.362078 -3.200895
v -4.036279 11.687830 -3.873930
v -2.388639 11.740234 -3.971663
v -2.709551 12.142989 -4.277128
v 3.350931 11.953939 -7.660887
v 5.120857 11.150294 -8.800146
v 3.345296 12.214895 -7.933012
v 5.991932 10.095515 -9.482603
v 5.271184 11.465741 -9.208899
v -2.951570 12.158162 -4.594931
v 3.246313 12.109580 -8.508467
v 6.258505 10.366766 -9.941862
v 7.557629 7.289306 -10.954329
v 5.231639 11.423102 -9.563032
v 6.311355 10.387004 -10.361799
v 2.998610 11.197794 -11.688932
v 6.032610 9.989055 -12.934866
v 4.817226 10.861959 -12.329176
v 5.769449 9.477988 -15.533484
v 4.793984 10.173760 -15.108984
v 5.510116 8.974762 -17.833342
v 4.653197 9.471691 -17.630339
v 2.776900 10.573586 -14.564886
v 5.282172 7.993305 -21.488317
v 4.605403 8.435485 -21.409201
v 4.571871 7.027117 -26.199537
v 2.585349 9.005340 -21.285009
v 3.805726 6.438784 -29.828314
v 3.988722 7.442771 -26.150732
v 3.409941 6.541747 -33.424313
v 3.377343 6.831701 -29.863958
v 2.579451 7.773831 -26.158529
v 4.997926 4.727744 -33.288528
v 4.755065 5.500808 -36.113918
v 3.236256 7.510173 -37.910553
v 3.082344 6.931048 -33.481586
v 2.754875 8.041984 -37.821587
v 1.933243 8.163223 -37.870106
v 2.250499 7.176829 -33.462917
v -2.869688 -8.625655 -36.605087
v -3.508070 -8.243860 -36.542690
v -1.108743 -8.656869 -36.532215
v -3.029359 -8.547824 -34.053204
v -4.315929 -7.327537 -36.568588
v -3.967798 -8.148167 -33.981567
v -4.714959 -6.733348 -36.606678
v -5.119909 -6.621882 -33.531116
v -5.233827 -5.001180 -36.103027
v -4.863985 -6.515819 -36.628098
v -5.592983 -6.054335 -33.663086
v -5.764285 -5.576816 -33.774853
v -7.748380 -5.300928 -29.212723
v -7.821008 -4.589903 -29.324821
v -5.835428 -4.353909 -33.536705
v -7.738660 -4.067401 -29.371414
v -6.059851 -2.390290 -34.255077
v -7.123658 -2.960743 -29.451233
v -6.249564 -2.351786 -32.898262
v -6.664624 -0.450053 -33.820595
v -6.814313 -0.685504 -32.471657
v -6.757827 1.950652 -33.781475
v -7.036448 1.416834 -32.188564
v -7.307019 -1.581921 -29.518921
v -7.921960 0.963054 -29.683716
v -6.868999 3.113038 -32.460495
v -8.557347 -1.859633 -25.816376
v -7.747132 2.690423 -29.617294
v -9.282168 0.382878 -25.753815
v -8.744668 2.382191 -25.814720
v -9.182038 -3.538258 -25.853722
v -9.579400 -1.869712 -21.367798
v -9.190789 -3.913523 -25.942024
v -10.243213 -3.232433 -21.299385
v -8.983834 -5.174643 -25.898254
v -10.263989 -3.604145 -21.273354
v -9.976508 -5.064318 -21.441620
v -9.737147 -6.685135 -17.006121
v -10.238244 -0.051735 -21.295761
v -10.550391 -0.111626 -17.000488
v -9.591228 2.190259 -21.363655
v -9.888522 2.325722 -16.960846
v -8.289937 4.897448 -21.137520
v -9.694234 2.533333 -12.126060
v -8.646159 5.025278 -16.750069
v -8.470826 5.478576 -12.333709
v -6.333194 9.184720 -7.955145
v -6.916124 7.522458 -16.532019
v -5.335626 10.102466 -8.553434
v -6.842227 8.082489 -12.345717
v -4.339640 10.572172 -8.969793
v -5.790002 9.122007 -12.601919
v -4.840457 9.614623 -12.763769
v -5.804731 8.465603 -16.473326
v -6.619940 7.023697 -21.080694
v -4.919694 9.020988 -16.477667
v -5.455077 7.960627 -21.087461
v -5.949779 6.369041 -25.821516
v 2.589266 9.818241 -17.378576
v -4.649371 8.352790 -21.072874
v -4.108953 7.612665 -25.759497
v -4.830477 7.268376 -25.749563
v -5.400496 6.026468 -29.494986
v -4.275370 6.824903 -29.464155
v -3.561963 7.077175 -29.495687
v 2.377267 7.099567 -29.845205
v -3.408340 7.146794 -33.226437
v -4.036217 6.972294 -33.135983
v -3.403834 8.122709 -37.396042
v -4.040313 7.911607 -37.167755
v -4.637796 7.434964 -36.740513
v -5.118763 6.273682 -32.906258
v -5.898543 5.386333 -34.741970
v -6.495914 3.699987 -34.182129
v -6.233380 4.739875 -32.591156
v -6.707710 4.384085 -29.521248
v -7.456866 4.606939 -25.876236
v 3.642611 -5.023546 -9.831841
v 2.943360 -7.157175 -8.359033
v 2.652152 -7.892407 -7.432855
v 4.191675 -2.287467 -10.801369
v 2.472632 -6.890955 -6.732629
v 1.835315 -8.157059 -5.374216
v 4.070633 0.412874 -11.058029
v 3.013251 -6.709927 -5.319024
v 1.171044 -8.316575 -3.389032
v 3.176180 3.881090 -10.429107
v 3.824193 0.580382 -9.146812
v 3.981512 -2.050929 -8.802391
v 2.873463 3.638178 -8.543006
v 3.472628 -4.773813 -8.002252
v 4.241483 0.608890 -7.670799
v 4.546948 -2.095914 -7.357842
v 3.938232 -4.625604 -6.576089
v 4.675959 -4.563182 -5.832650
v 5.188562 -1.966651 -6.624878
v 3.628918 -6.602680 -4.550271
v 3.457257 -3.424753 -4.353417
v 1.959080 -8.158331 -2.721345
v -0.088174 -8.878517 -0.940248
v 2.866646 -4.924542 -3.425591
v 1.649336 -6.189075 -1.921929
v -0.014326 -8.579996 -0.597162
v -2.381577 -8.019632 0.629180
v 0.205990 -6.611349 -0.429101
v -2.133815 -7.972648 0.911482
v -1.491678 -6.369643 0.793387
v -4.279699 -6.437592 2.016791
v -3.493309 -5.434385 1.833564
v -5.480742 -4.932201 2.319709
v -6.416106 -3.427784 2.460189
v -4.933992 -3.910167 2.174773
v -4.040210 -1.573989 -5.592293
v -5.860098 -1.920004 2.247574
v -6.864841 -2.193462 2.477997
v -7.094748 0.160003 2.166016
v -6.078262 0.211334 1.861557
v -6.794562 2.529017 1.568947
v -5.739100 2.222593 1.379479
v -5.888526 4.708989 0.461251
v -4.764399 4.072385 0.395173
v -3.160913 5.283031 -0.910918
v -4.092384 6.896024 -1.092391
v -2.266250 7.620754 -3.128844
v -2.034569 7.577549 -2.765860
v -1.405781 5.637223 -2.076095
v 0.377164 5.339560 -3.210570
v 0.195178 7.134364 -4.470328
v -0.323954 7.017388 -5.005385
v -0.576385 7.371574 -5.612380
v 1.604608 5.409888 -6.472579
v 2.304779 5.775799 -5.664901
v 1.789937 6.563924 -8.871367
v 1.332556 5.758600 -7.580199
v 3.338953 3.357538 -7.336669
v 3.971836 3.680589 -6.581558
v 1.851043 4.260719 -4.071373
v 4.994367 0.719257 -6.945496
v 3.115376 2.598830 -4.852493
v 3.746347 0.503973 -5.135414
v 3.871107 -1.552271 -5.005013
v 4.983637 -2.892900 -35.564522
v 5.483699 -3.279242 -33.444523
v 3.571378 -5.061750 -37.262669
v 3.309969 -6.494979 -36.378105
v 0.595826 -8.592306 -36.462883
v 1.360244 -8.272006 -36.348164
v -1.091373 -8.612312 -33.988701
v 0.790237 -8.581023 -33.927746
v -1.017860 -9.125649 -30.198282
v -3.384286 -8.950442 -30.176294
v 1.311952 -8.989845 -30.206644
v -5.059740 -8.220428 -30.054384
v -3.550514 -9.995327 -26.213823
v -6.897094 -6.546117 -29.681513
v -5.860245 -9.054741 -26.241701
v -0.953539 -10.134972 -26.085947
v -8.502343 -6.224271 -26.069574
v -7.763909 -7.176749 -26.255487
v -9.330325 -6.632977 -21.529596
v -8.427201 -8.104482 -21.632143
v -8.735244 -8.387651 -17.038363
v -6.552932 -10.042695 -21.597353
v -3.833906 -11.136495 -21.663195
v -6.777931 -10.518015 -16.947893
v -0.932512 -11.330159 -21.659426
v -3.986810 -11.841260 -17.010546
v -1.180264 -12.054416 -17.354807
v 1.606826 -9.963608 -25.944475
v -4.082150 -11.970042 -12.155756
v 2.443657 -8.452757 -30.172892
v -6.970058 -10.464323 -11.603601
v -1.405983 -12.370270 -12.768602
v -8.916949 -8.319949 -11.444116
v -6.305850 -9.383400 -5.172037
v -3.727170 -11.361744 -5.884935
v -5.127248 -7.901413 1.286955
v -2.886695 -10.023733 0.448752
v -4.852654 -7.603616 1.882437
v -1.572481 -11.994830 -6.804232
v -4.536714 -7.167723 1.892417
v -1.681686 -10.776073 -0.494959
v -2.263871 -8.718181 0.841002
v -2.579707 -9.762731 0.902235
v -2.365502 -9.152919 0.934515
v -1.415508 -10.524506 -0.024462
v -1.323744 -9.860208 0.011587
v -1.254302 -9.480680 -0.052019
v -2.540109 -8.359634 0.583579
v -0.277199 -9.745632 -1.243753
v 0.925961 -8.986024 -3.014192
v -0.088807 -10.239061 -1.245836
v 1.996388 -9.005847 -5.063074
v 0.827785 -9.744773 -2.964235
v 0.988630 -10.258222 -2.921312
v -0.063167 -10.891294 -1.435022
v 2.344567 -10.238272 -5.165010
v -0.288528 -11.133428 -1.922548
v 1.076397 -10.930752 -3.096994
v 0.214314 -12.003313 -7.628061
v 0.757434 -11.149860 -3.524202
v 2.382255 -10.625480 -5.414629
v 1.969709 -10.821568 -5.781549
v 0.669336 -12.211602 -13.354021
v 2.117331 -11.295978 -10.420038
v 1.164376 -11.655822 -17.657892
v 2.670239 -11.133882 -14.592516
v 1.703172 -10.962134 -21.665087
v 3.013793 -10.814262 -18.011911
v 3.065639 -9.190207 -25.899141
v 3.210110 -10.167108 -21.640085
v 4.228252 -9.601672 -15.385904
v 4.552493 -9.451044 -18.298456
v 4.450891 -8.898626 -21.747873
v 3.945805 -9.767331 -12.119188
v 6.124680 -7.952869 -16.067118
v 3.348878 -10.262384 -8.276361
v 5.923544 -8.165184 -13.511186
v 3.710286 -10.163742 -7.867052
v 4.745022 -9.251920 -10.831781
v 3.741222 -9.721992 -7.610681
v 5.083688 -9.121911 -10.253145
v 4.982432 -8.868400 -9.807512
v 6.170165 -7.798127 -12.027390
v 6.219769 -7.634127 -11.624566
v 6.012234 -7.437705 -11.155618
v 4.394885 -8.330110 -9.500596
v 6.848394 -5.533253 -11.963655
v 7.197263 -5.704537 -12.455720
v 7.264441 -5.827190 -12.920510
v 7.463275 -5.733464 -14.771714
v 7.741766 -5.358280 -16.905731
v 6.308533 -7.794191 -18.607401
v 8.015241 -4.949939 -19.081429
v 6.432208 -7.245862 -21.931505
v 7.890045 -3.484419 -22.021866
v 7.750724 -4.606080 -22.058487
v 4.200524 -8.210567 -25.917665
v 6.243199 -6.546623 -25.990877
v 7.301530 -4.618748 -26.061409
v 7.396721 -3.308703 -26.143288
v 5.543155 -6.567247 -30.267664
v 6.513783 -4.608949 -30.192719
v 6.604297 -3.247414 -30.165848
v 5.095052 -5.073558 -33.735626
v 4.393889 -6.583412 -33.783722
v 3.705680 -7.743447 -30.200365
v 2.957187 -7.151371 -36.321316
v 2.909791 -7.621674 -33.814800
v 2.160045 -7.796206 -36.371826
v 1.755791 -8.228458 -33.952320
v 2.047502 -9.519712 -5.177438
v 3.274397 -8.991776 -7.461610
v 3.171149 -8.747539 -7.337266
v 5.245722 -6.942148 -10.716752
v 5.942933 -5.326476 -11.500154
vt 0.891433 0.304821
vt 0.887924 0.247862
vt 0.916258 0.302490
vt 0.897666 0.361153
vt 0.872018 0.267065
vt 0.829261 0.229270
vt 0.878464 0.345247
vt 0.843039 0.389488
vt 0.831592 0.254096
vt 0.774633 0.257605
vt 0.850955 0.291967
vt 0.793836 0.273511
vt 0.756041 0.316268
vt 0.834306 0.286598
vt 0.780866 0.313937
vt 0.818737 0.294574
vt 0.800281 0.351693
vt 0.784376 0.370896
vt 0.813369 0.311223
vt 0.840708 0.364662
vt 0.821345 0.326791
vt 0.836150 0.309379
vt 0.837993 0.332160
vt 0.858931 0.307535
vt 0.853562 0.324184
vt 0.780866 0.313937
vt 0.800281 0.351693
vt 0.793836 0.273511
vt 0.840708 0.364662
vt 0.821345 0.326791
vt 0.878464 0.345247
vt 0.837993 0.332160
vt 0.891433 0.304821
vt 0.853562 0.324184
vt 0.872018 0.267065
vt 0.858931 0.307535
vt 0.836150 0.309379
vt 0.850955 0.291967
vt 0.831592 0.254096
vt 0.834306 0.286598
vt 0.818737 0.294574
vt 0.813369 0.311223
vt 0.110484 0.031499
vt 0.115871 0.021920
vt 0.111207 0.021681
vt 0.115625 0.032284
vt 0.112665 0.043760
vt 0.108196 0.041963
vt 0.121289 0.032934
vt 0.121989 0.021761
vt 0.125707 0.022751
vt 0.108564 0.052603
vt 0.103904 0.050004
vt 0.117434 0.046135
vt 0.125634 0.034088
vt 0.134572 0.022307
vt 0.111445 0.055003
vt 0.135613 0.035952
vt 0.120925 0.048994
vt 0.130941 0.049997
vt 0.146962 0.034595
vt 0.145921 0.020290
vt 0.145777 0.047094
vt 0.166706 0.032175
vt 0.165606 0.017826
vt 0.165659 0.043077
vt 0.190360 0.028358
vt 0.189922 0.013452
vt 0.164001 0.057516
vt 0.217640 0.025260
vt 0.216893 0.009362
vt 0.189933 0.042169
vt 0.237210 0.024676
vt 0.237950 0.007383
vt 0.217751 0.042252
vt 0.249685 0.023265
vt 0.250242 0.006640
vt 0.237767 0.043262
vt 0.187627 0.058195
vt 0.217231 0.062051
vt 0.249936 0.044494
vt 0.262150 0.022210
vt 0.262733 0.005395
vt 0.238408 0.062968
vt 0.275871 0.021378
vt 0.276316 0.003613
vt 0.262596 0.045731
vt 0.251275 0.063651
vt 0.278327 0.021136
vt 0.279457 0.003922
vt 0.283359 0.004200
vt 0.278843 0.046385
vt 0.266498 0.065486
vt 0.283148 0.021279
vt 0.289822 0.004308
vt 0.281771 0.046528
vt 0.283205 0.067996
vt 0.288990 0.022134
vt 0.294293 0.004775
vt 0.285492 0.046577
vt 0.293884 0.022217
vt 0.300360 0.005683
vt 0.300692 0.022700
vt 0.302041 0.044464
vt 0.291005 0.045671
vt 0.294833 0.045447
vt 0.304894 0.062391
vt 0.298198 0.065790
vt 0.309667 0.076385
vt 0.295727 0.066142
vt 0.302469 0.081860
vt 0.318610 0.095488
vt 0.290009 0.067740
vt 0.310603 0.099712
vt 0.299501 0.085397
vt 0.329412 0.137910
vt 0.335856 0.135382
vt 0.340427 0.150595
vt 0.306941 0.103262
vt 0.333317 0.154090
vt 0.342250 0.174604
vt 0.324530 0.140799
vt 0.336877 0.177376
vt 0.340196 0.202257
vt 0.329303 0.156313
vt 0.335235 0.202945
vt 0.330734 0.179180
vt 0.335503 0.223215
vt 0.340473 0.221896
vt 0.338773 0.240347
vt 0.327525 0.180552
vt 0.331724 0.204353
vt 0.334057 0.240935
vt 0.331620 0.225319
vt 0.328188 0.205074
vt 0.331901 0.257253
vt 0.335365 0.258520
vt 0.330371 0.240433
vt 0.329187 0.267242
vt 0.331801 0.268870
vt 0.327581 0.282325
vt 0.328254 0.255996
vt 0.326087 0.265831
vt 0.324168 0.281784
vt 0.321451 0.298462
vt 0.321428 0.280275
vt 0.324826 0.254954
vt 0.327551 0.240365
vt 0.322305 0.265124
vt 0.285198 0.238327
vt 0.282541 0.247287
vt 0.317234 0.279469
vt 0.279743 0.257338
vt 0.246178 0.231706
vt 0.243788 0.239022
vt 0.275382 0.269750
vt 0.246321 0.229508
vt 0.240581 0.250349
vt 0.213114 0.224341
vt 0.210400 0.233044
vt 0.286193 0.235672
vt 0.213586 0.221680
vt 0.327978 0.231870
vt 0.248115 0.220778
vt 0.288675 0.227204
vt 0.328067 0.225431
vt 0.288973 0.220413
vt 0.290048 0.203522
vt 0.247297 0.211855
vt 0.324787 0.181560
vt 0.215298 0.213813
vt 0.320327 0.159930
vt 0.289274 0.183761
vt 0.323697 0.158543
vt 0.317634 0.160748
vt 0.317590 0.152331
vt 0.320727 0.151474
vt 0.315081 0.152815
vt 0.318653 0.143563
vt 0.315020 0.144658
vt 0.302118 0.106585
vt 0.296582 0.095279
vt 0.299725 0.107082
vt 0.294554 0.087039
vt 0.293338 0.095554
vt 0.312755 0.145451
vt 0.296032 0.107276
vt 0.290674 0.087340
vt 0.286473 0.067995
vt 0.291222 0.095435
vt 0.288015 0.086991
vt 0.275832 0.105115
vt 0.271901 0.085019
vt 0.274246 0.093966
vt 0.255493 0.083035
vt 0.257140 0.090250
vt 0.240751 0.081529
vt 0.241105 0.087526
vt 0.257845 0.102662
vt 0.217301 0.077620
vt 0.217080 0.082582
vt 0.186387 0.075882
vt 0.215322 0.095359
vt 0.162244 0.075775
vt 0.185982 0.080469
vt 0.139158 0.075299
vt 0.161438 0.079676
vt 0.183836 0.089642
vt 0.142414 0.059354
vt 0.124217 0.061181
vt 0.114038 0.060210
vt 0.110778 0.074005
vt 0.138179 0.078598
vt 0.104236 0.063522
vt 0.103282 0.070286
vt 0.100734 0.062075
vt 0.097420 0.059333
vt 0.093912 0.064792
vt 0.100622 0.068222
vt 0.096898 0.066884
vt 0.091064 0.070415
vt 0.097443 0.072629
vt 0.094141 0.071753
vt 0.089321 0.074604
vt 0.100565 0.073790
vt 0.092558 0.075903
vt 0.107767 0.074400
vt 0.096027 0.076297
vt 0.099118 0.076259
vt 0.106300 0.077958
vt 0.110538 0.078293
vt 0.104969 0.082660
vt 0.109452 0.083188
vt 0.137352 0.084413
vt 0.097257 0.081114
vt 0.100135 0.114289
vt 0.094341 0.081430
vt 0.092662 0.111930
vt 0.091206 0.080294
vt 0.087227 0.078745
vt 0.086355 0.109035
vt 0.082050 0.108513
vt 0.089953 0.110808
vt 0.086238 0.117152
vt 0.082310 0.116454
vt 0.093180 0.116957
vt 0.089798 0.117529
vt 0.086872 0.121825
vt 0.082759 0.121706
vt 0.086181 0.136969
vt 0.090668 0.122401
vt 0.091733 0.136957
vt 0.094045 0.152691
vt 0.087392 0.150265
vt 0.086353 0.160744
vt 0.097450 0.138961
vt 0.094476 0.121393
vt 0.092596 0.162881
vt 0.082671 0.169590
vt 0.101191 0.119437
vt 0.089640 0.173146
vt 0.076945 0.179209
vt 0.097865 0.164186
vt 0.099425 0.152349
vt 0.083542 0.184398
vt 0.070843 0.187426
vt 0.094681 0.175117
vt 0.075297 0.192612
vt 0.087579 0.186708
vt 0.078805 0.195598
vt 0.059825 0.202398
vt 0.058238 0.197591
vt 0.038377 0.203160
vt 0.061518 0.205213
vt 0.039972 0.208100
vt 0.041417 0.210417
vt 0.021012 0.214821
vt 0.018411 0.211797
vt 0.013770 0.216474
vt 0.024890 0.216205
vt 0.016774 0.219416
vt 0.020837 0.219563
vt 0.014514 0.223357
vt 0.010462 0.220366
vt 0.017823 0.223571
vt 0.026849 0.217837
vt 0.023589 0.221225
vt 0.014354 0.229734
vt 0.011168 0.229053
vt 0.007267 0.225896
vt 0.003457 0.238266
vt 0.007748 0.239571
vt 0.002173 0.248786
vt 0.010786 0.240286
vt 0.006632 0.249197
vt 0.003251 0.254428
vt 0.009807 0.248951
vt 0.007003 0.253394
vt 0.008510 0.257841
vt 0.005881 0.260096
vt 0.010279 0.253082
vt 0.020850 0.271538
vt 0.017383 0.274237
vt 0.012006 0.257392
vt 0.031695 0.283677
vt 0.027643 0.286610
vt 0.034218 0.301214
vt 0.024405 0.269968
vt 0.013177 0.253277
vt 0.038414 0.299363
vt 0.015186 0.257324
vt 0.012570 0.249312
vt 0.019561 0.253471
vt 0.013479 0.241535
vt 0.018999 0.249701
vt 0.021359 0.254136
vt 0.017197 0.231311
vt 0.019368 0.242770
vt 0.021450 0.224561
vt 0.021930 0.249224
vt 0.028033 0.224262
vt 0.025971 0.227563
vt 0.022385 0.232834
vt 0.030147 0.226921
vt 0.028392 0.229458
vt 0.026383 0.233250
vt 0.022588 0.244807
vt 0.029843 0.230996
vt 0.031760 0.228795
vt 0.032782 0.225931
vt 0.028150 0.233836
vt 0.032693 0.230722
vt 0.031096 0.232401
vt 0.024511 0.245280
vt 0.033483 0.228256
vt 0.029897 0.234508
vt 0.024450 0.248813
vt 0.026420 0.246099
vt 0.025716 0.251958
vt 0.026481 0.248414
vt 0.027779 0.250935
vt 0.033362 0.234852
vt 0.029386 0.247608
vt 0.029950 0.249225
vt 0.031426 0.247386
vt 0.034410 0.233718
vt 0.034749 0.235300
vt 0.033985 0.230242
vt 0.043522 0.229362
vt 0.043488 0.234293
vt 0.041846 0.243763
vt 0.043860 0.226746
vt 0.043495 0.236553
vt 0.039549 0.250399
vt 0.065405 0.250980
vt 0.067711 0.241810
vt 0.067934 0.230479
vt 0.068736 0.237167
vt 0.082523 0.244728
vt 0.062560 0.259525
vt 0.084049 0.239755
vt 0.079661 0.256682
vt 0.097219 0.248852
vt 0.085430 0.231295
vt 0.099467 0.241950
vt 0.067857 0.226567
vt 0.086002 0.226284
vt 0.067681 0.223624
vt 0.104866 0.229526
vt 0.043518 0.224320
vt 0.031355 0.221213
vt 0.043791 0.217485
vt 0.042029 0.212819
vt 0.063105 0.209011
vt 0.065781 0.213247
vt 0.081678 0.199241
vt 0.085975 0.204923
vt 0.090999 0.190001
vt 0.090465 0.214074
vt 0.097769 0.193567
vt 0.097961 0.177872
vt 0.086156 0.224433
vt 0.101511 0.165271
vt 0.105298 0.224174
vt 0.105231 0.220426
vt 0.135772 0.221699
vt 0.135745 0.216899
vt 0.107491 0.211917
vt 0.135691 0.213389
vt 0.104806 0.197159
vt 0.134807 0.205093
vt 0.105093 0.180809
vt 0.113465 0.198261
vt 0.110558 0.183666
vt 0.110610 0.165880
vt 0.118880 0.186859
vt 0.114888 0.167321
vt 0.124291 0.172954
vt 0.136296 0.196095
vt 0.140230 0.179277
vt 0.125621 0.161104
vt 0.160034 0.202583
vt 0.143394 0.168152
vt 0.164734 0.188768
vt 0.166929 0.176152
vt 0.158991 0.213548
vt 0.187879 0.208740
vt 0.158159 0.215752
vt 0.187166 0.217529
vt 0.156958 0.223504
vt 0.186905 0.219682
vt 0.184030 0.227867
vt 0.207621 0.243721
vt 0.191421 0.198113
vt 0.216935 0.205113
vt 0.193987 0.184779
vt 0.220698 0.191342
vt 0.199423 0.167993
vt 0.250092 0.198437
vt 0.226248 0.175371
vt 0.253601 0.180582
vt 0.286123 0.165129
vt 0.231986 0.158872
vt 0.284562 0.156566
vt 0.258095 0.163614
vt 0.283596 0.149776
vt 0.258746 0.154958
vt 0.259186 0.148712
vt 0.234447 0.150812
vt 0.203691 0.152641
vt 0.235881 0.144923
vt 0.205748 0.144015
vt 0.173563 0.146268
vt 0.239861 0.100074
vt 0.207013 0.138831
vt 0.177235 0.132501
vt 0.176169 0.137482
vt 0.150065 0.141353
vt 0.152477 0.132163
vt 0.153451 0.127045
vt 0.160161 0.086650
vt 0.130194 0.122481
vt 0.129562 0.126989
vt 0.105103 0.115786
vt 0.105309 0.120124
vt 0.102995 0.124184
vt 0.106673 0.125241
vt 0.128706 0.135973
vt 0.101877 0.139177
vt 0.110380 0.141550
vt 0.103193 0.151370
vt 0.110959 0.153544
vt 0.114940 0.142494
vt 0.115487 0.154956
vt 0.127602 0.149124
vt 0.146612 0.155201
vt 0.169881 0.160424
vt 0.364634 0.149975
vt 0.344639 0.137036
vt 0.354263 0.146545
vt 0.362235 0.137025
vt 0.344604 0.131823
vt 0.337311 0.127603
vt 0.382522 0.138068
vt 0.384852 0.151136
vt 0.401966 0.146824
vt 0.341151 0.120833
vt 0.328997 0.112933
vt 0.400839 0.134112
vt 0.424068 0.138013
vt 0.341004 0.110777
vt 0.321536 0.098316
vt 0.422404 0.121404
vt 0.438438 0.127811
vt 0.398192 0.122572
vt 0.379751 0.125975
vt 0.417753 0.110558
vt 0.359380 0.125671
vt 0.394967 0.114105
vt 0.376683 0.117191
vt 0.358184 0.116530
vt 0.358725 0.110265
vt 0.376119 0.111330
vt 0.342630 0.104793
vt 0.360831 0.097683
vt 0.326006 0.093426
vt 0.313478 0.075880
vt 0.348279 0.093373
vt 0.335050 0.083221
vt 0.315708 0.073679
vt 0.312239 0.052142
vt 0.327172 0.069556
vt 0.314526 0.052795
vt 0.325088 0.053842
vt 0.322352 0.031848
vt 0.320478 0.031963
vt 0.331506 0.018523
vt 0.329427 0.035479
vt 0.332689 0.020209
vt 0.343620 0.011382
vt 0.342906 0.009680
vt 0.340108 0.022219
vt 0.372429 0.054561
vt 0.355283 0.012918
vt 0.352787 0.006616
vt 0.352323 0.004857
vt 0.371282 0.001133
vt 0.371561 0.003270
vt 0.390880 0.002616
vt 0.372712 0.009855
vt 0.391292 0.005345
vt 0.410208 0.009670
vt 0.389627 0.011991
vt 0.409945 0.014150
vt 0.405522 0.021107
vt 0.430488 0.029750
vt 0.416798 0.036102
vt 0.427676 0.032243
vt 0.436914 0.052541
vt 0.441864 0.052295
vt 0.434047 0.052037
vt 0.420584 0.051596
vt 0.418783 0.066614
vt 0.431329 0.071325
vt 0.435535 0.073007
vt 0.439621 0.075153
vt 0.446629 0.066672
vt 0.452421 0.101687
vt 0.426460 0.091467
vt 0.422011 0.086662
vt 0.437550 0.103781
vt 0.446632 0.117325
vt 0.431393 0.096418
vt 0.412442 0.104844
vt 0.409881 0.099345
vt 0.412234 0.078637
vt 0.392702 0.108474
vt 0.402039 0.089738
vt 0.388773 0.096436
vt 0.374922 0.099331
vt 0.033916 0.308434
vt 0.032189 0.316678
vt 0.038947 0.308880
vt 0.036690 0.317922
vt 0.044961 0.311664
vt 0.042214 0.320864
vt 0.043797 0.298133
vt 0.048526 0.312750
vt 0.045077 0.323584
vt 0.053037 0.328265
vt 0.037285 0.282331
vt 0.057861 0.314439
vt 0.064134 0.333676
vt 0.047209 0.296737
vt 0.070222 0.321082
vt 0.040824 0.280707
vt 0.056669 0.294583
vt 0.025756 0.266858
vt 0.032037 0.261943
vt 0.049806 0.276236
vt 0.035628 0.258117
vt 0.066766 0.289700
vt 0.036807 0.255765
vt 0.055014 0.271591
vt 0.038131 0.253363
vt 0.056849 0.268640
vt 0.060549 0.264052
vt 0.076139 0.267938
vt 0.074700 0.273449
vt 0.093721 0.262134
vt 0.089867 0.274654
vt 0.114999 0.272202
vt 0.119937 0.257154
vt 0.110107 0.286928
vt 0.124189 0.245786
vt 0.143258 0.268028
vt 0.130676 0.230573
vt 0.147388 0.253096
vt 0.138684 0.283670
vt 0.154380 0.230128
vt 0.151467 0.236992
vt 0.181254 0.237315
vt 0.178315 0.246919
vt 0.204716 0.254587
vt 0.174851 0.262282
vt 0.169740 0.278637
vt 0.201330 0.270856
vt 0.164785 0.295001
vt 0.196525 0.288029
vt 0.190202 0.303087
vt 0.134629 0.299331
vt 0.224379 0.295618
vt 0.107278 0.294667
vt 0.232043 0.278149
vt 0.217184 0.310099
vt 0.237048 0.262369
vt 0.270152 0.286108
vt 0.260899 0.304081
vt 0.310495 0.295160
vt 0.299112 0.312291
vt 0.315018 0.296908
vt 0.252658 0.316431
vt 0.318206 0.298232
vt 0.291327 0.319624
vt 0.308218 0.317215
vt 0.302257 0.314408
vt 0.305778 0.316015
vt 0.294332 0.321238
vt 0.297511 0.323052
vt 0.299027 0.324346
vt 0.311252 0.317756
vt 0.313266 0.318745
vt 0.296643 0.336474
vt 0.291747 0.333404
vt 0.280491 0.345876
vt 0.279262 0.351223
vt 0.288754 0.331698
vt 0.264643 0.352274
vt 0.264777 0.358055
vt 0.278863 0.341454
vt 0.276978 0.338765
vt 0.285009 0.329339
vt 0.260346 0.345460
vt 0.281517 0.327324
vt 0.273781 0.335538
vt 0.245890 0.326481
vt 0.270951 0.332973
vt 0.258032 0.343470
vt 0.255849 0.340314
vt 0.210772 0.320988
vt 0.226198 0.335164
vt 0.184490 0.315746
vt 0.199719 0.331366
vt 0.159987 0.309991
vt 0.178654 0.326175
vt 0.131146 0.309028
vt 0.156530 0.319499
vt 0.190962 0.341900
vt 0.172735 0.336752
vt 0.151751 0.328889
vt 0.211955 0.346598
vt 0.181600 0.354339
vt 0.237970 0.347108
vt 0.198248 0.358493
vt 0.240311 0.350030
vt 0.218678 0.354246
vt 0.242156 0.352717
vt 0.221917 0.357273
vt 0.225085 0.359225
vt 0.206800 0.364028
vt 0.209045 0.365823
vt 0.212435 0.367566
vt 0.229280 0.362911
vt 0.202361 0.378402
vt 0.198570 0.376632
vt 0.195780 0.375086
vt 0.190384 0.391775
vt 0.194277 0.392754
vt 0.187249 0.390891
vt 0.200619 0.394436
vt 0.183720 0.371953
vt 0.173175 0.389482
vt 0.169357 0.369443
vt 0.160755 0.386919
vt 0.165633 0.349286
vt 0.154861 0.366449
vt 0.149023 0.382855
vt 0.144805 0.342825
vt 0.133343 0.365239
vt 0.129260 0.373670
vt 0.136404 0.358866
vt 0.127279 0.317494
vt 0.120481 0.332481
vt 0.113939 0.344544
vt 0.109247 0.351260
vt 0.104334 0.359659
vt 0.098009 0.316075
vt 0.091978 0.328459
vt 0.087338 0.335566
vt 0.081881 0.345833
vt 0.075350 0.310302
vt 0.080401 0.300779
vt 0.103690 0.303336
vt 0.069538 0.285571
vt 0.084797 0.289672
vt 0.072117 0.279212
vt 0.087283 0.281177
vt 0.262763 0.349572
vt 0.245525 0.357099
vt 0.246914 0.358375
vt 0.249145 0.364169
vt 0.237188 0.368622
vt 0.231437 0.364168
vt 0.224306 0.375339
vt 0.220847 0.372977
vt 0.217900 0.371394
vt 0.213743 0.382419
vt 0.219282 0.384432
vt 0.209210 0.400751
vt 0.203981 0.397508
vt 0.208753 0.380935
vt 0.023799 0.186172
vt 0.016972 0.186708
vt 0.018783 0.189809
vt 0.024228 0.192004
vt 0.012000 0.172134
vt 0.051926 0.186779
vt 0.051331 0.193019
vt 0.054651 0.193024
vt 0.057218 0.191346
vt 0.059597 0.186434
vt 0.062231 0.180132
vt 0.053402 0.177910
vt 0.022624 0.175304
vt 0.060126 0.161995
vt 0.068826 0.168646
vt 0.053469 0.164313
vt 0.017961 0.157126
vt 0.005778 0.157140
vt 0.024470 0.162122
vt 0.041093 0.133520
vt 0.014194 0.145216
vt 0.003646 0.144845
vt 0.003482 0.132679
vt 0.013655 0.128808
vt 0.005433 0.117452
vt 0.015069 0.120060
vt 0.009462 0.103898
vt 0.018733 0.109814
vt 0.014294 0.085905
vt 0.028798 0.100112
vt 0.029048 0.083869
vt 0.020815 0.067571
vt 0.039720 0.083857
vt 0.030953 0.068003
vt 0.024474 0.050958
vt 0.026985 0.047640
vt 0.029664 0.046273
vt 0.033724 0.045314
vt 0.040870 0.067755
vt 0.043389 0.044745
vt 0.051228 0.046022
vt 0.039575 0.099631
vt 0.052943 0.067840
vt 0.054668 0.047905
vt 0.057295 0.051246
vt 0.060276 0.066405
vt 0.064592 0.082974
vt 0.052372 0.083695
vt 0.051252 0.101023
vt 0.072266 0.101451
vt 0.063334 0.113067
vt 0.076059 0.113181
vt 0.067088 0.126443
vt 0.077741 0.126235
vt 0.078094 0.139718
vt 0.066767 0.143896
vt 0.075019 0.155486
vt 0.062796 0.156956
vn 0.2017 -0.2303 -0.9520
vn -0.0723 -0.8355 -0.5447
vn -0.0766 -0.2063 -0.9755
vn 0.0710 0.5305 -0.8447
vn 0.2367 -0.7922 -0.5625
vn 0.0786 -0.9809 0.1781
vn 0.3488 0.4179 -0.8389
vn 0.2762 0.9274 -0.2522
vn 0.3460 -0.9337 0.0919
vn 0.2866 -0.5679 0.7716
vn 0.6112 -0.6144 -0.4990
vn 0.5428 -0.5708 0.6161
vn 0.4286 0.1507 0.8908
vn 0.7355 -0.6739 -0.0702
vn 0.6881 0.0861 0.7205
vn 0.8286 -0.4891 0.2723
vn 0.6674 0.6607 0.3437
vn 0.4255 0.7739 0.4691
vn 0.9204 -0.0107 0.3908
vn 0.5380 0.7838 -0.3101
vn 0.9201 0.3832 0.0806
vn 0.9610 -0.1516 -0.2311
vn 0.8240 0.4403 -0.3567
vn 0.6479 -0.2276 -0.7269
vn 0.6998 0.1678 -0.6944
vn 0.0723 0.8355 0.5447
vn -0.2017 0.2303 0.9520
vn 0.0766 0.2063 0.9755
vn -0.0710 -0.5305 0.8447
vn -0.2367 0.7922 0.5625
vn -0.0786 0.9809 -0.1781
vn -0.3488 -0.4179 0.8389
vn -0.2762 -0.9274 0.2522
vn -0.3460 0.9337 -0.0919
vn -0.2865 0.5679 -0.7716
vn -0.6112 0.6144 0.4990
vn -0.5428 0.5708 -0.6160
vn -0.4286 -0.1507 -0.8908
vn -0.7355 0.6739 0.0702
vn -0.6881 -0.0861 -0.7205
vn -0.8286 0.4891 -0.2723
vn -0.6674 -0.6607 -0.3437
vn -0.4255 -0.7739 -0.4691
vn -0.9204 0.0107 -0.3908
vn -0.9610 0.1516 0.2311
vn -0.9201 -0.3832 -0.0806
vn -0.5380 -0.7838 0.3101
vn -0.8240 -0.4403 0.3567
vn -0.6998 -0.1678 0.6944
vn -0.6479 0.2276 0.7269
vn 0.0056 0.0028 -1.0000
vn 0.6657 0.0468 -0.7448
vn 0.0038 0.1621 -0.9868
vn 0.6147 0.0127 -0.7886
vn 0.6551 -0.0945 -0.7496
vn 0.0328 -0.2600 -0.9651
vn 0.5973 -0.0277 -0.8015
vn 0.7293 -0.0158 -0.6840
vn 0.8114 -0.0530 -0.5820
vn 0.6946 -0.1907 -0.6937
vn 0.1852 -0.5282 -0.8287
vn 0.5944 -0.1206 -0.7951
vn 0.8638 0.0016 -0.5038
vn 0.9691 -0.0993 -0.2260
vn 0.7043 -0.1438 -0.6951
vn 0.9763 0.0508 -0.2103
vn 0.8734 0.0731 -0.4815
vn 0.9576 0.2606 -0.1226
vn 0.9705 0.0377 -0.2383
vn 0.9613 -0.1020 -0.2560
vn 0.9344 0.3242 -0.1477
vn 0.9693 0.0525 -0.2402
vn 0.9632 -0.1015 -0.2489
vn 0.9096 0.3645 -0.1995
vn 0.9823 0.0462 -0.1816
vn 0.9742 -0.1414 -0.1757
vn 0.8043 0.5662 -0.1802
vn 0.9915 -0.0055 -0.1299
vn 0.9789 -0.1690 -0.1151
vn 0.9279 0.3087 -0.2092
vn 0.9985 0.0013 -0.0547
vn 0.9882 -0.1346 -0.0730
vn 0.9456 0.2813 -0.1632
vn 0.9980 -0.0049 0.0623
vn 0.9904 -0.1311 0.0443
vn 0.9683 0.2318 -0.0928
vn 0.8135 0.5262 -0.2475
vn 0.8205 0.5285 -0.2178
vn 0.9854 0.1700 0.0003
vn 0.9912 -0.0221 0.1307
vn 0.9851 -0.1224 0.1207
vn 0.8460 0.5008 -0.1829
vn 0.9890 -0.0413 0.1420
vn 0.9767 -0.1364 0.1657
vn 0.9896 0.1261 0.0694
vn 0.8854 0.4587 -0.0755
vn 0.8765 -0.1019 0.4705
vn 0.8765 -0.1470 0.4585
vn 0.5424 -0.1367 0.8289
vn 0.9919 0.0938 0.0854
vn 0.9230 0.3833 -0.0335
vn 0.5386 -0.1199 0.8340
vn -0.1950 -0.0378 0.9801
vn 0.8917 -0.0176 0.4523
vn 0.9411 0.3375 -0.0182
vn -0.2587 -0.0802 0.9626
vn -0.4440 0.0207 0.8958
vn 0.4733 -0.1406 0.8696
vn -0.4432 -0.0668 0.8939
vn -0.1159 -0.0192 0.9931
vn -0.1707 -0.0903 0.9812
vn -0.1467 -0.2824 0.9480
vn -0.2280 -0.2106 0.9506
vn -0.3825 -0.2632 0.8857
vn 0.0634 -0.4378 0.8969
vn -0.0501 -0.4367 0.8982
vn 0.3584 -0.4285 0.8294
vn 0.0785 -0.2881 0.9544
vn 0.3623 -0.3336 0.8703
vn 0.5653 -0.2331 0.7913
vn 0.5021 -0.1243 0.8558
vn 0.5486 -0.2552 0.7962
vn 0.3654 -0.2583 0.8943
vn 0.6211 0.0304 0.7831
vn 0.6761 0.0173 0.7366
vn 0.6097 0.2148 0.7630
vn 0.5357 -0.2399 0.8096
vn 0.6311 0.1453 0.7619
vn 0.6191 0.1837 0.7635
vn 0.5730 0.0138 0.8194
vn 0.5447 0.2107 0.8117
vn 0.3500 0.2614 0.8995
vn 0.6251 0.1242 0.7706
vn 0.0411 0.3616 0.9314
vn 0.2262 0.4023 0.8871
vn -0.0233 0.2860 0.9580
vn 0.2324 0.2432 0.9417
vn 0.1609 0.1950 0.9675
vn -0.5207 0.6063 0.6011
vn -0.7041 0.4359 0.5606
vn -0.0518 0.1774 0.9828
vn -0.6591 0.3124 0.6841
vn -0.9437 0.3164 0.0961
vn -0.0062 0.0754 0.9971
vn 0.1808 0.1227 0.9758
vn -0.6155 0.1142 0.7798
vn -0.0288 -0.0538 0.9981
vn 0.1271 0.0184 0.9917
vn 0.1513 -0.0159 0.9884
vn -0.5672 -0.0878 0.8189
vn -0.5512 -0.3013 0.7781
vn 0.0465 -0.0922 0.9947
vn 0.2425 -0.0875 0.9662
vn -0.4778 -0.4144 0.7746
vn -0.9431 -0.2352 0.2350
vn -0.9785 -0.0568 0.1983
vn -0.8652 -0.4287 0.2600
vn -0.9862 -0.0582 0.1550
vn -0.9505 -0.2551 0.1774
vn -0.7788 -0.5534 0.2952
vn -0.9094 -0.3600 0.2083
vn -0.9826 -0.1658 0.0835
vn -0.9688 -0.2296 0.0935
vn -0.7991 -0.5549 0.2313
vn -0.9259 0.3765 0.0305
vn -0.9346 -0.3428 0.0950
vn -0.9946 -0.1000 -0.0260
vn -0.9576 -0.2866 -0.0298
vn -0.9712 0.2308 0.0591
vn -0.9104 0.4091 -0.0619
vn -0.9816 0.1358 0.1338
vn -0.9907 0.1229 0.0592
vn -0.9913 0.1077 0.0762
vn -0.9657 0.2406 0.0979
vn -0.9793 0.1775 0.0972
vn -0.9469 0.3122 0.0773
vn -0.9955 0.0640 0.0696
vn -0.8819 0.4673 0.0622
vn -0.9976 0.0602 -0.0354
vn -0.3941 0.7281 0.5608
vn -0.8981 0.4375 0.0443
vn 0.3098 0.4139 0.8560
vn -0.7968 0.6036 0.0275
vn -0.1699 0.8444 0.5080
vn 0.5004 0.3235 0.8031
vn -0.6003 0.7973 -0.0633
vn 0.5019 0.3185 0.8042
vn 0.1763 0.9054 0.3862
vn 0.5476 0.1078 0.8298
vn 0.5555 -0.0387 0.8306
vn 0.1383 0.9854 0.0993
vn 0.5918 -0.0298 0.8056
vn 0.6272 0.7269 0.2798
vn -0.2225 0.9455 -0.2379
vn -0.1203 0.9569 -0.2643
vn 0.8549 0.3234 0.4057
vn 0.8780 0.1199 0.4634
vn 0.2960 0.9215 -0.2516
vn 0.7808 0.6070 -0.1483
vn -0.1163 0.9661 -0.2306
vn 0.7637 0.6231 -0.1691
vn 0.2789 0.9345 -0.2210
vn 0.7189 0.6687 -0.1897
vn 0.2638 0.9314 -0.2508
vn 0.6506 0.7264 -0.2212
vn 0.2451 0.9386 -0.2427
vn -0.1003 0.9711 -0.2166
vn 0.6562 0.7153 -0.2402
vn 0.3262 0.9127 -0.2459
vn 0.6773 0.6911 -0.2522
vn -0.0082 0.9762 -0.2166
vn 0.7170 0.6785 -0.1598
vn 0.3375 0.9127 -0.2303
vn 0.7490 0.6619 0.0282
vn 0.4129 0.9030 -0.1189
vn 0.0168 0.9765 -0.2149
vn 0.8264 0.5621 -0.0335
vn 0.8333 0.5526 0.0183
vn 0.8849 0.2302 -0.4049
vn 0.7928 0.6092 0.0200
vn 0.4879 0.8676 0.0967
vn 0.8101 -0.0840 -0.5802
vn 0.8876 0.3004 -0.3492
vn 0.8000 -0.2239 -0.5566
vn 0.4195 -0.6048 -0.6769
vn 0.5590 -0.4792 -0.6767
vn 0.8908 0.0753 -0.4482
vn 0.8548 -0.0351 -0.5178
vn 0.6111 -0.1226 -0.7820
vn 0.7920 0.2775 -0.5438
vn 0.7691 0.2722 -0.5783
vn 0.2942 0.2845 -0.9124
vn 0.8069 0.4048 -0.4303
vn 0.4137 0.6237 -0.6632
vn 0.8336 0.5386 -0.1225
vn 0.4340 0.5538 -0.7106
vn 0.4575 0.7582 -0.4645
vn 0.4444 0.8839 -0.1460
vn 0.4249 0.8902 0.1646
vn 0.0187 0.9976 -0.0661
vn 0.0267 0.9784 0.2048
vn 0.0410 0.9906 0.1306
vn 0.0125 0.9343 -0.3563
vn -0.0721 0.9943 -0.0784
vn -0.0257 0.6527 -0.7572
vn -0.0888 0.9206 -0.3804
vn -0.0073 0.6904 -0.7234
vn -0.0334 0.3878 -0.9211
vn -0.1296 0.7877 -0.6023
vn -0.1304 0.3525 -0.9267
vn -0.1695 0.7478 -0.6420
vn -0.6884 0.4852 -0.5392
vn -0.5634 0.1583 -0.8109
vn -0.6106 0.6238 -0.4879
vn -0.7100 0.4690 -0.5253
vn -0.9339 -0.0069 -0.3574
vn -0.7951 -0.3204 -0.5150
vn -0.5675 -0.4086 -0.7148
vn -0.9282 0.0558 -0.3679
vn -0.8713 -0.0632 -0.4867
vn -0.7911 -0.0682 -0.6079
vn -0.4385 -0.3365 -0.8334
vn -0.4115 -0.1019 -0.9057
vn -0.8573 -0.0859 -0.5075
vn -0.8999 0.1793 -0.3976
vn -0.7120 -0.0320 -0.7015
vn -0.3413 0.1251 -0.9316
vn -0.6065 0.7860 -0.1199
vn -0.6922 0.1007 -0.7147
vn -0.2952 0.4440 -0.8460
vn -0.7320 -0.0095 -0.6813
vn -0.7601 -0.0434 -0.6483
vn -0.7170 0.2779 -0.6392
vn -0.3571 0.7074 -0.6100
vn -0.6978 0.0986 -0.7095
vn -0.7379 0.4573 -0.4963
vn -0.7416 0.2490 -0.6229
vn -0.8487 0.3147 -0.4251
vn -0.8937 0.3830 -0.2336
vn -0.6511 0.7102 -0.2677
vn -0.7419 0.6608 -0.1135
vn -0.9253 0.2759 -0.2600
vn -0.9421 0.3050 -0.1390
vn -0.9831 0.0628 -0.1722
vn -0.9115 0.3573 -0.2038
vn -0.7632 0.6349 -0.1200
vn -0.5813 0.5595 -0.5908
vn -0.9624 -0.0890 -0.2568
vn -0.7607 0.1185 -0.6381
vn -0.8469 -0.1382 -0.5134
vn -0.3390 -0.0124 -0.9407
vn -0.2478 0.5242 -0.8147
vn -0.4819 -0.2631 -0.8358
vn -0.9680 0.0744 -0.2397
vn -0.8443 0.0144 -0.5357
vn -0.0832 -0.2503 -0.9646
vn -0.0739 -0.0558 -0.9957
vn -0.0994 0.4802 -0.8715
vn 0.0541 0.4231 -0.9045
vn 0.1103 -0.0968 -0.9892
vn 0.2863 0.3824 -0.8785
vn 0.1123 -0.2797 -0.9535
vn 0.3568 -0.1085 -0.9278
vn 0.6756 0.3679 -0.6389
vn 0.3450 -0.3964 -0.8508
vn 0.7126 -0.0945 -0.6952
vn 0.9423 -0.1247 -0.3108
vn 0.9517 0.2331 -0.1999
vn 0.6407 -0.3856 -0.6639
vn 0.9280 -0.3130 -0.2020
vn 0.9376 0.3122 -0.1532
vn 0.8492 -0.4175 -0.3233
vn 0.9646 -0.1492 -0.2173
vn 0.7522 0.5660 -0.3375
vn 0.3654 0.6462 -0.6700
vn 0.9724 -0.1419 -0.1852
vn 0.7347 -0.2235 -0.6405
vn 0.8842 0.0883 -0.4587
vn 0.9518 -0.1501 -0.2674
vn 0.4085 -0.2529 -0.8770
vn 0.6979 -0.3922 -0.5992
vn 0.1503 -0.2418 -0.9586
vn 0.4056 -0.4441 -0.7989
vn 0.8433 -0.4205 -0.3349
vn -0.0843 -0.2190 -0.9721
vn 0.1264 -0.4256 -0.8960
vn -0.4816 -0.1546 -0.8626
vn 0.4815 -0.4192 -0.7697
vn -0.8349 -0.1913 -0.5161
vn -0.4021 -0.3585 -0.8425
vn -0.0525 -0.4317 -0.9005
vn -0.7184 -0.3885 -0.5770
vn -0.3366 -0.4413 -0.8318
vn -0.0830 -0.3173 -0.9447
vn 0.1589 -0.2764 -0.9478
vn -0.4737 -0.3211 -0.8200
vn -0.6564 -0.4834 -0.5792
vn -0.8998 -0.3642 -0.2403
vn -0.0714 -0.2580 -0.9635
vn -0.6878 -0.4066 -0.6013
vn -0.4921 -0.4098 -0.7681
vn 0.1236 -0.2927 -0.9482
vn -0.8314 -0.4882 -0.2653
vn -0.0183 -0.5600 -0.8283
vn 0.6329 -0.2248 -0.7409
vn 0.0962 -0.5943 -0.7985
vn 0.8245 -0.4458 -0.3485
vn 0.6109 -0.3679 -0.7010
vn 0.8695 -0.3953 -0.2961
vn -0.0330 -0.7272 -0.6856
vn 0.1271 -0.6647 -0.7362
vn 0.6772 -0.6734 -0.2965
vn 0.0975 -0.9264 -0.3637
vn -0.6411 -0.6992 -0.3165
vn -0.0639 -0.9585 -0.2778
vn -0.8277 -0.4797 -0.2914
vn -0.7616 -0.6280 -0.1599
vn -0.5674 -0.8092 -0.1523
vn -0.0386 -0.9837 -0.1755
vn -0.8899 -0.4236 -0.1693
vn -0.1411 -0.9774 -0.1576
vn 0.0989 -0.9795 -0.1754
vn -0.0526 -0.9962 -0.0696
vn -0.1872 -0.9786 -0.0850
vn -0.7878 -0.6074 -0.1023
vn -0.6041 -0.7924 -0.0851
vn -0.1762 -0.9840 0.0258
vn 0.1142 -0.9913 -0.0654
vn -0.6562 -0.7538 -0.0338
vn 0.0021 -0.9991 0.0423
vn -0.1622 -0.9836 -0.0788
vn -0.7895 -0.6104 -0.0643
vn -0.6642 -0.7342 -0.1407
vn -0.8733 -0.4749 -0.1088
vn -0.8214 -0.5652 -0.0767
vn -0.9160 -0.3881 -0.1014
vn -0.7723 -0.5999 -0.2088
vn -0.9159 -0.3607 -0.1762
vn -0.9594 -0.1469 -0.2406
vn -0.9562 -0.2247 -0.1874
vn -0.9718 0.1231 -0.2013
vn -0.9431 0.1953 -0.2691
vn -0.9510 -0.2806 -0.1297
vn -0.9184 0.1518 -0.3653
vn -0.9639 -0.2563 -0.0717
vn -0.8856 0.0878 -0.4561
vn -0.9623 -0.2472 -0.1136
vn -0.9760 -0.2099 -0.0590
vn -0.8468 0.0615 -0.5284
vn -0.9557 -0.2547 -0.1475
vn -0.8453 0.0234 -0.5338
vn -0.8085 -0.5458 -0.2200
vn -0.9408 -0.1395 -0.3090
vn -0.8732 -0.3294 -0.3592
vn -0.9169 -0.0500 -0.3959
vn -0.9556 -0.0523 -0.2899
vn -0.8554 0.3161 -0.4104
vn -0.9690 -0.2344 -0.0784
vn -0.9221 0.1383 -0.3615
vn -0.9734 -0.0747 -0.2167
vn -0.9587 -0.1775 -0.2221
vn -0.9774 -0.1543 -0.1442
vn -0.9547 0.0415 -0.2948
vn -0.9542 -0.1946 -0.2272
vn -0.9849 0.0314 -0.1701
vn -0.9635 0.0013 -0.2678
vn -0.9306 -0.2140 -0.2969
vn -0.9496 -0.0748 -0.3043
vn -0.9521 0.2526 -0.1726
vn -0.9525 -0.0308 -0.3029
vn -0.9141 0.3327 -0.2318
vn -0.9655 -0.0343 -0.2583
vn -0.9061 0.3736 -0.1984
vn -0.8997 0.3056 -0.3116
vn -0.9836 0.0073 -0.1801
vn -0.9551 -0.1033 -0.2777
vn -0.9184 0.3512 -0.1823
vn -0.9297 -0.2668 -0.2539
vn -0.9787 -0.1316 -0.1573
vn -0.9482 -0.2804 -0.1495
vn -0.8960 -0.4421 -0.0427
vn -0.9901 -0.0075 -0.1403
vn -0.9997 0.0229 -0.0114
vn -0.9238 0.3637 -0.1194
vn -0.9363 0.3504 -0.0249
vn -0.8388 0.5295 -0.1265
vn -0.9433 0.3295 0.0409
vn -0.8681 0.4939 -0.0493
vn -0.8926 0.4508 -0.0018
vn -0.8223 0.5690 0.0049
vn -0.7741 0.6268 -0.0887
vn -0.6138 0.7819 -0.1091
vn -0.8096 0.5842 -0.0569
vn -0.2196 0.9454 -0.2407
vn -0.6211 0.7753 -0.1144
vn -0.2068 0.9611 -0.1831
vn -0.5921 0.7956 -0.1281
vn -0.7308 0.6657 -0.1510
vn -0.1885 0.9694 -0.1571
vn -0.5536 0.8160 -0.1663
vn -0.7020 0.6894 -0.1785
vn -0.0670 0.9744 -0.2144
vn -0.1422 0.9757 -0.1667
vn -0.0960 0.9791 -0.1792
vn -0.5432 0.8193 -0.1835
vn -0.7043 0.7014 -0.1097
vn -0.4916 0.8661 -0.0908
vn -0.0494 0.9955 -0.0813
vn 0.0306 0.9960 -0.0839
vn -0.0243 0.9916 0.1274
vn -0.4330 0.8945 0.1108
vn -0.0149 0.9771 0.2121
vn -0.3612 0.9114 0.1973
vn -0.9052 0.3952 -0.1561
vn -0.6946 0.7104 0.1136
vn -0.7054 0.7072 0.0472
vn -0.8860 0.0875 -0.4553
vn -0.9279 0.2969 -0.2254
vn -0.8405 0.0293 -0.5410
vn -0.9466 0.1404 -0.2901
vn -0.8623 0.5059 0.0221
vn -0.9628 0.2458 -0.1122
vn -0.8705 0.4901 -0.0447
vn -0.8125 0.5610 -0.1583
vn -0.8054 0.5648 -0.1799
vn 0.9433 -0.0784 0.3225
vn 0.9268 0.0086 0.3755
vn 0.8403 0.2592 0.4761
vn 0.9695 -0.1149 0.2164
vn 0.9422 -0.1284 0.3094
vn 0.9437 -0.0419 0.3282
vn 0.9571 -0.0575 0.2841
vn 0.9092 -0.1078 0.4022
vn 0.8278 -0.0331 0.5600
vn 0.9239 -0.3802 0.0426
vn 0.8101 -0.5687 0.1423
vn 0.8945 0.0672 0.4421
vn 0.6523 -0.0889 0.7528
vn 0.7077 -0.6651 -0.2384
vn 0.4671 -0.8766 -0.1157
vn 0.7914 0.0299 0.6105
vn 0.5267 -0.2709 0.8057
vn 0.9829 0.1819 -0.0291
vn 0.9939 -0.0706 -0.0842
vn 0.9191 0.3886 0.0647
vn 0.9569 -0.2890 -0.0293
vn 0.8632 0.1851 -0.4698
vn 0.8692 -0.1497 -0.4713
vn 0.7986 -0.4543 -0.3947
vn 0.9506 -0.2040 0.2338
vn 0.9806 -0.0151 0.1957
vn 0.8678 -0.3835 0.3160
vn 0.1910 0.3690 0.9096
vn 0.7632 -0.4977 0.4122
vn 0.4296 -0.8113 0.3965
vn 0.2936 0.5155 0.8050
vn 0.4195 0.5817 0.6969
vn 0.6136 -0.2960 0.7320
vn -0.2161 -0.8935 0.3935
vn 0.4779 0.6497 0.5912
vn 0.3831 -0.3105 0.8700
vn 0.5368 0.6440 0.5451
vn 0.2761 -0.1428 0.9504
vn 0.1346 -0.4186 0.8981
vn -0.3440 -0.3637 0.8657
vn 0.6307 0.6303 0.4528
vn 0.1050 -0.0774 0.9915
vn 0.0921 -0.0067 0.9957
vn -0.4115 -0.2461 0.8776
vn 0.7862 0.4943 0.3710
vn 0.5893 0.1736 0.7891
vn 0.8937 0.2777 0.3525
vn -0.0234 0.0785 0.9966
vn -0.7186 -0.0655 0.6923
vn -0.6298 0.1535 0.7614
vn 0.0203 0.2022 0.9791
vn -0.6641 0.3086 0.6810
vn 0.9248 0.0519 0.3768
vn -0.0146 0.3259 0.9453
vn 0.1369 0.4649 0.8747
vn 0.8847 -0.1363 0.4457
vn 0.2485 0.4244 0.8707
vn 0.7921 -0.2567 0.5537
vn -0.0891 0.7969 0.5976
vn 0.6469 -0.2986 0.7017
vn 0.3050 0.5260 0.7939
vn 0.4173 0.7601 0.4982
vn 0.6363 0.4018 0.6586
vn 0.4529 0.6097 0.6505
vn 0.5171 -0.3271 0.7910
vn 0.4399 -0.2359 0.8665
vn 0.5807 0.7225 0.3752
vn 0.4684 0.8797 -0.0825
vn 0.7702 0.0649 0.6345
vn 0.7102 -0.0738 0.7001
vn 0.6011 -0.4414 0.6662
vn 0.5924 0.7583 -0.2721
vn 0.7217 0.6664 0.1875
vn 0.7108 -0.1902 0.6772
vn 0.4536 -0.4264 0.7826
vn 0.8056 0.4961 0.3238
vn 0.7596 0.4861 -0.4321
vn 0.8860 0.4352 0.1601
vn 0.3307 -0.2200 0.9177
vn 0.9729 0.1980 0.1193
vn 0.2829 -0.1311 0.9502
vn 0.1906 -0.0026 0.9817
vn 0.1501 0.1774 0.9726
vn 0.1012 0.5180 -0.8493
vn 0.0375 0.3833 -0.9229
vn 0.8098 0.0579 -0.5838
vn 0.7320 0.0900 -0.6753
vn 0.8021 0.0720 -0.5929
vn 0.6370 0.0557 -0.7688
vn 0.8943 -0.0678 -0.4424
vn 0.8844 -0.1650 -0.4367
vn 0.8714 -0.1484 -0.4676
vn 0.9440 -0.2285 -0.2379
vn 0.9604 -0.1315 -0.2457
vn 0.9151 -0.2953 -0.2745
vn 0.9427 -0.1767 -0.2829
vn 0.9005 -0.2363 -0.3650
vn 0.9304 -0.1716 -0.3239
vn 0.9326 -0.2778 -0.2305
vn 0.8877 -0.3368 -0.3140
vn 0.9591 -0.1935 -0.2067
vn 0.8567 -0.4738 -0.2040
vn 0.8775 -0.4260 -0.2204
vn 0.8450 -0.4954 -0.2013
vn 0.8551 -0.3990 -0.3311
vn 0.8278 -0.5263 -0.1944
vn 0.8355 -0.5016 -0.2244
vn 0.5431 -0.8172 -0.1929
vn 0.7113 -0.6884 -0.1417
vn 0.5380 -0.8378 -0.0924
vn 0.1535 -0.9877 0.0298
vn 0.4613 -0.8862 -0.0426
vn -0.0051 -0.9971 -0.0763
vn 0.1312 -0.9872 -0.0912
vn -0.0059 -0.9822 -0.1877
vn -0.2222 -0.9558 -0.1926
vn 0.1929 -0.9632 -0.1874
vn -0.5752 -0.7760 -0.2588
vn -0.2019 -0.9454 -0.2558
vn -0.7422 -0.5876 -0.3223
vn -0.5336 -0.8032 -0.2648
vn 0.0175 -0.9686 -0.2481
vn -0.8468 -0.4673 -0.2540
vn -0.7144 -0.6487 -0.2623
vn -0.8844 -0.4449 -0.1409
vn -0.7613 -0.6278 -0.1620
vn -0.7882 -0.6131 -0.0539
vn -0.5504 -0.8145 -0.1835
vn -0.2243 -0.9530 -0.2038
vn -0.5894 -0.8054 -0.0624
vn 0.0282 -0.9783 -0.2051
vn -0.2720 -0.9580 -0.0905
vn 0.0119 -0.9924 -0.1225
vn 0.2367 -0.9430 -0.2338
vn -0.3245 -0.9450 0.0411
vn 0.4568 -0.8706 -0.1827
vn -0.6062 -0.7908 0.0844
vn -0.0469 -0.9989 0.0055
vn -0.8065 -0.5839 0.0928
vn -0.6335 -0.7390 0.2292
vn -0.4229 -0.8869 0.1859
vn -0.6486 -0.6932 0.3145
vn -0.5292 -0.7947 0.2974
vn -0.2427 -0.4926 0.8357
vn -0.1074 -0.9862 0.1258
vn 0.2193 -0.1386 0.9658
vn -0.2435 -0.9388 0.2438
vn 0.6743 0.3534 0.6484
vn 0.0285 -0.5331 0.8456
vn 0.4231 -0.0978 0.9008
vn 0.3810 -0.5853 0.7157
vn 0.6584 -0.0868 0.7476
vn 0.7399 0.3864 0.5507
vn 0.7237 0.2237 0.6529
vn 0.4118 -0.3071 0.8580
vn 0.6208 -0.3633 0.6947
vn 0.7500 -0.1113 0.6520
vn 0.8788 -0.0990 0.4668
vn 0.8987 -0.0095 0.4385
vn 0.7822 0.0281 0.6224
vn 0.8866 0.1495 0.4377
vn 0.8476 0.3424 0.4054
vn 0.8524 0.1008 0.5130
vn 0.8394 0.1133 0.5315
vn 0.6061 -0.5652 0.5596
vn 0.8529 0.1325 0.5050
vn 0.0278 -0.9796 0.1992
vn 0.7487 -0.4948 0.4411
vn 0.2402 -0.9658 0.0978
vn 0.3221 -0.9339 0.1553
vn 0.6737 -0.6919 0.2595
vn 0.4635 -0.8802 0.1024
vn 0.2642 -0.9644 -0.0095
vn 0.5300 -0.8462 0.0557
vn 0.2607 -0.9590 -0.1107
vn 0.5727 -0.8198 -0.0036
vn 0.2660 -0.9461 -0.1849
vn 0.5408 -0.8390 -0.0602
vn 0.5514 -0.8117 -0.1924
vn 0.5839 -0.7948 -0.1656
vn 0.6746 -0.7380 0.0167
vn 0.6696 -0.7407 -0.0547
vn 0.6590 -0.7372 -0.1491
vn 0.6558 -0.7547 0.0194
vn 0.7710 -0.6365 0.0179
vn 0.5354 -0.8439 0.0337
vn 0.7421 -0.6699 0.0231
vn 0.6655 -0.7318 0.1470
vn 0.6016 -0.7949 -0.0783
vn 0.8549 0.1159 0.5056
vn 0.7223 -0.6903 0.0428
vn 0.8100 0.0663 0.5827
vn 0.7780 -0.6277 0.0262
vn 0.8746 -0.3959 0.2799
vn 0.7212 0.0242 0.6923
vn 0.6642 0.3909 0.6372
vn 0.6277 -0.0081 0.7784
vn 0.8804 -0.2188 0.4207
vn 0.9212 -0.3779 0.0923
vn 0.8897 -0.1697 0.4238
vn 0.5708 -0.0299 0.8205
vn 0.9614 -0.2427 0.1293
vn -0.0941 0.1742 0.9802
vn 0.9167 -0.3946 0.0631
vn 0.9635 -0.2524 0.0897
vn 0.9181 -0.3936 0.0467
vn 0.9728 -0.2279 0.0408
vn 0.7749 -0.6304 -0.0463
vn 0.9301 -0.3641 -0.0491
vn 0.9810 -0.1760 -0.0819
vn 0.7740 -0.6213 -0.1223
vn 0.9789 -0.1677 -0.1171
vn 0.9719 -0.2027 -0.1192
vn 0.9265 -0.3574 -0.1177
vn 0.6235 -0.7681 -0.1458
vn 0.7631 -0.6334 -0.1281
vn 0.9323 -0.3348 -0.1367
vn 0.9784 -0.1291 -0.1613
vn 0.9722 -0.1639 -0.1675
vn 0.7349 -0.6508 -0.1908
vn 0.9267 -0.2879 -0.2416
vn 0.9609 -0.1106 -0.2539
vn 0.9600 -0.1398 -0.2427
vn 0.8983 -0.2650 -0.3505
vn 0.7349 -0.6314 -0.2476
vn 0.5202 -0.8380 -0.1647
vn 0.7164 -0.6680 -0.2015
vn 0.5310 -0.8365 -0.1354
vn 0.5684 -0.8172 -0.0955
vn 0.4195 -0.9011 -0.1098
vn 0.8411 0.2150 0.4963
vn 0.7925 0.3308 0.5123
vn 0.8007 0.4005 0.4454
vn 0.7649 0.5084 0.3955
vn 0.6449 0.5741 0.5045
vn 0.6299 0.5493 0.5490
vn 0.3798 0.5993 0.7047
vn 0.1867 0.6309 0.7531
vn 0.3570 0.3918 0.8480
vn -0.1295 0.4164 0.8999
vn 0.1881 0.4055 0.8945
vn 0.0124 0.2281 0.9735
vn -0.2881 0.2709 0.9185
vn -0.0211 0.3057 0.9519
vn 0.0731 -0.9191 -0.3872
vn 0.2732 -0.7448 -0.6087
vn 0.2335 -0.8113 -0.5359
vn -0.0067 -0.8634 -0.5044
vn 0.7871 -0.6053 -0.1186
vn -0.1008 -0.9196 -0.3797
vn -0.0418 -0.8624 -0.5044
vn -0.2185 -0.8109 -0.5429
vn -0.3301 -0.7444 -0.5804
vn -0.3390 -0.7659 -0.5463
vn -0.6229 -0.7778 -0.0839
vn -0.1395 -0.9802 -0.1407
vn 0.1925 -0.9706 -0.1441
vn -0.3726 -0.3994 -0.8376
vn -0.9606 -0.2679 0.0740
vn -0.1330 -0.3932 -0.9098
vn 0.3017 -0.2404 -0.9226
vn 0.9830 -0.1834 -0.0074
vn 0.0183 -0.4068 -0.9134
vn -0.0077 0.1382 -0.9904
vn 0.0542 -0.1114 -0.9923
vn 0.9991 -0.0242 0.0354
vn 0.9960 0.0008 0.0895
vn 0.1526 0.1343 -0.9791
vn 0.9883 0.0294 0.1500
vn -0.0041 0.5386 -0.8426
vn 0.9969 -0.0029 0.0784
vn 0.2469 0.5697 -0.7839
vn 0.8288 0.5575 0.0489
vn 0.3405 0.6476 -0.6817
vn 0.5388 0.8359 0.1050
vn 0.6584 0.7384 0.1455
vn -0.0269 0.9900 0.1385
vn 0.3426 0.9075 0.2430
vn 0.5922 0.7828 0.1912
vn 0.4422 0.8592 0.2574
vn 0.2378 0.9214 0.3074
vn 0.0762 0.9406 0.3308
vn -0.0506 0.9624 0.2668
vn -0.0632 0.9416 0.3307
vn -0.1628 0.9360 0.3121
vn 0.0429 0.6270 -0.7779
vn -0.2617 0.9427 0.2069
vn -0.1398 0.9419 0.3053
vn -0.1898 0.9383 0.2890
vn -0.3135 0.9436 0.1063
vn -0.6579 0.7525 0.0321
vn -0.3799 0.9130 0.1487
vn -0.1999 0.6683 -0.7165
vn -0.8086 0.5858 0.0540
vn -0.1314 0.5421 -0.8300
vn -0.9706 0.2197 0.0985
vn -0.1267 0.2733 -0.9535
vn -0.9896 0.1089 0.0936
vn -0.9970 0.0186 0.0752
vn -0.1470 -0.0909 -0.9850
vn -0.9839 -0.1640 0.0715
vn -0.1277 -0.3542 -0.9264
s 1
f 1/1/1 2/2/2 3/3/3
f 4/4/4 1/1/1 3/3/3
f 2/2/2 1/1/1 5/5/5
f 5/5/5 6/6/6 2/2/2
f 1/1/1 4/4/4 7/7/7
f 8/8/8 7/7/7 4/4/4
f 6/6/6 5/5/5 9/9/9
f 9/9/9 10/10/10 6/6/6
f 1/1/1 11/11/11 5/5/5
f 11/11/11 9/9/9 5/5/5
f 10/10/10 9/9/9 12/12/12
f 12/12/12 13/13/13 10/10/10
f 9/9/9 11/11/11 14/14/14
f 13/13/13 12/12/12 15/15/15
f 16/16/16 9/9/9 14/14/14
f 9/9/9 16/16/16 12/12/12
f 17/17/17 13/13/13 15/15/15
f 13/13/13 17/17/17 18/18/18
f 17/17/17 8/8/8 18/18/18
f 12/12/12 19/19/19 15/15/15
f 19/19/19 17/17/17 15/15/15
f 19/19/19 12/12/12 16/16/16
f 17/17/17 20/20/20 8/8/8
f 7/7/7 8/8/8 20/20/20
f 17/17/17 19/19/19 21/21/21
f 21/21/21 20/20/20 17/17/17
f 22/22/22 19/19/19 16/16/16
f 22/22/22 21/21/21 19/19/19
f 22/22/22 16/16/16 14/14/14
f 22/22/22 14/14/14 11/11/11
f 23/23/23 20/20/20 21/21/21
f 22/22/22 23/23/23 21/21/21
f 20/20/20 23/23/23 7/7/7
f 22/22/22 11/11/11 24/24/24
f 11/11/11 1/1/1 24/24/24
f 22/22/22 25/25/25 23/23/23
f 22/22/22 24/24/24 25/25/25
f 7/7/7 23/23/23 25/25/25
f 1/1/1 25/25/25 24/24/24
f 1/1/1 7/7/7 25/25/25
f 18/18/26 26/26/27 13/13/28
f 10/10/29 13/13/28 26/26/27
f 26/26/27 18/18/26 27/27/30
f 8/8/31 27/27/30 18/18/26
f 26/26/27 28/28/32 10/10/29
f 6/6/33 10/10/29 28/28/32
f 27/27/30 8/8/31 29/29/34
f 4/4/35 29/29/34 8/8/31
f 30/30/36 26/26/27 27/27/30
f 29/29/34 30/30/36 27/27/30
f 29/29/34 4/4/35 31/31/37
f 3/3/38 31/31/37 4/4/35
f 30/30/36 29/29/34 32/32/39
f 31/31/37 3/3/38 33/33/40
f 29/29/34 34/34/41 32/32/39
f 31/31/37 34/34/41 29/29/34
f 35/35/42 33/33/40 3/3/38
f 2/2/43 35/35/42 3/3/38
f 6/6/33 35/35/42 2/2/43
f 31/31/37 33/33/40 36/36/44
f 31/31/37 36/36/44 34/34/41
f 35/35/42 36/36/44 33/33/40
f 37/37/45 32/32/39 34/34/41
f 37/37/45 34/34/41 36/36/44
f 37/37/45 30/30/36 32/32/39
f 36/36/44 35/35/42 38/38/46
f 37/37/45 36/36/44 38/38/46
f 35/35/42 6/6/33 39/39/47
f 39/39/47 38/38/46 35/35/42
f 28/28/32 39/39/47 6/6/33
f 38/38/46 39/39/47 40/40/48
f 28/28/32 40/40/48 39/39/47
f 37/37/45 38/38/46 40/40/48
f 40/40/48 28/28/32 41/41/49
f 37/37/45 40/40/48 41/41/49
f 26/26/27 41/41/49 28/28/32
f 37/37/45 41/41/49 42/42/50
f 41/41/49 26/26/27 42/42/50
f 37/37/45 42/42/50 30/30/36
f 26/26/27 30/30/36 42/42/50
f 43/43/51 44/44/52 45/45/53
f 44/44/52 43/43/51 46/46/54
f 43/43/51 47/47/55 46/46/54
f 47/47/55 43/43/51 48/48/56
f 49/49/57 44/44/52 46/46/54
f 47/47/55 49/49/57 46/46/54
f 44/44/52 49/49/57 50/50/58
f 50/50/58 49/49/57 51/51/59
f 48/48/56 52/52/60 47/47/55
f 52/52/60 48/48/56 53/53/61
f 49/49/57 47/47/55 54/54/62
f 52/52/60 54/54/62 47/47/55
f 51/51/59 49/49/57 55/55/63
f 49/49/57 54/54/62 55/55/63
f 55/55/63 281/56/64 51/51/59
f 54/54/62 52/52/60 56/57/65
f 281/56/64 55/55/63 282/58/66
f 55/55/63 54/54/62 57/59/67
f 56/57/65 57/59/67 54/54/62
f 283/60/68 282/58/66 55/55/63
f 283/60/68 55/55/63 57/59/67
f 284/61/69 281/56/64 282/58/66
f 281/56/64 284/61/69 285/62/70
f 282/58/66 283/60/68 286/63/71
f 286/63/71 284/61/69 282/58/66
f 287/64/72 285/62/70 284/61/69
f 285/62/70 287/64/72 288/65/73
f 289/66/74 284/61/69 286/63/71
f 287/64/72 284/61/69 289/66/74
f 290/67/75 288/65/73 287/64/72
f 289/66/74 290/67/75 287/64/72
f 291/68/76 288/65/73 290/67/75
f 286/63/71 292/69/77 289/66/74
f 293/70/78 291/68/76 290/67/75
f 291/68/76 293/70/78 294/71/79
f 290/67/75 289/66/74 295/72/80
f 295/72/80 293/70/78 290/67/75
f 295/72/80 289/66/74 292/69/77
f 296/73/81 294/71/79 293/70/78
f 294/71/79 296/73/81 297/74/82
f 293/70/78 295/72/80 298/75/83
f 298/75/83 296/73/81 293/70/78
f 299/76/84 297/74/82 296/73/81
f 297/74/82 299/76/84 300/77/85
f 296/73/81 298/75/83 301/78/86
f 301/78/86 299/76/84 296/73/81
f 298/75/83 295/72/80 302/79/87
f 292/69/77 302/79/87 295/72/80
f 303/80/88 301/78/86 298/75/83
f 302/79/87 303/80/88 298/75/83
f 299/76/84 301/78/86 304/81/89
f 305/82/90 300/77/85 299/76/84
f 299/76/84 304/81/89 305/82/90
f 300/77/85 305/82/90 306/83/91
f 307/84/92 304/81/89 301/78/86
f 301/78/86 303/80/88 307/84/92
f 308/85/93 306/83/91 305/82/90
f 306/83/91 308/85/93 309/86/94
f 310/87/95 305/82/90 304/81/89
f 305/82/90 310/87/95 308/85/93
f 304/81/89 307/84/92 311/88/96
f 311/88/96 310/87/95 304/81/89
f 312/89/97 309/86/94 308/85/93
f 312/89/97 313/90/98 309/86/94
f 312/89/97 314/91/99 313/90/98
f 315/92/100 308/85/93 310/87/95
f 315/92/100 312/89/97 308/85/93
f 310/87/95 311/88/96 316/93/101
f 316/93/101 315/92/100 310/87/95
f 314/91/99 312/89/97 317/94/102
f 317/94/102 318/95/103 314/91/99
f 312/89/97 315/92/100 319/96/104
f 319/96/104 317/94/102 312/89/97
f 315/92/100 316/93/101 320/97/105
f 320/97/105 319/96/104 315/92/100
f 318/95/103 317/94/102 321/98/106
f 321/98/106 58/99/107 318/95/103
f 317/94/102 319/96/104 322/100/108
f 58/99/107 321/98/106 59/101/109
f 59/101/109 60/102/110 58/99/107
f 60/102/110 59/101/109 61/103/111
f 59/101/109 62/104/112 61/103/111
f 323/105/113 321/98/106 317/94/102
f 323/105/113 59/101/109 321/98/106
f 317/94/102 322/100/108 323/105/113
f 62/104/112 59/101/109 63/106/114
f 59/101/109 323/105/113 63/106/114
f 63/106/114 64/107/115 62/104/112
f 64/107/115 63/106/114 65/108/116
f 323/105/113 65/108/116 63/106/114
f 66/109/117 64/107/115 65/108/116
f 323/105/113 324/110/118 65/108/116
f 324/110/118 323/105/113 322/100/108
f 65/108/116 325/111/119 66/109/117
f 325/111/119 65/108/116 324/110/118
f 66/109/117 325/111/119 326/112/120
f 322/100/108 327/113/121 324/110/118
f 325/111/119 328/114/122 326/112/120
f 324/110/118 329/115/123 325/111/119
f 329/115/123 328/114/122 325/111/119
f 329/115/123 324/110/118 327/113/121
f 330/116/124 326/112/120 328/114/122
f 326/112/120 330/116/124 331/117/125
f 330/116/124 332/118/126 331/117/125
f 329/115/123 333/119/127 328/114/122
f 333/119/127 330/116/124 328/114/122
f 332/118/126 330/116/124 334/120/128
f 335/121/129 332/118/126 334/120/128
f 333/119/127 336/122/130 330/116/124
f 334/120/128 337/123/131 335/121/129
f 337/123/131 338/124/132 335/121/129
f 330/116/124 339/125/133 334/120/128
f 339/125/133 337/123/131 334/120/128
f 339/125/133 330/116/124 336/122/130
f 338/124/132 337/123/131 340/126/134
f 337/123/131 339/125/133 341/127/135
f 341/127/135 340/126/134 337/123/131
f 342/128/136 338/124/132 340/126/134
f 338/124/132 342/128/136 343/129/137
f 342/128/136 344/130/138 343/129/137
f 345/131/139 340/126/134 341/127/135
f 342/128/136 340/126/134 346/132/140
f 340/126/134 345/131/139 346/132/140
f 344/130/138 342/128/136 347/133/141
f 346/132/140 348/134/142 342/128/136
f 348/134/142 347/133/141 342/128/136
f 345/131/139 349/135/143 346/132/140
f 349/135/143 348/134/142 346/132/140
f 350/136/144 344/130/138 347/133/141
f 344/130/138 350/136/144 351/137/145
f 347/133/141 348/134/142 352/138/146
f 353/139/147 351/137/145 350/136/144
f 351/137/145 353/139/147 354/140/148
f 353/139/147 355/141/149 354/140/148
f 347/133/141 356/142/150 350/136/144
f 356/142/150 347/133/141 352/138/146
f 350/136/144 357/143/151 353/139/147
f 357/143/151 350/136/144 356/142/150
f 355/141/149 353/139/147 358/144/152
f 358/144/152 359/145/153 355/141/149
f 360/146/154 353/139/147 357/143/151
f 353/139/147 360/146/154 358/144/152
f 357/143/151 356/142/150 361/147/155
f 356/142/150 352/138/146 362/148/156
f 356/142/150 362/148/156 361/147/155
f 362/148/156 352/138/146 348/134/142
f 357/143/151 361/147/155 363/149/157
f 360/146/154 357/143/151 363/149/157
f 364/150/158 361/147/155 362/148/156
f 361/147/155 365/151/159 363/149/157
f 361/147/155 364/150/158 365/151/159
f 363/149/157 366/152/160 360/146/154
f 363/149/157 365/151/159 367/153/161
f 363/149/157 367/153/161 366/152/160
f 364/150/158 368/154/162 365/151/159
f 365/151/159 369/155/163 367/153/161
f 368/154/162 369/155/163 365/151/159
f 367/153/161 370/156/164 366/152/160
f 364/150/158 371/157/165 368/154/162
f 367/153/161 369/155/163 372/158/166
f 367/153/161 372/158/166 370/156/164
f 368/154/162 373/159/167 369/155/163
f 371/157/165 373/159/167 368/154/162
f 369/155/163 374/160/168 372/158/166
f 369/155/163 373/159/167 374/160/168
f 371/157/165 364/150/158 375/161/169
f 362/148/156 375/161/169 364/150/158
f 373/159/167 371/157/165 376/162/170
f 375/161/169 362/148/156 377/163/171
f 362/148/156 348/134/142 377/163/171
f 375/161/169 378/164/172 371/157/165
f 376/162/170 371/157/165 378/164/172
f 375/161/169 377/163/171 379/165/173
f 379/165/173 378/164/172 375/161/169
f 377/163/171 348/134/142 380/166/174
f 379/165/173 377/163/171 380/166/174
f 348/134/142 349/135/143 380/166/174
f 380/166/174 381/167/175 379/165/173
f 349/135/143 381/167/175 380/166/174
f 381/167/175 378/164/172 379/165/173
f 349/135/143 382/168/176 381/167/175
f 378/164/172 381/167/175 383/169/177
f 382/168/176 383/169/177 381/167/175
f 384/170/178 382/168/176 349/135/143
f 349/135/143 345/131/139 384/170/178
f 385/171/179 378/164/172 383/169/177
f 378/164/172 385/171/179 376/162/170
f 386/172/180 384/170/178 345/131/139
f 386/172/180 345/131/139 341/127/135
f 384/170/178 387/173/181 382/168/176
f 341/127/135 388/174/182 386/172/180
f 388/174/182 341/127/135 339/125/133
f 384/170/178 386/172/180 389/175/183
f 389/175/183 387/173/181 384/170/178
f 388/174/182 390/176/184 386/172/180
f 390/176/184 389/175/183 386/172/180
f 339/125/133 391/177/185 388/174/182
f 390/176/184 388/174/182 391/177/185
f 339/125/133 336/122/130 391/177/185
f 389/175/183 390/176/184 392/178/186
f 391/177/185 336/122/130 393/179/187
f 391/177/185 394/180/188 390/176/184
f 394/180/188 391/177/185 393/179/187
f 394/180/188 392/178/186 390/176/184
f 336/122/130 395/181/189 393/179/187
f 395/181/189 394/180/188 393/179/187
f 395/181/189 336/122/130 333/119/127
f 396/182/190 395/181/189 333/119/127
f 329/115/123 396/182/190 333/119/127
f 394/180/188 395/181/189 397/183/191
f 396/182/190 397/183/191 395/181/189
f 396/182/190 329/115/123 398/184/192
f 329/115/123 327/113/121 398/184/192
f 397/183/191 396/182/190 399/185/193
f 399/185/193 396/182/190 398/184/192
f 397/183/191 400/186/194 394/180/188
f 392/178/186 394/180/188 400/186/194
f 399/185/193 401/187/195 397/183/191
f 400/186/194 397/183/191 401/187/195
f 402/188/196 399/185/193 398/184/192
f 403/189/197 398/184/192 327/113/121
f 398/184/192 403/189/197 402/188/196
f 322/100/108 403/189/197 327/113/121
f 403/189/197 322/100/108 319/96/104
f 319/96/104 320/97/105 403/189/197
f 402/188/196 404/190/198 399/185/193
f 404/190/198 401/187/195 399/185/193
f 402/188/196 403/189/197 405/191/199
f 404/190/198 402/188/196 405/191/199
f 320/97/105 405/191/199 403/189/197
f 404/190/198 406/192/200 401/187/195
f 405/191/199 320/97/105 407/193/201
f 316/93/101 407/193/201 320/97/105
f 405/191/199 408/194/202 404/190/198
f 405/191/199 407/193/201 408/194/202
f 404/190/198 408/194/202 406/192/200
f 316/93/101 409/195/203 407/193/201
f 409/195/203 316/93/101 311/88/96
f 407/193/201 410/196/204 408/194/202
f 407/193/201 409/195/203 410/196/204
f 409/195/203 311/88/96 411/197/205
f 307/84/92 411/197/205 311/88/96
f 409/195/203 412/198/206 410/196/204
f 409/195/203 411/197/205 412/198/206
f 408/194/202 410/196/204 413/199/207
f 408/194/202 413/199/207 406/192/200
f 307/84/92 414/200/208 411/197/205
f 414/200/208 307/84/92 303/80/88
f 411/197/205 414/200/208 415/201/209
f 415/201/209 412/198/206 411/197/205
f 303/80/88 416/202/210 414/200/208
f 416/202/210 415/201/209 414/200/208
f 416/202/210 303/80/88 302/79/87
f 412/198/206 415/201/209 417/203/211
f 302/79/87 418/204/212 416/202/210
f 418/204/212 302/79/87 292/69/77
f 415/201/209 416/202/210 419/205/213
f 418/204/212 419/205/213 416/202/210
f 419/205/213 417/203/211 415/201/209
f 292/69/77 420/206/214 418/204/212
f 419/205/213 418/204/212 421/207/215
f 420/206/214 421/207/215 418/204/212
f 417/203/211 419/205/213 422/208/216
f 421/207/215 422/208/216 419/205/213
f 420/206/214 292/69/77 423/209/217
f 292/69/77 286/63/71 423/209/217
f 283/60/68 423/209/217 286/63/71
f 423/209/217 283/60/68 424/210/218
f 423/209/217 424/210/218 420/206/214
f 424/210/218 283/60/68 57/59/67
f 67/211/219 424/210/218 57/59/67
f 57/59/67 56/57/65 67/211/219
f 425/212/220 420/206/214 424/210/218
f 425/212/220 424/210/218 67/211/219
f 421/207/215 420/206/214 426/213/221
f 420/206/214 425/212/220 426/213/221
f 56/57/65 68/214/222 67/211/219
f 68/214/222 56/57/65 52/52/60
f 67/211/219 69/215/223 425/212/220
f 68/214/222 69/215/223 67/211/219
f 52/52/60 70/216/224 68/214/222
f 53/53/61 70/216/224 52/52/60
f 70/216/224 53/53/61 71/217/225
f 72/218/226 70/216/224 71/217/225
f 73/219/227 68/214/222 70/216/224
f 73/219/227 69/215/223 68/214/222
f 70/216/224 72/218/226 74/220/228
f 70/216/224 74/220/228 73/219/227
f 75/221/229 74/220/228 72/218/226
f 74/220/228 76/222/230 73/219/227
f 76/222/230 69/215/223 73/219/227
f 74/220/228 75/221/229 77/223/231
f 76/222/230 74/220/228 77/223/231
f 78/224/232 77/223/231 75/221/229
f 69/215/223 76/222/230 79/225/233
f 77/223/231 78/224/232 80/226/234
f 81/227/235 69/215/223 79/225/233
f 69/215/223 81/227/235 425/212/220
f 76/222/230 77/223/231 82/228/236
f 82/228/236 77/223/231 80/226/234
f 76/222/230 83/229/237 79/225/233
f 83/229/237 76/222/230 82/228/236
f 81/227/235 79/225/233 84/230/238
f 83/229/237 84/230/238 79/225/233
f 81/227/235 427/231/239 425/212/220
f 427/231/239 81/227/235 84/230/238
f 426/213/221 425/212/220 427/231/239
f 84/230/238 83/229/237 85/232/240
f 84/230/238 428/233/241 427/231/239
f 428/233/241 84/230/238 85/232/240
f 426/213/221 427/231/239 429/234/242
f 427/231/239 428/233/241 429/234/242
f 83/229/237 86/235/243 85/232/240
f 82/228/236 86/235/243 83/229/237
f 87/236/244 428/233/241 85/232/240
f 86/235/243 82/228/236 88/237/245
f 88/237/245 82/228/236 80/226/234
f 89/238/246 85/232/240 86/235/243
f 88/237/245 89/238/246 86/235/243
f 85/232/240 89/238/246 87/236/244
f 88/237/245 80/226/234 90/239/247
f 78/224/232 90/239/247 80/226/234
f 90/239/247 78/224/232 91/240/248
f 91/240/248 92/241/249 90/239/247
f 90/239/247 92/241/249 88/237/245
f 91/240/248 93/242/250 92/241/249
f 89/238/246 88/237/245 94/243/251
f 88/237/245 92/241/249 94/243/251
f 93/242/250 95/244/252 92/241/249
f 92/241/249 95/244/252 94/243/251
f 95/244/252 93/242/250 96/245/253
f 89/238/246 94/243/251 97/246/254
f 87/236/244 89/238/246 97/246/254
f 94/243/251 95/244/252 98/247/255
f 94/243/251 98/247/255 97/246/254
f 96/245/253 99/248/256 95/244/252
f 99/248/256 98/247/255 95/244/252
f 99/248/256 96/245/253 100/249/257
f 101/250/258 99/248/256 100/249/257
f 98/247/255 99/248/256 102/251/259
f 99/248/256 101/250/258 103/252/260
f 99/248/256 103/252/260 102/251/259
f 101/250/258 104/253/261 103/252/260
f 104/253/261 101/250/258 105/254/262
f 106/255/263 104/253/261 105/254/262
f 107/256/264 102/251/259 103/252/260
f 103/252/260 104/253/261 107/256/264
f 102/251/259 108/257/265 98/247/255
f 107/256/264 108/257/265 102/251/259
f 98/247/255 108/257/265 97/246/254
f 104/253/261 106/255/263 109/258/266
f 110/259/267 109/258/266 106/255/263
f 111/260/268 97/246/254 108/257/265
f 111/260/268 87/236/244 97/246/254
f 112/261/269 109/258/266 110/259/267
f 113/262/270 112/261/269 110/259/267
f 114/263/271 104/253/261 109/258/266
f 112/261/269 114/263/271 109/258/266
f 104/253/261 114/263/271 115/264/272
f 107/256/264 104/253/261 115/264/272
f 112/261/269 113/262/270 116/265/273
f 117/266/274 116/265/273 113/262/270
f 114/263/271 112/261/269 118/267/275
f 119/268/276 116/265/273 117/266/274
f 120/269/277 112/261/269 116/265/273
f 120/269/277 118/267/275 112/261/269
f 121/270/278 116/265/273 119/268/276
f 116/265/273 121/270/278 120/269/277
f 117/266/274 122/271/279 119/268/276
f 122/271/279 117/266/274 123/272/280
f 124/273/281 122/271/279 123/272/280
f 125/274/282 121/270/278 119/268/276
f 119/268/276 122/271/279 125/274/282
f 122/271/279 124/273/281 126/275/283
f 122/271/279 127/276/284 125/274/282
f 127/276/284 122/271/279 126/275/283
f 124/273/281 128/277/285 126/275/283
f 128/277/285 124/273/281 129/278/286
f 130/279/287 128/277/285 129/278/286
f 131/280/288 127/276/284 126/275/283
f 126/275/283 128/277/285 131/280/288
f 128/277/285 130/279/287 132/281/289
f 128/277/285 133/282/290 131/280/288
f 128/277/285 132/281/289 133/282/290
f 130/279/287 134/283/291 132/281/289
f 134/283/291 130/279/287 135/284/292
f 132/281/289 136/285/293 133/282/290
f 134/283/291 136/285/293 132/281/289
f 133/282/290 137/286/294 131/280/288
f 127/276/284 131/280/288 137/286/294
f 136/285/293 138/287/295 133/282/290
f 137/286/294 133/282/290 138/287/295
f 139/288/296 136/285/293 134/283/291
f 135/284/292 140/289/297 134/283/291
f 139/288/296 134/283/291 140/289/297
f 140/289/297 135/284/292 141/290/298
f 142/291/299 140/289/297 141/290/298
f 140/289/297 142/291/299 143/292/300
f 143/292/300 142/291/299 144/293/301
f 145/294/302 139/288/296 140/289/297
f 145/294/302 140/289/297 143/292/300
f 146/295/303 143/292/300 144/293/301
f 147/296/304 146/295/303 144/293/301
f 143/292/300 148/297/305 145/294/302
f 148/297/305 143/292/300 146/295/303
f 146/295/303 147/296/304 149/298/306
f 146/295/303 149/298/306 148/297/305
f 147/296/304 150/299/307 149/298/306
f 150/299/307 147/296/304 151/300/308
f 148/297/305 149/298/306 152/301/309
f 149/298/306 150/299/307 152/301/309
f 151/300/308 153/302/310 150/299/307
f 153/302/310 151/300/308 154/303/311
f 150/299/307 155/304/312 152/301/309
f 153/302/310 155/304/312 150/299/307
f 154/303/311 156/305/313 153/302/310
f 156/305/313 154/303/311 157/306/314
f 157/306/314 158/307/315 156/305/313
f 159/308/316 155/304/312 153/302/310
f 156/305/313 159/308/316 153/302/310
f 155/304/312 160/309/317 152/301/309
f 161/310/318 156/305/313 158/307/315
f 162/311/319 160/309/317 155/304/312
f 159/308/316 162/311/319 155/304/312
f 160/309/317 163/312/320 152/301/309
f 163/312/320 148/297/305 152/301/309
f 162/311/319 164/313/321 160/309/317
f 164/313/321 163/312/320 160/309/317
f 165/314/322 148/297/305 163/312/320
f 148/297/305 165/314/322 145/294/302
f 163/312/320 164/313/321 166/315/323
f 166/315/323 165/314/322 163/312/320
f 162/311/319 167/316/324 164/313/321
f 167/316/324 166/315/323 164/313/321
f 168/317/325 145/294/302 165/314/322
f 145/294/302 168/317/325 139/288/296
f 168/317/325 136/285/293 139/288/296
f 169/318/326 165/314/322 166/315/323
f 169/318/326 168/317/325 165/314/322
f 168/317/325 170/319/327 136/285/293
f 138/287/295 136/285/293 170/319/327
f 171/320/328 169/318/326 166/315/323
f 166/315/323 167/316/324 171/320/328
f 172/321/329 138/287/295 170/319/327
f 172/321/329 137/286/294 138/287/295
f 168/317/325 173/322/330 170/319/327
f 170/319/327 173/322/330 172/321/329
f 173/322/330 168/317/325 174/323/331
f 168/317/325 169/318/326 174/323/331
f 173/322/330 175/324/332 172/321/329
f 174/323/331 176/325/333 173/322/330
f 175/324/332 173/322/330 176/325/333
f 174/323/331 169/318/326 177/326/334
f 176/325/333 174/323/331 177/326/334
f 178/327/335 177/326/334 169/318/326
f 169/318/326 171/320/328 178/327/335
f 177/326/334 179/328/336 176/325/333
f 180/329/337 175/324/332 176/325/333
f 179/328/336 180/329/337 176/325/333
f 181/330/338 172/321/329 175/324/332
f 180/329/337 181/330/338 175/324/332
f 179/328/336 177/326/334 182/331/339
f 177/326/334 178/327/335 182/331/339
f 179/328/336 183/332/340 180/329/337
f 182/331/339 184/333/341 179/328/336
f 183/332/340 179/328/336 184/333/341
f 185/334/342 182/331/339 178/327/335
f 183/332/340 186/335/343 180/329/337
f 181/330/338 180/329/337 186/335/343
f 182/331/339 185/334/342 187/336/344
f 184/333/341 182/331/339 187/336/344
f 188/337/345 185/334/342 178/327/335
f 188/337/345 178/327/335 171/320/328
f 189/338/346 187/336/344 185/334/342
f 190/339/347 188/337/345 171/320/328
f 171/320/328 167/316/324 190/339/347
f 191/340/348 185/334/342 188/337/345
f 185/334/342 191/340/348 189/338/346
f 188/337/345 190/339/347 192/341/349
f 192/341/349 191/340/348 188/337/345
f 189/338/346 193/342/350 187/336/344
f 193/342/350 184/333/341 187/336/344
f 191/340/348 194/343/351 189/338/346
f 193/342/350 189/338/346 194/343/351
f 194/343/351 191/340/348 195/344/352
f 191/340/348 192/341/349 195/344/352
f 193/342/350 194/343/351 196/345/353
f 194/343/351 195/344/352 196/345/353
f 184/333/341 193/342/350 197/346/354
f 197/346/354 183/332/340 184/333/341
f 196/345/353 198/347/355 193/342/350
f 198/347/355 197/346/354 193/342/350
f 183/332/340 197/346/354 199/348/356
f 186/335/343 183/332/340 199/348/356
f 197/346/354 200/349/357 199/348/356
f 200/349/357 186/335/343 199/348/356
f 198/347/355 201/350/358 197/346/354
f 200/349/357 197/346/354 201/350/358
f 198/347/355 196/345/353 202/351/359
f 203/352/360 186/335/343 200/349/357
f 198/347/355 202/351/359 204/353/361
f 201/350/358 198/347/355 204/353/361
f 202/351/359 196/345/353 205/354/362
f 195/344/352 205/354/362 196/345/353
f 206/355/363 204/353/361 202/351/359
f 205/354/362 206/355/363 202/351/359
f 207/356/364 201/350/358 204/353/361
f 207/356/364 204/353/361 206/355/363
f 208/357/365 200/349/357 201/350/358
f 200/349/357 208/357/365 203/352/360
f 209/358/366 201/350/358 207/356/364
f 201/350/358 209/358/366 208/357/365
f 206/355/363 430/359/367 207/356/364
f 430/359/367 209/358/366 207/356/364
f 206/355/363 205/354/362 210/360/368
f 431/361/369 209/358/366 430/359/367
f 430/359/367 206/355/363 432/362/370
f 210/360/368 432/362/370 206/355/363
f 433/363/371 431/361/369 430/359/367
f 432/362/370 433/363/371 430/359/367
f 434/364/372 209/358/366 431/361/369
f 209/358/366 434/364/372 208/357/365
f 431/361/369 433/363/371 435/365/373
f 435/365/373 434/364/372 431/361/369
f 434/364/372 211/366/374 208/357/365
f 203/352/360 208/357/365 211/366/374
f 436/367/375 211/366/374 434/364/372
f 212/368/376 203/352/360 211/366/374
f 436/367/375 212/368/376 211/366/374
f 437/369/377 434/364/372 435/365/373
f 437/369/377 436/367/375 434/364/372
f 203/352/360 212/368/376 213/370/378
f 213/370/378 186/335/343 203/352/360
f 186/335/343 213/370/378 181/330/338
f 213/370/378 214/371/379 181/330/338
f 172/321/329 181/330/338 214/371/379
f 137/286/294 172/321/329 214/371/379
f 215/372/380 214/371/379 213/370/378
f 212/368/376 215/372/380 213/370/378
f 216/373/381 137/286/294 214/371/379
f 214/371/379 215/372/380 216/373/381
f 137/286/294 216/373/381 127/276/284
f 127/276/284 216/373/381 217/374/382
f 215/372/380 217/374/382 216/373/381
f 125/274/282 127/276/284 217/374/382
f 217/374/382 215/372/380 218/375/383
f 215/372/380 212/368/376 218/375/383
f 217/374/382 219/376/384 125/274/282
f 219/376/384 217/374/382 218/375/383
f 121/270/278 125/274/282 219/376/384
f 218/375/383 220/377/385 219/376/384
f 221/378/386 121/270/278 219/376/384
f 221/378/386 219/376/384 220/377/385
f 121/270/278 221/378/386 120/269/277
f 218/375/383 438/379/387 220/377/385
f 438/379/387 218/375/383 212/368/376
f 220/377/385 222/380/388 221/378/386
f 438/379/387 222/380/388 220/377/385
f 221/378/386 223/381/389 120/269/277
f 222/380/388 223/381/389 221/378/386
f 118/267/275 120/269/277 223/381/389
f 439/382/390 438/379/387 212/368/376
f 439/382/390 212/368/376 436/367/375
f 223/381/389 224/383/391 118/267/275
f 118/267/275 224/383/391 114/263/271
f 224/383/391 115/264/272 114/263/271
f 440/384/392 439/382/390 436/367/375
f 436/367/375 437/369/377 440/384/392
f 439/382/390 440/384/392 441/385/393
f 441/385/393 438/379/387 439/382/390
f 442/386/394 440/384/392 437/369/377
f 443/387/395 441/385/393 440/384/392
f 440/384/392 442/386/394 443/387/395
f 444/388/396 438/379/387 441/385/393
f 441/385/393 443/387/395 445/389/397
f 445/389/397 444/388/396 441/385/393
f 438/379/387 444/388/396 446/390/398
f 222/380/388 438/379/387 446/390/398
f 444/388/396 445/389/397 447/391/399
f 446/390/398 225/392/400 222/380/388
f 222/380/388 225/392/400 223/381/389
f 225/392/400 224/383/391 223/381/389
f 444/388/396 448/393/401 446/390/398
f 447/391/399 448/393/401 444/388/396
f 225/392/400 446/390/398 449/394/402
f 448/393/401 449/394/402 446/390/398
f 224/383/391 225/392/400 226/395/403
f 448/393/401 450/396/404 449/394/402
f 451/397/405 225/392/400 449/394/402
f 225/392/400 451/397/405 226/395/403
f 450/396/404 452/398/406 449/394/402
f 452/398/406 451/397/405 449/394/402
f 448/393/401 453/399/407 450/396/404
f 453/399/407 448/393/401 447/391/399
f 454/400/408 452/398/406 450/396/404
f 453/399/407 454/400/408 450/396/404
f 452/398/406 455/401/409 451/397/405
f 447/391/399 456/402/410 453/399/407
f 452/398/406 454/400/408 457/403/411
f 457/403/411 455/401/409 452/398/406
f 458/404/412 454/400/408 453/399/407
f 453/399/407 456/402/410 458/404/412
f 459/405/413 457/403/411 454/400/408
f 454/400/408 458/404/412 459/405/413
f 456/402/410 447/391/399 460/406/414
f 460/406/414 447/391/399 445/389/397
f 461/407/415 458/404/412 456/402/410
f 461/407/415 456/402/410 460/406/414
f 445/389/397 462/408/416 460/406/414
f 462/408/416 445/389/397 443/387/395
f 460/406/414 463/409/417 461/407/415
f 462/408/416 443/387/395 464/410/418
f 464/410/418 443/387/395 442/386/394
f 465/411/419 460/406/414 462/408/416
f 460/406/414 465/411/419 463/409/417
f 466/412/420 462/408/416 464/410/418
f 465/411/419 462/408/416 466/412/420
f 373/159/167 463/409/417 465/411/419
f 463/409/417 373/159/167 376/162/170
f 376/162/170 461/407/415 463/409/417
f 373/159/167 465/411/419 374/160/168
f 374/160/168 465/411/419 466/412/420
f 461/407/415 376/162/170 385/171/179
f 374/160/168 466/412/420 467/413/421
f 372/158/166 374/160/168 467/413/421
f 385/171/179 468/414/422 461/407/415
f 458/404/412 461/407/415 468/414/422
f 468/414/422 385/171/179 469/415/423
f 383/169/177 469/415/423 385/171/179
f 458/404/412 468/414/422 470/416/424
f 470/416/424 459/405/413 458/404/412
f 471/417/425 468/414/422 469/415/423
f 468/414/422 471/417/425 470/416/424
f 383/169/177 471/417/425 469/415/423
f 472/418/426 459/405/413 470/416/424
f 471/417/425 472/418/426 470/416/424
f 471/417/425 383/169/177 473/419/427
f 383/169/177 382/168/176 473/419/427
f 387/173/181 473/419/427 382/168/176
f 473/419/427 474/420/428 471/417/425
f 471/417/425 474/420/428 472/418/426
f 473/419/427 387/173/181 475/421/429
f 475/421/429 474/420/428 473/419/427
f 476/422/430 475/421/429 387/173/181
f 389/175/183 476/422/430 387/173/181
f 476/422/430 389/175/183 392/178/186
f 475/421/429 477/423/431 474/420/428
f 392/178/186 478/424/432 476/422/430
f 400/186/194 478/424/432 392/178/186
f 475/421/429 476/422/430 479/425/433
f 479/425/433 476/422/430 478/424/432
f 479/425/433 477/423/431 475/421/429
f 400/186/194 480/426/434 478/424/432
f 401/187/195 480/426/434 400/186/194
f 406/192/200 480/426/434 401/187/195
f 478/424/432 481/427/435 479/425/433
f 481/427/435 478/424/432 480/426/434
f 477/423/431 479/425/433 481/427/435
f 406/192/200 482/428/436 480/426/434
f 480/426/434 482/428/436 481/427/435
f 482/428/436 406/192/200 413/199/207
f 481/427/435 483/429/437 477/423/431
f 483/429/437 481/427/435 482/428/436
f 484/430/438 474/420/428 477/423/431
f 483/429/437 484/430/438 477/423/431
f 474/420/428 484/430/438 472/418/426
f 482/428/436 485/431/439 483/429/437
f 413/199/207 485/431/439 482/428/436
f 484/430/438 483/429/437 486/432/440
f 485/431/439 486/432/440 483/429/437
f 487/433/441 472/418/426 484/430/438
f 486/432/440 487/433/441 484/430/438
f 485/431/439 413/199/207 488/434/442
f 410/196/204 488/434/442 413/199/207
f 488/434/442 410/196/204 412/198/206
f 488/434/442 412/198/206 417/203/211
f 488/434/442 489/435/443 485/431/439
f 489/435/443 488/434/442 417/203/211
f 486/432/440 485/431/439 489/435/443
f 417/203/211 490/436/444 489/435/443
f 489/435/443 491/437/445 486/432/440
f 491/437/445 489/435/443 490/436/444
f 487/433/441 486/432/440 491/437/445
f 490/436/444 417/203/211 422/208/216
f 492/438/446 487/433/441 491/437/445
f 493/439/447 491/437/445 490/436/444
f 491/437/445 493/439/447 492/438/446
f 422/208/216 494/440/448 490/436/444
f 490/436/444 494/440/448 493/439/447
f 494/440/448 422/208/216 495/441/449
f 422/208/216 421/207/215 495/441/449
f 426/213/221 495/441/449 421/207/215
f 495/441/449 426/213/221 429/234/242
f 495/441/449 496/442/450 494/440/448
f 496/442/450 495/441/449 429/234/242
f 494/440/448 497/443/451 493/439/447
f 497/443/451 494/440/448 496/442/450
f 429/234/242 498/444/452 496/442/450
f 498/444/452 429/234/242 428/233/241
f 428/233/241 87/236/244 498/444/452
f 87/236/244 111/260/268 498/444/452
f 496/442/450 498/444/452 499/445/453
f 498/444/452 111/260/268 499/445/453
f 496/442/450 499/445/453 497/443/451
f 227/446/454 499/445/453 111/260/268
f 111/260/268 108/257/265 227/446/454
f 497/443/451 499/445/453 500/447/455
f 499/445/453 227/446/454 500/447/455
f 501/448/456 493/439/447 497/443/451
f 497/443/451 500/447/455 501/448/456
f 493/439/447 501/448/456 492/438/446
f 108/257/265 228/449/457 227/446/454
f 108/257/265 107/256/264 228/449/457
f 229/450/458 500/447/455 227/446/454
f 229/450/458 227/446/454 228/449/457
f 107/256/264 230/451/459 228/449/457
f 228/449/457 230/451/459 229/450/458
f 230/451/459 107/256/264 115/264/272
f 115/264/272 224/383/391 230/451/459
f 230/451/459 224/383/391 231/452/460
f 231/452/460 229/450/458 230/451/459
f 226/395/403 231/452/460 224/383/391
f 500/447/455 229/450/458 502/453/461
f 231/452/460 502/453/461 229/450/458
f 501/448/456 500/447/455 502/453/461
f 231/452/460 226/395/403 503/454/462
f 502/453/461 231/452/460 503/454/462
f 451/397/405 503/454/462 226/395/403
f 455/401/409 503/454/462 451/397/405
f 501/448/456 502/453/461 504/455/463
f 504/455/463 502/453/461 503/454/462
f 455/401/409 504/455/463 503/454/462
f 492/438/446 501/448/456 504/455/463
f 505/456/464 504/455/463 455/401/409
f 504/455/463 505/456/464 492/438/446
f 455/401/409 457/403/411 505/456/464
f 506/457/465 492/438/446 505/456/464
f 506/457/465 505/456/464 457/403/411
f 492/438/446 506/457/465 487/433/441
f 457/403/411 459/405/413 506/457/465
f 472/418/426 487/433/441 506/457/465
f 459/405/413 472/418/426 506/457/465
f 232/458/466 233/459/467 234/460/468
f 232/458/466 507/461/469 233/459/467
f 233/459/467 507/461/469 508/462/470
f 509/463/471 233/459/467 508/462/470
f 510/464/472 507/461/469 232/458/466
f 510/464/472 232/458/466 60/465/473
f 61/466/474 510/464/472 60/465/473
f 508/462/470 511/467/475 509/463/471
f 511/467/475 512/468/476 509/463/471
f 510/464/472 61/466/474 513/469/477
f 61/466/474 62/470/478 513/469/477
f 514/471/479 512/468/476 511/467/475
f 512/468/476 514/471/479 515/472/480
f 516/473/481 513/469/477 62/470/478
f 516/473/481 62/470/478 64/474/482
f 517/475/483 510/464/472 513/469/477
f 516/473/481 517/475/483 513/469/477
f 510/464/472 517/475/483 518/476/484
f 518/476/484 507/461/469 510/464/472
f 517/475/483 516/473/481 519/477/485
f 507/461/469 518/476/484 520/478/486
f 520/478/486 508/462/470 507/461/469
f 508/462/470 520/478/486 511/467/475
f 521/479/487 518/476/484 517/475/483
f 519/477/485 521/479/487 517/475/483
f 522/480/488 520/478/486 518/476/484
f 518/476/484 521/479/487 522/480/488
f 523/481/489 511/467/475 520/478/486
f 520/478/486 522/480/488 523/481/489
f 511/467/475 523/481/489 514/471/479
f 523/481/489 522/480/488 524/482/490
f 524/482/490 514/471/479 523/481/489
f 522/480/488 521/479/487 525/483/491
f 522/480/488 525/483/491 524/482/490
f 514/471/479 524/482/490 526/484/492
f 526/484/492 515/472/480 514/471/479
f 525/483/491 527/485/493 524/482/490
f 515/472/480 526/484/492 528/486/494
f 529/487/495 515/472/480 528/486/494
f 526/484/492 524/482/490 530/488/496
f 527/485/493 530/488/496 524/482/490
f 528/486/494 526/484/492 531/489/497
f 526/484/492 530/488/496 531/489/497
f 529/487/495 528/486/494 532/490/498
f 531/489/497 532/490/498 528/486/494
f 532/490/498 533/491/499 529/487/495
f 532/490/498 531/489/497 534/492/500
f 533/491/499 532/490/498 535/493/501
f 536/494/502 532/490/498 534/492/500
f 532/490/498 536/494/502 535/493/501
f 535/493/501 537/495/503 533/491/499
f 536/494/502 537/495/503 535/493/501
f 533/491/499 537/495/503 359/496/504
f 537/495/503 355/497/505 359/496/504
f 537/495/503 536/494/502 538/498/506
f 355/497/505 537/495/503 539/499/507
f 538/498/506 539/499/507 537/495/503
f 539/499/507 540/500/508 355/497/505
f 354/501/509 355/497/505 540/500/508
f 539/499/507 538/498/506 541/502/510
f 541/502/510 540/500/508 539/499/507
f 538/498/506 536/494/502 542/503/511
f 541/502/510 538/498/506 542/503/511
f 536/494/502 534/492/500 542/503/511
f 534/492/500 531/489/497 542/503/511
f 531/489/497 530/488/496 542/503/511
f 530/488/496 527/485/493 542/503/511
f 543/504/512 540/500/508 541/502/510
f 543/504/512 541/502/510 542/503/511
f 540/500/508 544/505/513 354/501/509
f 543/504/512 544/505/513 540/500/508
f 351/506/514 354/501/509 544/505/513
f 544/505/513 344/507/515 351/506/514
f 344/507/515 544/505/513 545/508/516
f 543/504/512 545/508/516 544/505/513
f 343/509/517 344/507/515 545/508/516
f 545/508/516 543/504/512 546/510/518
f 546/510/518 543/504/512 542/503/511
f 545/508/516 547/511/519 343/509/517
f 546/510/518 547/511/519 545/508/516
f 338/512/520 343/509/517 547/511/519
f 547/511/519 546/510/518 548/513/521
f 548/513/521 546/510/518 542/503/511
f 547/511/519 549/514/522 338/512/520
f 550/515/523 547/511/519 548/513/521
f 547/511/519 550/515/523 549/514/522
f 550/515/523 548/513/521 542/503/511
f 335/516/524 338/512/520 549/514/522
f 551/517/525 549/514/522 550/515/523
f 551/517/525 550/515/523 542/503/511
f 549/514/522 552/518/526 335/516/524
f 549/514/522 551/517/525 552/518/526
f 553/519/527 335/516/524 552/518/526
f 553/519/527 332/520/528 335/516/524
f 551/517/525 554/521/529 552/518/526
f 552/518/526 554/521/529 553/519/527
f 554/521/529 551/517/525 555/522/530
f 555/522/530 551/517/525 542/503/511
f 556/523/531 554/521/529 555/522/530
f 556/523/531 555/522/530 542/503/511
f 554/521/529 557/524/532 553/519/527
f 554/521/529 556/523/531 557/524/532
f 553/519/527 558/525/533 332/520/528
f 558/525/533 553/519/527 557/524/532
f 559/526/534 332/520/528 558/525/533
f 332/520/528 559/526/534 331/527/535
f 559/526/534 326/528/536 331/527/535
f 557/524/532 560/529/537 558/525/533
f 559/526/534 558/525/533 560/529/537
f 556/523/531 561/530/538 557/524/532
f 560/529/537 557/524/532 561/530/538
f 326/528/536 559/526/534 562/531/539
f 326/528/536 562/531/539 66/532/540
f 562/531/539 64/474/482 66/532/540
f 64/474/482 562/531/539 516/473/481
f 519/477/485 516/473/481 562/531/539
f 563/533/541 562/531/539 559/526/534
f 519/477/485 562/531/539 563/533/541
f 563/533/541 559/526/534 560/529/537
f 564/534/542 519/477/485 563/533/541
f 564/534/542 563/533/541 560/529/537
f 561/530/538 564/534/542 560/529/537
f 521/479/487 519/477/485 564/534/542
f 564/534/542 561/530/538 565/535/543
f 565/535/543 521/479/487 564/534/542
f 561/530/538 556/523/531 566/536/544
f 566/536/544 565/535/543 561/530/538
f 566/536/544 556/523/531 542/503/511
f 521/479/487 565/535/543 567/537/545
f 525/483/491 521/479/487 567/537/545
f 565/535/543 566/536/544 568/538/546
f 568/538/546 567/537/545 565/535/543
f 568/538/546 566/536/544 542/503/511
f 567/537/545 568/538/546 569/539/547
f 569/539/547 568/538/546 542/503/511
f 569/539/547 525/483/491 567/537/545
f 570/540/548 569/539/547 542/503/511
f 525/483/491 569/539/547 570/540/548
f 527/485/493 570/540/548 542/503/511
f 527/485/493 525/483/491 570/540/548
f 235/541/549 45/542/550 236/543/551
f 236/543/551 158/307/315 235/541/549
f 45/542/550 44/544/552 236/543/551
f 158/307/315 236/543/551 161/310/318
f 236/543/551 44/544/552 237/545/553
f 237/545/553 44/544/552 50/546/554
f 161/310/318 236/543/551 238/547/555
f 236/543/551 237/545/553 238/547/555
f 237/545/553 50/546/554 239/548/556
f 239/548/556 238/547/555 237/545/553
f 50/546/554 51/549/557 239/548/556
f 281/550/558 239/548/556 51/549/557
f 240/551/559 161/310/318 238/547/555
f 161/310/318 240/551/559 156/305/313
f 159/308/316 156/305/313 240/551/559
f 239/548/556 281/550/558 571/552/560
f 285/553/561 571/552/560 281/550/558
f 238/547/555 239/548/556 241/554/562
f 571/552/560 241/554/562 239/548/556
f 241/554/562 240/551/559 238/547/555
f 571/552/560 285/553/561 572/555/563
f 240/551/559 241/554/562 242/556/564
f 242/556/564 159/308/316 240/551/559
f 241/554/562 571/552/560 573/557/565
f 571/552/560 572/555/563 573/557/565
f 159/308/316 242/556/564 243/558/566
f 162/311/319 159/308/316 243/558/566
f 167/316/324 162/311/319 243/558/566
f 244/559/567 167/316/324 243/558/566
f 242/556/564 244/559/567 243/558/566
f 244/559/567 190/339/347 167/316/324
f 241/554/562 245/560/568 242/556/564
f 245/560/568 244/559/567 242/556/564
f 245/560/568 241/554/562 573/557/565
f 190/339/347 244/559/567 246/561/569
f 245/560/568 246/561/569 244/559/567
f 190/339/347 246/561/569 192/341/349
f 574/562/570 245/560/568 573/557/565
f 247/563/571 192/341/349 246/561/569
f 192/341/349 247/563/571 195/344/352
f 248/564/572 246/561/569 245/560/568
f 247/563/571 246/561/569 248/564/572
f 245/560/568 574/562/570 248/564/572
f 249/565/573 195/344/352 247/563/571
f 205/354/362 195/344/352 249/565/573
f 210/360/368 205/354/362 249/565/573
f 250/566/574 247/563/571 248/564/572
f 249/565/573 247/563/571 250/566/574
f 249/565/573 251/567/575 210/360/368
f 251/567/575 249/565/573 250/566/574
f 575/568/576 210/360/368 251/567/575
f 432/362/370 210/360/368 575/568/576
f 250/566/574 576/569/577 251/567/575
f 251/567/575 576/569/577 575/568/576
f 575/568/576 577/570/578 432/362/370
f 433/363/371 432/362/370 577/570/578
f 577/570/578 575/568/576 578/571/579
f 578/571/579 575/568/576 576/569/577
f 579/572/580 433/363/371 577/570/578
f 578/571/579 579/572/580 577/570/578
f 580/573/581 433/363/371 579/572/580
f 580/573/581 435/365/373 433/363/371
f 579/572/580 578/571/579 581/574/582
f 582/575/583 435/365/373 580/573/581
f 582/575/583 437/369/377 435/365/373
f 579/572/580 583/576/584 580/573/581
f 583/576/584 582/575/583 580/573/581
f 437/369/377 582/575/583 584/577/585
f 442/386/394 437/369/377 584/577/585
f 582/575/583 583/576/584 585/578/586
f 585/578/586 584/577/585 582/575/583
f 583/576/584 579/572/580 586/579/587
f 581/574/582 586/579/587 579/572/580
f 584/577/585 587/580/588 442/386/394
f 464/410/418 442/386/394 587/580/588
f 587/580/588 584/577/585 588/581/589
f 584/577/585 585/578/586 588/581/589
f 589/582/590 464/410/418 587/580/588
f 466/412/420 464/410/418 589/582/590
f 467/413/421 466/412/420 589/582/590
f 590/583/591 587/580/588 588/581/589
f 589/582/590 587/580/588 590/583/591
f 590/583/591 588/581/589 585/578/586
f 467/413/421 589/582/590 591/584/592
f 591/584/592 589/582/590 590/583/591
f 585/578/586 592/585/593 590/583/591
f 591/584/592 590/583/591 592/585/593
f 592/585/593 585/578/586 593/586/594
f 593/586/594 585/578/586 583/576/584
f 592/585/593 594/587/595 591/584/592
f 583/576/584 595/588/596 593/586/594
f 595/588/596 583/576/584 586/579/587
f 596/589/597 592/585/593 593/586/594
f 594/587/595 592/585/593 596/589/597
f 597/590/598 593/586/594 595/588/596
f 596/589/597 593/586/594 597/590/598
f 598/591/599 595/588/596 586/579/587
f 586/579/587 581/574/582 598/591/599
f 599/592/600 594/587/595 596/589/597
f 600/593/601 598/591/599 581/574/582
f 594/587/595 599/592/600 601/594/602
f 601/594/602 591/584/592 594/587/595
f 599/592/600 596/589/597 602/595/603
f 602/595/603 596/589/597 597/590/598
f 603/596/604 591/584/592 601/594/602
f 603/596/604 467/413/421 591/584/592
f 372/158/166 467/413/421 603/596/604
f 372/158/166 603/596/604 370/156/164
f 604/597/605 603/596/604 601/594/602
f 603/596/604 604/597/605 370/156/164
f 605/598/606 601/594/602 599/592/600
f 604/597/605 601/594/602 605/598/606
f 606/599/607 370/156/164 604/597/605
f 366/152/160 370/156/164 606/599/607
f 606/599/607 360/146/154 366/152/160
f 606/599/607 604/597/605 607/600/608
f 605/598/606 607/600/608 604/597/605
f 360/146/154 606/599/607 608/601/609
f 607/600/608 608/601/609 606/599/607
f 608/601/609 358/144/152 360/146/154
f 605/598/606 599/592/600 609/602/610
f 609/602/610 599/592/600 602/595/603
f 358/144/152 608/601/609 610/603/611
f 359/145/153 358/144/152 610/603/611
f 609/602/610 611/604/612 605/598/606
f 607/600/608 605/598/606 611/604/612
f 610/603/611 612/605/613 359/145/153
f 608/601/609 607/600/608 613/606/614
f 608/601/609 614/607/615 610/603/611
f 614/607/615 608/601/609 613/606/614
f 612/605/613 610/603/611 614/607/615
f 615/608/616 613/606/614 607/600/608
f 607/600/608 611/604/612 615/608/616
f 613/606/614 616/609/617 614/607/615
f 616/609/617 613/606/614 615/608/616
f 617/610/618 612/605/613 614/607/615
f 617/610/618 614/607/615 616/609/617
f 618/611/619 359/145/153 612/605/613
f 617/610/618 618/611/619 612/605/613
f 618/611/619 533/612/620 359/145/153
f 618/611/619 529/613/621 533/612/620
f 618/611/619 617/610/618 619/614/622
f 529/613/621 618/611/619 619/614/622
f 616/609/617 619/614/622 617/610/618
f 620/615/623 529/613/621 619/614/622
f 515/616/624 529/613/621 620/615/623
f 619/614/622 616/609/617 621/617/625
f 621/617/625 616/609/617 615/608/616
f 620/615/623 622/618/626 515/616/624
f 512/619/627 515/616/624 622/618/626
f 619/614/622 623/620/628 620/615/623
f 623/620/628 622/618/626 620/615/623
f 621/617/625 624/621/629 619/614/622
f 619/614/622 624/621/629 623/620/628
f 615/608/616 625/622/630 621/617/625
f 625/622/630 624/621/629 621/617/625
f 611/604/612 625/622/630 615/608/616
f 624/621/629 626/623/631 623/620/628
f 625/622/630 611/604/612 627/624/632
f 609/602/610 627/624/632 611/604/612
f 624/621/629 625/622/630 628/625/633
f 628/625/633 625/622/630 627/624/632
f 626/623/631 624/621/629 628/625/633
f 627/624/632 609/602/610 629/626/634
f 609/602/610 602/595/603 629/626/634
f 627/624/632 630/627/635 628/625/633
f 629/626/634 630/627/635 627/624/632
f 630/627/635 631/628/636 628/625/633
f 628/625/633 631/628/636 626/623/631
f 630/627/635 629/626/634 632/629/637
f 630/627/635 632/629/637 631/628/636
f 629/626/634 602/595/603 633/630/638
f 602/595/603 597/590/598 633/630/638
f 634/631/639 632/629/637 629/626/634
f 629/626/634 633/630/638 634/631/639
f 633/630/638 597/590/598 635/632/640
f 635/632/640 597/590/598 595/588/596
f 636/633/641 634/631/639 633/630/638
f 633/630/638 635/632/640 636/633/641
f 635/632/640 595/588/596 637/634/642
f 595/588/596 598/591/599 637/634/642
f 636/633/641 635/632/640 638/635/643
f 635/632/640 637/634/642 638/635/643
f 639/636/644 637/634/642 598/591/599
f 598/591/599 600/593/601 639/636/644
f 638/635/643 637/634/642 640/637/645
f 637/634/642 639/636/644 640/637/645
f 636/633/641 638/635/643 641/638/646
f 638/635/643 640/637/645 642/639/647
f 641/638/646 638/635/643 642/639/647
f 640/637/645 639/636/644 643/640/648
f 642/639/647 640/637/645 643/640/648
f 641/638/646 644/641/649 636/633/641
f 634/631/639 636/633/641 644/641/649
f 645/642/650 641/638/646 642/639/647
f 644/641/649 646/643/651 634/631/639
f 632/629/637 634/631/639 646/643/651
f 647/644/652 644/641/649 641/638/646
f 647/644/652 641/638/646 645/642/650
f 632/629/637 646/643/651 648/645/653
f 632/629/637 648/645/653 631/628/636
f 646/643/651 644/641/649 649/646/654
f 631/628/636 648/645/653 650/647/655
f 631/628/636 650/647/655 626/623/631
f 646/643/651 651/648/656 648/645/653
f 651/648/656 646/643/651 649/646/654
f 648/645/653 652/649/657 650/647/655
f 652/649/657 648/645/653 651/648/656
f 644/641/649 653/650/658 649/646/654
f 653/650/658 644/641/649 647/644/652
f 649/646/654 654/651/659 651/648/656
f 654/651/659 649/646/654 653/650/658
f 651/648/656 655/652/660 652/649/657
f 655/652/660 651/648/656 654/651/659
f 655/652/660 656/653/661 652/649/657
f 650/647/655 652/649/657 656/653/661
f 654/651/659 657/654/662 655/652/660
f 658/655/663 654/651/659 653/650/658
f 657/654/662 654/651/659 658/655/663
f 653/650/658 659/656/664 658/655/663
f 659/656/664 653/650/658 647/644/652
f 658/655/663 313/657/665 657/654/662
f 659/656/664 313/657/665 658/655/663
f 314/658/666 657/654/662 313/657/665
f 313/657/665 659/656/664 309/659/667
f 657/654/662 314/658/666 318/660/668
f 309/659/667 659/656/664 660/661/669
f 660/661/669 659/656/664 647/644/652
f 309/659/667 660/661/669 306/662/670
f 660/661/669 647/644/652 645/642/650
f 306/662/670 660/661/669 661/663/671
f 660/661/669 645/642/650 661/663/671
f 306/662/670 661/663/671 300/664/672
f 645/642/650 662/665/673 661/663/671
f 645/642/650 642/639/647 662/665/673
f 643/640/648 662/665/673 642/639/647
f 300/664/672 661/663/671 663/666/674
f 661/663/671 662/665/673 663/666/674
f 300/664/672 663/666/674 297/667/675
f 662/665/673 643/640/648 664/668/676
f 663/666/674 662/665/673 664/668/676
f 665/669/677 297/667/675 663/666/674
f 297/667/675 665/669/677 294/670/678
f 663/666/674 664/668/676 666/671/679
f 665/669/677 663/666/674 666/671/679
f 667/672/680 664/668/676 643/640/648
f 643/640/648 639/636/644 667/672/680
f 664/668/676 668/673/681 666/671/679
f 664/668/676 667/672/680 668/673/681
f 669/674/682 665/669/677 666/671/679
f 666/671/679 668/673/681 669/674/682
f 665/669/677 670/675/683 294/670/678
f 665/669/677 669/674/682 670/675/683
f 294/670/678 670/675/683 291/676/684
f 668/673/681 671/677/685 669/674/682
f 671/677/685 668/673/681 667/672/680
f 669/674/682 672/678/686 670/675/683
f 669/674/682 671/677/685 672/678/686
f 670/675/683 673/679/687 291/676/684
f 670/675/683 672/678/686 673/679/687
f 673/679/687 288/680/688 291/676/684
f 673/679/687 285/553/561 288/680/688
f 285/553/561 673/679/687 572/555/563
f 572/555/563 673/679/687 672/678/686
f 672/678/686 674/681/689 572/555/563
f 671/677/685 674/681/689 672/678/686
f 573/557/565 572/555/563 674/681/689
f 573/557/565 674/681/689 574/562/570
f 674/681/689 671/677/685 675/682/690
f 674/681/689 675/682/690 574/562/570
f 667/672/680 676/683/691 671/677/685
f 675/682/690 671/677/685 676/683/691
f 639/636/644 676/683/691 667/672/680
f 676/683/691 639/636/644 600/593/601
f 574/562/570 675/682/690 677/684/692
f 677/684/692 248/564/572 574/562/570
f 248/564/572 677/684/692 250/566/574
f 676/683/691 678/685/693 675/682/690
f 677/684/692 675/682/690 678/685/693
f 678/685/693 676/683/691 600/593/601
f 679/686/694 250/566/574 677/684/692
f 677/684/692 678/685/693 679/686/694
f 576/569/577 250/566/574 679/686/694
f 600/593/601 680/687/695 678/685/693
f 680/687/695 679/686/694 678/685/693
f 679/686/694 680/687/695 576/569/577
f 581/574/582 680/687/695 600/593/601
f 576/569/577 680/687/695 578/571/579
f 680/687/695 581/574/582 578/571/579
f 626/623/631 681/688/696 623/620/628
f 650/647/655 681/688/696 626/623/631
f 622/618/626 623/620/628 681/688/696
f 681/688/696 650/647/655 682/689/697
f 650/647/655 656/653/661 682/689/697
f 683/690/698 622/618/626 681/688/696
f 681/688/696 682/689/697 683/690/698
f 622/618/626 683/690/698 512/619/627
f 683/690/698 509/691/699 512/619/627
f 683/690/698 233/692/700 509/691/699
f 252/693/701 683/690/698 682/689/697
f 233/692/700 683/690/698 252/693/701
f 682/689/697 656/653/661 252/693/701
f 252/693/701 234/694/702 233/692/700
f 656/653/661 253/695/703 252/693/701
f 234/694/702 252/693/701 253/695/703
f 253/695/703 656/653/661 684/696/704
f 656/653/661 655/652/660 684/696/704
f 657/654/662 684/696/704 655/652/660
f 253/695/703 254/697/705 234/694/702
f 684/696/704 254/697/705 253/695/703
f 232/698/706 234/694/702 254/697/705
f 254/697/705 60/699/707 232/698/706
f 60/699/707 254/697/705 58/700/708
f 684/696/704 657/654/662 685/701/709
f 254/697/705 684/696/704 685/701/709
f 685/701/709 58/700/708 254/697/705
f 318/660/668 685/701/709 657/654/662
f 58/700/708 685/701/709 318/660/668
f 255/702/710 100/703/711 96/704/712
f 93/705/713 255/702/710 96/704/712
f 101/706/714 100/703/711 255/702/710
f 93/705/713 256/707/715 255/702/710
f 256/707/715 93/705/713 91/708/716
f 256/707/715 91/708/716 78/709/717
f 256/707/715 78/709/717 75/710/718
f 72/711/719 256/707/715 75/710/718
f 71/712/720 256/707/715 72/711/719
f 257/713/721 255/702/710 256/707/715
f 256/707/715 71/712/720 257/713/721
f 258/714/722 101/706/714 255/702/710
f 255/702/710 257/713/721 258/714/722
f 71/712/720 259/715/723 257/713/721
f 259/715/723 71/712/720 53/716/724
f 260/717/725 258/714/722 257/713/721
f 260/717/725 257/713/721 259/715/723
f 261/718/726 101/706/714 258/714/722
f 101/706/714 261/718/726 105/719/727
f 260/717/725 262/720/728 258/714/722
f 258/714/722 262/720/728 261/718/726
f 260/717/725 263/721/729 262/720/728
f 262/720/728 263/721/729 261/718/726
f 259/715/723 263/721/729 260/717/725
f 264/722/730 105/719/727 261/718/726
f 261/718/726 263/721/729 264/722/730
f 264/722/730 106/723/731 105/719/727
f 264/722/730 110/724/732 106/723/731
f 110/724/732 264/722/730 265/725/733
f 264/722/730 263/721/729 265/725/733
f 265/725/733 113/726/734 110/724/732
f 265/725/733 266/727/735 113/726/734
f 265/725/733 263/721/729 266/727/735
f 266/727/735 117/728/736 113/726/734
f 266/727/735 267/729/737 117/728/736
f 266/727/735 263/721/729 267/729/737
f 267/729/737 123/730/738 117/728/736
f 267/729/737 268/731/739 123/730/738
f 267/729/737 263/721/729 268/731/739
f 268/731/739 269/732/740 123/730/738
f 269/732/740 124/733/741 123/730/738
f 268/731/739 270/734/742 269/732/740
f 124/733/741 269/732/740 271/735/743
f 269/732/740 270/734/742 271/735/743
f 271/735/743 129/736/744 124/733/741
f 271/735/743 130/737/745 129/736/744
f 135/738/746 130/737/745 271/735/743
f 271/735/743 141/739/747 135/738/746
f 141/739/747 271/735/743 272/740/748
f 270/734/742 272/740/748 271/735/743
f 272/740/748 142/741/749 141/739/747
f 272/740/748 144/742/750 142/741/749
f 273/743/751 270/734/742 268/731/739
f 268/731/739 263/721/729 273/743/751
f 274/744/752 144/742/750 272/740/748
f 144/742/750 274/744/752 147/745/753
f 147/745/753 274/744/752 151/746/754
f 151/746/754 274/744/752 154/747/755
f 157/748/756 154/747/755 274/744/752
f 272/740/748 275/749/757 274/744/752
f 275/749/757 157/748/756 274/744/752
f 275/749/757 272/740/748 270/734/742
f 275/749/757 276/750/758 157/748/756
f 270/734/742 276/750/758 275/749/757
f 276/750/758 270/734/742 273/743/751
f 273/743/751 263/721/729 276/750/758
f 157/748/756 276/750/758 158/751/759
f 158/751/759 276/750/758 277/752/760
f 276/750/758 263/721/729 277/752/760
f 277/752/760 235/753/761 158/751/759
f 277/752/760 278/754/762 235/753/761
f 277/752/760 263/721/729 278/754/762
f 278/754/762 45/755/763 235/753/761
f 278/754/762 43/756/764 45/755/763
f 279/757/765 43/756/764 278/754/762
f 278/754/762 263/721/729 279/757/765
f 43/756/764 279/757/765 48/758/766
f 279/757/765 263/721/729 280/759/767
f 279/757/765 280/759/767 48/758/766
f 280/759/767 263/721/729 259/715/723
f 280/759/767 53/716/724 48/758/766
f 53/716/724 280/759/767 259/715/723
