# Blender v3.3.21 OBJ File: 'URDF3.blend'
# www.blender.org
v -1.501310 -3.455542 2.658752
v 0.756161 -1.103531 4.099106
v 1.630394 -1.475853 3.477752
v 25.309700 -0.397312 -4.637146
v 25.939968 0.755360 -4.543427
v 25.596989 -0.505554 -4.498718
v 25.752605 0.829323 -4.760880
v 25.079243 -0.339500 -4.973358
v 26.802116 2.200582 -4.380096
v 25.491592 1.015576 -5.003998
v 25.012104 -0.309753 -5.562607
v 26.740520 2.566572 -4.814041
v 25.619503 1.238537 -5.565781
v 25.487827 1.334483 -5.694244
v 24.886120 -0.309353 -5.689774
v 26.818851 2.772629 -5.244613
v 28.407860 3.413016 -4.271652
v 28.551075 3.175042 -4.079696
v 28.590168 3.586629 -4.737075
v 30.865318 3.493671 -3.709564
v 30.631149 3.521102 -3.557632
v 32.205727 3.101789 -3.126235
v 26.721443 2.970661 -5.355575
v 32.309681 3.134790 -3.349288
v 32.509399 3.065382 -2.911087
v 32.689709 3.001880 -2.999008
v 26.406338 3.354936 -5.288314
v 32.934101 3.039747 -2.712387
v 32.888275 3.165550 -2.281799
v 28.596825 3.802726 -4.807296
v 33.098000 3.224738 -3.330017
v 31.068401 3.760092 -4.106353
v 32.627800 3.335782 -3.799057
v 33.429794 3.269981 -2.964813
v 32.695282 3.510546 -3.815246
v 33.151844 3.398467 -3.367401
v 31.188225 3.960694 -4.161819
v 31.144028 4.292076 -3.962371
v 28.557419 4.097747 -4.647247
v 32.917553 4.144659 -3.406142
v 31.061203 4.757521 -3.612655
v 28.402832 4.683595 -4.169356
v 32.854481 4.473888 -3.270187
v 33.263786 4.213957 -3.073974
v 28.363094 5.268672 -3.536422
v 31.050659 5.277338 -3.101958
v 33.198956 4.632455 -2.841262
v 33.483761 3.443509 -3.003753
v 33.541901 4.289513 -2.688339
v 30.953876 5.675913 -1.479110
v 33.313000 4.948428 -1.256164
v 33.718666 3.522439 -2.573028
v 33.643986 4.600435 -1.245300
v 33.664604 3.349106 -2.532516
v 33.081493 3.111501 -2.358688
v 33.123592 3.257261 -1.406524
v 33.338165 3.365642 -1.267928
v 33.051292 3.361198 -0.427505
v 33.701546 3.562132 -1.135421
v 33.228981 3.476861 -0.202545
v 32.842171 3.340816 0.572114
v 33.761818 3.737668 -1.150955
v 33.542809 3.828256 0.124116
v 33.493317 3.648925 0.132111
v 33.008739 3.507732 0.687974
v 32.676254 3.598019 0.895112
v 32.566875 3.444599 0.775971
v 33.243980 3.712127 0.853348
v 32.227959 3.734552 1.012253
v 32.175770 3.594627 0.889832
v 30.129589 3.978345 1.101945
v 32.923832 3.885046 1.103776
v 30.129822 4.207358 1.262116
v 28.100376 3.807885 1.373658
v 32.487854 4.104210 1.264207
v 33.279781 3.921891 0.863297
v 32.974972 4.076790 1.094971
v 33.450291 4.640767 0.075242
v 32.882195 4.524255 0.863480
v 33.165047 4.990480 -0.114013
v 33.071182 4.499869 0.687394
v 32.827942 4.843617 0.573273
v 30.872288 5.783908 0.321305
v 30.662178 5.605273 0.866441
v 32.554321 4.277935 1.236634
v 30.577866 5.326041 1.248811
v 30.309330 4.807022 1.622514
v 30.361099 4.989290 1.619279
v 28.009079 5.367865 1.861222
v 28.039059 5.953931 0.560838
v 28.265396 5.716082 -1.444625
v 28.031460 4.975485 2.187485
v 28.114166 4.787591 2.190827
v 26.576958 4.276312 2.794968
v 28.101337 4.492970 1.822434
v 26.692066 4.126704 2.674882
v 26.731628 3.871640 2.181596
v 28.126015 4.048992 1.597260
v 27.133141 3.366266 1.627717
v 27.013123 3.673671 1.987916
v 26.404285 2.595435 1.910645
v 26.225868 2.670921 2.341904
v 25.910530 1.553880 2.289902
v 25.683067 2.860128 2.864930
v 25.648499 1.588665 2.799317
v 25.724499 0.325882 2.521072
v 25.527363 2.921960 3.426926
v 25.136623 1.673372 3.141480
v 25.535873 0.365468 3.056168
v 25.059166 1.681090 3.639603
v 24.873741 0.373974 3.362549
v 25.822441 -1.072135 3.209701
v 25.942692 -1.048982 2.699707
v 24.820000 0.416359 3.944885
v 25.184563 -1.216450 3.471252
v 25.145535 -1.193944 4.140854
v 25.823090 -2.414193 4.139892
v 25.872467 -2.357739 3.529052
v 26.407330 -2.127078 3.120025
v 26.537189 -1.970463 2.700973
v 27.717953 -3.177387 2.906829
v 27.861816 -3.040624 2.611358
v 6.763016 7.006140 3.289018
v 5.895678 8.232272 0.157060
v 5.909191 8.019778 1.737199
v 5.359720 8.347571 0.517061
v 4.977297 8.629432 -0.702895
v 5.988791 8.251250 -1.648833
v 7.725407 5.925491 -2.824294
v 6.504044 6.286952 -2.221496
v 11.003588 4.298514 -4.096084
v 5.505924 6.573099 -1.691329
v 6.439886 5.752942 -2.109252
v 5.415461 6.043305 -1.644958
v 4.304134 6.937787 -1.035750
v 7.712996 5.393884 -2.641433
v 6.858877 5.315546 -1.262069
v 4.180338 6.428285 -1.064528
v 5.554337 5.575248 -0.863616
v 4.387972 5.836019 -0.505248
v 6.194530 4.070461 -0.877212
v 2.834076 6.789268 -0.461776
v 4.815022 8.523627 -0.855284
v 2.909449 7.253854 -0.360579
v 3.071476 6.175520 0.022386
v 3.300596 8.957215 0.118745
v 3.217680 8.885291 -0.031432
v 1.426910 6.874967 -0.065245
v 1.468342 7.332053 0.050187
v 1.375517 8.946010 0.467638
v 3.796034 5.105985 -0.440887
v 1.864611 6.130880 0.306611
v 5.062113 3.257386 -1.129333
v 2.675097 4.426436 -1.327911
v 0.770090 5.994915 0.492982
v 1.185497 5.468893 -0.272475
v 0.196348 6.568461 0.228822
v -0.542778 5.815204 0.907075
v 0.095608 7.052703 0.224855
v -0.533192 6.591046 0.756074
v -0.110905 8.620545 0.553178
v -0.494963 8.510507 0.706331
v -0.032055 8.835279 0.750597
v 1.397264 9.004424 0.700822
v -0.425053 8.690042 0.912675
v 0.175182 8.575393 1.783357
v 1.679905 8.736842 1.731920
v -1.112503 8.256131 1.146257
v -0.590206 8.268634 2.080995
v -1.092518 8.359986 1.298662
v -1.970863 7.629445 1.932145
v -1.268074 5.894956 1.430161
v -1.892178 7.705752 2.077165
v -2.878427 6.766322 2.706208
v -2.212249 5.087912 2.062363
v -1.443510 7.608325 2.895005
v -2.826876 6.842085 2.861360
v -3.729631 5.836124 3.397065
v -0.825573 7.519452 3.542878
v -2.215152 6.822932 3.635179
v 0.072304 8.298902 2.638475
v -3.705207 5.911345 3.562409
v -1.258913 6.771758 4.338883
v -2.788361 5.852851 4.378312
v 0.105465 7.525033 3.901292
v 1.875301 8.370332 2.699724
v 3.736925 8.610808 1.304292
v 2.040956 7.488011 4.202013
v 5.012304 8.146840 2.055391
v 3.985107 8.249253 2.391481
v 3.040508 7.380639 4.153261
v 4.392544 7.235400 4.087342
v 5.606720 7.064517 3.695741
v 3.193090 6.555235 5.223420
v 5.925608 6.228748 4.784211
v 4.581610 6.426880 5.121903
v 6.257736 5.379512 5.738954
v 4.727058 5.577870 6.086518
v 3.298450 5.799490 6.193116
v 1.939798 6.671089 5.315034
v 1.836275 5.910067 6.144639
v -0.066488 6.785444 4.803468
v -0.148232 5.916137 5.699861
v -1.635860 5.956986 5.051682
v -2.157425 4.688317 5.710740
v -0.372540 4.777257 6.472505
v -3.375657 4.596315 5.033357
v -2.302736 3.581370 6.656220
v -4.426580 4.395115 4.142533
v -3.907999 3.301353 5.543244
v -4.460426 4.352617 3.904618
v -5.061504 2.841231 4.616990
v -2.465102 1.899471 7.081315
v -4.304441 1.742652 5.822968
v -0.538290 3.718922 7.376984
v 1.803566 4.748214 7.097856
v -0.576944 2.000459 7.910019
v 3.324413 4.457754 7.219956
v 1.673834 3.731996 7.882996
v 3.347244 3.483510 7.920243
v 4.875328 4.294482 7.207932
v 4.989212 3.239692 7.956803
v 6.437469 3.994837 6.838578
v 6.637974 3.000810 7.622010
v 6.683489 1.451699 8.071655
v 5.085442 1.554824 8.431335
v 3.408680 1.730057 8.567230
v 5.164562 -0.132229 8.699524
v 1.661812 1.900282 8.477493
v 3.395121 -0.116790 8.760193
v -0.756214 0.130241 8.155060
v 1.683836 -0.101859 8.818863
v 1.700575 -2.470918 8.706711
v 3.473387 -2.522571 8.728073
v -2.719769 0.204346 7.235855
v -0.820845 -2.335925 7.988281
v 2.134064 -5.089340 8.046386
v 5.173691 -2.487920 8.569489
v 3.944052 -5.043129 8.073256
v 5.599245 -4.943034 7.935744
v 5.944733 -5.945781 6.864669
v 27.210865 -3.568259 3.679779
v 27.259342 -3.443789 3.106765
v 28.562756 -4.331002 3.255813
v 28.624866 -4.016953 2.855270
v 28.901592 -4.500270 2.971908
v 28.739784 -3.886966 2.636382
v 28.869114 -3.662141 2.431381
v 28.927967 -4.308962 2.469848
v 29.061413 -4.201838 2.320281
v 29.176186 -3.959757 2.166579
v 29.347469 -4.272288 1.863952
v 29.247261 -4.531625 1.966369
v 29.095268 -4.615885 2.046615
v 29.120075 -4.774620 2.619338
v 26.500374 -5.005913 -3.643052
v 25.420536 -3.752832 -4.551590
v 24.848019 -2.128737 -5.219651
v 25.029324 -2.089768 -5.109040
v 25.620609 -3.703860 -4.343995
v 25.002907 -1.953517 -4.515030
v 26.609142 -4.821787 -3.534837
v 25.624310 -3.527443 -3.947571
v 25.285385 -2.007039 -4.191727
v 26.444683 -4.471627 -3.099244
v 25.531727 -3.393370 -3.494828
v 25.651051 -1.979278 -4.072022
v 27.587921 -5.037918 -2.299577
v 26.567085 -4.209603 -2.934067
v 27.912292 -5.403929 -2.611894
v 29.120865 -5.782097 -1.735307
v 28.899784 -5.326548 -1.485078
v 29.309490 -5.797524 -1.405183
v 29.346992 -5.800174 -0.939240
v 29.320370 -5.329266 0.987914
v 29.112000 -5.359381 -1.143205
v 29.173088 -5.379438 -0.665513
v 29.230061 -5.060949 0.855285
v 29.464291 -4.913082 0.743911
v 29.409069 -5.183622 -0.777863
v 29.312626 -5.157779 -1.237351
v 29.539017 -4.596639 0.686797
v 29.065060 -5.119158 -1.561036
v 29.553062 -4.870557 -0.776215
v 29.437172 -4.810659 -1.216493
v 29.170151 -4.737985 -1.520951
v 27.908955 -4.649848 -2.360139
v 29.378277 -4.677942 -1.096223
v 27.624805 -4.818382 -2.241700
v 29.115479 -4.626783 -1.384934
v 26.875240 -4.029090 -2.946275
v 26.056061 -3.290631 -3.524292
v 26.916283 -3.773400 -2.712266
v 26.242748 -3.045323 -3.147431
v 25.791649 -1.903861 -3.584793
v 27.918816 -4.328744 -2.251084
v 27.871674 -4.216046 -2.040086
v 26.769703 -3.647694 -2.573975
v 28.755859 -4.550879 -0.997452
v 27.107094 -4.340952 -1.672181
v 26.119312 -2.909833 -3.018189
v 29.489944 -4.716327 -0.671693
v 28.663738 -4.244162 0.493362
v 29.385433 -4.484549 0.608993
v 29.319710 -4.164864 1.808669
v 26.752441 -4.240033 -0.691331
v 28.363628 -3.857123 1.802200
v 29.140182 -3.875087 2.072021
v 28.824856 -3.600224 2.297546
v 27.910622 -3.067288 2.489974
v 26.233974 -3.394176 2.045700
v 26.375652 -2.015453 2.559387
v 25.049622 -4.065633 -1.295808
v 24.737286 -3.261890 2.084121
v 25.828583 -1.065462 2.555755
v 25.034317 -2.138113 2.531219
v 25.236084 -4.041618 -2.226502
v 24.622719 0.048508 -0.754929
v 24.641888 -3.181221 -2.755723
v 24.104797 -2.029594 -3.377136
v 25.549797 -1.967591 -3.457978
v 23.960182 -0.899983 -3.684265
v 25.225552 -0.656848 -3.907944
v 25.698723 -0.458310 -4.037003
v 24.370831 1.156007 -3.935211
v 25.487293 0.750746 -4.087021
v 25.969604 0.735491 -4.154861
v 26.564655 2.149765 -3.895279
v 26.774162 2.065740 -3.995392
v 28.367859 3.193637 -3.688858
v 25.227852 2.913736 -3.579162
v 28.343605 3.163157 -3.544448
v 25.745018 4.258744 -2.676070
v 30.525784 3.350444 -3.236557
v 30.434093 3.425113 -3.059433
v 32.108143 3.029703 -2.781219
v 30.083530 3.904596 -2.561691
v 32.538898 3.108880 -2.150177
v 28.040852 4.124775 -2.730346
v 30.006874 4.354674 -1.157409
v 32.745575 3.275673 -1.439468
v 32.876713 3.343202 -0.485839
v 27.851086 4.713327 -1.229751
v 30.014202 4.395063 0.103410
v 32.627350 3.454104 0.368851
v 25.995026 4.752121 -1.135055
v 32.415012 3.476218 0.611329
v 27.629631 4.799247 0.044190
v 32.086849 3.544578 0.763810
v 30.156879 3.971697 0.918763
v 28.095959 3.878623 1.178559
v 25.776951 4.826867 0.116151
v 25.533390 3.843756 1.309983
v 26.848148 3.408384 1.484376
v 26.309113 2.667249 1.759125
v 25.180405 2.785966 1.873658
v 25.822506 1.562746 2.157883
v 24.807636 1.572191 2.222641
v 25.559578 0.315227 2.427673
v 24.672199 0.174378 2.458542
v 24.770641 -1.148219 2.568878
v 1.283731 -9.531234 0.250395
v 2.598894 -11.140113 -0.342440
v 1.139801 -11.141378 0.456221
v 2.332882 -9.511227 -0.379808
v 3.710112 -9.313454 -0.915926
v 4.316763 -10.701387 -1.123873
v 5.510790 -9.936183 -1.299181
v 2.217442 -8.930758 -0.353181
v 1.217806 -8.898657 0.199217
v 1.587307 -8.046690 0.647292
v 3.376604 -8.662883 -0.898973
v 4.968987 -8.639466 -1.171754
v 6.646933 -9.058468 -1.489625
v 3.131845 -7.847640 0.038512
v 5.879311 -7.967153 -1.297716
v 4.429619 -8.022422 -1.041459
v 4.136148 -7.253114 -0.027696
v 2.358244 -6.914821 0.938506
v 0.795101 -7.297934 1.318099
v 5.082598 -6.546082 -0.109056
v 1.584221 -6.259184 0.988326
v -0.307728 -6.268391 1.692992
v 4.394066 -5.747693 0.414168
v 3.407661 -5.116946 0.111907
v 0.734413 -5.517949 0.173446
v -0.972816 -5.592138 1.399291
v -1.000748 -4.991970 1.203597
v 2.299498 -4.689662 -0.968262
v 0.525766 -4.925318 0.110839
v -1.141054 -4.356607 0.876022
v 4.749237 -3.256838 -0.814759
v 0.207735 -4.276559 -0.077531
v 1.920824 -4.187123 -0.907929
v 3.486046 -3.200010 -1.882203
v 0.861029 -3.892130 0.973266
v -0.351868 -3.945063 1.841781
v 1.415443 -3.641015 -0.956040
v 1.973576 -3.303898 0.170471
v 2.476603 -1.028451 2.867172
v 2.987253 -2.850777 -1.717301
v 2.357687 -2.488982 -1.655823
v 2.845503 -2.269207 -0.460785
v 4.209997 -1.317755 -2.361069
v 3.632271 -1.169007 -2.154129
v 2.917534 -1.003608 -2.066101
v 3.710672 0.715095 -2.232498
v 5.487246 -0.992632 -1.364472
v 3.330479 -0.900868 -0.827713
v 4.298685 0.793975 -2.448562
v 2.841026 -0.288131 2.598007
v 3.391556 0.589384 -0.888321
v 2.993269 0.637018 -2.139130
v 1.750565 0.097305 3.741425
v 2.790073 0.577907 2.624634
v 3.010525 2.009686 -0.631775
v 2.566730 2.192660 -1.850296
v 3.231121 2.502622 -1.909591
v 1.720772 3.441450 -1.246337
v 2.238842 3.168218 -0.092727
v 2.203152 1.459066 3.034638
v 0.575092 4.248378 -0.435958
v 1.180735 3.908509 0.656037
v 2.259901 3.960734 -1.231155
v 3.762009 2.794669 -2.087188
v 0.928185 4.892459 -0.288757
v 5.566254 0.946052 -1.436661
v -0.584187 5.171958 0.790269
v -0.755951 4.516517 0.501572
v -2.162924 4.785758 1.971146
v -0.020885 4.130582 1.513367
v -2.059773 4.154875 1.439179
v -1.203764 3.804447 2.363496
v 1.289204 1.627972 3.686707
v -2.208131 2.974147 3.091599
v -3.138091 3.240839 2.232926
v 0.525316 0.996457 4.240479
v -3.336996 3.716479 2.776612
v -3.933239 1.919372 2.802048
v -2.898305 1.751817 3.599335
v -3.411942 3.847212 2.894852
v -4.205673 2.178070 3.415665
v -4.312754 2.255133 3.563843
v -4.561635 0.354032 3.691055
v -5.123877 2.750203 4.422165
v -5.381319 1.776389 4.819458
v -5.368309 1.706987 4.650574
v -4.681683 0.364360 3.850739
v -5.593156 0.318265 5.043716
v -5.551055 0.321067 4.818436
v -4.467361 -1.565049 3.709900
v -5.491228 -2.171668 4.849685
v -4.462225 0.261278 6.023422
v -5.409306 -2.121427 5.062393
v -2.794010 -2.199624 6.983902
v -4.283248 -2.183137 5.939193
v -0.525721 -4.920451 7.462676
v -3.908245 -4.378773 5.514862
v -2.606652 -4.688063 6.441939
v -0.215544 -5.944390 6.623809
v -4.883049 -4.339946 4.733306
v -3.405578 -5.711892 5.199065
v -5.000001 -4.298062 4.510971
v -4.336973 -5.738117 4.386764
v -4.407568 -5.650064 4.125640
v -3.702660 -3.270790 3.174453
v -3.731302 -6.848976 3.595626
v -4.356793 -1.509286 3.565597
v -2.999938 -5.145357 2.812591
v -4.242783 0.306797 3.042297
v -3.618836 -3.160243 3.056274
v -3.181134 0.302547 3.818146
v -4.060152 -1.298666 2.930526
v 0.310198 -0.105833 4.406921
v -3.018382 -1.177931 3.718490
v -2.432055 -2.489684 3.313781
v -3.399134 -2.735575 2.483764
v -2.405540 -3.828508 1.773651
v -2.447417 -4.375864 2.231811
v -1.374876 -6.929460 1.714949
v -0.505417 -8.095784 1.151824
v -1.730139 -7.271438 2.040297
v -0.719557 -8.574249 1.401671
v -2.732147 -8.305197 2.901900
v -0.592907 -10.495095 1.497023
v -1.686852 -9.574048 2.203169
v 1.210365 -11.231846 0.611662
v -0.517088 -10.583935 1.700209
v -1.580984 -9.608153 2.514647
v -2.710667 -8.366889 3.228880
v -3.707076 -6.983197 3.895522
v -1.908897 -8.312712 4.024687
v -2.819090 -6.891919 4.738555
v -0.857105 -9.554725 3.290068
v -1.138411 -8.313303 4.669341
v -1.712757 -6.934646 5.368957
v -2.121421 -5.800721 5.895644
v 0.050236 -7.092657 5.961654
v 2.707714 -7.356375 6.270354
v 0.784803 -8.878632 4.923476
v -0.234360 -9.372351 3.906111
v 0.155920 -10.471335 2.548918
v 1.031055 -9.672121 4.133849
v 0.720615 -10.177508 3.294798
v 2.705093 -11.228296 -0.179888
v 1.815577 -11.178017 1.400572
v 2.327589 -10.736440 2.464506
v 4.402090 -10.796893 -0.991259
v 3.298620 -11.061176 0.711821
v 5.600172 -10.033320 -1.173265
v 5.008997 -10.519184 0.089613
v 3.919714 -10.715319 1.839949
v 6.167332 -9.777946 -0.148821
v 5.455778 -10.234140 1.168806
v 6.641102 -9.533838 0.925856
v 5.853735 -9.703447 2.634352
v 7.043629 -9.079859 2.295577
v 4.366554 -10.071343 3.164564
v 6.244740 -8.752033 4.240660
v 2.627222 -10.010712 3.729262
v 4.560707 -9.059447 4.573714
v 2.693720 -9.139437 4.815978
v 4.414194 -7.299048 6.219832
v 6.163319 -7.172498 5.907424
v 4.175013 -5.976377 7.147094
v 2.284981 -5.982522 7.215011
v 6.137447 -3.318608 0.040725
v 7.038538 -0.829433 -0.509125
v 6.301167 -5.226599 0.011825
v 7.129454 -3.493522 0.081924
v 7.115015 1.013868 -0.755737
v 8.045393 -0.865781 -0.426163
v 7.398258 3.898968 -0.892944
v 8.142883 1.035598 -0.644089
v 8.075169 5.019686 -1.706573
v 8.453661 3.754628 -1.273879
v 9.895676 4.362297 -2.494384
v 9.720211 4.799625 -3.404662
v 11.393816 3.154718 -3.403106
v 11.908791 3.028606 -4.769729
v 9.078823 0.982740 -1.063599
v 12.338396 1.528971 -4.530532
v 11.468758 0.247978 -3.214432
v 12.029406 -0.264452 -4.068176
v 11.561228 -1.972360 -3.392273
v 11.043631 -1.705292 -2.641739
v 10.310825 -3.247866 -2.007370
v 9.674389 -4.681472 -2.083039
v 9.087263 -4.924112 -1.782502
v 7.970301 -5.508018 -1.429780
v 7.898649 -3.739134 -0.313569
v 8.878006 -1.038212 -0.797760
v 6.821354 -6.245784 -1.267091
v 5.424749 -7.269450 -1.199083
v 7.203014 -7.115771 -1.440446
v 24.350788 -0.343217 -5.792709
v 25.042091 1.676481 -5.768173
v 23.918781 1.887239 -5.833892
v 23.525040 -0.242462 -5.996140
v 26.375034 4.002486 -4.932403
v 26.831009 5.032522 -3.776351
v 28.009697 5.700603 1.359254
v 26.674385 5.908458 0.534287
v 26.690933 5.528843 -1.617827
v 26.467052 5.512077 1.452363
v 24.848705 5.946609 0.353288
v 24.903217 5.566658 -1.764922
v 25.062943 4.879432 -3.924056
v 24.834034 3.623599 -5.115539
v 22.984329 5.179305 -4.018218
v 22.829411 3.933266 -5.283737
v 22.839428 5.850766 -1.865081
v 20.668026 5.854179 -4.426848
v 22.517673 2.036117 -6.233734
v 22.274052 -0.071054 -6.350494
v 20.265480 0.213660 -7.127823
v 20.641113 4.505683 -5.856338
v 20.635578 2.635211 -6.925994
v 18.226658 0.610685 -7.605606
v 18.447144 6.483124 -4.924819
v 18.431297 3.052671 -7.521667
v 16.429764 0.876342 -7.810852
v 18.510956 5.053584 -6.323134
v 16.357819 3.589120 -7.736389
v 14.114132 1.024446 -7.708679
v 16.416191 5.554479 -6.555587
v 14.348797 3.828495 -7.692184
v 12.917356 3.621187 -7.475158
v 13.275980 0.992523 -7.571960
v 12.314468 0.958604 -7.152222
v 14.332920 5.911734 -6.564147
v 11.846764 3.501908 -7.072479
v 11.823357 1.003504 -6.892761
v 12.497711 6.017795 -6.337707
v 16.378620 7.154776 -5.187072
v 14.005379 7.172413 -5.231093
v 11.446079 5.882139 -6.212173
v 18.001167 7.153720 -2.379836
v 11.361217 3.425428 -6.869186
v 12.096773 7.168449 -4.939376
v 11.220900 3.343086 -6.710861
v 11.610331 0.963777 -6.769180
v 10.659445 5.748698 -5.925597
v 10.546879 5.636969 -5.872756
v 10.537476 7.078333 -4.639892
v 9.668753 7.010441 -4.502059
v 10.928791 4.577344 -4.721160
v 11.352556 7.979009 -2.476653
v 11.717556 3.132531 -5.421386
v 13.531336 8.068210 -2.543120
v 8.731005 7.801454 -2.217040
v 15.897758 8.013116 -2.626921
v 11.547440 7.997828 -0.548339
v 13.451027 8.114430 -0.278853
v 17.973675 7.388427 -0.750853
v 9.859488 7.839791 -0.523772
v 20.320362 6.357807 -2.047713
v 20.144295 6.653018 -0.140410
v 22.795971 6.143283 0.347474
v 19.988045 6.514754 0.625688
v 15.851234 7.847709 0.026475
v 24.673367 5.525395 1.326310
v 22.710258 5.761608 0.991364
v 25.955540 4.735875 2.623719
v 24.299500 4.555342 2.498811
v 21.990776 4.828556 2.324586
v 24.630898 3.109191 3.490723
v 25.389149 2.964139 3.510590
v 24.884476 1.730056 3.793335
v 24.622536 0.417548 4.044235
v 24.207619 1.756516 3.745194
v 23.491611 3.216647 3.351670
v 24.009388 0.404767 4.022873
v 23.000984 1.755576 3.699906
v 21.466457 3.382063 3.340348
v 24.967659 -1.249621 4.276031
v 22.771080 0.438445 3.947815
v 25.614143 -2.494087 4.238479
v 21.408245 1.850084 3.738968
v 19.283268 3.545911 3.537903
v 19.517879 5.261919 2.415101
v 19.642353 5.782462 1.940400
v 15.894524 6.820111 1.679750
v 16.002213 5.578964 2.877748
v 13.650497 6.968510 1.774675
v 13.892183 5.529146 3.015473
v 16.201378 3.795262 3.776841
v 11.907898 7.182101 1.209901
v 12.984011 5.355674 3.085114
v 10.839211 7.018130 0.843995
v 12.121721 6.380038 2.048921
v 13.976847 3.801298 3.803803
v 11.752544 4.919837 3.307114
v 10.866163 5.931990 2.377198
v 9.723898 6.845426 1.185350
v 8.691788 7.692355 -0.030074
v 10.250475 5.911621 2.874864
v 9.060493 6.866955 1.808732
v 11.034313 4.977929 3.675294
v 7.875401 7.718677 0.507737
v 9.408964 5.052316 4.592805
v 8.707321 5.993964 3.699052
v 7.929781 6.947209 2.599473
v 7.689318 5.182129 5.308824
v 7.744255 7.876273 -1.076720
v 7.246620 6.153327 4.317597
v 6.714613 7.909644 1.218553
v 6.955627 7.997802 -0.509856
v 6.147072 8.301103 -1.432494
v 6.984592 8.034629 -2.195616
v 7.969864 7.761352 -3.016600
v 9.465191 6.845680 -4.576278
v 7.815695 7.667058 -3.119017
v 6.869833 7.956277 -2.353072
v 9.575544 5.293972 -3.748229
v 8.187487 3.742229 6.309830
v 8.512825 2.704422 6.961045
v 10.218252 3.557940 5.479538
v 11.936228 3.587404 4.415558
v 10.513071 2.379677 5.785004
v 12.692080 3.666522 3.907731
v 12.392023 2.445821 4.646332
v 13.278250 2.356661 4.076737
v 12.656094 1.406799 4.718277
v 10.714931 1.331765 6.240082
v 8.676670 1.322276 7.334396
v 12.774488 0.006844 4.871368
v 10.832514 -0.259573 6.379517
v 8.665512 -0.131621 7.562241
v 6.748173 -0.131270 8.276947
v 6.712259 -2.438978 8.199799
v 8.580248 -2.354198 7.445266
v 6.956217 -4.768397 7.493316
v 10.680349 -2.084508 6.308074
v 8.730572 -4.364049 6.783844
v 7.374258 -5.736269 6.423293
v 10.457808 -3.837814 5.719497
v 8.745903 -5.414249 5.966750
v 12.698038 -1.752880 4.818130
v 12.434135 -3.459935 4.454147
v 10.394043 -4.994631 5.089782
v 13.714764 -1.532048 4.077148
v 13.290699 -3.425713 3.931961
v 13.836725 0.226656 4.157944
v 14.546310 -3.377003 3.701751
v 13.699106 1.468481 4.074616
v 14.701950 -1.414230 3.996521
v 14.713676 0.291418 4.148956
v 14.567654 1.851505 4.028534
v 16.315746 -1.427577 4.093994
v 16.269161 0.414900 4.230713
v 16.233433 1.925031 4.118058
v 19.285480 -1.322412 4.188187
v 19.238014 1.990001 3.952072
v 19.182220 0.562481 4.193512
v 21.336922 0.523495 4.009964
v 21.454979 -1.210047 4.152328
v 22.848381 -1.211975 4.165146
v 19.407990 -3.377494 4.034545
v 24.227623 -1.268964 4.235535
v 21.797039 -3.262962 4.089736
v 23.561443 -3.089888 4.136459
v 25.102413 -2.731721 4.188659
v 22.010918 -4.729241 3.840606
v 24.036102 -4.409718 3.874847
v 26.397133 -3.907949 3.839828
v 27.008907 -3.676565 3.814437
v 24.425789 -5.417828 3.489104
v 27.488655 -4.674865 3.384521
v 28.421741 -4.489558 3.291213
v 28.760571 -4.649275 3.020385
v 28.979046 -4.914074 2.680907
v 28.116520 -5.129381 2.679137
v 29.174614 -5.539326 1.049483
v 24.667820 -5.992826 2.941573
v 28.358387 -5.758553 1.200774
v 24.800335 -6.809177 1.216445
v 22.135811 -6.521586 3.020919
v 28.308342 -6.249124 -0.884614
v 22.313351 -7.304203 1.195784
v 24.880905 -7.245981 -1.171785
v 22.542553 -7.649367 -1.260057
v 22.123581 -5.776616 3.594817
v 19.243931 -6.729319 2.967894
v 19.268333 -5.824234 3.517516
v 19.356937 -4.883295 3.720901
v 16.109715 -5.790060 3.259398
v 16.256508 -4.809998 3.532943
v 16.241550 -3.508179 3.826126
v 14.297173 -4.608479 3.388213
v 12.898684 -4.499891 3.524551
v 14.088821 -5.355856 3.109359
v 12.135996 -4.638002 4.004836
v 12.667377 -5.374230 3.074264
v 10.234224 -6.031410 4.187301
v 16.015308 -6.578725 2.650680
v 13.913620 -6.283171 2.425658
v 11.760164 -5.687496 3.259643
v 12.195744 -6.309210 2.414275
v 15.974842 -7.331655 0.995467
v 13.347057 -7.118756 0.907988
v 19.340645 -7.535753 1.055968
v 19.625252 -7.840253 -1.304841
v 16.218151 -7.760295 -1.375444
v 13.119898 -7.475932 -1.167283
v 11.668442 -7.206206 1.149642
v 11.393255 -6.548464 2.428603
v 10.664629 -7.576150 -0.571687
v 9.996977 -7.015311 2.773299
v 10.782406 -7.253088 1.272292
v 8.521742 -7.747937 3.377211
v 9.902750 -7.698588 -0.300676
v 9.604267 -7.551678 1.658141
v 8.175640 -8.343760 1.941664
v 8.840353 -8.059435 0.269911
v 9.996101 -7.483545 -1.742906
v 9.203043 -7.694477 -1.183961
v 7.768528 -8.721024 0.667754
v 10.694691 -7.258728 -2.329454
v 8.323820 -8.272665 -0.696397
v 9.422268 -7.275903 -2.255220
v 8.646790 -7.708199 -1.873460
v 12.993610 -7.574504 -2.401597
v 8.526283 -7.599792 -1.937944
v 9.304707 -7.151519 -2.319078
v 7.642147 -8.286023 -1.727037
v 10.152029 -6.638312 -3.137864
v 10.029938 -6.511581 -3.150270
v 7.766600 -8.352482 -1.620378
v 11.100754 -4.624073 -4.770173
v 10.929649 -4.424335 -4.607911
v 11.129589 -6.780738 -3.025514
v 11.556906 -3.113345 -5.468033
v 11.429943 -3.037192 -5.358872
v 11.671719 -1.265246 -6.122955
v 11.968477 -4.522153 -4.765046
v 13.040428 -7.237097 -3.065355
v 11.782852 -1.313483 -6.256699
v 12.376488 -3.014993 -5.542130
v 12.583813 -1.289309 -6.450714
v 13.207863 -4.774635 -4.765702
v 13.290558 -3.003922 -5.569825
v 13.442080 -1.259369 -6.617996
v 16.403133 -1.289264 -6.598175
v 16.489403 -2.995029 -5.663025
v 17.987438 -1.238598 -6.581024
v 16.559093 -5.029911 -4.705277
v 19.721966 -3.262224 -5.386307
v 19.961796 -1.558824 -6.262513
v 22.104633 -1.825655 -5.863953
v 23.456051 -2.004237 -5.524018
v 22.227314 -3.700311 -4.978730
v 24.256283 -2.097466 -5.323761
v 23.637966 -3.790841 -4.761200
v 19.882889 -5.308677 -4.453492
v 22.421711 -5.508486 -4.224946
v 19.815990 -7.459350 -3.021745
v 16.489887 -7.454877 -3.072572
v 22.627399 -7.208907 -2.914201
v 16.342136 -7.822545 -2.499330
v 19.837460 -7.832874 -2.476899
v 22.628490 -7.651778 -2.308290
v 24.173424 -5.580808 -3.865235
v 24.619972 -6.938272 -2.816560
v 24.916458 -7.281631 -2.157029
v 24.818867 -3.848092 -4.651581
v 25.994026 -5.215168 -3.645509
v 27.223022 -6.008403 -2.611726
v 28.140537 -6.361430 -1.764009
v 27.834953 -5.595473 -2.655564
v 29.206997 -5.962174 -1.412995
v 29.022797 -5.962539 -1.747788
v 29.240074 -5.949033 -0.942369
v 6.740381 -9.157242 -1.370409
v 7.267780 -8.924200 -0.402406
v 7.460636 -8.306869 3.777586
v 7.595373 -6.835386 5.451735
v 8.778210 -6.376307 5.062102
v 12.103014 1.215976 -5.401459
v 11.984787 -0.459803 -4.839172
v 11.565632 -2.275101 -4.077591
v 10.976555 -3.714062 -3.529862
v 10.905209 -3.386623 -2.764649
v 9.968914 -5.397571 -2.608491
v 9.293409 -5.895986 -1.985002
v 8.392712 -6.306156 -1.637925
v -3.630045 0.972991 -2.980575
v -1.556492 3.870613 -1.844711
v -1.900276 1.328304 -3.923889
v -1.394693 -1.929343 -3.732682
v -3.315456 3.299271 -1.078094
v -0.564722 4.208334 1.286881
v -3.167417 -2.007841 -2.805619
v -2.407971 3.608297 1.787400
v -2.198574 -3.897097 -0.655717
v -0.335897 -3.994041 -1.383118
v 0.655886 -3.656316 1.748458
v -4.593494 -1.319931 -0.486527
v -4.666821 1.307967 0.368897
v -4.822586 0.156075 -0.573151
v -4.217452 1.460982 1.787781
v -4.525517 -0.446077 1.302154
v -3.737725 0.525490 2.852341
v -1.439123 1.719039 3.937287
v 0.494081 2.143635 3.636414
v 0.999676 -1.114005 3.827621
v -0.976505 -1.261786 4.112244
v -3.508643 -0.950509 2.938965
v -1.291071 -3.588071 2.209747
v -3.664408 -2.102404 1.996917
v -4.113778 -2.255422 0.578033
v 2.729422 -0.758690 2.884323
v 2.414856 -3.084976 0.981826
v 2.266806 2.222135 2.709366
v 1.507353 -3.394003 -1.883652
v 1.297981 4.111388 0.559464
v 0.538513 -1.504747 -4.033539
v 0.390472 3.802365 -2.306014
v 0.075884 1.476086 -4.208496
v 2.837111 -0.311199 -2.948593
v 2.608021 1.164808 -3.035217
v 2.763796 2.316700 -2.093170
v 3.624905 0.660374 -1.398407
v 3.316839 -1.246688 -1.884033
v 3.766209 -1.093670 -0.465149
v 3.213154 2.469716 -0.674285
v 3.921974 0.058223 0.476898
v 3.692894 1.534225 0.390259
vt 0.812370 0.976182
vt 0.893806 0.978444
vt 0.901892 0.975723
vt 0.964552 0.745334
vt 0.956566 0.741854
vt 0.965121 0.743175
vt 0.956049 0.743721
vt 0.963914 0.747951
vt 0.946769 0.737950
vt 0.954861 0.746072
vt 0.962795 0.751608
vt 0.943687 0.740271
vt 0.951929 0.748983
vt 0.951285 0.750185
vt 0.962769 0.752708
vt 0.963345 0.756008
vt 0.940883 0.742026
vt 0.938165 0.730178
vt 0.939862 0.728705
vt 0.934768 0.730802
vt 0.935825 0.713973
vt 0.937412 0.714971
vt 0.935568 0.701908
vt 0.939519 0.743020
vt 0.934105 0.702303
vt 0.933854 0.697990
vt 0.949271 0.753330
vt 0.932474 0.697876
vt 0.948561 0.760728
vt 0.963376 0.761266
vt 0.936869 0.745203
vt 0.930484 0.694832
vt 0.931611 0.691967
vt 0.933286 0.731106
vt 0.929485 0.699233
vt 0.932435 0.714253
vt 0.931051 0.703266
vt 0.927401 0.696894
vt 0.930043 0.703595
vt 0.928574 0.699886
vt 0.930919 0.714038
vt 0.928434 0.714775
vt 0.931043 0.731462
vt 0.925712 0.703763
vt 0.924623 0.715712
vt 0.931753 0.745602
vt 0.925937 0.732493
vt 0.923796 0.704747
vt 0.921230 0.742303
vt 0.923879 0.701665
vt 0.920113 0.732532
vt 0.919895 0.716009
vt 0.921363 0.702733
vt 0.926572 0.697677
vt 0.921778 0.699896
vt 0.909249 0.715129
vt 0.912386 0.700364
vt 0.924037 0.695983
vt 0.913472 0.697546
vt 0.924658 0.695076
vt 0.927176 0.692164
vt 0.927446 0.690769
vt 0.919560 0.688225
vt 0.917679 0.689104
vt 0.910509 0.686413
vt 0.915632 0.691217
vt 0.908647 0.687902
vt 0.900499 0.687509
vt 0.915218 0.692316
vt 0.906414 0.691320
vt 0.906409 0.690152
vt 0.900546 0.689178
vt 0.897094 0.690689
vt 0.896587 0.689472
vt 0.901022 0.691244
vt 0.893473 0.693639
vt 0.892667 0.692645
vt 0.881826 0.705799
vt 0.898441 0.692820
vt 0.882933 0.707317
vt 0.871518 0.718115
vt 0.895829 0.695515
vt 0.901203 0.692423
vt 0.898913 0.693877
vt 0.905688 0.696326
vt 0.899794 0.696637
vt 0.905764 0.699214
vt 0.901365 0.696195
vt 0.901304 0.698901
vt 0.897977 0.712588
vt 0.894103 0.712275
vt 0.896647 0.696339
vt 0.891205 0.711279
vt 0.886702 0.710180
vt 0.887767 0.710758
vt 0.885873 0.728195
vt 0.881864 0.726884
vt 0.891469 0.729743
vt 0.905483 0.731388
vt 0.889794 0.738580
vt 0.905434 0.741506
vt 0.882378 0.738224
vt 0.889187 0.750847
vt 0.905176 0.753041
vt 0.922038 0.753796
vt 0.934861 0.755430
vt 0.921486 0.767421
vt 0.934574 0.768780
vt 0.904641 0.766508
vt 0.922124 0.783546
vt 0.949768 0.770254
vt 0.964100 0.769267
vt 0.966760 0.783097
vt 0.935839 0.784138
vt 0.950427 0.783885
vt 0.968876 0.797902
vt 0.924033 0.798905
vt 0.952809 0.799336
vt 0.970661 0.811793
vt 0.937309 0.798978
vt 0.952717 0.813721
vt 0.971735 0.830438
vt 0.937906 0.813243
vt 0.953000 0.827703
vt 0.954318 0.837850
vt 0.972163 0.837779
vt 0.972140 0.847068
vt 0.937437 0.826956
vt 0.954349 0.845869
vt 0.971694 0.852108
vt 0.936555 0.838944
vt 0.924492 0.812887
vt 0.925689 0.828157
vt 0.936721 0.845934
vt 0.906261 0.799266
vt 0.954250 0.849517
vt 0.924593 0.840401
vt 0.954428 0.851034
vt 0.972004 0.854628
vt 0.936177 0.851427
vt 0.936637 0.852469
vt 0.923471 0.850684
vt 0.922856 0.856491
vt 0.942802 0.861718
vt 0.907588 0.842863
vt 0.955015 0.860317
vt 0.907414 0.828872
vt 0.906427 0.859807
vt 0.907325 0.813812
vt 0.894621 0.839335
vt 0.892664 0.827104
vt 0.895050 0.798157
vt 0.894789 0.850097
vt 0.904734 0.783236
vt 0.890649 0.782888
vt 0.887850 0.764598
vt 0.884902 0.783161
vt 0.890216 0.811653
vt 0.881075 0.750383
vt 0.882135 0.764094
vt 0.871627 0.739183
vt 0.869239 0.750581
vt 0.869278 0.766736
vt 0.878575 0.725541
vt 0.856485 0.746068
vt 0.877736 0.724375
vt 0.869173 0.734072
vt 0.875497 0.721974
vt 0.868542 0.732594
vt 0.866658 0.729144
vt 0.873128 0.719602
vt 0.864968 0.723405
vt 0.866425 0.726368
vt 0.857111 0.726728
vt 0.856825 0.729999
vt 0.847754 0.729280
vt 0.856406 0.735398
vt 0.846856 0.733134
vt 0.837388 0.729062
vt 0.856426 0.739501
vt 0.846349 0.737431
vt 0.836642 0.732857
vt 0.856383 0.740666
vt 0.845985 0.741000
vt 0.836084 0.737841
vt 0.824882 0.730013
vt 0.825864 0.726641
vt 0.845993 0.742693
vt 0.835445 0.741931
vt 0.824022 0.734792
vt 0.835266 0.743495
vt 0.822650 0.739170
vt 0.845651 0.747529
vt 0.856502 0.754187
vt 0.834945 0.747909
vt 0.844782 0.756047
vt 0.855668 0.768337
vt 0.822172 0.740685
vt 0.834679 0.756752
vt 0.812426 0.736198
vt 0.844022 0.767281
vt 0.812732 0.734536
vt 0.853934 0.783338
vt 0.814633 0.730763
vt 0.868790 0.783852
vt 0.815520 0.725947
vt 0.816959 0.723187
vt 0.873914 0.783846
vt 0.803815 0.717954
vt 0.804521 0.715669
vt 0.877273 0.809191
vt 0.865608 0.806846
vt 0.877037 0.823334
vt 0.864098 0.820113
vt 0.851855 0.803825
vt 0.881453 0.834740
vt 0.862918 0.825684
vt 0.883433 0.841895
vt 0.873389 0.832373
vt 0.850708 0.818104
vt 0.859979 0.832967
vt 0.870374 0.839622
vt 0.881491 0.848308
vt 0.891755 0.856951
vt 0.867940 0.843351
vt 0.878258 0.852096
vt 0.858999 0.837629
vt 0.888611 0.861574
vt 0.856047 0.848037
vt 0.864849 0.852759
vt 0.874320 0.858724
vt 0.854294 0.858356
vt 0.898980 0.864687
vt 0.862828 0.861537
vt 0.884838 0.868200
vt 0.895506 0.869063
vt 0.870910 0.865456
vt 0.900892 0.876351
vt 0.891336 0.875014
vt 0.881948 0.872619
vt 0.889198 0.877876
vt 0.896022 0.882953
vt 0.905935 0.871749
vt 0.902198 0.877771
vt 0.911474 0.866101
vt 0.923952 0.858141
vt 0.912317 0.867346
vt 0.907011 0.872801
vt 0.921086 0.876198
vt 0.932195 0.867691
vt 0.914602 0.882361
vt 0.943880 0.866252
vt 0.909568 0.887592
vt 0.916914 0.885434
vt 0.911797 0.890593
vt 0.903499 0.893721
vt 0.923516 0.879302
vt 0.921566 0.890783
vt 0.905497 0.896711
vt 0.914925 0.896394
vt 0.908764 0.901318
vt 0.924070 0.901215
vt 0.898564 0.902975
vt 0.896967 0.884369
vt 0.896924 0.900550
vt 0.901414 0.906692
vt 0.889795 0.891485
vt 0.890523 0.892372
vt 0.892626 0.910292
vt 0.891466 0.907911
vt 0.884986 0.901364
vt 0.908868 0.908132
vt 0.896209 0.913220
vt 0.922673 0.911286
vt 0.907293 0.919455
vt 0.890911 0.918942
vt 0.895568 0.920697
vt 0.887439 0.917454
vt 0.883095 0.925232
vt 0.886231 0.915448
vt 0.882824 0.920592
vt 0.881887 0.908895
vt 0.880397 0.910454
vt 0.881003 0.907664
vt 0.883933 0.900643
vt 0.879607 0.909387
vt 0.876574 0.905025
vt 0.879230 0.897113
vt 0.877536 0.913339
vt 0.873997 0.909024
vt 0.876893 0.912669
vt 0.872651 0.917970
vt 0.877631 0.926483
vt 0.872156 0.917075
vt 0.866740 0.922957
vt 0.870905 0.933093
vt 0.868755 0.913499
vt 0.866239 0.922110
vt 0.860924 0.927776
vt 0.866356 0.909212
vt 0.863403 0.917465
vt 0.872366 0.904589
vt 0.860424 0.926892
vt 0.861027 0.911205
vt 0.857492 0.920653
vt 0.865517 0.903549
vt 0.874286 0.894706
vt 0.883740 0.886433
vt 0.865716 0.892269
vt 0.880026 0.877647
vt 0.877759 0.883341
vt 0.866385 0.886543
vt 0.867103 0.878921
vt 0.868924 0.871973
vt 0.859377 0.884978
vt 0.860982 0.869210
vt 0.859925 0.877046
vt 0.853553 0.866915
vt 0.852874 0.875848
vt 0.852980 0.884036
vt 0.858765 0.892116
vt 0.853081 0.892440
vt 0.859900 0.903930
vt 0.853895 0.904004
vt 0.855791 0.913134
vt 0.849053 0.916543
vt 0.847231 0.905345
vt 0.850818 0.924567
vt 0.841962 0.916870
vt 0.853214 0.932515
vt 0.844208 0.928178
vt 0.854013 0.933702
vt 0.845310 0.937235
vt 0.833574 0.918976
vt 0.836699 0.931760
vt 0.840416 0.906039
vt 0.845544 0.892413
vt 0.831589 0.907134
vt 0.844122 0.883745
vt 0.839092 0.893232
vt 0.837803 0.883844
vt 0.843533 0.874993
vt 0.836469 0.874707
vt 0.843304 0.865806
vt 0.835936 0.865295
vt 0.843313 0.855371
vt 0.835583 0.854101
vt 0.844383 0.842775
vt 0.847463 0.831331
vt 0.836326 0.840582
vt 0.849437 0.826145
vt 0.839070 0.827934
vt 0.839706 0.821541
vt 0.831591 0.825839
vt 0.828550 0.840083
vt 0.826807 0.853351
vt 0.821219 0.825014
vt 0.826667 0.865429
vt 0.817863 0.839883
vt 0.817740 0.853953
vt 0.826904 0.874678
vt 0.817515 0.865779
vt 0.827972 0.884167
vt 0.817592 0.875088
vt 0.829409 0.894038
vt 0.818246 0.885278
vt 0.822388 0.909528
vt 0.819153 0.895144
vt 0.807142 0.897119
vt 0.805580 0.886808
vt 0.825399 0.921920
vt 0.810143 0.912453
vt 0.792852 0.897680
vt 0.804792 0.876805
vt 0.791450 0.886868
vt 0.804267 0.867496
vt 0.790738 0.876900
vt 0.804167 0.855805
vt 0.790320 0.868191
vt 0.805428 0.841183
vt 0.791193 0.856094
vt 0.782654 0.875608
vt 0.782288 0.865881
vt 0.792998 0.843059
vt 0.783094 0.856264
vt 0.808259 0.825970
vt 0.795072 0.827851
vt 0.784154 0.843921
vt 0.810529 0.817936
vt 0.795619 0.821334
vt 0.823996 0.817200
vt 0.797638 0.812795
vt 0.833301 0.818394
vt 0.812544 0.811549
vt 0.825282 0.811627
vt 0.836730 0.813096
vt 0.814646 0.800807
vt 0.827762 0.801489
vt 0.838527 0.802344
vt 0.819088 0.780650
vt 0.842436 0.782337
vt 0.832172 0.781932
vt 0.834158 0.766966
vt 0.821846 0.765589
vt 0.822528 0.755759
vt 0.805055 0.779673
vt 0.822269 0.745901
vt 0.807763 0.763220
vt 0.809297 0.750860
vt 0.811073 0.739864
vt 0.797840 0.762052
vt 0.799915 0.748103
vt 0.800709 0.731413
vt 0.801371 0.726959
vt 0.792416 0.746112
vt 0.801651 0.725162
vt 0.792912 0.724401
vt 0.791827 0.717657
vt 0.803655 0.721829
vt 0.792421 0.716460
vt 0.794445 0.713985
vt 0.789218 0.715052
vt 0.789724 0.713821
vt 0.794865 0.712230
vt 0.795958 0.710349
vt 0.790678 0.710792
vt 0.791526 0.709507
vt 0.793136 0.708097
vt 0.791207 0.705825
vt 0.789454 0.706618
vt 0.788647 0.707581
vt 0.785499 0.711081
vt 0.785780 0.712871
vt 0.786570 0.720040
vt 0.773301 0.714527
vt 0.787002 0.744902
vt 0.775529 0.720247
vt 0.774593 0.744656
vt 0.784584 0.761877
vt 0.762367 0.724076
vt 0.771770 0.760762
vt 0.758327 0.744487
vt 0.755858 0.758619
vt 0.790749 0.761637
vt 0.781238 0.780752
vt 0.788212 0.780620
vt 0.794649 0.780058
vt 0.783229 0.801859
vt 0.790427 0.801146
vt 0.799685 0.801308
vt 0.787831 0.814558
vt 0.786253 0.824114
vt 0.781569 0.816010
vt 0.785434 0.830223
vt 0.778460 0.825936
vt 0.774795 0.845131
vt 0.776300 0.802331
vt 0.772851 0.817076
vt 0.775460 0.832765
vt 0.769068 0.829352
vt 0.763966 0.802238
vt 0.759485 0.820440
vt 0.767810 0.779903
vt 0.752768 0.776880
vt 0.748438 0.798976
vt 0.744789 0.819993
vt 0.756949 0.832656
vt 0.766214 0.835386
vt 0.742648 0.838074
vt 0.762978 0.846447
vt 0.755315 0.839253
vt 0.761102 0.859188
vt 0.742179 0.844211
vt 0.753915 0.848771
vt 0.750867 0.861479
vt 0.742608 0.853653
vt 0.733308 0.840651
vt 0.734535 0.847718
vt 0.741671 0.863928
vt 0.731156 0.834551
vt 0.734986 0.856560
vt 0.728335 0.843143
vt 0.728660 0.850221
vt 0.736454 0.819005
vt 0.727505 0.850438
vt 0.727162 0.843516
vt 0.726554 0.859449
vt 0.723601 0.835965
vt 0.722637 0.836655
vt 0.727739 0.859161
vt 0.708355 0.826066
vt 0.707139 0.827716
vt 0.726558 0.829999
vt 0.698095 0.820888
vt 0.697585 0.822008
vt 0.685069 0.817750
vt 0.709158 0.820385
vt 0.731643 0.817650
vt 0.685412 0.816601
vt 0.669779 0.814571
vt 0.669764 0.812949
vt 0.698575 0.815425
vt 0.686177 0.811188
vt 0.670422 0.809371
vt 0.712352 0.812588
vt 0.699842 0.809437
vt 0.686977 0.805444
vt 0.670772 0.802632
vt 0.671483 0.797241
vt 0.691320 0.786277
vt 0.675313 0.782822
vt 0.703939 0.788378
vt 0.693124 0.775877
vt 0.679634 0.771834
vt 0.685769 0.759231
vt 0.718393 0.791002
vt 0.710352 0.767499
vt 0.698358 0.763320
vt 0.692298 0.745966
vt 0.703975 0.749356
vt 0.696007 0.737499
vt 0.707982 0.740355
vt 0.698296 0.731805
vt 0.717451 0.751681
vt 0.710340 0.734927
vt 0.698988 0.727838
vt 0.720995 0.742832
vt 0.724838 0.769875
vt 0.730283 0.754305
vt 0.741217 0.773997
vt 0.737119 0.795255
vt 0.744254 0.756517
vt 0.741344 0.796960
vt 0.745463 0.774582
vt 0.749066 0.757433
vt 0.734910 0.743886
vt 0.746496 0.744470
vt 0.751778 0.743824
vt 0.724150 0.735619
vt 0.737747 0.732307
vt 0.749028 0.728820
vt 0.756561 0.725428
vt 0.738113 0.728882
vt 0.748850 0.724649
vt 0.759268 0.719822
vt 0.725213 0.731601
vt 0.757292 0.720787
vt 0.711888 0.730972
vt 0.699417 0.726599
vt 0.712237 0.729471
vt 0.701093 0.722491
vt 0.726032 0.729810
vt 0.713081 0.725198
vt 0.702139 0.719416
vt 0.737877 0.727392
vt 0.726053 0.726926
vt 0.714912 0.722810
vt 0.703206 0.717069
vt 0.736492 0.723891
vt 0.726464 0.723892
vt 0.715696 0.720238
vt 0.746193 0.721091
vt 0.736353 0.721700
vt 0.748497 0.723510
vt 0.757125 0.719829
vt 0.755896 0.717461
vt 0.758996 0.718923
vt 0.761716 0.718906
vt 0.761440 0.718005
vt 0.772601 0.712746
vt 0.779820 0.707974
vt 0.758866 0.716515
vt 0.762303 0.715397
vt 0.771334 0.710989
vt 0.777949 0.706060
vt 0.769846 0.709494
vt 0.775335 0.702915
vt 0.761103 0.714281
vt 0.758288 0.715340
vt 0.768451 0.707684
vt 0.755805 0.716118
vt 0.760465 0.712715
vt 0.757952 0.713682
vt 0.755618 0.714206
vt 0.746282 0.717895
vt 0.758030 0.712827
vt 0.745786 0.719870
vt 0.755661 0.713286
vt 0.737042 0.719349
vt 0.727535 0.720665
vt 0.737073 0.717025
vt 0.728188 0.717677
vt 0.717130 0.717078
vt 0.745823 0.716107
vt 0.745999 0.714724
vt 0.736406 0.715731
vt 0.755604 0.710667
vt 0.744585 0.710458
vt 0.727412 0.716543
vt 0.760590 0.711764
vt 0.763206 0.703530
vt 0.767278 0.706809
vt 0.774233 0.701916
vt 0.773966 0.697433
vt 0.747468 0.704159
vt 0.766899 0.695392
vt 0.773094 0.697617
vt 0.771209 0.693560
vt 0.772128 0.693127
vt 0.764953 0.686539
vt 0.765052 0.685546
vt 0.754839 0.675256
vt 0.753679 0.686658
vt 0.753533 0.675883
vt 0.746466 0.668525
vt 0.736715 0.703083
vt 0.745549 0.684203
vt 0.745545 0.669332
vt 0.735918 0.662005
vt 0.744339 0.677537
vt 0.733193 0.707943
vt 0.719809 0.685743
vt 0.726336 0.707776
vt 0.718368 0.706956
vt 0.717932 0.715505
vt 0.712226 0.704772
vt 0.707101 0.711722
vt 0.704230 0.713649
vt 0.692644 0.708284
vt 0.701888 0.698879
vt 0.697192 0.704886
vt 0.694373 0.706311
vt 0.681766 0.696533
vt 0.685680 0.694587
vt 0.684189 0.695240
vt 0.673890 0.681760
vt 0.671192 0.682842
vt 0.694461 0.689662
vt 0.674686 0.681161
vt 0.692300 0.679869
vt 0.663681 0.667538
vt 0.661484 0.668791
vt 0.665025 0.667016
vt 0.657047 0.657832
vt 0.654995 0.659058
vt 0.654503 0.656474
vt 0.669847 0.665315
vt 0.657720 0.652809
vt 0.655438 0.651740
vt 0.680196 0.673934
vt 0.676411 0.657183
vt 0.659714 0.648068
vt 0.657890 0.646319
vt 0.662785 0.642343
vt 0.662044 0.641372
vt 0.686840 0.665002
vt 0.681483 0.649867
vt 0.667335 0.638469
vt 0.666599 0.636537
vt 0.668938 0.636326
vt 0.696144 0.670467
vt 0.669352 0.637794
vt 0.671777 0.636982
vt 0.693139 0.658546
vt 0.671775 0.638075
vt 0.684411 0.643058
vt 0.683628 0.644030
vt 0.697775 0.649072
vt 0.698581 0.647942
vt 0.706600 0.650878
vt 0.701165 0.664485
vt 0.709878 0.661021
vt 0.707231 0.652965
vt 0.715498 0.654182
vt 0.716287 0.653147
vt 0.717200 0.661720
vt 0.725742 0.657749
vt 0.726317 0.656858
vt 0.724842 0.664488
vt 0.735256 0.663044
vt 0.732769 0.668735
vt 0.739767 0.673421
vt 0.980646 0.987830
vt 0.994310 0.983617
vt 0.990363 0.993462
vt 0.983943 0.980321
vt 0.987703 0.971079
vt 0.997894 0.971979
vt 0.997706 0.962856
vt 0.980104 0.979204
vt 0.976489 0.985923
vt 0.970291 0.981646
vt 0.982955 0.970838
vt 0.988491 0.961394
vt 0.997172 0.953329
vt 0.974642 0.970846
vt 0.988250 0.953687
vt 0.996815 0.944503
vt 0.983038 0.962497
vt 0.974383 0.962738
vt 0.964767 0.973616
vt 0.962024 0.984834
vt 0.973810 0.954580
vt 0.958201 0.976344
vt 0.952286 0.989219
vt 0.965957 0.956461
vt 0.958242 0.959766
vt 0.948533 0.976811
vt 0.945670 0.990537
vt 0.941655 0.989356
vt 0.947639 0.963060
vt 0.944067 0.976910
vt 0.936728 0.988382
vt 0.952237 0.943759
vt 0.938557 0.977175
vt 0.943433 0.964312
vt 0.943334 0.950343
vt 0.928410 0.978013
vt 0.926326 0.987799
vt 0.938316 0.965855
vt 0.928925 0.968379
vt 0.904713 0.969237
vt 0.939693 0.952388
vt 0.935403 0.954870
vt 0.927207 0.959179
vt 0.937342 0.938927
vt 0.934182 0.941682
vt 0.930384 0.944936
vt 0.926362 0.932814
vt 0.943838 0.929706
vt 0.923363 0.950908
vt 0.928930 0.929371
vt 0.903853 0.964349
vt 0.917672 0.944209
vt 0.923316 0.936819
vt 0.893716 0.969142
vt 0.900428 0.960966
vt 0.910417 0.939686
vt 0.914582 0.931253
vt 0.916847 0.926554
vt 0.904768 0.928912
vt 0.902047 0.937754
vt 0.893760 0.959748
vt 0.894406 0.929812
vt 0.893027 0.938544
vt 0.906183 0.923765
vt 0.918688 0.922532
vt 0.894996 0.924853
vt 0.935239 0.920199
vt 0.883358 0.929066
vt 0.883512 0.933497
vt 0.871101 0.934891
vt 0.883729 0.941739
vt 0.872726 0.939033
vt 0.874445 0.946731
vt 0.886601 0.962761
vt 0.865317 0.952714
vt 0.862276 0.945020
vt 0.881670 0.968950
vt 0.860682 0.940927
vt 0.851594 0.950683
vt 0.856073 0.958643
vt 0.860294 0.939905
vt 0.849608 0.946741
vt 0.849105 0.945683
vt 0.837582 0.951503
vt 0.845619 0.938536
vt 0.840076 0.939913
vt 0.840330 0.940981
vt 0.836981 0.950446
vt 0.832610 0.942303
vt 0.833180 0.943568
vt 0.824444 0.954579
vt 0.819313 0.945718
vt 0.829222 0.933908
vt 0.819235 0.944354
vt 0.813440 0.925400
vt 0.816271 0.936071
vt 0.796397 0.913915
vt 0.803806 0.937326
vt 0.800108 0.927787
vt 0.789273 0.914788
vt 0.805922 0.944856
vt 0.795419 0.936528
vt 0.806388 0.946378
vt 0.796785 0.944237
vt 0.797162 0.946002
vt 0.811448 0.958867
vt 0.788369 0.945522
vt 0.825080 0.955599
vt 0.795720 0.958298
vt 0.839828 0.955454
vt 0.812205 0.959850
vt 0.844918 0.963120
vt 0.827871 0.959544
vt 0.885070 0.975563
vt 0.833416 0.967128
vt 0.822334 0.971241
vt 0.804892 0.983187
vt 0.795000 0.976122
vt 0.815709 0.963891
vt 0.804082 0.968996
vt 0.788628 0.972368
vt 0.799584 0.965150
vt 0.783262 0.968801
vt 0.773980 0.965585
vt 0.774808 0.957083
vt 0.762736 0.952463
vt 0.759553 0.961573
vt 0.750163 0.957464
vt 0.747573 0.949362
vt 0.775329 0.953394
vt 0.762414 0.948417
vt 0.745115 0.944044
vt 0.776405 0.942491
vt 0.755609 0.934057
vt 0.741188 0.928720
vt 0.765289 0.938587
vt 0.741136 0.926468
vt 0.755699 0.932557
vt 0.765786 0.936544
vt 0.776918 0.940538
vt 0.788102 0.943376
vt 0.776659 0.933139
vt 0.787386 0.935511
vt 0.766157 0.929429
vt 0.776186 0.926507
vt 0.785450 0.927346
vt 0.792756 0.927473
vt 0.782062 0.915428
vt 0.777054 0.898584
vt 0.769846 0.914505
vt 0.767091 0.923689
vt 0.756884 0.925458
vt 0.763513 0.915250
vt 0.731423 0.912217
vt 0.739900 0.926892
vt 0.759216 0.919592
vt 0.732609 0.911441
vt 0.725208 0.895972
vt 0.743850 0.918553
vt 0.749402 0.911360
vt 0.726359 0.895599
vt 0.724621 0.883216
vt 0.737525 0.906016
vt 0.725828 0.883121
vt 0.733396 0.890467
vt 0.743921 0.899696
vt 0.726579 0.870393
vt 0.725380 0.870354
vt 0.733112 0.878709
vt 0.733867 0.866913
vt 0.740305 0.886572
vt 0.740511 0.875292
vt 0.749682 0.882572
vt 0.749768 0.872084
vt 0.752024 0.894212
vt 0.760259 0.868313
vt 0.760674 0.877982
vt 0.757173 0.905823
vt 0.761746 0.890087
vt 0.764749 0.902642
vt 0.775339 0.887476
vt 0.773830 0.875815
vt 0.773691 0.865529
vt 0.784236 0.886908
vt 0.786400 0.898671
vt 0.774983 0.856512
vt 0.960432 0.936177
vt 0.951193 0.920017
vt 0.970939 0.942660
vt 0.965146 0.931201
vt 0.942332 0.911125
vt 0.955610 0.914622
vt 0.930004 0.896007
vt 0.946604 0.905624
vt 0.927832 0.885321
vt 0.935059 0.890793
vt 0.938067 0.877301
vt 0.935078 0.870914
vt 0.950451 0.873027
vt 0.954814 0.864816
vt 0.950827 0.900150
vt 0.967791 0.864785
vt 0.963927 0.869940
vt 0.966152 0.884311
vt 0.972390 0.879896
vt 0.976292 0.876004
vt 0.986117 0.872253
vt 0.978876 0.892019
vt 0.983312 0.889816
vt 0.992882 0.887518
vt 0.974090 0.896279
vt 0.987976 0.901467
vt 0.996374 0.900358
vt 0.982934 0.903455
vt 0.991056 0.917355
vt 0.998906 0.920383
vt 0.978567 0.908385
vt 0.989887 0.924911
vt 0.997459 0.929402
vt 0.984843 0.917382
vt 0.988483 0.932357
vt 0.996509 0.936391
vt 0.983656 0.922400
vt 0.982390 0.931989
vt 0.969790 0.927309
vt 0.960039 0.910104
vt 0.982158 0.941899
vt 0.982731 0.953931
vt 0.988485 0.942700
vt 0.878464 0.345247
vt 0.843039 0.389488
vt 0.897666 0.361153
vt 0.916258 0.302490
vt 0.840708 0.364662
vt 0.784376 0.370896
vt 0.891433 0.304821
vt 0.800281 0.351693
vt 0.872018 0.267065
vt 0.887924 0.247862
vt 0.829261 0.229270
vt 0.858931 0.307535
vt 0.837993 0.332160
vt 0.853562 0.324184
vt 0.821345 0.326791
vt 0.836150 0.309379
vt 0.813369 0.311223
vt 0.780866 0.313937
vt 0.756041 0.316268
vt 0.774633 0.257605
vt 0.793836 0.273511
vt 0.818737 0.294574
vt 0.831592 0.254096
vt 0.834306 0.286598
vt 0.850955 0.291967
vt 0.793836 0.273511
vt 0.831592 0.254096
vt 0.780866 0.313937
vt 0.872018 0.267065
vt 0.800281 0.351693
vt 0.891433 0.304821
vt 0.840708 0.364662
vt 0.878464 0.345247
vt 0.858931 0.307535
vt 0.853562 0.324184
vt 0.837993 0.332160
vt 0.836150 0.309379
vt 0.850955 0.291967
vt 0.834306 0.286598
vt 0.821345 0.326791
vt 0.818737 0.294574
vt 0.813369 0.311223
vn -0.2289 0.6587 -0.7168
vn 0.6215 -0.2599 -0.7391
vn 0.6468 -0.3031 -0.6998
vn 0.3874 -0.1377 -0.9116
vn 0.6150 -0.3009 -0.7289
vn 0.8924 -0.3084 -0.3294
vn 0.6468 -0.5237 -0.5545
vn 0.8339 -0.4430 -0.3293
vn 0.9132 -0.3090 -0.2655
vn 0.6510 -0.6552 -0.3833
vn 0.8275 -0.4932 -0.2682
vn 0.2617 -0.0522 -0.9637
vn 0.2946 -0.1104 -0.9492
vn 0.1782 -0.0023 -0.9840
vn 0.6033 -0.6021 -0.5230
vn 0.3317 -0.8208 -0.4650
vn 0.2777 -0.5104 -0.8139
vn 0.3058 -0.7900 -0.5315
vn 0.0457 -0.9120 -0.4077
vn 0.0180 -0.9787 0.2045
vn -0.1495 -0.9668 -0.2074
vn 0.2073 0.1199 -0.9709
vn -0.0866 -0.9057 -0.4150
vn -0.2262 -0.9673 0.1145
vn 0.1031 0.0881 -0.9908
vn 0.1040 -0.9651 -0.2403
vn 0.1803 0.1934 -0.9644
vn 0.2635 0.0244 -0.9643
vn 0.0197 0.3974 -0.9174
vn 0.1912 -0.9810 0.0318
vn -0.1782 -0.9494 0.2584
vn 0.2113 0.2256 -0.9510
vn 0.3497 -0.8386 -0.4177
vn 0.1233 -0.7152 -0.6879
vn 0.0415 -0.7656 -0.6420
vn 0.5034 -0.8371 -0.2144
vn 0.3851 0.2909 -0.8758
vn 0.7138 0.0510 -0.6985
vn 0.2445 0.2695 -0.9314
vn 0.2238 0.5710 -0.7898
vn 0.1203 0.5921 -0.7968
vn 0.4074 0.3932 -0.8243
vn 0.1782 0.6626 -0.7275
vn -0.0070 0.6268 -0.7792
vn 0.0798 0.7000 -0.7097
vn 0.3135 0.6546 -0.6879
vn -0.0376 0.9004 -0.4334
vn 0.7060 0.2616 -0.6581
vn 0.0037 0.9348 -0.3551
vn 0.1507 0.9251 -0.3486
vn 0.3842 0.8831 -0.2691
vn 0.8041 0.0468 -0.5927
vn 0.8933 0.3785 -0.2425
vn 0.1481 0.9793 -0.1382
vn 0.3786 0.9186 -0.1132
vn 0.9810 0.0855 -0.1744
vn 0.9339 0.3574 -0.0070
vn 0.6017 -0.7982 0.0276
vn 0.3032 -0.9472 0.1043
vn -0.1984 -0.9637 0.1788
vn 0.3528 -0.9270 0.1270
vn 0.4175 -0.8998 0.1265
vn 0.4280 -0.8959 0.1189
vn 0.6668 -0.7343 0.1277
vn 0.4384 -0.8904 0.1224
vn 0.5284 -0.7894 0.3126
vn 0.9962 0.0653 0.0569
vn 0.9745 0.0611 0.2160
vn 0.6691 -0.7163 0.1979
vn 0.4437 -0.8099 0.3836
vn 0.1153 -0.6513 0.7500
vn 0.1121 -0.6635 0.7397
vn 0.6156 -0.5998 0.5111
vn -0.0230 -0.5775 0.8161
vn -0.0405 -0.6493 0.7594
vn 0.0559 -0.5739 0.8170
vn 0.2180 -0.4836 0.8477
vn 0.0696 -0.5394 0.8392
vn 0.2827 -0.6631 0.6930
vn 0.0532 -0.3830 0.9222
vn 0.8534 0.1707 0.4925
vn 0.5657 0.3127 0.7630
vn 0.8965 0.3647 0.2517
vn 0.3874 0.6222 0.6803
vn 0.3926 0.9155 0.0881
vn 0.6712 0.5071 0.5406
vn 0.3908 0.7842 0.4820
vn 0.1737 0.9840 0.0404
vn 0.2082 0.8594 0.4669
vn 0.3275 0.5057 0.7981
vn 0.2508 0.7064 0.6619
vn 0.0986 -0.4293 0.8977
vn 0.2383 0.5153 0.8233
vn 0.0378 0.9005 0.4333
vn 0.0838 0.7613 0.6429
vn 0.0290 0.9995 0.0118
vn -0.0113 0.9863 -0.1648
vn -0.0209 0.9997 0.0143
vn -0.0250 0.9798 -0.1982
vn -0.0510 0.8774 0.4770
vn 0.0676 0.9976 0.0162
vn 0.0868 0.9700 -0.2270
vn 0.0530 0.8672 -0.4952
vn 0.0701 0.5156 -0.8539
vn 0.2446 0.8453 -0.4751
vn 0.2671 0.5286 -0.8057
vn 0.1898 0.9626 -0.1932
vn 0.3138 0.8599 -0.4026
vn 0.3420 0.2052 -0.9170
vn 0.3296 0.0142 -0.9440
vn 0.2946 0.0317 -0.9551
vn 0.3415 0.5641 -0.7518
vn 0.3418 0.2457 -0.9071
vn 0.1934 0.0265 -0.9808
vn 0.3252 0.8474 -0.4198
vn 0.2318 0.2493 -0.9403
vn 0.0331 0.0268 -0.9991
vn 0.2716 0.5782 -0.7694
vn 0.0821 0.2563 -0.9631
vn -0.0756 0.0182 -0.9970
vn 0.1671 0.5732 -0.8022
vn -0.0599 0.2525 -0.9657
vn -0.2442 0.2097 -0.9468
vn -0.2873 -0.0039 -0.9578
vn -0.4097 -0.0339 -0.9116
vn 0.0026 0.5758 -0.8176
vn -0.3589 0.1456 -0.9220
vn -0.4726 -0.0604 -0.8792
vn -0.1266 0.5537 -0.8230
vn 0.1975 0.8603 -0.4700
vn -0.0185 0.8796 -0.4753
vn -0.2456 0.4957 -0.8330
vn 0.3575 0.9182 -0.1705
vn -0.4868 0.0787 -0.8699
vn -0.0978 0.8824 -0.4602
vn -0.9597 -0.2700 0.0772
vn -0.9773 -0.0413 0.2078
vn -0.3892 0.4438 -0.8072
vn -0.8849 -0.3408 -0.3175
vn -0.1382 0.8721 -0.4694
vn -0.1236 0.8540 -0.5054
vn -0.8357 -0.5334 -0.1310
vn -0.0728 0.9771 -0.1999
vn -0.8994 -0.3488 0.2636
vn -0.0149 0.9824 -0.1863
vn 0.0050 0.9903 -0.1391
vn 0.1728 0.9734 -0.1503
vn -0.0935 0.9750 0.2014
vn 0.0001 0.9727 0.2321
vn 0.3009 0.9526 0.0442
vn -0.0514 0.9765 0.2095
vn 0.2693 0.9510 -0.1521
vn 0.2506 0.9678 -0.0221
vn 0.1503 0.9874 0.0490
vn 0.2040 0.8704 0.4481
vn 0.1560 0.9394 0.3053
vn -0.0187 0.8446 0.5351
vn 0.0872 0.8064 0.5849
vn -0.0392 0.6792 0.7329
vn -0.0472 0.6686 0.7422
vn 0.0981 0.6809 0.7258
vn 0.1619 0.5313 0.8316
vn -0.0516 0.4104 0.9105
vn 0.3192 -0.5044 0.8023
vn 0.1949 0.3586 0.9129
vn 0.2795 -0.6160 0.7365
vn 0.6456 -0.5378 0.5422
vn 0.6155 -0.5042 0.6057
vn 0.2782 -0.5221 0.8062
vn 0.5647 -0.5273 0.6349
vn 0.5131 -0.3827 0.7683
vn 0.8123 -0.3913 0.4326
vn 0.7422 -0.2137 0.6352
vn 0.8740 -0.1693 0.4554
vn 0.7816 -0.3295 0.5296
vn 0.7307 -0.0420 0.6814
vn 0.9379 0.0964 0.3332
vn 0.8110 -0.3470 0.4710
vn 0.8063 -0.1187 0.5795
vn 0.6863 0.1363 0.7144
vn 0.1106 0.3239 0.9396
vn 0.9160 -0.1781 0.3595
vn 0.8110 0.0951 0.5772
vn 0.6296 0.2570 0.7332
vn 0.9168 0.3121 0.2493
vn 0.1175 0.1638 0.9795
vn 0.9240 0.0936 0.3707
vn 0.7716 0.3053 0.5581
vn 0.0656 0.1646 0.9842
vn 0.8945 0.3348 0.2962
vn -0.0528 0.2150 0.9752
vn -0.0089 0.4215 0.9068
vn -0.0469 0.1577 0.9864
vn 0.0010 0.2167 0.9762
vn 0.0837 0.4241 0.9017
vn 0.0731 0.0665 0.9951
vn -0.0042 0.1486 0.9889
vn 0.0930 -0.0973 0.9909
vn 0.0801 0.2233 0.9714
vn 0.7229 0.5472 0.4220
vn 0.1204 0.4082 0.9049
vn 0.6895 0.5365 0.4865
vn 0.1422 0.5768 0.8044
vn 0.5845 0.4016 0.7050
vn 0.6709 0.5968 0.4402
vn 0.1929 0.7818 0.5930
vn 0.4245 0.4096 0.8075
vn 0.5482 0.6099 0.5723
vn 0.1374 0.7848 0.6043
vn 0.1026 0.5870 0.8031
vn 0.0053 0.7867 0.6174
vn 0.0197 0.5548 0.8318
vn 0.0608 0.3314 0.9415
vn -0.1650 0.8227 0.5439
vn -0.0491 0.5515 0.8327
vn -0.0981 0.8337 0.5435
vn -0.1258 0.6988 0.7042
vn 0.0172 0.3018 0.9532
vn 0.1273 0.6268 0.7687
vn 0.0824 0.7986 0.5962
vn 0.1826 0.8695 0.4590
vn 0.1038 0.9637 0.2461
vn 0.3254 0.8139 0.4814
vn 0.3192 0.8698 0.3763
vn 0.3824 0.6841 0.6211
vn 0.2536 0.9380 0.2362
vn 0.3521 0.6802 0.6429
vn 0.3140 0.7965 0.5167
vn 0.3155 0.8570 0.4074
vn 0.3169 0.6715 0.6699
vn 0.1645 0.9849 0.0538
vn 0.2912 0.7778 0.5570
vn 0.2955 0.9207 0.2547
vn 0.2361 0.9676 0.0894
vn 0.2672 0.8433 0.4663
vn 0.2475 0.9689 -0.0009
vn 0.2811 0.9552 0.0927
vn 0.2708 0.9048 0.3286
vn 0.2489 0.9563 0.1536
vn 0.2301 0.9728 0.0256
vn 0.1617 0.9831 -0.0854
vn -0.4742 0.3278 -0.8171
vn 0.1288 0.9524 -0.2763
vn -0.7016 -0.1563 -0.6952
vn -0.6097 0.0438 -0.7914
vn -0.5489 0.1981 -0.8121
vn -0.5566 -0.2083 -0.8042
vn -0.6277 -0.4864 -0.6078
vn -0.4886 -0.0390 -0.8716
vn -0.7097 -0.5866 -0.3902
vn -0.4653 0.0976 -0.8797
vn -0.4490 -0.7058 -0.5480
vn -0.4566 -0.6173 -0.6407
vn -0.4189 0.1997 -0.8858
vn -0.4473 -0.7422 -0.4991
vn -0.3463 -0.5822 -0.7356
vn -0.4644 -0.4335 -0.7722
vn -0.3664 -0.4487 -0.8151
vn -0.3167 -0.2526 -0.9143
vn -0.0061 0.0166 -0.9998
vn -0.3634 -0.3417 -0.8667
vn -0.4105 0.3460 -0.8437
vn -0.3257 0.2422 -0.9139
vn -0.3283 -0.2177 -0.9192
vn 0.1537 0.9784 0.1380
vn -0.3066 0.3372 -0.8901
vn -0.1862 -0.2202 -0.9575
vn -0.2024 0.2301 -0.9519
vn -0.1831 0.3668 -0.9121
vn 0.0615 0.4534 -0.8892
vn -0.0849 0.3106 -0.9467
vn 0.2865 0.2775 -0.9170
vn 0.0727 0.5516 -0.8310
vn -0.2552 0.1725 -0.9514
vn -0.2633 0.5491 -0.7932
vn -0.2698 -0.3519 -0.8963
vn -0.5449 0.0556 -0.8366
vn -0.3710 0.0791 -0.9253
vn -0.6302 -0.0604 -0.7741
vn -0.2022 0.2715 -0.9410
vn -0.5680 0.1259 -0.8134
vn -0.1733 0.9841 0.0401
vn -0.0061 0.9846 0.1747
vn -0.3329 0.9317 0.1453
vn -0.1443 0.9482 0.2831
vn 0.0358 0.9549 0.2948
vn -0.6493 0.0360 -0.7597
vn -0.3262 0.8845 0.3334
vn -0.4191 0.8842 0.2064
vn -0.6796 0.0353 -0.7327
vn -0.6186 -0.0008 -0.7857
vn -0.4626 0.8405 0.2821
vn -0.6689 0.0814 -0.7388
vn -0.6206 0.0808 -0.7800
vn -0.3821 0.8398 0.3856
vn -0.5274 0.7868 0.3205
vn -0.6936 0.1197 -0.7104
vn -0.2873 0.8147 0.5037
vn -0.4281 0.7534 0.4991
vn -0.1466 0.8872 0.4376
vn -0.5944 0.6279 0.5024
vn -0.3200 0.7336 0.5995
vn -0.4619 0.6225 0.6318
vn -0.1164 0.8188 0.5622
vn 0.0384 0.8959 0.4425
vn 0.1680 0.9567 0.2379
vn -0.0071 0.8353 0.5498
vn 0.2457 0.9055 0.3460
vn 0.1504 0.9003 0.4084
vn 0.1176 0.8394 0.5307
vn 0.1936 0.8304 0.5225
vn 0.2488 0.8309 0.4976
vn 0.1044 0.7867 0.6085
vn 0.2480 0.7805 0.5739
vn 0.2003 0.7763 0.5977
vn 0.2695 0.6788 0.6830
vn 0.2131 0.6929 0.6888
vn 0.0777 0.6921 0.7176
vn -0.0343 0.7715 0.6353
vn -0.0844 0.6741 0.7338
vn -0.1697 0.7495 0.6399
vn -0.2278 0.6366 0.7368
vn -0.3631 0.6146 0.7003
vn -0.4079 0.5808 0.7044
vn -0.2647 0.6196 0.7390
vn -0.5231 0.5224 0.6734
vn -0.4654 0.4296 0.7738
vn -0.6855 0.4947 0.5342
vn -0.5970 0.3842 0.7043
vn -0.7464 0.1291 -0.6528
vn -0.7080 0.3788 0.5960
vn -0.4845 0.2098 0.8492
vn -0.5997 0.2298 0.7665
vn -0.2873 0.4481 0.8466
vn -0.0898 0.6282 0.7729
vn -0.3075 0.2223 0.9252
vn 0.0567 0.5996 0.7983
vn -0.1070 0.4424 0.8904
vn 0.0540 0.4368 0.8980
vn 0.1889 0.6218 0.7600
vn 0.1377 0.4080 0.9025
vn 0.3010 0.6216 0.7232
vn 0.3081 0.4329 0.8471
vn 0.3319 0.5969 0.7304
vn 0.3999 0.4135 0.8180
vn 0.4298 0.5128 0.7431
vn 0.4450 0.5015 0.7419
vn 0.5151 0.3687 0.7738
vn 0.2173 0.4139 0.8840
vn 0.5056 0.2752 0.8177
vn 0.2737 0.1945 0.9419
vn 0.5593 0.1823 0.8087
vn 0.5351 0.2361 0.8111
vn 0.4157 0.2029 0.8866
vn 0.5964 0.0295 0.8022
vn 0.2946 0.2075 0.9328
vn 0.5451 0.0097 0.8383
vn 0.4199 0.0199 0.9074
vn 0.1581 0.2268 0.9610
vn 0.3076 0.0306 0.9510
vn 0.0339 0.2280 0.9731
vn 0.1549 0.0383 0.9872
vn -0.1410 0.2264 0.9638
vn 0.0216 0.0415 0.9989
vn -0.3341 0.0370 0.9418
vn -0.1408 0.0464 0.9890
vn -0.1753 -0.1651 0.9706
vn 0.0303 -0.1415 0.9895
vn -0.5019 0.0245 0.8646
vn -0.3524 -0.1545 0.9230
vn -0.1381 -0.3997 0.9062
vn 0.1604 -0.1392 0.9772
vn 0.0504 -0.4055 0.9127
vn 0.3177 -0.1331 0.9388
vn 0.1984 -0.4042 0.8929
vn 0.4320 -0.1502 0.8893
vn 0.3690 -0.3922 0.8426
vn 0.5431 -0.1787 0.8204
vn 0.4768 -0.3706 0.7971
vn 0.2270 -0.6149 0.7552
vn 0.3640 -0.5841 0.7255
vn 0.5519 -0.3733 0.7457
vn 0.4662 -0.5506 0.6924
vn 0.6029 -0.1474 0.7841
vn 0.5532 -0.3320 0.7640
vn 0.5189 -0.5149 0.6824
vn 0.3772 -0.1174 0.9187
vn 0.3534 -0.2833 0.8916
vn 0.3377 0.0039 0.9412
vn 0.0065 -0.1848 0.9828
vn 0.2747 0.1097 0.9553
vn -0.0082 -0.1150 0.9933
vn -0.0327 -0.0129 0.9994
vn -0.0217 0.0908 0.9956
vn -0.0398 -0.1056 0.9936
vn -0.0207 0.0020 0.9998
vn 0.0107 0.1348 0.9908
vn -0.0086 -0.0542 0.9985
vn 0.0814 0.2063 0.9751
vn 0.0405 0.0743 0.9964
vn 0.0769 0.1320 0.9883
vn 0.0149 0.0075 0.9999
vn -0.0290 0.0394 0.9988
vn -0.0376 -0.1261 0.9913
vn -0.0461 0.0288 0.9985
vn -0.0206 -0.0981 0.9950
vn -0.0118 -0.1071 0.9942
vn 0.0145 -0.1566 0.9875
vn -0.0133 -0.1982 0.9801
vn 0.0532 -0.2557 0.9653
vn 0.1036 -0.3051 0.9467
vn 0.2431 -0.1443 0.9592
vn 0.1303 -0.4841 0.8652
vn 0.6073 0.6620 0.4393
vn 0.1906 -0.5697 0.7994
vn 0.2417 -0.3810 0.8924
vn 0.5219 0.5877 0.6183
vn 0.4961 0.5202 0.6952
vn 0.5296 0.5836 0.6155
vn 0.2686 -0.6669 0.6951
vn 0.8266 0.3081 0.4710
vn 0.6042 0.4132 0.6813
vn 0.5461 0.3624 0.7553
vn 0.8916 0.3168 0.3236
vn 0.7849 -0.0530 0.6173
vn 0.7781 0.0294 0.6274
vn 0.8372 -0.0923 0.5391
vn 0.7606 -0.2249 0.6090
vn 0.9261 0.0781 0.3692
vn 0.9616 -0.0771 0.2634
vn 0.3413 -0.8205 0.4586
vn 0.2435 -0.8378 0.4887
vn 0.4335 -0.8603 0.2684
vn 0.2123 -0.8236 0.5260
vn 0.2743 -0.9129 0.3023
vn 0.2263 -0.9290 0.2928
vn 0.1091 -0.8411 0.5298
vn 0.2803 -0.9448 0.1699
vn 0.1209 -0.9564 0.2658
vn 0.2221 -0.9645 0.1432
vn 0.1135 -0.9870 0.1135
vn 0.0389 -0.4262 0.9038
vn -0.0263 -0.8278 0.5605
vn -0.0526 -0.3763 0.9250
vn -0.0498 -0.2032 0.9779
vn -0.1116 -0.4427 0.8897
vn -0.0723 -0.2352 0.9693
vn -0.0607 -0.1578 0.9856
vn -0.0430 -0.2821 0.9584
vn 0.2789 -0.4374 0.8549
vn -0.1003 -0.4755 0.8740
vn 0.5175 -0.5044 0.6912
vn 0.1592 -0.5756 0.8021
vn 0.4942 -0.6868 0.5330
vn -0.1193 -0.8249 0.5525
vn -0.0844 -0.7865 0.6118
vn 0.4324 -0.6785 0.5939
vn 0.1181 -0.7841 0.6093
vn -0.0800 -0.9561 0.2818
vn -0.0220 -0.9479 0.3177
vn -0.0003 -0.9672 0.2540
vn 0.0213 -0.9957 0.0903
vn -0.0583 -0.9905 0.1244
vn -0.0447 -0.9932 0.1073
vn 0.0995 -0.9500 0.2959
vn 0.3218 -0.8043 0.4995
vn 0.0743 -0.9972 0.0071
vn 0.4696 -0.7989 0.3758
vn 0.2328 -0.9408 0.2466
vn 0.5285 -0.7647 0.3687
vn 0.2469 -0.9690 0.0112
vn 0.4163 -0.8932 0.1699
vn 0.5387 -0.8314 0.1365
vn 0.4506 -0.8926 0.0151
vn 0.0947 -0.9665 -0.2387
vn 0.2917 -0.9328 -0.2116
vn 0.5527 -0.8334 0.0051
vn -0.0330 -0.9445 -0.3268
vn 0.4953 -0.8556 -0.1505
vn 0.0236 -0.8647 -0.5017
vn 0.3829 -0.8424 -0.3793
vn -0.1164 -0.9843 -0.1328
vn 0.0265 -0.4855 -0.8739
vn -0.2250 -0.5952 -0.7714
vn 0.2813 -0.6164 -0.7355
vn -0.0671 -0.6779 -0.7321
vn -0.4361 -0.4470 -0.7811
vn 0.5050 -0.8164 -0.2800
vn -0.1356 -0.5162 -0.8457
vn -0.7474 -0.1098 -0.6552
vn -0.1034 -0.6524 -0.7508
vn -0.1465 -0.3964 -0.9063
vn -0.6988 -0.1684 -0.6952
vn -0.7854 -0.1785 -0.5927
vn -0.0603 -0.5326 -0.8442
vn -0.0853 -0.6439 -0.7604
vn -0.3004 -0.3264 -0.8963
vn -0.4679 -0.2276 -0.8540
vn -0.4136 -0.2831 -0.8653
vn -0.0456 -0.4333 -0.9001
vn -0.1815 -0.3737 -0.9096
vn -0.3749 -0.3542 -0.8567
vn -0.0457 -0.5087 -0.8597
vn -0.0250 -0.4593 -0.8879
vn -0.0527 -0.4536 -0.8896
vn -0.2529 -0.3931 -0.8840
vn -0.0444 -0.4436 -0.8951
vn -0.0002 -0.4733 -0.8809
vn -0.0337 -0.4877 -0.8724
vn 0.0091 -0.4554 -0.8902
vn 0.0490 -0.4803 -0.8757
vn 0.0670 -0.4902 -0.8691
vn 0.1709 -0.4678 -0.8671
vn 0.0004 -0.4998 -0.8661
vn 0.0580 -0.4359 -0.8981
vn 0.1160 -0.4407 -0.8901
vn 0.2102 -0.3394 -0.9168
vn 0.1382 -0.3613 -0.9222
vn 0.2108 -0.2683 -0.9400
vn 0.1807 -0.3325 -0.9256
vn 0.2001 -0.2623 -0.9440
vn 0.0891 -0.3977 -0.9132
vn 0.1627 -0.3071 -0.9377
vn 0.3141 -0.2522 -0.9153
vn 0.1120 -0.3838 -0.9166
vn 0.0350 -0.4892 -0.8714
vn 0.0900 -0.5012 -0.8606
vn 0.0339 -0.6261 -0.7790
vn -0.0141 -0.6225 -0.7825
vn 0.1044 -0.6590 -0.7448
vn -0.0409 -0.9810 -0.1895
vn 0.0386 -0.9759 -0.2148
vn 0.1150 -0.9645 -0.2375
vn 0.1629 -0.5145 -0.8419
vn 0.2061 -0.6699 -0.7133
vn 0.2547 -0.9405 -0.2249
vn 0.1369 -0.4041 -0.9044
vn 0.2319 -0.5373 -0.8109
vn 0.2944 -0.6637 -0.6876
vn 0.3149 -0.9153 -0.2510
vn 0.3626 -0.4088 -0.8375
vn 0.4122 -0.4951 -0.7649
vn 0.4242 -0.9044 -0.0464
vn 0.3588 -0.3109 -0.8801
vn 0.4380 -0.6570 -0.6137
vn 0.2454 -0.2662 -0.9322
vn 0.9472 -0.0773 -0.3111
vn 0.9568 0.0565 -0.2852
vn 0.9690 -0.0765 -0.2348
vn 0.8688 0.2786 -0.4093
vn 0.9644 0.0685 -0.2555
vn 0.6629 -0.2255 -0.7139
vn 0.7308 0.4860 -0.4793
vn 0.8952 0.4330 -0.1059
vn 0.6214 -0.1522 -0.7685
vn 0.8336 -0.2044 -0.5132
vn 0.7287 0.5434 -0.4168
vn 0.7866 0.0773 -0.6126
vn 0.7255 -0.1513 -0.6714
vn 0.5719 0.6364 -0.5176
vn 0.4546 -0.1305 -0.8811
vn 0.5842 0.5739 -0.5739
vn 0.6715 0.3741 -0.6397
vn 0.6394 0.2918 -0.7114
vn 0.9193 0.2713 -0.2849
vn 0.3962 -0.9042 0.1597
vn 0.9998 0.0206 -0.0053
vn 0.9867 -0.1358 0.0896
vn 0.9904 0.1070 0.0875
vn 0.9513 0.0463 -0.3047
vn 0.9990 0.0115 -0.0441
vn 0.9663 -0.2376 0.0987
vn 0.8076 -0.5053 0.3041
vn 0.8366 -0.5196 0.1735
vn 0.9739 -0.0932 0.2071
vn 0.8079 -0.5893 0.0003
vn 0.7772 -0.4752 -0.4125
vn 0.9890 0.1417 0.0429
vn 0.5322 -0.3003 -0.7916
vn 0.9734 -0.2229 -0.0522
vn 0.8910 -0.0175 -0.4537
vn 0.6292 0.2174 -0.7462
vn 0.3730 -0.2757 -0.8859
vn 0.3822 0.9219 -0.0630
vn 0.3393 -0.3621 -0.8682
vn 0.3498 0.9316 -0.0990
vn 0.5261 -0.0615 -0.8482
vn 0.4353 -0.1996 -0.8779
vn 0.6794 0.5848 -0.4432
vn 0.8451 0.3571 -0.3978
vn 0.9508 0.2728 0.1470
vn 0.5619 0.5051 -0.6551
vn 0.1817 0.9570 0.2262
vn 0.0826 0.7533 0.6524
vn 0.1715 0.9802 -0.0989
vn 0.0915 0.9717 0.2177
vn 0.1457 0.5429 0.8271
vn 0.4354 0.8891 -0.1415
vn 0.1945 0.9568 -0.2163
vn 0.4009 0.8999 -0.1718
vn 0.4150 0.8790 -0.2350
vn 0.8207 0.5475 0.1632
vn 0.1650 0.9647 -0.2053
vn 0.1861 0.9161 -0.3552
vn 0.3538 0.7682 -0.5336
vn 0.3583 0.7969 -0.4864
vn 0.6070 0.7800 0.1520
vn 0.1696 0.6144 -0.7706
vn 0.6061 0.7923 0.0697
vn 0.4605 0.5595 -0.6891
vn 0.1349 0.8585 -0.4947
vn 0.1209 0.2996 -0.9464
vn 0.7433 0.2204 -0.6316
vn 0.8957 0.4437 0.0282
vn 0.9028 0.3836 -0.1942
vn 0.1035 -0.0018 -0.9946
vn 0.5082 -0.1002 -0.8554
vn 0.8643 0.0510 -0.5004
vn 0.7431 0.6185 0.2556
vn 0.9948 -0.0877 -0.0509
vn 0.8724 0.4869 -0.0429
vn 0.9456 0.3183 0.0677
vn 0.0928 0.3964 0.9134
vn 0.9794 -0.0204 0.2010
vn 0.1442 0.2013 0.9689
vn 0.8325 0.0302 0.5532
vn 0.9151 -0.3901 -0.1021
vn 0.9268 -0.3366 0.1667
vn 0.1193 -0.0618 0.9909
vn 0.6717 -0.3356 0.6604
vn 0.7007 -0.6980 -0.1476
vn 0.0794 -0.4064 0.9102
vn 0.6517 -0.7088 0.2699
vn 0.3054 -0.9488 0.0805
vn 0.2323 -0.9645 0.1259
vn 0.8357 -0.4717 0.2811
vn 0.0319 -0.6348 0.7720
vn 0.7648 -0.5874 0.2648
vn 0.0301 -0.9854 -0.1679
vn 0.1101 -0.8997 -0.4224
vn -0.1618 -0.8109 0.5624
vn -0.2701 -0.9392 0.2120
vn -0.1566 -0.9570 -0.2442
vn 0.1061 -0.9943 0.0063
vn -0.2172 -0.8847 0.4125
vn -0.2685 -0.9213 0.2813
vn 0.1536 -0.9826 0.1042
vn -0.0867 -0.8352 0.5430
vn -0.2544 -0.9526 0.1671
vn -0.3048 -0.9341 0.1861
vn -0.0525 -0.9939 0.0971
vn -0.3176 -0.9456 0.0712
vn -0.0107 -0.9956 0.0932
vn -0.1016 -0.9707 0.2176
vn -0.2262 -0.9560 -0.1869
vn -0.3315 -0.9420 -0.0528
vn -0.3935 -0.9145 -0.0938
vn -0.3127 -0.9499 0.0036
vn 0.7856 -0.6069 0.1202
vn -0.2272 -0.9709 -0.0751
vn -0.1263 -0.9071 0.4014
vn -0.0809 -0.9381 -0.3367
vn -0.1702 -0.9653 0.1981
vn -0.0566 -0.9982 0.0221
vn -0.1575 -0.9150 -0.3714
vn -0.0491 -0.8015 -0.5960
vn 0.1497 -0.9284 -0.3400
vn 0.2285 -0.7387 -0.6341
vn 0.8031 -0.5908 -0.0774
vn 0.8474 -0.4648 -0.2566
vn 0.0200 -0.4633 -0.8860
vn -0.0095 -0.3924 -0.9198
vn 0.5567 -0.5635 -0.6104
vn 0.9015 -0.3767 -0.2132
vn 0.0221 -0.2760 -0.9609
vn 0.7413 -0.3879 -0.5477
vn 0.9401 -0.2532 -0.2282
vn 0.0487 -0.1388 -0.9891
vn 0.9573 -0.0438 -0.2859
vn 0.9425 0.1595 -0.2939
vn -0.4926 -0.0880 -0.8658
vn -0.4326 -0.0688 -0.8989
vn -0.4790 -0.0691 -0.8751
vn -0.4314 -0.0864 -0.8980
vn -0.2930 -0.0392 -0.9553
vn -0.3115 0.0062 -0.9502
vn -0.1891 0.0318 -0.9815
vn -0.4408 0.3816 -0.8124
vn -0.4512 0.3154 -0.8348
vn -0.3552 0.4966 -0.7919
vn -0.3966 0.3340 -0.8551
vn -0.1851 0.0268 -0.9823
vn -0.2062 0.0192 -0.9783
vn -0.3858 0.5529 -0.7386
vn -0.1807 0.0591 -0.9818
vn -0.2529 0.1019 -0.9621
vn -0.3993 0.4279 -0.8108
vn -0.4261 0.4708 -0.7725
vn -0.3121 0.1125 -0.9434
vn -0.3233 0.0844 -0.9425
vn -0.4603 0.4965 -0.7359
vn -0.1506 -0.5629 -0.8127
vn -0.3554 -0.5979 -0.7184
vn -0.1198 -0.0340 -0.9922
vn 0.2240 -0.5694 -0.7909
vn -0.2620 -0.6685 -0.6961
vn -0.4847 -0.5160 -0.7062
vn -0.5289 -0.3764 -0.7606
vn 0.1373 -0.6677 -0.7317
vn -0.4790 -0.3509 -0.8046
vn -0.5127 0.5253 -0.6791
vn 0.4793 -0.5166 -0.7095
vn -0.5790 0.5473 -0.6044
vn -0.3915 -0.2990 -0.8703
vn 0.3260 -0.5214 -0.7886
vn -0.4967 0.7757 -0.3895
vn -0.3685 0.8046 -0.4656
vn -0.6117 0.5281 -0.5890
vn -0.7406 0.4727 -0.4775
vn -0.7090 0.6649 -0.2351
vn -0.7711 0.4611 -0.4391
vn -0.3234 -0.1923 -0.9265
vn -0.8626 0.3382 -0.3762
vn -0.8826 0.4600 -0.0974
vn 0.4488 -0.2347 -0.8622
vn -0.2586 -0.0872 -0.9621
vn -0.9221 0.1290 -0.3648
vn -0.2550 0.0352 -0.9663
vn 0.5570 -0.2236 -0.7999
vn -0.9826 0.1831 -0.0326
vn 0.4120 0.1046 -0.9051
vn -0.9413 0.1359 -0.3089
vn -0.9941 -0.1068 -0.0171
vn -0.9451 -0.0768 -0.3177
vn -0.5747 -0.0114 -0.8183
vn -0.9104 -0.2488 -0.3307
vn -0.9163 -0.3928 -0.0779
vn -0.8833 -0.2864 -0.3711
vn -0.2887 0.1599 -0.9440
vn -0.7716 -0.4429 -0.4566
vn -0.7677 -0.6151 -0.1798
vn -0.7000 -0.5281 -0.4807
vn -0.6240 -0.5433 -0.5617
vn -0.5538 -0.7629 -0.3337
vn -0.3614 0.2550 -0.8969
vn 0.2912 0.3651 -0.8842
vn -0.4501 0.3218 -0.8330
vn 0.5018 0.0957 -0.8597
vn -0.5599 0.3121 -0.7675
vn -0.4660 -0.5568 -0.6876
vn -0.6610 0.3115 -0.6827
vn -0.3247 -0.8035 -0.4989
vn -0.3382 -0.4696 -0.8156
vn -0.0874 -0.7382 -0.6689
vn -0.3529 -0.5872 -0.7284
vn 0.1096 -0.5814 -0.8062
vn -0.1406 -0.4230 -0.8951
vn -0.0656 -0.3437 -0.9368
vn -0.7620 0.2859 -0.5810
vn -0.0899 -0.2269 -0.9697
vn 0.2425 -0.3284 -0.9129
vn -0.6623 0.0918 -0.7436
vn -0.8456 0.1699 -0.5061
vn -0.7146 0.0592 -0.6970
vn -0.8736 0.0135 -0.4864
vn -0.7858 0.0995 -0.6104
vn -0.7177 0.2578 0.6469
vn -0.7726 0.0427 -0.6334
vn -0.7460 -0.0015 -0.6660
vn -0.7421 0.0472 0.6686
vn -0.7970 -0.0079 -0.6039
vn -0.7307 -0.0645 -0.6796
vn -0.7992 -0.0724 -0.5967
vn -0.6036 0.0291 0.7968
vn -0.6686 -0.1498 0.7284
vn -0.5103 -0.1502 0.8468
vn -0.5880 -0.1577 0.7934
vn -0.3204 -0.3767 0.8692
vn -0.5954 -0.2903 0.7492
vn -0.4929 -0.3237 0.8076
vn -0.2610 -0.5973 0.7584
vn -0.6521 -0.3166 0.6888
vn -0.5340 -0.4696 0.7031
vn -0.7654 -0.1075 -0.6345
vn -0.6576 -0.4737 0.5858
vn -0.7322 -0.1335 -0.6679
vn -0.6864 -0.0879 -0.7219
vn -0.6930 -0.1303 -0.7091
vn -0.8513 -0.1422 -0.5051
vn -0.6211 -0.0915 -0.7783
vn -0.0386 -0.0417 -0.9984
vn -0.7831 -0.2676 -0.5613
vn 0.2958 -0.0547 -0.9537
vn -0.0443 0.1606 -0.9860
vn 0.0099 0.0682 -0.9976
vn 0.2667 0.2426 -0.9327
vn -0.1079 0.3178 -0.9420
vn 0.1567 0.4939 -0.8553
vn -0.0244 0.6908 -0.7226
vn -0.1484 0.7423 -0.6535
vn -0.3205 0.5434 -0.7759
vn -0.1001 0.3515 -0.9308
vn -0.2604 0.4824 -0.8364
vn -0.6366 -0.3572 -0.6835
vn -0.6541 -0.2416 -0.7168
vn -0.5595 -0.5659 -0.6056
vn -0.2662 0.1386 -0.9539
vn -0.3555 0.2140 -0.9099
vn -0.3502 0.1776 -0.9197
vn -0.1382 0.4130 -0.9002
vn -0.2114 0.5225 -0.8260
vn -0.4011 0.2156 -0.8903
vn -0.6164 -0.0768 -0.7836
vn -0.5668 -0.0897 -0.8190
vn -0.5295 -0.0791 -0.8446
vn -0.6889 -0.1622 -0.7065
vn -0.5745 -0.1746 -0.7996
vn -0.5521 -0.1634 -0.8176
vn -0.6780 -0.2113 -0.7040
vn -0.1659 -0.9816 0.0944
vn -0.3412 -0.9025 0.2628
vn -0.5066 -0.7608 0.4057
vn -0.5881 -0.6839 0.4317
vn -0.6351 -0.6035 0.4821
vn -0.4917 -0.6680 0.5585
vn -0.4905 -0.5664 0.6623
vn -0.4088 -0.7570 0.5097
vn -0.3560 -0.6166 0.7022
vn -0.3675 -0.5188 0.7719
vn -0.3759 -0.5215 0.7660
vn -0.2176 -0.5358 0.8158
vn -0.0538 -0.5917 0.8044
vn -0.1665 -0.6218 0.7652
vn -0.3114 -0.7384 0.5982
vn -0.2374 -0.8847 0.4012
vn -0.1224 -0.7757 0.6191
vn -0.0912 -0.8982 -0.4301
vn -0.2247 -0.8831 -0.4119
vn -0.1489 -0.8487 0.5075
vn 0.1322 -0.9906 -0.0344
vn 0.1070 -0.7767 -0.6207
vn -0.0189 -0.9639 0.2655
vn 0.0460 -0.9105 0.4110
vn 0.3516 -0.9319 -0.0888
vn 0.3228 -0.6247 -0.7111
vn 0.2302 -0.9652 0.1242
vn 0.5345 -0.8242 -0.1871
vn 0.4200 -0.9071 0.0284
vn 0.2506 -0.9346 0.2525
vn 0.5691 -0.7923 -0.2199
vn 0.3127 -0.5964 -0.7393
vn 0.5598 -0.8251 -0.0763
vn 0.5571 -0.8221 -0.1174
vn 0.4376 -0.8897 0.1299
vn 0.5522 -0.8326 0.0420
vn 0.4193 -0.8573 0.2988
vn 0.5345 -0.8240 0.1878
vn 0.2384 -0.8594 0.4523
vn 0.4954 -0.7498 0.4387
vn 0.3552 -0.7531 0.5537
vn 0.0629 -0.8327 0.5501
vn 0.1858 -0.7335 0.6538
vn 0.0365 -0.6950 0.7181
vn 0.1197 -0.6227 0.7733
vn 0.2724 -0.6371 0.7210
vn 0.4114 -0.6434 0.6455
vn 0.0791 -0.6263 0.7756
vn -0.1050 -0.6338 0.7663
vn 0.4811 -0.6608 0.5761
vn 0.2291 -0.2901 -0.9292
vn 0.3088 -0.2158 -0.9263
vn -0.3789 0.3017 -0.8749
vn -0.2013 -0.0276 -0.9791
vn 0.2384 -0.0322 -0.9706
vn -0.1946 -0.1068 -0.9751
vn -0.1770 -0.1783 -0.9679
vn -0.1800 -0.1143 -0.9770
vn -0.4395 -0.6906 -0.5743
vn -0.5188 -0.2333 -0.8224
vn -0.6134 -0.5013 -0.6103
vn -0.5241 -0.7222 -0.4515
vn -0.7191 -0.2085 -0.6629
vn -0.9212 -0.3828 -0.0700
vn -0.6028 -0.1139 -0.7897
vn -0.9535 -0.0007 0.3015
vn -0.9540 -0.0675 -0.2920
vn -0.7237 -0.0528 -0.6881
vn -0.9456 0.0941 -0.3114
vn -0.9804 0.1549 0.1213
vn -0.9829 0.1307 0.1299
vn -0.9108 0.1527 -0.3836
vn -0.9652 0.2557 -0.0554
vn -0.9730 0.2262 -0.0460
vn -0.7036 -0.0131 -0.7105
vn -0.9138 0.3548 -0.1974
vn -0.9278 0.3012 -0.2202
vn -0.8421 0.2748 -0.4641
vn -0.8463 0.2312 -0.4800
vn -0.8667 0.1585 -0.4730
vn -0.6396 0.1302 -0.7576
vn -0.5895 0.1732 -0.7890
vn -0.6346 0.1698 -0.7539
vn -0.6273 0.2459 -0.7389
vn -0.3402 0.1431 -0.9294
vn -0.3665 0.1540 -0.9176
vn -0.5265 0.3111 -0.7912
vn -0.4602 0.3865 -0.7993
vn -0.5407 0.2047 -0.8159
vn -0.5801 -0.0039 -0.8145
vn -0.3889 0.4482 -0.8049
vn -0.4204 0.4271 -0.8005
vn -0.2190 0.1342 -0.9664
vn -0.7228 0.1956 -0.6628
vn -0.4220 0.8393 -0.3427
vn -0.5028 0.2548 -0.8260
vn -0.3876 -0.4874 -0.7824
vn -0.6670 0.7089 -0.2293
vn -0.1985 0.9111 0.3613
vn -0.6453 -0.4752 -0.5981
vn -0.4704 0.7828 0.4073
vn -0.3988 -0.9068 -0.1365
vn -0.1463 -0.9579 -0.2471
vn 0.0821 -0.8757 0.4759
vn -0.8818 -0.3875 -0.2688
vn -0.9213 0.3875 -0.0329
vn -0.9667 0.0544 -0.2500
vn -0.7917 0.4689 0.3917
vn -0.9415 -0.1278 0.3119
vn -0.6168 0.1841 0.7653
vn -0.2531 0.3552 0.8999
vn 0.0428 0.4406 0.8967
vn 0.1580 -0.3017 0.9402
vn -0.1454 -0.3230 0.9352
vn -0.5615 -0.3142 0.7655
vn -0.2132 -0.8348 0.5076
vn -0.6198 -0.6382 0.4567
vn -0.7619 -0.6424 0.0827
vn 0.4220 -0.8393 0.3427
vn 0.7228 -0.1956 0.6628
vn 0.5028 -0.2548 0.8260
vn 0.3876 0.4874 0.7824
vn 0.6670 -0.7089 0.2293
vn 0.1985 -0.9111 -0.3613
vn 0.6453 0.4752 0.5981
vn 0.4704 -0.7828 -0.4073
vn 0.3988 0.9068 0.1365
vn 0.1463 0.9579 0.2471
vn -0.0821 0.8757 -0.4759
vn 0.2531 -0.3552 -0.8999
vn -0.0428 -0.4406 -0.8967
vn -0.1580 0.3017 -0.9402
vn 0.2132 0.8348 -0.5076
vn 0.1454 0.3230 -0.9352
vn 0.6168 -0.1841 -0.7653
vn 0.5615 0.3142 -0.7655
vn 0.6198 0.6382 -0.4567
vn 0.9415 0.1278 -0.3119
vn 0.7917 -0.4689 -0.3917
vn 0.9213 -0.3875 0.0330
vn 0.7619 0.6424 -0.0826
vn 0.9667 -0.0544 0.2500
vn 0.8818 0.3875 0.2688
s 1
f 1/1/1 2/2/1 3/3/1
f 4/4/2 5/5/3 6/6/4
f 5/5/3 4/4/2 7/7/5
f 8/8/6 7/7/5 4/4/2
f 7/7/5 9/9/7 5/5/3
f 8/8/6 10/10/8 7/7/5
f 11/11/9 10/10/8 8/8/6
f 9/9/7 7/7/5 12/12/10
f 10/10/8 12/12/10 7/7/5
f 11/11/9 13/13/11 10/10/8
f 13/13/11 12/12/10 10/10/8
f 11/11/9 14/14/12 13/13/11
f 14/14/12 11/11/9 15/15/13
f 14/14/12 15/15/13 556/16/14
f 13/13/11 16/17/15 12/12/10
f 14/14/12 16/17/15 13/13/11
f 17/18/16 9/9/7 12/12/10
f 18/19/17 9/9/7 17/18/16
f 19/20/18 12/12/10 16/17/15
f 12/12/10 19/20/18 17/18/16
f 17/18/16 20/21/19 18/19/17
f 20/21/19 17/18/16 19/20/18
f 18/19/17 20/21/19 21/22/20
f 20/21/19 22/23/21 21/22/20
f 19/20/18 16/17/15 23/24/22
f 14/14/12 23/24/22 16/17/15
f 22/23/21 20/21/19 24/25/23
f 24/25/23 25/26/24 22/23/21
f 557/27/25 23/24/22 14/14/12
f 556/16/14 557/27/25 14/14/12
f 24/25/23 26/28/26 25/26/24
f 556/16/14 558/29/27 557/27/25
f 558/29/27 556/16/14 559/30/28
f 23/24/22 557/27/25 27/31/29
f 27/31/29 557/27/25 558/29/27
f 28/32/30 29/33/31 25/26/24
f 26/28/26 28/32/30 25/26/24
f 27/31/29 30/34/32 23/24/22
f 23/24/22 30/34/32 19/20/18
f 26/28/26 31/35/33 28/32/30
f 24/25/23 31/35/33 26/28/26
f 32/36/34 19/20/18 30/34/32
f 19/20/18 32/36/34 20/21/19
f 24/25/23 20/21/19 32/36/34
f 31/35/33 24/25/23 33/37/35
f 32/36/34 33/37/35 24/25/23
f 28/32/30 31/35/33 34/38/36
f 32/36/34 35/39/37 33/37/35
f 33/37/35 36/40/38 31/35/33
f 36/40/38 33/37/35 35/39/37
f 34/38/36 31/35/33 36/40/38
f 35/39/37 32/36/34 37/41/39
f 30/34/32 37/41/39 32/36/34
f 35/39/37 37/41/39 38/42/40
f 39/43/41 37/41/39 30/34/32
f 37/41/39 39/43/41 38/42/40
f 27/31/29 39/43/41 30/34/32
f 38/42/40 40/44/42 35/39/37
f 40/44/42 36/40/38 35/39/37
f 39/43/41 41/45/43 38/42/40
f 40/44/42 38/42/40 41/45/43
f 39/43/41 27/31/29 560/46/44
f 27/31/29 558/29/27 560/46/44
f 41/45/43 39/43/41 42/47/45
f 560/46/44 42/47/45 39/43/41
f 40/44/42 41/45/43 43/48/46
f 42/47/45 560/46/44 561/49/47
f 44/50/48 40/44/42 43/48/46
f 44/50/48 36/40/38 40/44/42
f 45/51/49 41/45/43 42/47/45
f 42/47/45 561/49/47 45/51/49
f 43/48/46 41/45/43 46/52/50
f 41/45/43 45/51/49 46/52/50
f 44/50/48 43/48/46 47/53/51
f 46/52/50 47/53/51 43/48/46
f 36/40/38 44/50/48 48/54/52
f 34/38/36 36/40/38 48/54/52
f 47/53/51 49/55/53 44/50/48
f 49/55/53 48/54/52 44/50/48
f 50/56/54 47/53/51 46/52/50
f 51/57/55 49/55/53 47/53/51
f 47/53/51 50/56/54 51/57/55
f 48/54/52 49/55/53 52/58/56
f 49/55/53 51/57/55 53/59/57
f 53/59/57 52/58/56 49/55/53
f 54/60/58 34/38/36 48/54/52
f 54/60/58 48/54/52 52/58/56
f 55/61/59 34/38/36 54/60/58
f 34/38/36 55/61/59 28/32/30
f 28/32/30 55/61/59 29/62/60
f 55/61/59 56/63/61 29/62/60
f 55/61/59 57/64/62 56/63/61
f 54/60/58 57/64/62 55/61/59
f 57/64/62 58/65/63 56/63/61
f 54/60/58 59/66/64 57/64/62
f 52/58/56 59/66/64 54/60/58
f 57/64/62 60/67/65 58/65/63
f 59/66/64 60/67/65 57/64/62
f 60/67/65 61/68/66 58/65/63
f 59/66/64 52/58/56 62/69/67
f 52/58/56 53/59/57 62/69/67
f 63/70/68 59/66/64 62/69/67
f 63/70/68 62/69/67 53/59/57
f 59/66/64 64/71/69 60/67/65
f 59/66/64 63/70/68 64/71/69
f 60/67/65 65/72/70 61/68/66
f 65/72/70 60/67/65 64/71/69
f 66/73/71 61/68/66 65/72/70
f 61/68/66 66/73/71 67/74/72
f 64/71/69 68/75/73 65/72/70
f 69/76/74 67/74/72 66/73/71
f 67/74/72 69/76/74 70/77/75
f 69/76/74 71/78/76 70/77/75
f 66/73/71 65/72/70 72/79/77
f 72/79/77 69/76/74 66/73/71
f 72/79/77 65/72/70 68/75/73
f 71/78/76 69/76/74 73/80/78
f 73/80/78 74/81/79 71/78/76
f 69/76/74 72/79/77 75/82/80
f 73/80/78 69/76/74 75/82/80
f 72/79/77 68/75/73 76/83/81
f 68/75/73 64/71/69 76/83/81
f 76/83/81 64/71/69 63/70/68
f 75/82/80 72/79/77 77/84/82
f 76/83/81 77/84/82 72/79/77
f 76/83/81 63/70/68 78/85/83
f 78/85/83 63/70/68 53/59/57
f 79/86/84 77/84/82 76/83/81
f 53/59/57 80/87/85 78/85/83
f 80/87/85 53/59/57 51/57/55
f 76/83/81 78/85/83 81/88/86
f 80/87/85 81/88/86 78/85/83
f 81/88/86 79/86/84 76/83/81
f 50/56/54 80/87/85 51/57/55
f 81/88/86 80/87/85 82/89/87
f 82/89/87 79/86/84 81/88/86
f 80/87/85 50/56/54 83/90/88
f 83/90/88 82/89/87 80/87/85
f 84/91/89 79/86/84 82/89/87
f 82/89/87 83/90/88 84/91/89
f 79/86/84 85/92/90 77/84/82
f 77/84/82 85/92/90 75/82/80
f 79/86/84 84/91/89 86/93/91
f 86/93/91 85/92/90 79/86/84
f 85/92/90 87/94/92 75/82/80
f 75/82/80 87/94/92 73/80/78
f 85/92/90 86/93/91 88/95/93
f 85/92/90 88/95/93 87/94/92
f 562/96/94 86/93/91 84/91/89
f 86/93/91 89/97/95 88/95/93
f 86/93/91 562/96/94 89/97/95
f 83/90/88 90/98/96 84/91/89
f 562/96/94 84/91/89 90/98/96
f 83/90/88 91/99/97 90/98/96
f 91/99/97 83/90/88 50/56/54
f 46/52/50 91/99/97 50/56/54
f 91/99/97 46/52/50 45/51/49
f 91/99/97 563/100/98 90/98/96
f 563/100/98 562/96/94 90/98/96
f 45/51/49 564/101/99 91/99/97
f 563/100/98 91/99/97 564/101/99
f 564/101/99 45/51/49 561/49/47
f 562/96/94 563/100/98 565/102/100
f 564/101/99 566/103/101 563/100/98
f 563/100/98 566/103/101 565/102/100
f 561/49/47 567/104/102 564/101/99
f 566/103/101 564/101/99 567/104/102
f 567/104/102 561/49/47 568/105/103
f 560/46/44 568/105/103 561/49/47
f 560/46/44 569/106/104 568/105/103
f 558/29/27 569/106/104 560/46/44
f 570/107/105 567/104/102 568/105/103
f 569/106/104 570/107/105 568/105/103
f 558/29/27 571/108/106 569/106/104
f 569/106/104 571/108/106 570/107/105
f 567/104/102 570/107/105 572/109/107
f 572/109/107 566/103/101 567/104/102
f 571/108/106 573/110/108 570/107/105
f 573/110/108 572/109/107 570/107/105
f 571/108/106 558/29/27 574/111/109
f 559/30/28 574/111/109 558/29/27
f 574/111/109 559/30/28 575/112/110
f 575/112/110 576/113/111 574/111/109
f 574/111/109 577/114/112 571/108/106
f 573/110/108 571/108/106 577/114/112
f 576/113/111 578/115/113 574/111/109
f 577/114/112 574/111/109 578/115/113
f 579/116/114 578/115/113 576/113/111
f 577/114/112 580/117/115 573/110/108
f 579/116/114 581/118/116 578/115/113
f 582/119/117 581/118/116 579/116/114
f 578/115/113 583/120/118 577/114/112
f 583/120/118 578/115/113 581/118/116
f 580/117/115 577/114/112 583/120/118
f 581/118/116 582/119/117 584/121/119
f 585/122/120 584/121/119 582/119/117
f 581/118/116 586/123/121 583/120/118
f 586/123/121 581/118/116 584/121/119
f 586/123/121 580/117/115 583/120/118
f 584/121/119 585/122/120 587/124/122
f 584/121/119 587/124/122 586/123/121
f 587/124/122 585/122/120 588/125/123
f 589/126/124 588/125/123 585/122/120
f 590/127/125 588/125/123 589/126/124
f 587/124/122 591/128/126 586/123/121
f 588/125/123 591/128/126 587/124/122
f 588/125/123 590/127/125 592/129/127
f 593/130/128 592/129/127 590/127/125
f 588/125/123 594/131/129 591/128/126
f 594/131/129 588/125/123 592/129/127
f 591/128/126 595/132/130 586/123/121
f 580/117/115 586/123/121 595/132/130
f 591/128/126 594/131/129 596/133/131
f 595/132/130 591/128/126 596/133/131
f 592/129/127 597/134/132 594/131/129
f 595/132/130 598/135/133 580/117/115
f 597/134/132 592/129/127 599/136/134
f 592/129/127 593/130/128 599/136/134
f 600/137/135 594/131/129 597/134/132
f 596/133/131 594/131/129 600/137/135
f 593/130/128 601/138/136 599/136/134
f 601/138/136 593/130/128 602/139/137
f 599/136/134 603/140/138 597/134/132
f 604/141/139 599/136/134 601/138/136
f 599/136/134 604/141/139 603/140/138
f 605/142/140 597/134/132 603/140/138
f 597/134/132 605/142/140 600/137/135
f 606/143/141 603/140/138 604/141/139
f 603/140/138 606/143/141 605/142/140
f 607/144/142 604/141/139 601/138/136
f 600/137/135 605/142/140 608/145/143
f 607/144/142 601/138/136 609/146/144
f 601/138/136 602/139/137 609/146/144
f 610/147/145 600/137/135 608/145/143
f 600/137/135 610/147/145 596/133/131
f 608/145/143 605/142/140 611/148/146
f 611/148/146 605/142/140 606/143/141
f 596/133/131 610/147/145 612/149/147
f 612/149/147 595/132/130 596/133/131
f 598/135/133 595/132/130 612/149/147
f 613/150/148 610/147/145 608/145/143
f 614/151/149 612/149/147 610/147/145
f 610/147/145 613/150/148 614/151/149
f 598/135/133 612/149/147 615/152/150
f 608/145/143 616/153/151 613/150/148
f 608/145/143 611/148/146 616/153/151
f 617/154/152 598/135/133 615/152/150
f 617/154/152 580/117/115 598/135/133
f 580/117/115 617/154/152 573/110/108
f 572/109/107 573/110/108 617/154/152
f 618/155/153 572/109/107 617/154/152
f 618/155/153 617/154/152 615/152/150
f 572/109/107 618/155/153 619/156/154
f 566/103/101 572/109/107 619/156/154
f 615/152/150 620/157/155 618/155/153
f 620/157/155 619/156/154 618/155/153
f 612/149/147 621/158/156 615/152/150
f 621/158/156 620/157/155 615/152/150
f 612/149/147 614/151/149 621/158/156
f 619/156/154 622/159/157 566/103/101
f 566/103/101 622/159/157 565/102/100
f 622/159/157 619/156/154 623/160/158
f 619/156/154 620/157/155 623/160/158
f 565/102/100 622/159/157 624/161/159
f 562/96/94 565/102/100 624/161/159
f 624/161/159 89/97/95 562/96/94
f 623/160/158 625/162/160 622/159/157
f 622/159/157 625/162/160 624/161/159
f 623/160/158 620/157/155 626/163/161
f 625/162/160 623/160/158 626/163/161
f 89/97/95 624/161/159 92/164/162
f 92/164/162 88/95/93 89/97/95
f 624/161/159 625/162/160 627/165/163
f 88/95/93 92/164/162 93/166/164
f 93/166/164 87/94/92 88/95/93
f 92/164/162 624/161/159 94/167/165
f 87/94/92 93/166/164 95/168/166
f 95/168/166 73/80/78 87/94/92
f 96/169/167 93/166/164 92/164/162
f 96/169/167 92/164/162 94/167/165
f 97/170/168 95/168/166 93/166/164
f 97/170/168 93/166/164 96/169/167
f 98/171/169 73/80/78 95/168/166
f 74/81/79 73/80/78 98/171/169
f 98/171/169 99/172/170 74/81/79
f 100/173/171 98/171/169 95/168/166
f 99/172/170 98/171/169 100/173/171
f 100/173/171 95/168/166 97/170/168
f 100/173/171 101/174/172 99/172/170
f 101/174/172 100/173/171 102/175/173
f 102/175/173 100/173/171 97/170/168
f 102/175/173 103/176/174 101/174/172
f 97/170/168 104/177/175 102/175/173
f 96/169/167 104/177/175 97/170/168
f 102/175/173 105/178/176 103/176/174
f 104/177/175 105/178/176 102/175/173
f 105/178/176 106/179/177 103/176/174
f 96/169/167 107/180/178 104/177/175
f 94/167/165 107/180/178 96/169/167
f 104/177/175 108/181/179 105/178/176
f 107/180/178 108/181/179 104/177/175
f 105/178/176 109/182/180 106/179/177
f 108/181/179 109/182/180 105/178/176
f 94/167/165 628/183/181 107/180/178
f 624/161/159 628/183/181 94/167/165
f 628/183/181 624/161/159 627/165/163
f 107/180/178 110/184/182 108/181/179
f 628/183/181 110/184/182 107/180/178
f 108/181/179 111/185/183 109/182/180
f 110/184/182 111/185/183 108/181/179
f 112/186/184 106/179/177 109/182/180
f 111/185/183 112/186/184 109/182/180
f 106/179/177 112/186/184 113/187/185
f 628/183/181 629/188/186 110/184/182
f 627/165/163 629/188/186 628/183/181
f 110/184/182 114/189/187 111/185/183
f 629/188/186 114/189/187 110/184/182
f 111/185/183 115/190/188 112/186/184
f 629/188/186 630/191/189 114/189/187
f 116/192/190 111/185/183 114/189/187
f 111/185/183 116/192/190 115/190/188
f 630/191/189 116/192/190 114/189/187
f 627/165/163 631/193/191 629/188/186
f 631/193/191 630/191/189 629/188/186
f 631/193/191 627/165/163 632/194/192
f 625/162/160 632/194/192 627/165/163
f 626/163/161 632/194/192 625/162/160
f 631/193/191 633/195/193 630/191/189
f 632/194/192 634/196/194 631/193/191
f 634/196/194 633/195/193 631/193/191
f 632/194/192 626/163/161 635/197/195
f 635/197/195 634/196/194 632/194/192
f 633/195/193 636/198/196 630/191/189
f 116/192/190 630/191/189 636/198/196
f 634/196/194 637/199/197 633/195/193
f 638/200/198 116/192/190 636/198/196
f 639/201/199 637/199/197 634/196/194
f 639/201/199 634/196/194 635/197/195
f 116/192/190 638/200/198 117/202/200
f 117/202/200 115/190/188 116/192/190
f 640/203/201 639/201/199 635/197/195
f 115/190/188 117/202/200 118/204/202
f 118/204/202 112/186/184 115/190/188
f 635/197/195 641/205/203 640/203/201
f 641/205/203 635/197/195 626/163/161
f 118/204/202 119/206/204 112/186/184
f 119/206/204 113/187/185 112/186/184
f 120/207/205 113/187/185 119/206/204
f 642/208/206 641/205/203 626/163/161
f 620/157/155 642/208/206 626/163/161
f 121/209/207 120/207/205 119/206/204
f 120/207/205 121/209/207 122/210/208
f 620/157/155 643/211/209 642/208/206
f 643/211/209 641/205/203 642/208/206
f 620/157/155 621/158/156 643/211/209
f 641/205/203 643/211/209 644/212/210
f 644/212/210 640/203/201 641/205/203
f 621/158/156 645/213/211 643/211/209
f 621/158/156 614/151/149 645/213/211
f 643/211/209 646/214/212 644/212/210
f 646/214/212 643/211/209 645/213/211
f 640/203/201 644/212/210 647/215/213
f 646/214/212 647/215/213 644/212/210
f 645/213/211 614/151/149 648/216/214
f 613/150/148 648/216/214 614/151/149
f 645/213/211 649/217/215 646/214/212
f 613/150/148 650/218/216 648/216/214
f 651/219/217 645/213/211 648/216/214
f 649/217/215 645/213/211 651/219/217
f 650/218/216 651/219/217 648/216/214
f 613/150/148 616/153/151 650/218/216
f 646/214/212 649/217/215 652/220/218
f 652/220/218 647/215/213 646/214/212
f 651/219/217 653/221/219 649/217/215
f 653/221/219 652/220/218 649/217/215
f 654/222/220 651/219/217 650/218/216
f 654/222/220 653/221/219 651/219/217
f 616/153/151 655/223/221 650/218/216
f 655/223/221 654/222/220 650/218/216
f 655/223/221 616/153/151 656/224/222
f 656/224/222 616/153/151 611/148/146
f 654/222/220 655/223/221 657/225/223
f 656/224/222 658/226/224 655/223/221
f 658/226/224 657/225/223 655/223/221
f 653/221/219 654/222/220 659/227/225
f 657/225/223 659/227/225 654/222/220
f 658/226/224 656/224/222 660/228/226
f 661/229/227 659/227/225 657/225/223
f 662/230/228 657/225/223 658/226/224
f 657/225/223 662/230/228 661/229/227
f 663/231/229 662/230/228 658/226/224
f 660/228/226 663/231/229 658/226/224
f 662/230/228 664/232/230 661/229/227
f 665/233/231 660/228/226 656/224/222
f 665/233/231 656/224/222 611/148/146
f 663/231/229 666/234/232 662/230/228
f 664/232/230 662/230/228 666/234/232
f 663/231/229 660/228/226 667/235/233
f 660/228/226 665/233/231 668/236/234
f 667/235/233 660/228/226 668/236/234
f 666/234/232 663/231/229 123/237/235
f 667/235/233 123/237/235 663/231/229
f 665/233/231 669/238/236 668/236/234
f 124/239/237 667/235/233 668/236/234
f 669/238/236 124/239/237 668/236/234
f 123/237/235 667/235/233 125/240/238
f 126/241/239 667/235/233 124/239/237
f 126/241/239 125/240/238 667/235/233
f 124/239/237 669/238/236 127/242/240
f 126/241/239 124/239/237 127/242/240
f 669/238/236 665/233/231 670/243/241
f 611/148/146 670/243/241 665/233/231
f 128/244/242 127/242/240 669/238/236
f 669/238/236 670/243/241 128/244/242
f 670/243/241 611/148/146 671/245/243
f 611/148/146 606/143/141 671/245/243
f 671/245/243 606/143/141 672/246/244
f 606/143/141 604/141/139 672/246/244
f 673/247/245 670/243/241 671/245/243
f 671/245/243 672/246/244 673/247/245
f 670/243/241 673/247/245 674/248/246
f 128/244/242 670/243/241 674/248/246
f 673/247/245 672/246/244 129/249/247
f 672/246/244 604/141/139 675/250/248
f 672/246/244 675/250/248 129/249/247
f 604/141/139 607/144/142 675/250/248
f 673/247/245 129/249/247 130/251/249
f 130/251/249 674/248/246 673/247/245
f 675/250/248 607/144/142 131/252/250
f 609/146/144 131/252/250 607/144/142
f 132/253/251 674/248/246 130/251/249
f 132/253/251 128/244/242 674/248/246
f 129/249/247 133/254/252 130/251/249
f 130/251/249 134/255/253 132/253/251
f 134/255/253 130/251/249 133/254/252
f 128/244/242 132/253/251 135/256/254
f 133/254/252 129/249/247 136/257/255
f 675/250/248 136/257/255 129/249/247
f 137/258/256 134/255/253 133/254/252
f 133/254/252 136/257/255 137/258/256
f 138/259/257 132/253/251 134/255/253
f 132/253/251 138/259/257 135/256/254
f 138/259/257 134/255/253 139/260/258
f 134/255/253 137/258/256 139/260/258
f 138/259/257 139/260/258 140/261/259
f 139/260/258 137/258/256 141/262/260
f 140/261/259 139/260/258 141/262/260
f 142/263/261 135/256/254 138/259/257
f 142/263/261 138/259/257 140/261/259
f 135/256/254 143/264/262 128/244/242
f 127/242/240 128/244/242 143/264/262
f 135/256/254 142/263/261 144/265/263
f 144/265/263 143/264/262 135/256/254
f 142/263/261 140/261/259 145/266/264
f 143/264/262 146/267/265 127/242/240
f 127/242/240 146/267/265 126/241/239
f 144/265/263 147/268/266 143/264/262
f 146/267/265 143/264/262 147/268/266
f 148/269/267 144/265/263 142/263/261
f 148/269/267 142/263/261 145/266/264
f 149/270/268 147/268/266 144/265/263
f 144/265/263 148/269/267 149/270/268
f 149/270/268 150/271/269 147/268/266
f 150/271/269 146/267/265 147/268/266
f 145/266/264 140/261/259 151/272/270
f 141/262/260 151/272/270 140/261/259
f 151/272/270 152/273/271 145/266/264
f 145/266/264 152/273/271 148/269/267
f 151/272/270 141/262/260 153/274/272
f 154/275/273 152/273/271 151/272/270
f 153/274/272 154/275/273 151/272/270
f 155/276/274 148/269/267 152/273/271
f 152/273/271 154/275/273 156/277/275
f 155/276/274 152/273/271 156/277/275
f 148/269/267 155/276/274 157/278/276
f 156/277/275 158/279/277 155/276/274
f 155/276/274 158/279/277 157/278/276
f 159/280/278 148/269/267 157/278/276
f 148/269/267 159/280/278 149/270/268
f 157/278/276 160/281/279 159/280/278
f 157/278/276 158/279/277 160/281/279
f 159/280/278 161/282/280 149/270/268
f 161/282/280 150/271/269 149/270/268
f 159/280/278 162/283/281 161/282/280
f 160/281/279 162/283/281 159/280/278
f 150/271/269 161/282/280 163/284/282
f 162/283/281 163/284/282 161/282/280
f 150/271/269 163/284/282 164/285/283
f 146/267/265 150/271/269 164/285/283
f 163/284/282 162/283/281 165/286/284
f 163/284/282 166/287/285 164/285/283
f 166/287/285 163/284/282 165/286/284
f 146/267/265 164/285/283 167/288/286
f 164/285/283 166/287/285 167/288/286
f 162/283/281 168/289/287 165/286/284
f 162/283/281 160/281/279 168/289/287
f 165/286/284 169/290/288 166/287/285
f 170/291/289 165/286/284 168/289/287
f 169/290/288 165/286/284 170/291/289
f 160/281/279 171/292/290 168/289/287
f 171/292/290 170/291/289 168/289/287
f 160/281/279 172/293/291 171/292/290
f 172/293/291 160/281/279 158/279/277
f 170/291/289 171/292/290 173/294/292
f 173/294/292 169/290/288 170/291/289
f 172/293/291 174/295/293 171/292/290
f 174/295/293 173/294/292 171/292/290
f 175/296/294 172/293/291 158/279/277
f 174/295/293 172/293/291 175/296/294
f 169/290/288 173/294/292 176/297/295
f 173/294/292 174/295/293 177/298/296
f 177/298/296 176/297/295 173/294/292
f 175/296/294 178/299/297 174/295/293
f 174/295/293 178/299/297 177/298/296
f 179/300/298 169/290/288 176/297/295
f 177/298/296 180/301/299 176/297/295
f 180/301/299 179/300/298 176/297/295
f 181/302/300 166/287/285 169/290/288
f 169/290/288 179/300/298 181/302/300
f 167/288/286 166/287/285 181/302/300
f 182/303/301 180/301/299 177/298/296
f 182/303/301 177/298/296 178/299/297
f 179/300/298 180/301/299 183/304/302
f 180/301/299 182/303/301 184/305/303
f 184/305/303 183/304/302 180/301/299
f 185/306/304 181/302/300 179/300/298
f 183/304/302 185/306/304 179/300/298
f 167/288/286 181/302/300 186/307/305
f 185/306/304 186/307/305 181/302/300
f 186/307/305 187/308/306 167/288/286
f 167/288/286 187/308/306 146/267/265
f 187/308/306 126/241/239 146/267/265
f 186/307/305 185/306/304 188/309/307
f 187/308/306 189/310/308 126/241/239
f 189/310/308 125/240/238 126/241/239
f 187/308/306 186/307/305 190/311/309
f 187/308/306 190/311/309 189/310/308
f 191/312/310 190/311/309 186/307/305
f 186/307/305 188/309/307 191/312/310
f 190/311/309 192/313/311 189/310/308
f 191/312/310 192/313/311 190/311/309
f 189/310/308 193/314/312 125/240/238
f 192/313/311 193/314/312 189/310/308
f 193/314/312 123/237/235 125/240/238
f 191/312/310 194/315/313 192/313/311
f 195/316/314 123/237/235 193/314/312
f 123/237/235 195/316/314 666/234/232
f 196/317/315 193/314/312 192/313/311
f 193/314/312 196/317/315 195/316/314
f 192/313/311 194/315/313 196/317/315
f 197/318/316 666/234/232 195/316/314
f 666/234/232 197/318/316 664/232/230
f 195/316/314 196/317/315 198/319/317
f 198/319/317 197/318/316 195/316/314
f 196/317/315 194/315/313 199/320/318
f 196/317/315 199/320/318 198/319/317
f 191/312/310 200/321/319 194/315/313
f 200/321/319 191/312/310 188/309/307
f 194/315/313 201/322/320 199/320/318
f 201/322/320 194/315/313 200/321/319
f 188/309/307 202/323/321 200/321/319
f 188/309/307 185/306/304 202/323/321
f 185/306/304 183/304/302 202/323/321
f 200/321/319 202/323/321 203/324/322
f 203/324/322 201/322/320 200/321/319
f 204/325/323 202/323/321 183/304/302
f 202/323/321 204/325/323 203/324/322
f 183/304/302 184/305/303 204/325/323
f 205/326/324 203/324/322 204/325/323
f 204/325/323 184/305/303 205/326/324
f 206/327/325 201/322/320 203/324/322
f 203/324/322 205/326/324 206/327/325
f 184/305/303 207/328/326 205/326/324
f 182/303/301 207/328/326 184/305/303
f 206/327/325 205/326/324 208/329/327
f 207/328/326 182/303/301 209/330/328
f 209/330/328 182/303/301 178/299/297
f 210/331/329 205/326/324 207/328/326
f 209/330/328 210/331/329 207/328/326
f 205/326/324 210/331/329 208/329/327
f 178/299/297 211/332/330 209/330/328
f 210/331/329 209/330/328 212/333/331
f 212/333/331 209/330/328 211/332/330
f 208/329/327 210/331/329 213/334/332
f 210/331/329 212/333/331 214/335/333
f 210/331/329 214/335/333 213/334/332
f 208/329/327 215/336/334 206/327/325
f 215/336/334 208/329/327 213/334/332
f 216/337/335 206/327/325 215/336/334
f 201/322/320 206/327/325 216/337/335
f 213/334/332 217/338/336 215/336/334
f 218/339/337 201/322/320 216/337/335
f 201/322/320 218/339/337 199/320/318
f 215/336/334 219/340/338 216/337/335
f 219/340/338 215/336/334 217/338/336
f 216/337/335 220/341/339 218/339/337
f 220/341/339 216/337/335 219/340/338
f 221/342/340 199/320/318 218/339/337
f 199/320/318 221/342/340 198/319/317
f 222/343/341 218/339/337 220/341/339
f 218/339/337 222/343/341 221/342/340
f 223/344/342 198/319/317 221/342/340
f 198/319/317 223/344/342 197/318/316
f 224/345/343 221/342/340 222/343/341
f 221/342/340 224/345/343 223/344/342
f 676/346/344 197/318/316 223/344/342
f 197/318/316 676/346/344 664/232/230
f 223/344/342 677/347/345 676/346/344
f 677/347/345 223/344/342 224/345/343
f 664/232/230 676/346/344 678/348/346
f 677/347/345 678/348/346 676/346/344
f 664/232/230 678/348/346 661/229/227
f 661/229/227 678/348/346 659/227/225
f 678/348/346 679/349/347 659/227/225
f 679/349/347 653/221/219 659/227/225
f 678/348/346 677/347/345 680/350/348
f 680/350/348 679/349/347 678/348/346
f 653/221/219 679/349/347 681/351/349
f 652/220/218 653/221/219 681/351/349
f 679/349/347 680/350/348 682/352/350
f 682/352/350 681/351/349 679/349/347
f 683/353/351 652/220/218 681/351/349
f 683/353/351 681/351/349 682/352/350
f 680/350/348 684/354/352 682/352/350
f 684/354/352 683/353/351 682/352/350
f 677/347/345 685/355/353 680/350/348
f 684/354/352 680/350/348 685/355/353
f 685/355/353 677/347/345 686/356/354
f 224/345/343 686/356/354 677/347/345
f 685/355/353 687/357/355 684/354/352
f 686/356/354 224/345/343 225/358/356
f 222/343/341 225/358/356 224/345/343
f 686/356/354 688/359/357 685/355/353
f 688/359/357 687/357/355 685/355/353
f 225/358/356 689/360/358 686/356/354
f 688/359/357 686/356/354 689/360/358
f 225/358/356 222/343/341 226/361/359
f 220/341/339 226/361/359 222/343/341
f 689/360/358 225/358/356 690/362/360
f 226/361/359 690/362/360 225/358/356
f 226/361/359 220/341/339 227/363/361
f 219/340/338 227/363/361 220/341/339
f 690/362/360 226/361/359 228/364/362
f 227/363/361 228/364/362 226/361/359
f 227/363/361 219/340/338 229/365/363
f 217/338/336 229/365/363 219/340/338
f 228/364/362 227/363/361 230/366/364
f 229/365/363 230/366/364 227/363/361
f 217/338/336 231/367/365 229/365/363
f 213/334/332 231/367/365 217/338/336
f 230/366/364 229/365/363 232/368/366
f 229/365/363 231/367/365 232/368/366
f 232/368/366 233/369/367 230/366/364
f 231/367/365 233/369/367 232/368/366
f 234/370/368 228/364/362 230/366/364
f 234/370/368 230/366/364 233/369/367
f 231/367/365 213/334/332 235/371/369
f 213/334/332 214/335/333 235/371/369
f 233/369/367 231/367/365 236/372/370
f 235/371/369 236/372/370 231/367/365
f 237/373/371 234/370/368 233/369/367
f 236/372/370 237/373/371 233/369/367
f 228/364/362 234/370/368 238/374/372
f 238/374/372 690/362/360 228/364/362
f 234/370/368 237/373/371 239/375/373
f 239/375/373 238/374/372 234/370/368
f 690/362/360 238/374/372 691/376/374
f 238/374/372 239/375/373 240/377/375
f 240/377/375 691/376/374 238/374/372
f 692/378/376 690/362/360 691/376/374
f 690/362/360 692/378/376 689/360/358
f 691/376/374 240/377/375 693/379/377
f 693/379/377 692/378/376 691/376/374
f 694/380/378 689/360/358 692/378/376
f 689/360/358 694/380/378 688/359/357
f 692/378/376 693/379/377 695/381/379
f 695/381/379 694/380/378 692/378/376
f 241/382/380 693/379/377 240/377/375
f 696/383/381 695/381/379 693/379/377
f 696/383/381 693/379/377 241/382/380
f 695/381/379 697/384/382 694/380/378
f 698/385/383 695/381/379 696/383/381
f 698/385/383 697/384/382 695/381/379
f 699/386/384 688/359/357 694/380/378
f 688/359/357 699/386/384 687/357/355
f 697/384/382 700/387/385 694/380/378
f 700/387/385 699/386/384 694/380/378
f 698/385/383 701/388/386 697/384/382
f 701/388/386 700/387/385 697/384/382
f 687/357/355 699/386/384 702/389/387
f 699/386/384 700/387/385 703/390/388
f 703/390/388 702/389/387 699/386/384
f 702/389/387 704/391/389 687/357/355
f 704/391/389 684/354/352 687/357/355
f 703/390/388 705/392/390 702/389/387
f 684/354/352 704/391/389 706/393/391
f 684/354/352 706/393/391 683/353/351
f 707/394/392 704/391/389 702/389/387
f 702/389/387 705/392/390 707/394/392
f 708/395/393 706/393/391 704/391/389
f 704/391/389 707/394/392 708/395/393
f 709/396/394 683/353/351 706/393/391
f 706/393/391 708/395/393 709/396/394
f 709/396/394 652/220/218 683/353/351
f 710/397/395 708/395/393 707/394/392
f 705/392/390 710/397/395 707/394/392
f 711/398/396 709/396/394 708/395/393
f 708/395/393 710/397/395 711/398/396
f 712/399/397 652/220/218 709/396/394
f 709/396/394 711/398/396 712/399/397
f 652/220/218 712/399/397 647/215/213
f 711/398/396 710/397/395 713/400/398
f 647/215/213 712/399/397 714/401/399
f 647/215/213 714/401/399 640/203/201
f 639/201/199 640/203/201 714/401/399
f 715/402/400 712/399/397 711/398/396
f 712/399/397 715/402/400 714/401/399
f 713/400/398 715/402/400 711/398/396
f 714/401/399 716/403/401 639/201/199
f 716/403/401 714/401/399 715/402/400
f 639/201/199 716/403/401 637/199/197
f 715/402/400 717/404/402 716/403/401
f 716/403/401 717/404/402 637/199/197
f 717/404/402 715/402/400 713/400/398
f 717/404/402 718/405/403 637/199/197
f 718/405/403 633/195/193 637/199/197
f 713/400/398 719/406/404 717/404/402
f 633/195/193 718/405/403 720/407/405
f 636/198/196 633/195/193 720/407/405
f 717/404/402 721/408/406 718/405/403
f 721/408/406 717/404/402 719/406/404
f 718/405/403 722/409/407 720/407/405
f 722/409/407 718/405/403 721/408/406
f 720/407/405 723/410/408 636/198/196
f 723/410/408 720/407/405 722/409/407
f 636/198/196 723/410/408 638/200/198
f 724/411/409 722/409/407 721/408/406
f 725/412/410 723/410/408 722/409/407
f 725/412/410 722/409/407 724/411/409
f 726/413/411 638/200/198 723/410/408
f 725/412/410 726/413/411 723/410/408
f 727/414/412 638/200/198 726/413/411
f 727/414/412 117/202/200 638/200/198
f 728/415/413 726/413/411 725/412/410
f 117/202/200 727/414/412 242/416/414
f 242/416/414 118/204/202 117/202/200
f 729/417/415 727/414/412 726/413/411
f 728/415/413 729/417/415 726/413/411
f 730/418/416 242/416/414 727/414/412
f 730/418/416 727/414/412 729/417/415
f 118/204/202 242/416/414 243/419/417
f 243/419/417 119/206/204 118/204/202
f 121/209/207 119/206/204 243/419/417
f 242/416/414 730/418/416 244/420/418
f 244/420/418 243/419/417 242/416/414
f 245/421/419 121/209/207 243/419/417
f 243/419/417 244/420/418 245/421/419
f 730/418/416 731/422/420 244/420/418
f 730/418/416 729/417/415 731/422/420
f 245/421/419 244/420/418 246/423/421
f 246/423/421 244/420/418 731/422/420
f 247/424/422 121/209/207 245/421/419
f 247/424/422 122/210/208 121/209/207
f 122/210/208 247/424/422 248/425/423
f 249/426/424 247/424/422 245/421/419
f 249/426/424 245/421/419 246/423/421
f 248/425/423 247/424/422 250/427/425
f 250/427/425 247/424/422 249/426/424
f 251/428/426 248/425/423 250/427/425
f 252/429/427 251/428/426 250/427/425
f 252/429/427 250/427/425 253/430/428
f 253/430/428 250/427/425 254/431/429
f 254/431/429 250/427/425 249/426/424
f 254/431/429 249/426/424 255/432/430
f 249/426/424 246/423/421 255/432/430
f 255/432/430 246/423/421 732/433/431
f 731/422/420 732/433/431 246/423/421
f 733/434/432 732/433/431 731/422/420
f 729/417/415 733/434/432 731/422/420
f 734/435/433 255/432/430 732/433/431
f 729/417/415 735/436/434 733/434/432
f 735/436/434 729/417/415 728/415/413
f 736/437/435 732/433/431 733/434/432
f 732/433/431 736/437/435 734/435/433
f 733/434/432 735/436/434 737/438/436
f 737/438/436 736/437/435 733/434/432
f 728/415/413 738/439/437 735/436/434
f 737/438/436 739/440/438 736/437/435
f 739/440/438 734/435/433 736/437/435
f 735/436/434 740/441/439 737/438/436
f 740/441/439 735/436/434 738/439/437
f 739/440/438 737/438/436 741/442/440
f 742/443/441 737/438/436 740/441/439
f 737/438/436 742/443/441 741/442/440
f 738/439/437 728/415/413 743/444/442
f 743/444/442 728/415/413 725/412/410
f 743/444/442 725/412/410 724/411/409
f 743/444/442 744/445/443 738/439/437
f 724/411/409 745/446/444 743/444/442
f 744/445/443 743/444/442 745/446/444
f 745/446/444 724/411/409 746/447/445
f 721/408/406 746/447/445 724/411/409
f 746/447/445 721/408/406 719/406/404
f 746/447/445 747/448/446 745/446/444
f 745/446/444 747/448/446 744/445/443
f 719/406/404 748/449/447 746/447/445
f 747/448/446 746/447/445 748/449/447
f 748/449/447 719/406/404 749/450/448
f 713/400/398 749/450/448 719/406/404
f 749/450/448 713/400/398 710/397/395
f 710/397/395 705/392/390 749/450/448
f 749/450/448 705/392/390 748/449/447
f 705/392/390 750/451/449 748/449/447
f 750/451/449 747/448/446 748/449/447
f 705/392/390 751/452/450 750/451/449
f 751/452/450 705/392/390 703/390/388
f 700/387/385 751/452/450 703/390/388
f 747/448/446 750/451/449 752/453/451
f 751/452/450 700/387/385 753/454/452
f 700/387/385 701/388/386 753/454/452
f 754/455/453 750/451/449 751/452/450
f 753/454/452 754/455/453 751/452/450
f 750/451/449 754/455/453 752/453/451
f 755/456/454 753/454/452 701/388/386
f 752/453/451 756/457/455 747/448/446
f 744/445/443 747/448/446 756/457/455
f 752/453/451 754/455/453 757/458/456
f 756/457/455 752/453/451 757/458/456
f 754/455/453 753/454/452 758/459/457
f 753/454/452 755/456/454 758/459/457
f 759/460/458 757/458/456 754/455/453
f 759/460/458 754/455/453 758/459/457
f 756/457/455 757/458/456 760/461/459
f 761/462/460 757/458/456 759/460/458
f 761/462/460 760/461/459 757/458/456
f 744/445/443 756/457/455 762/463/461
f 762/463/461 756/457/455 760/461/459
f 762/463/461 738/439/437 744/445/443
f 738/439/437 762/463/461 740/441/439
f 763/464/462 740/441/439 762/463/461
f 740/441/439 763/464/462 742/443/441
f 764/465/463 762/463/461 760/461/459
f 762/463/461 764/465/463 763/464/462
f 765/466/464 760/461/459 761/462/460
f 760/461/459 765/466/464 764/465/463
f 766/467/465 761/462/460 759/460/458
f 766/467/465 765/466/464 761/462/460
f 767/468/466 766/467/465 759/460/458
f 758/459/457 767/468/466 759/460/458
f 765/466/464 766/467/465 768/469/467
f 758/459/457 769/470/468 767/468/466
f 769/470/468 758/459/457 755/456/454
f 766/467/465 767/468/466 770/471/469
f 769/470/468 770/471/469 767/468/466
f 768/469/467 766/467/465 770/471/469
f 755/456/454 771/472/470 769/470/468
f 770/471/469 772/473/471 768/469/467
f 770/471/469 769/470/468 773/474/472
f 773/474/472 772/473/471 770/471/469
f 769/470/468 774/475/473 773/474/472
f 774/475/473 769/470/468 771/472/470
f 772/473/471 773/474/472 775/476/474
f 774/475/473 775/476/474 773/474/472
f 776/477/475 768/469/467 772/473/471
f 775/476/474 777/478/476 772/473/471
f 772/473/471 777/478/476 776/477/475
f 775/476/474 774/475/473 778/479/477
f 779/480/478 768/469/467 776/477/475
f 779/480/478 765/466/464 768/469/467
f 777/478/476 775/476/474 780/481/479
f 780/481/479 775/476/474 778/479/477
f 777/478/476 781/482/480 776/477/475
f 779/480/478 776/477/475 781/482/480
f 780/481/479 782/483/481 777/478/476
f 777/478/476 782/483/481 781/482/480
f 765/466/464 779/480/478 783/484/482
f 783/484/482 764/465/463 765/466/464
f 781/482/480 782/483/481 784/485/483
f 781/482/480 784/485/483 785/486/484
f 782/483/481 786/487/485 784/485/483
f 787/488/486 781/482/480 785/486/484
f 787/488/486 779/480/478 781/482/480
f 787/488/486 785/486/484 788/489/487
f 786/487/485 782/483/481 789/490/488
f 782/483/481 780/481/479 789/490/488
f 790/491/489 787/488/486 788/489/487
f 790/491/489 788/489/487 791/492/490
f 779/480/478 787/488/486 792/493/491
f 787/488/486 790/491/489 792/493/491
f 783/484/482 779/480/478 792/493/491
f 791/492/490 793/494/492 790/491/489
f 793/494/492 791/492/490 794/495/493
f 795/496/494 793/494/492 794/495/493
f 796/497/495 792/493/491 790/491/489
f 790/491/489 793/494/492 796/497/495
f 792/493/491 797/498/496 783/484/482
f 796/497/495 797/498/496 792/493/491
f 793/494/492 795/496/494 798/499/497
f 602/500/498 798/499/497 795/496/494
f 798/499/497 602/500/498 593/501/499
f 799/502/500 796/497/495 793/494/492
f 798/499/497 799/502/500 793/494/492
f 798/499/497 593/501/499 800/503/501
f 799/502/500 798/499/497 800/503/501
f 590/504/502 800/503/501 593/501/499
f 796/497/495 799/502/500 801/505/503
f 801/505/503 797/498/496 796/497/495
f 800/503/501 802/506/504 799/502/500
f 802/506/504 801/505/503 799/502/500
f 590/504/502 803/507/505 800/503/501
f 802/506/504 800/503/501 803/507/505
f 803/507/505 590/504/502 589/508/506
f 803/507/505 589/508/506 585/509/507
f 585/509/507 804/510/508 803/507/505
f 804/510/508 585/509/507 582/511/509
f 803/507/505 805/512/510 802/506/504
f 805/512/510 803/507/505 804/510/508
f 582/511/509 806/513/511 804/510/508
f 804/510/508 806/513/511 805/512/510
f 806/513/511 582/511/509 579/514/512
f 806/513/511 579/514/512 576/515/513
f 807/516/514 802/506/504 805/512/510
f 802/506/504 807/516/514 801/505/503
f 806/513/511 808/517/515 805/512/510
f 807/516/514 805/512/510 808/517/515
f 809/518/516 806/513/511 576/515/513
f 806/513/511 809/518/516 808/517/515
f 809/518/516 576/515/513 575/519/517
f 810/520/518 809/518/516 575/519/517
f 810/520/518 808/517/515 809/518/516
f 810/520/518 575/519/517 559/521/519
f 559/521/519 811/522/520 810/520/518
f 556/523/521 811/522/520 559/521/519
f 808/517/515 810/520/518 812/524/522
f 811/522/520 812/524/522 810/520/518
f 811/522/520 556/523/521 813/525/523
f 813/525/523 556/523/521 15/526/524
f 812/524/522 811/522/520 814/527/525
f 813/525/523 814/527/525 811/522/520
f 812/524/522 815/528/526 808/517/515
f 815/528/526 807/516/514 808/517/515
f 815/528/526 812/524/522 816/529/527
f 814/527/525 816/529/527 812/524/522
f 817/530/528 807/516/514 815/528/526
f 816/529/527 817/530/528 815/528/526
f 807/516/514 817/530/528 818/531/529
f 801/505/503 807/516/514 818/531/529
f 797/498/496 801/505/503 818/531/529
f 817/530/528 816/529/527 819/532/530
f 797/498/496 818/531/529 820/533/531
f 820/533/531 783/484/482 797/498/496
f 764/465/463 783/484/482 820/533/531
f 763/464/462 764/465/463 820/533/531
f 821/534/532 818/531/529 817/530/528
f 818/531/529 821/534/532 820/533/531
f 820/533/531 821/534/532 763/464/462
f 819/532/530 821/534/532 817/530/528
f 742/443/441 763/464/462 821/534/532
f 821/534/532 819/532/530 822/535/533
f 821/534/532 822/535/533 742/443/441
f 823/536/534 819/532/530 816/529/527
f 816/529/527 814/527/525 823/536/534
f 819/532/530 824/537/535 822/535/533
f 819/532/530 823/536/534 824/537/535
f 825/538/536 742/443/441 822/535/533
f 825/538/536 822/535/533 824/537/535
f 741/442/440 742/443/441 825/538/536
f 826/539/537 823/536/534 814/527/525
f 814/527/525 813/525/523 826/539/537
f 824/537/535 823/536/534 827/540/538
f 823/536/534 826/539/537 827/540/538
f 828/541/539 825/538/536 824/537/535
f 827/540/538 828/541/539 824/537/535
f 829/542/540 741/442/440 825/538/536
f 829/542/540 825/538/536 828/541/539
f 739/440/438 741/442/440 829/542/540
f 256/543/541 828/541/539 827/540/538
f 829/542/540 828/541/539 830/544/542
f 828/541/539 256/543/541 830/544/542
f 739/440/438 829/542/540 831/545/543
f 257/546/544 256/543/541 827/540/538
f 827/540/538 826/539/537 257/546/544
f 830/544/542 832/547/545 829/542/540
f 829/542/540 832/547/545 831/545/543
f 258/548/546 826/539/537 813/525/523
f 826/539/537 258/548/546 257/546/544
f 15/526/524 258/548/546 813/525/523
f 11/549/547 258/548/546 15/526/524
f 258/548/546 11/549/547 259/550/548
f 259/550/548 257/546/544 258/548/546
f 8/551/549 259/550/548 11/549/547
f 257/546/544 259/550/548 260/552/550
f 256/543/541 257/546/544 260/552/550
f 259/550/548 8/551/549 261/553/551
f 261/553/551 260/552/550 259/550/548
f 4/554/552 261/553/551 8/551/549
f 260/552/550 262/555/553 256/543/541
f 830/544/542 256/543/541 262/555/553
f 260/552/550 261/553/551 263/556/554
f 262/555/553 260/552/550 263/556/554
f 261/553/551 4/554/552 264/557/555
f 264/557/555 263/556/554 261/553/551
f 6/558/556 264/557/555 4/554/552
f 263/556/554 265/559/557 262/555/553
f 263/556/554 264/557/555 266/560/558
f 265/559/557 263/556/554 266/560/558
f 264/557/555 6/558/556 267/561/559
f 267/561/559 266/560/558 264/557/555
f 268/562/560 262/555/553 265/559/557
f 266/560/558 269/563/561 265/559/557
f 269/563/561 268/562/560 265/559/557
f 262/555/553 270/564/562 830/544/542
f 270/564/562 262/555/553 268/562/560
f 270/564/562 832/547/545 830/544/542
f 832/547/545 270/564/562 271/565/563
f 831/545/543 832/547/545 271/565/563
f 268/562/560 272/566/564 270/564/562
f 271/565/563 270/564/562 272/566/564
f 271/565/563 273/567/565 831/545/543
f 273/567/565 271/565/563 272/566/564
f 833/568/566 831/545/543 273/567/565
f 739/440/438 831/545/543 833/568/566
f 734/435/433 739/440/438 833/568/566
f 273/567/565 274/569/567 833/568/566
f 734/435/433 833/568/566 275/570/568
f 274/569/567 275/570/568 833/568/566
f 255/432/430 734/435/433 275/570/568
f 255/432/430 275/570/568 254/571/569
f 274/569/567 273/567/565 276/572/570
f 273/567/565 272/566/564 276/572/570
f 275/570/568 274/569/567 277/573/571
f 276/572/570 277/573/571 274/569/567
f 254/571/569 275/570/568 278/574/572
f 275/570/568 277/573/571 278/574/572
f 278/574/572 253/575/573 254/571/569
f 279/576/574 253/575/573 278/574/572
f 278/574/572 277/573/571 279/576/574
f 253/575/573 279/576/574 252/577/575
f 276/572/570 280/578/576 277/573/571
f 280/578/576 279/576/574 277/573/571
f 281/579/577 280/578/576 276/572/570
f 252/577/575 279/576/574 282/580/578
f 276/572/570 283/581/579 281/579/577
f 283/581/579 276/572/570 272/566/564
f 279/576/574 280/578/576 284/582/580
f 279/576/574 284/582/580 282/580/578
f 280/578/576 281/579/577 285/583/581
f 285/583/581 284/582/580 280/578/576
f 281/579/577 283/581/579 286/584/582
f 286/584/582 285/583/581 281/579/577
f 272/566/564 287/585/583 283/581/579
f 287/585/583 286/584/582 283/581/579
f 284/582/580 285/583/581 288/586/584
f 287/585/583 272/566/564 289/587/585
f 268/562/560 289/587/585 272/566/564
f 268/562/560 269/563/561 289/587/585
f 290/588/586 288/586/584 285/583/581
f 290/588/586 285/583/581 286/584/582
f 291/589/587 289/587/585 269/563/561
f 289/587/585 291/589/587 287/585/583
f 292/590/588 291/589/587 269/563/561
f 269/563/561 266/560/558 292/590/588
f 266/560/558 267/561/559 292/590/588
f 293/591/589 287/585/583 291/589/587
f 294/592/590 291/589/587 292/590/588
f 291/589/587 294/592/590 293/591/589
f 295/593/591 292/590/588 267/561/559
f 292/590/588 295/593/591 294/592/590
f 287/585/583 293/591/589 296/594/592
f 296/594/592 286/584/582 287/585/583
f 297/595/593 286/584/582 296/594/592
f 296/594/592 293/591/589 297/595/593
f 286/584/582 297/595/593 290/588/586
f 293/591/589 294/592/590 298/596/594
f 297/595/593 293/591/589 298/596/594
f 297/595/593 299/597/595 290/588/586
f 290/588/586 299/597/595 288/586/584
f 298/596/594 300/598/596 297/595/593
f 299/597/595 297/595/593 300/598/596
f 301/599/597 298/596/594 294/592/590
f 295/593/591 301/599/597 294/592/590
f 299/597/595 302/600/598 288/586/584
f 288/586/584 302/600/598 284/582/580
f 282/580/578 284/582/580 302/600/598
f 303/601/599 302/600/598 299/597/595
f 282/580/578 302/600/598 304/602/600
f 302/600/598 303/601/599 304/602/600
f 304/602/600 305/603/601 282/580/578
f 303/601/599 305/603/601 304/602/600
f 252/577/575 282/580/578 305/603/601
f 305/603/601 251/604/602 252/577/575
f 299/597/595 306/605/603 303/601/599
f 306/605/603 299/597/595 300/598/596
f 305/603/601 303/601/599 307/606/604
f 306/605/603 307/606/604 303/601/599
f 305/603/601 308/607/605 251/604/602
f 305/603/601 307/606/604 308/607/605
f 309/608/606 251/604/602 308/607/605
f 307/606/604 309/608/606 308/607/605
f 248/609/607 251/604/602 309/608/606
f 310/610/608 248/609/607 309/608/606
f 310/610/608 309/608/606 307/606/604
f 248/609/607 310/610/608 122/611/609
f 310/610/608 120/612/610 122/611/609
f 311/613/611 310/610/608 307/606/604
f 307/606/604 306/605/603 311/613/611
f 120/612/610 310/610/608 312/614/612
f 310/610/608 311/613/611 312/614/612
f 312/614/612 113/615/613 120/612/610
f 313/616/614 311/613/611 306/605/603
f 300/598/596 313/616/614 306/605/603
f 314/617/615 312/614/612 311/613/611
f 311/613/611 313/616/614 314/617/615
f 113/615/613 312/614/612 315/618/616
f 315/618/616 106/619/617 113/615/613
f 312/614/612 314/617/615 316/620/618
f 312/614/612 316/620/618 315/618/616
f 313/616/614 300/598/596 317/621/619
f 300/598/596 298/596/594 317/621/619
f 313/616/614 318/622/620 314/617/615
f 317/621/619 318/622/620 313/616/614
f 314/617/615 318/622/620 316/620/618
f 298/596/594 319/623/621 317/621/619
f 319/623/621 318/622/620 317/621/619
f 319/623/621 298/596/594 301/599/597
f 301/599/597 320/624/622 319/623/621
f 320/624/622 318/622/620 319/623/621
f 320/624/622 301/599/597 321/625/623
f 301/599/597 295/593/591 321/625/623
f 321/625/623 322/626/624 320/624/622
f 322/626/624 318/622/620 320/624/622
f 295/593/591 323/627/625 321/625/623
f 322/626/624 321/625/623 323/627/625
f 323/627/625 295/593/591 324/628/626
f 267/561/559 324/628/626 295/593/591
f 324/628/626 267/561/559 6/558/556
f 6/558/556 5/629/627 324/628/626
f 325/630/628 322/626/624 323/627/625
f 325/630/628 318/622/620 322/626/624
f 324/628/626 326/631/629 323/627/625
f 325/630/628 323/627/625 326/631/629
f 324/628/626 5/629/627 327/632/630
f 326/631/629 324/628/626 327/632/630
f 9/633/631 327/632/630 5/629/627
f 328/634/632 325/630/628 326/631/629
f 327/632/630 328/634/632 326/631/629
f 327/632/630 9/633/631 329/635/633
f 328/634/632 327/632/630 329/635/633
f 9/633/631 330/636/634 329/635/633
f 330/636/634 9/633/631 18/637/635
f 325/630/628 328/634/632 331/638/636
f 331/638/636 318/622/620 325/630/628
f 329/635/633 332/639/637 328/634/632
f 332/639/637 329/635/633 330/636/634
f 333/640/638 331/638/636 328/634/632
f 333/640/638 328/634/632 332/639/637
f 333/640/638 318/622/620 331/638/636
f 18/637/635 334/641/639 330/636/634
f 334/641/639 18/637/635 21/642/640
f 335/643/641 330/636/634 334/641/639
f 330/636/634 335/643/641 332/639/637
f 21/642/640 336/644/642 334/641/639
f 335/643/641 334/641/639 336/644/642
f 336/644/642 21/642/640 22/645/643
f 336/644/642 22/645/643 25/646/644
f 337/647/645 332/639/637 335/643/641
f 336/644/642 337/647/645 335/643/641
f 25/646/644 338/648/646 336/644/642
f 337/647/645 336/644/642 338/648/646
f 338/648/646 25/646/644 29/649/647
f 332/639/637 337/647/645 339/650/648
f 339/650/648 333/640/638 332/639/637
f 338/648/646 340/651/649 337/647/645
f 340/651/649 339/650/648 337/647/645
f 29/649/647 341/652/650 338/648/646
f 340/651/649 338/648/646 341/652/650
f 341/652/650 29/649/647 56/653/651
f 56/653/651 342/654/652 341/652/650
f 340/651/649 341/652/650 342/654/652
f 342/654/652 56/653/651 58/655/653
f 339/650/648 340/651/649 343/656/654
f 333/640/638 339/650/648 343/656/654
f 342/654/652 344/657/655 340/651/649
f 344/657/655 343/656/654 340/651/649
f 58/655/653 345/658/656 342/654/652
f 345/658/656 344/657/655 342/654/652
f 345/658/656 58/655/653 61/659/657
f 67/660/658 345/658/656 61/659/657
f 333/640/638 343/656/654 346/661/659
f 347/662/660 345/658/656 67/660/658
f 346/661/659 318/622/620 333/640/638
f 347/662/660 67/660/658 70/663/661
f 348/664/662 346/661/659 343/656/654
f 343/656/654 344/657/655 348/664/662
f 349/665/663 347/662/660 70/663/661
f 70/663/661 71/666/664 349/665/663
f 347/662/660 349/665/663 350/667/665
f 349/665/663 71/666/664 350/667/665
f 345/658/656 347/662/660 350/667/665
f 345/658/656 350/667/665 344/657/655
f 71/666/664 351/668/666 350/667/665
f 350/667/665 351/668/666 344/657/655
f 348/664/662 344/657/655 351/668/666
f 351/668/666 71/666/664 74/669/667
f 99/670/668 351/668/666 74/669/667
f 346/661/659 348/664/662 352/671/669
f 352/671/669 318/622/620 346/661/659
f 348/664/662 353/672/670 352/671/669
f 353/672/670 348/664/662 351/668/666
f 353/672/670 318/622/620 352/671/669
f 354/673/671 351/668/666 99/670/668
f 353/672/670 351/668/666 354/673/671
f 99/670/668 355/674/672 354/673/671
f 354/673/671 355/674/672 353/672/670
f 355/674/672 99/670/668 101/675/673
f 356/676/674 353/672/670 355/674/672
f 356/676/674 318/622/620 353/672/670
f 357/677/675 355/674/672 101/675/673
f 356/676/674 355/674/672 357/677/675
f 101/675/673 103/678/676 357/677/675
f 356/676/674 357/677/675 358/679/677
f 318/622/620 356/676/674 358/679/677
f 359/680/678 357/677/675 103/678/676
f 357/677/675 359/680/678 358/679/677
f 103/678/676 106/619/617 359/680/678
f 106/619/617 315/618/616 359/680/678
f 360/681/679 358/679/677 359/680/678
f 315/618/616 360/681/679 359/680/678
f 358/679/677 360/681/679 318/622/620
f 360/681/679 315/618/616 361/682/680
f 361/682/680 318/622/620 360/681/679
f 316/620/618 361/682/680 315/618/616
f 316/620/618 318/622/620 361/682/680
f 362/683/681 363/684/682 364/685/683
f 363/684/682 362/683/681 365/686/684
f 363/684/682 365/686/684 366/687/685
f 367/688/686 363/684/682 366/687/685
f 367/688/686 366/687/685 368/689/687
f 362/683/681 369/690/688 365/686/684
f 369/690/688 362/683/681 370/691/689
f 371/692/690 369/690/688 370/691/689
f 365/686/684 372/693/691 366/687/685
f 372/693/691 365/686/684 369/690/688
f 368/689/687 366/687/685 373/694/692
f 373/694/692 366/687/685 372/693/691
f 368/689/687 373/694/692 374/695/693
f 375/696/694 369/690/688 371/692/690
f 369/690/688 375/696/694 372/693/691
f 374/695/693 373/694/692 376/697/695
f 376/697/695 786/698/696 374/695/693
f 373/694/692 372/693/691 377/699/697
f 377/699/697 376/697/695 373/694/692
f 378/700/698 372/693/691 375/696/694
f 372/693/691 378/700/698 377/699/697
f 375/696/694 371/692/690 379/701/699
f 378/700/698 375/696/694 379/701/699
f 371/692/690 380/702/700 379/701/699
f 381/703/701 377/699/697 378/700/698
f 380/702/700 382/704/702 379/701/699
f 382/704/702 380/702/700 383/705/703
f 378/700/698 379/701/699 384/706/704
f 381/703/701 378/700/698 384/706/704
f 382/704/702 385/707/705 379/701/699
f 384/706/704 379/701/699 385/707/705
f 383/705/703 386/708/706 382/704/702
f 386/708/706 383/705/703 387/709/707
f 388/710/708 386/708/706 387/709/707
f 389/711/709 382/704/702 386/708/706
f 382/704/702 389/711/709 385/707/705
f 386/708/706 388/710/708 390/712/710
f 390/712/710 389/711/709 386/708/706
f 391/713/711 390/712/710 388/710/708
f 385/707/705 389/711/709 392/714/712
f 390/712/710 391/713/711 393/715/713
f 389/711/709 390/712/710 394/716/714
f 393/715/713 394/716/714 390/712/710
f 394/716/714 395/717/715 389/711/709
f 389/711/709 395/717/715 392/714/712
f 391/713/711 396/718/716 393/715/713
f 391/713/711 397/719/717 396/718/716
f 3/3/718 396/718/716 397/719/717
f 394/716/714 393/715/713 398/720/719
f 393/715/713 396/718/716 399/721/720
f 393/715/713 399/721/720 398/720/719
f 400/722/721 396/718/716 3/3/718
f 396/718/716 400/722/721 399/721/720
f 398/720/719 401/723/722 394/716/714
f 395/717/715 394/716/714 401/723/722
f 399/721/720 402/724/723 398/720/719
f 401/723/722 398/720/719 402/724/723
f 400/722/721 403/725/724 399/721/720
f 402/724/723 399/721/720 403/725/724
f 401/723/722 404/726/725 395/717/715
f 404/726/725 392/714/712 395/717/715
f 402/724/723 405/727/726 401/723/722
f 404/726/725 401/723/722 405/727/726
f 405/727/726 402/724/723 406/728/727
f 403/725/724 406/728/727 402/724/723
f 405/727/726 407/729/728 404/726/725
f 406/728/727 407/729/728 405/727/726
f 392/714/712 404/726/725 408/730/729
f 406/728/727 403/725/724 409/731/730
f 410/732/731 408/730/729 404/726/725
f 410/732/731 404/726/725 407/729/728
f 411/733/732 409/731/730 403/725/724
f 411/733/732 403/725/724 400/722/721
f 412/734/733 406/728/727 409/731/730
f 411/733/732 412/734/733 409/731/730
f 407/729/728 406/728/727 413/735/734
f 413/735/734 406/728/727 412/734/733
f 414/736/735 411/733/732 400/722/721
f 414/736/735 400/722/721 3/3/718
f 412/734/733 411/733/732 415/737/736
f 414/736/735 415/737/736 411/733/732
f 416/738/737 413/735/734 412/734/733
f 415/737/736 416/738/737 412/734/733
f 413/735/734 417/739/738 407/729/728
f 417/739/738 413/735/734 416/738/737
f 417/739/738 418/740/739 407/729/728
f 407/729/728 418/740/739 410/732/731
f 416/738/737 419/741/740 417/739/738
f 419/741/740 418/740/739 417/739/738
f 415/737/736 420/742/741 416/738/737
f 419/741/740 416/738/737 420/742/741
f 420/742/741 415/737/736 421/743/742
f 414/736/735 421/743/742 415/737/736
f 420/742/741 422/744/743 419/741/740
f 421/743/742 423/745/744 420/742/741
f 422/744/743 420/742/741 423/745/744
f 418/740/739 419/741/740 424/746/745
f 422/744/743 424/746/745 419/741/740
f 424/746/745 425/747/746 418/740/739
f 418/740/739 425/747/746 410/732/731
f 424/746/745 422/744/743 426/748/747
f 425/747/746 424/746/745 154/275/273
f 426/748/747 154/275/273 424/746/745
f 154/275/273 153/274/272 425/747/746
f 154/275/273 426/748/747 156/277/275
f 425/747/746 427/749/748 410/732/731
f 427/749/748 425/747/746 153/274/272
f 408/730/729 410/732/731 427/749/748
f 428/750/749 156/277/275 426/748/747
f 158/279/277 156/277/275 428/750/749
f 429/751/750 426/748/747 422/744/743
f 428/750/749 426/748/747 429/751/750
f 423/745/744 429/751/750 422/744/743
f 158/279/277 428/750/749 430/752/751
f 175/296/294 158/279/277 430/752/751
f 429/751/750 423/745/744 431/753/752
f 421/743/742 431/753/752 423/745/744
f 432/754/753 428/750/749 429/751/750
f 430/752/751 428/750/749 432/754/753
f 433/755/754 429/751/750 431/753/752
f 432/754/753 429/751/750 433/755/754
f 431/753/752 421/743/742 434/756/755
f 434/756/755 433/755/754 431/753/752
f 414/736/735 434/756/755 421/743/742
f 435/757/756 432/754/753 433/755/754
f 434/756/755 435/757/756 433/755/754
f 432/754/753 436/758/757 430/752/751
f 436/758/757 432/754/753 435/757/756
f 414/736/735 437/759/758 434/756/755
f 435/757/756 434/756/755 437/759/758
f 436/758/757 438/760/759 430/752/751
f 435/757/756 439/761/760 436/758/757
f 436/758/757 439/761/760 438/760/759
f 437/759/758 440/762/761 435/757/756
f 439/761/760 435/757/756 440/762/761
f 441/763/762 430/752/751 438/760/759
f 430/752/751 441/763/762 175/296/294
f 441/763/762 178/299/297 175/296/294
f 211/332/330 178/299/297 441/763/762
f 442/764/763 441/763/762 438/760/759
f 438/760/759 439/761/760 442/764/763
f 441/763/762 443/765/764 211/332/330
f 441/763/762 442/764/763 443/765/764
f 439/761/760 444/766/765 442/764/763
f 442/764/763 444/766/765 443/765/764
f 211/332/330 443/765/764 445/767/766
f 211/332/330 445/767/766 212/333/331
f 446/768/767 212/333/331 445/767/766
f 212/333/331 446/768/767 214/335/333
f 447/769/768 445/767/766 443/765/764
f 445/767/766 447/769/768 446/768/767
f 448/770/769 447/769/768 443/765/764
f 448/770/769 443/765/764 444/766/765
f 449/771/770 446/768/767 447/769/768
f 214/335/333 446/768/767 449/771/770
f 448/770/769 450/772/771 447/769/768
f 449/771/770 447/769/768 450/772/771
f 450/772/771 448/770/769 451/773/772
f 444/766/765 451/773/772 448/770/769
f 450/772/771 452/774/773 449/771/770
f 452/774/773 450/772/771 451/773/772
f 214/335/333 449/771/770 453/775/774
f 214/335/333 453/775/774 235/371/369
f 452/774/773 454/776/775 449/771/770
f 449/771/770 454/776/775 453/775/774
f 453/775/774 455/777/776 235/371/369
f 236/372/370 235/371/369 455/777/776
f 453/775/774 454/776/775 456/778/777
f 455/777/776 453/775/774 456/778/777
f 455/777/776 457/779/778 236/372/370
f 237/373/371 236/372/370 457/779/778
f 458/780/779 455/777/776 456/778/777
f 457/779/778 455/777/776 459/781/780
f 455/777/776 458/780/779 459/781/780
f 237/373/371 457/779/778 460/782/781
f 459/781/780 460/782/781 457/779/778
f 456/778/777 461/783/782 458/780/779
f 454/776/775 461/783/782 456/778/777
f 459/781/780 458/780/779 462/784/783
f 454/776/775 463/785/784 461/783/782
f 463/785/784 454/776/775 452/774/773
f 458/780/779 461/783/782 464/786/785
f 458/780/779 464/786/785 462/784/783
f 463/785/784 465/787/786 461/783/782
f 465/787/786 464/786/785 461/783/782
f 466/788/787 463/785/784 452/774/773
f 466/788/787 465/787/786 463/785/784
f 466/788/787 452/774/773 451/773/772
f 465/787/786 467/789/788 464/786/785
f 468/790/789 466/788/787 451/773/772
f 451/773/772 444/766/765 468/790/789
f 465/787/786 466/788/787 469/791/790
f 469/791/790 467/789/788 465/787/786
f 470/792/791 468/790/789 444/766/765
f 444/766/765 439/761/760 470/792/791
f 440/762/761 470/792/791 439/761/760
f 466/788/787 468/790/789 471/793/792
f 470/792/791 440/762/761 472/794/793
f 437/759/758 472/794/793 440/762/761
f 468/790/789 470/792/791 473/795/794
f 473/795/794 471/793/792 468/790/789
f 472/794/793 437/759/758 474/796/795
f 414/736/735 474/796/795 437/759/758
f 475/797/796 470/792/791 472/794/793
f 474/796/795 475/797/796 472/794/793
f 473/795/794 470/792/791 475/797/796
f 414/736/735 2/2/797 474/796/795
f 475/797/796 474/796/795 2/2/797
f 414/736/735 3/3/718 2/2/797
f 2/2/797 476/798/798 475/797/796
f 476/798/798 473/795/794 475/797/796
f 2/2/797 1/1/799 476/798/798
f 3/3/1 397/799/800 1/1/799
f 391/800/801 1/1/799 397/799/800
f 477/801/802 473/795/794 476/798/798
f 471/793/792 473/795/794 477/801/802
f 478/802/803 476/798/798 1/1/799
f 1/1/799 391/800/801 478/802/803
f 476/798/798 478/802/803 477/801/802
f 388/803/804 478/802/803 391/800/801
f 477/801/802 479/804/805 471/793/792
f 479/804/805 477/801/802 478/802/803
f 478/802/803 388/803/804 479/804/805
f 479/804/805 466/788/787 471/793/792
f 387/805/806 479/804/805 388/803/804
f 469/791/790 466/788/787 479/804/805
f 479/804/805 387/805/806 469/791/790
f 383/806/807 469/791/790 387/805/806
f 383/806/807 480/807/808 469/791/790
f 481/808/809 480/807/808 383/806/807
f 383/806/807 380/809/810 481/808/809
f 371/810/811 481/808/809 380/809/810
f 481/808/809 371/810/811 370/811/812
f 482/812/813 469/791/790 480/807/808
f 481/808/809 482/812/813 480/807/808
f 482/812/813 467/789/788 469/791/790
f 370/811/812 483/813/814 481/808/809
f 482/812/813 481/808/809 483/813/814
f 483/813/814 370/811/812 362/814/815
f 467/789/788 482/812/813 484/815/816
f 362/814/815 485/816/817 483/813/814
f 485/816/817 362/814/815 364/817/818
f 482/812/813 483/813/814 486/818/819
f 483/813/814 485/816/817 486/818/819
f 486/818/819 484/815/816 482/812/813
f 485/816/817 364/817/818 487/819/820
f 486/818/819 485/816/817 488/820/821
f 487/819/820 488/820/821 485/816/817
f 484/815/816 486/818/819 489/821/822
f 488/820/821 489/821/822 486/818/819
f 490/822/823 467/789/788 484/815/816
f 489/821/822 490/822/823 484/815/816
f 467/789/788 490/822/823 491/823/824
f 467/789/788 491/823/824 464/786/785
f 490/822/823 489/821/822 492/824/825
f 493/825/826 464/786/785 491/823/824
f 493/825/826 491/823/824 490/822/823
f 493/825/826 490/822/823 492/824/825
f 464/786/785 493/825/826 462/784/783
f 492/824/825 489/821/822 494/826/827
f 488/820/821 494/826/827 489/821/822
f 495/827/828 493/825/826 492/824/825
f 492/824/825 494/826/827 495/827/828
f 496/828/829 462/784/783 493/825/826
f 493/825/826 495/827/828 496/828/829
f 462/784/783 496/828/829 497/829/830
f 459/781/780 462/784/783 497/829/830
f 460/782/781 459/781/780 497/829/830
f 498/830/831 497/829/830 496/828/829
f 497/829/830 498/830/831 460/782/781
f 495/827/828 498/830/831 496/828/829
f 499/831/832 460/782/781 498/830/831
f 498/830/831 495/827/828 500/832/833
f 499/831/832 498/830/831 500/832/833
f 495/827/828 494/826/827 501/833/834
f 501/833/834 500/832/833 495/827/828
f 494/826/827 488/820/821 502/834/835
f 494/826/827 502/834/835 501/833/834
f 487/819/820 502/834/835 488/820/821
f 501/833/834 503/835/836 500/832/833
f 363/836/837 487/819/820 364/837/838
f 501/833/834 504/838/839 503/835/836
f 502/834/835 504/838/839 501/833/834
f 487/819/820 363/836/837 505/839/840
f 367/840/841 505/839/840 363/836/837
f 502/834/835 487/819/820 506/841/842
f 505/839/840 506/841/842 487/819/820
f 502/834/835 507/842/843 504/838/839
f 502/834/835 506/841/842 507/842/843
f 505/839/840 367/840/841 508/843/844
f 367/840/841 368/844/845 508/843/844
f 506/841/842 505/839/840 509/845/846
f 508/843/844 509/845/846 505/839/840
f 509/845/846 507/842/843 506/841/842
f 510/846/847 508/843/844 368/844/845
f 509/845/846 508/843/844 511/847/848
f 508/843/844 510/846/847 511/847/848
f 507/842/843 509/845/846 512/848/849
f 509/845/846 511/847/848 512/848/849
f 368/844/845 834/849/850 510/846/847
f 834/849/850 368/844/845 374/850/851
f 374/850/851 786/487/485 834/849/850
f 789/490/488 834/849/850 786/487/485
f 510/846/847 513/851/852 511/847/848
f 834/849/850 513/851/852 510/846/847
f 834/849/850 789/490/488 835/852/853
f 513/851/852 834/849/850 835/852/853
f 789/490/488 780/481/479 835/852/853
f 835/852/853 780/481/479 778/479/477
f 511/847/848 513/851/852 514/853/854
f 511/847/848 514/853/854 512/848/849
f 835/852/853 515/854/855 513/851/852
f 513/851/852 515/854/855 514/853/854
f 515/854/855 835/852/853 778/479/477
f 516/855/856 512/848/849 514/853/854
f 515/854/855 516/855/856 514/853/854
f 778/479/477 517/856/857 515/854/855
f 516/855/856 515/854/855 517/856/857
f 517/856/857 778/479/477 774/475/473
f 771/472/470 517/856/857 774/475/473
f 512/848/849 516/855/856 518/857/858
f 507/842/843 512/848/849 518/857/858
f 836/858/859 516/855/856 517/856/857
f 517/856/857 771/472/470 836/858/859
f 519/859/860 518/857/858 516/855/856
f 516/855/856 836/858/859 519/859/860
f 507/842/843 518/857/858 520/860/861
f 504/838/839 507/842/843 520/860/861
f 504/838/839 520/860/861 503/835/836
f 521/861/862 520/860/861 518/857/858
f 518/857/858 519/859/860 521/861/862
f 520/860/861 522/862/863 503/835/836
f 520/860/861 521/861/862 522/862/863
f 503/835/836 522/862/863 500/832/833
f 500/832/833 522/862/863 499/831/832
f 523/863/864 522/862/863 521/861/862
f 522/862/863 523/863/864 499/831/832
f 521/861/862 519/859/860 524/864/865
f 524/864/865 523/863/864 521/861/862
f 519/859/860 837/865/866 524/864/865
f 837/865/866 519/859/860 836/858/859
f 523/863/864 524/864/865 241/382/380
f 524/864/865 837/865/866 696/383/381
f 696/383/381 241/382/380 524/864/865
f 698/385/383 696/383/381 837/865/866
f 523/863/864 241/382/380 525/866/867
f 499/831/832 523/863/864 525/866/867
f 241/382/380 240/377/375 525/866/867
f 525/866/867 240/377/375 239/375/373
f 525/866/867 526/867/868 499/831/832
f 239/375/373 526/867/868 525/866/867
f 460/782/781 499/831/832 526/867/868
f 526/867/868 239/375/373 237/373/371
f 460/782/781 526/867/868 237/373/371
f 837/865/866 838/868/869 698/385/383
f 836/858/859 838/868/869 837/865/866
f 838/868/869 701/388/386 698/385/383
f 838/868/869 836/858/859 771/472/470
f 838/868/869 755/456/454 701/388/386
f 771/472/470 755/456/454 838/868/869
f 527/869/870 385/707/705 392/714/712
f 392/714/712 408/730/729 527/869/870
f 385/707/705 527/869/870 384/706/704
f 527/869/870 408/730/729 528/870/871
f 427/749/748 528/870/871 408/730/729
f 527/869/870 529/871/872 384/706/704
f 529/871/872 381/703/701 384/706/704
f 528/870/871 530/872/873 527/869/870
f 529/871/872 527/869/870 530/872/873
f 528/870/871 427/749/748 531/873/874
f 153/274/272 531/873/874 427/749/748
f 531/873/874 153/274/272 141/262/260
f 532/874/875 530/872/873 528/870/871
f 531/873/874 532/874/875 528/870/871
f 533/875/876 531/873/874 141/262/260
f 137/258/256 533/875/876 141/262/260
f 532/874/875 531/873/874 534/876/877
f 531/873/874 533/875/876 534/876/877
f 535/877/878 533/875/876 137/258/256
f 136/257/255 535/877/878 137/258/256
f 533/875/876 535/877/878 536/878/879
f 536/878/879 534/876/877 533/875/876
f 136/257/255 537/879/880 535/877/878
f 537/879/880 536/878/879 535/877/878
f 537/879/880 136/257/255 538/880/881
f 136/257/255 675/250/248 538/880/881
f 675/250/248 131/252/250 538/880/881
f 538/880/881 539/881/882 537/879/880
f 538/880/881 131/252/250 539/881/882
f 536/878/879 537/879/880 539/881/882
f 539/881/882 131/252/250 540/882/883
f 131/252/250 609/146/144 540/882/883
f 539/881/882 541/883/884 536/878/879
f 534/876/877 536/878/879 541/883/884
f 839/884/885 540/882/883 609/146/144
f 602/139/137 839/884/885 609/146/144
f 539/881/882 540/882/883 542/885/886
f 540/882/883 839/884/885 542/885/886
f 543/886/887 539/881/882 542/885/886
f 541/883/884 539/881/882 543/886/887
f 839/884/885 544/887/888 542/885/886
f 542/885/886 544/887/888 543/886/887
f 602/139/137 840/888/889 839/884/885
f 544/887/888 839/884/885 840/888/889
f 840/888/889 602/139/137 795/889/890
f 545/890/891 543/886/887 544/887/888
f 545/890/891 544/887/888 840/888/889
f 795/889/890 841/891/892 840/888/889
f 840/888/889 841/891/892 545/890/891
f 795/889/890 794/892/893 841/891/892
f 543/886/887 545/890/891 546/893/894
f 546/893/894 541/883/884 543/886/887
f 841/891/892 794/892/893 842/894/895
f 794/892/893 791/895/896 842/894/895
f 841/891/892 843/896/897 545/890/891
f 843/896/897 841/891/892 842/894/895
f 546/893/894 545/890/891 843/896/897
f 842/894/895 791/895/896 844/897/898
f 844/897/898 843/896/897 842/894/895
f 791/895/896 788/898/899 844/897/898
f 546/893/894 843/896/897 547/899/900
f 788/898/899 845/900/901 844/897/898
f 785/901/902 845/900/901 788/898/899
f 843/896/897 844/897/898 548/902/903
f 845/900/901 548/902/903 844/897/898
f 547/899/900 843/896/897 548/902/903
f 846/903/904 845/900/901 785/901/902
f 784/904/905 846/903/904 785/901/902
f 548/902/903 845/900/901 549/905/906
f 549/905/906 547/899/900 548/902/903
f 550/906/907 549/905/906 845/900/901
f 845/900/901 846/903/904 550/906/907
f 551/907/908 547/899/900 549/905/906
f 551/907/908 549/905/906 550/906/907
f 552/908/909 546/893/894 547/899/900
f 552/908/909 547/899/900 551/907/908
f 541/883/884 546/893/894 552/908/909
f 552/908/909 534/876/877 541/883/884
f 534/876/877 552/908/909 532/874/875
f 551/907/908 532/874/875 552/908/909
f 532/874/875 551/907/908 530/872/873
f 551/907/908 529/871/872 530/872/873
f 550/906/907 529/871/872 551/907/908
f 550/906/907 553/909/910 529/871/872
f 846/903/904 553/909/910 550/906/907
f 554/910/911 529/871/872 553/909/910
f 529/871/872 554/910/911 381/703/701
f 377/699/697 381/703/701 554/910/911
f 376/697/695 377/699/697 554/910/911
f 846/903/904 555/911/912 553/909/910
f 555/911/912 554/910/911 553/909/910
f 555/911/912 376/697/695 554/910/911
f 784/904/905 555/911/912 846/903/904
f 786/698/696 376/697/695 555/911/912
f 786/698/696 555/911/912 784/904/905
f 847/912/913 848/913/914 849/914/915
f 847/912/913 849/914/915 850/915/916
f 848/913/914 847/912/913 851/916/917
f 851/916/917 852/917/918 848/913/914
f 853/918/919 847/912/913 850/915/916
f 852/917/918 851/916/917 854/919/920
f 850/915/916 855/920/921 853/918/919
f 855/920/921 850/915/916 856/921/922
f 856/921/922 857/922/923 855/920/921
f 858/923/924 847/912/913 853/918/919
f 858/923/924 853/918/919 855/920/921
f 847/912/913 859/924/925 851/916/917
f 847/912/913 858/923/924 860/925/926
f 847/912/913 860/925/926 859/924/925
f 861/926/927 851/916/917 859/924/925
f 854/919/920 851/916/917 861/926/927
f 862/927/928 859/924/925 860/925/926
f 862/927/928 861/926/927 859/924/925
f 862/927/928 860/925/926 858/923/924
f 863/928/929 854/919/920 861/926/927
f 862/927/928 863/928/929 861/926/927
f 854/919/920 864/929/930 852/917/918
f 864/929/930 854/919/920 863/928/929
f 864/929/930 865/930/931 852/917/918
f 864/929/930 866/931/932 865/930/931
f 863/928/929 867/932/933 864/929/930
f 866/931/932 864/929/930 867/932/933
f 867/932/933 863/928/929 868/933/934
f 862/927/928 868/933/934 863/928/929
f 869/934/935 866/931/932 867/932/933
f 868/933/934 869/934/935 867/932/933
f 857/922/923 866/931/932 869/934/935
f 855/920/921 857/922/923 869/934/935
f 869/934/935 868/933/934 870/935/936
f 870/935/936 855/920/921 869/934/935
f 862/927/928 870/935/936 868/933/934
f 855/920/921 870/935/936 871/936/937
f 862/927/928 871/936/937 870/935/936
f 858/923/924 855/920/921 871/936/937
f 862/927/928 858/923/924 871/936/937
f 857/922/938 872/937/939 866/931/940
f 872/937/939 865/930/941 866/931/940
f 857/922/938 873/938/942 872/937/939
f 856/921/943 873/938/942 857/922/938
f 865/930/941 872/937/939 874/939/944
f 856/921/943 875/940/945 873/938/942
f 876/941/946 865/930/941 874/939/944
f 865/930/941 876/941/946 852/917/947
f 876/941/946 848/913/948 852/917/947
f 856/921/943 877/942/949 875/940/945
f 877/942/949 856/921/943 850/915/950
f 849/914/951 877/942/949 850/915/950
f 878/943/952 849/914/951 848/913/948
f 848/913/948 876/941/946 878/943/952
f 877/942/949 849/914/951 879/944/953
f 849/914/951 878/943/952 879/944/953
f 880/945/954 875/940/945 877/942/949
f 879/944/953 880/945/954 877/942/949
f 879/944/953 878/943/952 881/946/955
f 880/945/954 879/944/953 881/946/955
f 878/943/952 882/947/956 881/946/955
f 882/947/956 878/943/952 876/941/946
f 883/948/957 880/945/954 881/946/955
f 883/948/957 881/946/955 882/947/956
f 875/940/945 880/945/954 884/949/958
f 883/948/957 884/949/958 880/945/954
f 884/949/958 873/938/942 875/940/945
f 873/938/942 884/949/958 885/950/959
f 883/948/957 885/950/959 884/949/958
f 885/950/959 872/937/939 873/938/942
f 883/948/957 882/947/956 886/951/960
f 882/947/956 876/941/946 886/951/960
f 883/948/957 887/952/961 885/950/959
f 872/937/939 885/950/959 887/952/961
f 883/948/957 886/951/960 888/953/962
f 883/948/957 888/953/962 887/952/961
f 876/941/946 888/953/962 886/951/960
f 872/937/939 887/952/961 888/953/962
f 888/953/962 876/941/946 874/939/944
f 874/939/944 872/937/939 888/953/962
