# Blender v3.3.21 OBJ File: 'URDF3.blend'
# www.blender.org
v 2.403883 -5.340441 5.463973
v -0.000007 -1.764957 6.980896
v -0.000007 -5.624510 5.810103
v -0.000007 -7.525762 2.253127
v 2.403883 -1.808847 6.535263
v 2.403882 -7.080136 2.209227
v 2.403882 1.445893 4.795578
v -0.000007 1.792048 5.079636
v -0.000007 2.962824 1.220093
v 4.819930 -3.796164 3.582259
v 4.819930 -2.047442 4.112731
v 4.819929 -0.435809 3.251297
v 4.819930 -4.657600 1.970626
v 5.286847 -2.281468 1.736602
v 4.819929 -4.127129 0.221908
v 2.403880 -6.008836 -1.322373
v -0.000007 -6.354974 -1.606446
v -0.000007 -2.797981 -3.507691
v 2.403880 -2.754091 -3.062058
v 4.819929 -2.515494 -0.639527
v 4.819928 -0.766771 -0.109055
v 2.403879 0.777507 -1.990768
v -0.000007 1.061578 -2.336899
v 4.819929 0.094664 1.502579
v 2.403880 2.517198 1.263977
v -2.403897 -5.340441 5.463973
v -2.403896 -1.808847 6.535263
v -2.403896 -7.080136 2.209227
v -2.403895 1.445893 4.795578
v -4.819944 -3.796164 3.582259
v -4.819944 -2.047442 4.112731
v -2.403894 2.517198 1.263977
v -4.819943 -0.435809 3.251297
v -5.286861 -2.281468 1.736602
v -4.819944 -4.657600 1.970626
v -4.819943 0.094664 1.502579
v -4.819943 -4.127129 0.221908
v -4.819942 -0.766771 -0.109055
v -2.403893 0.777507 -1.990768
v -4.819943 -2.515494 -0.639527
v -2.403893 -2.754091 -3.062058
v -2.403894 -6.008836 -1.322373
v 1.500594 5.220535 1.099671
v -0.000007 6.297686 3.086213
v -0.000007 5.393536 1.040803
v 1.543893 6.081686 3.044602
v 2.964793 4.650085 1.037614
v 1.601094 6.840385 5.375916
v -0.000007 7.078586 5.414414
v -0.000007 4.047685 6.800904
v 3.098195 5.481185 3.032411
v 4.152941 3.877735 0.848054
v 3.078094 3.448535 6.399170
v -0.000007 2.304284 6.800904
v 3.280595 6.298885 5.354814
v 4.577693 4.305585 2.926713
v 4.881743 3.166686 0.695771
v 4.679095 5.209785 5.258607
v 5.629496 2.335685 2.745606
v 5.313395 2.048985 0.548615
v 5.793993 2.319785 4.656113
v 5.661395 0.846884 2.801804
v 5.319994 1.131835 0.511566
v 5.594691 1.923684 5.599305
v 5.321993 -1.513316 1.862304
v 5.167544 -0.087816 -0.077744
v 5.094241 -1.608816 -0.326096
v 5.103945 -3.055016 -0.099854
v 5.875689 0.518384 4.856705
v 5.563990 -1.429816 3.767105
v 3.074745 1.345784 6.399170
v -0.000007 0.427533 6.024521
v 5.839694 -2.249417 4.874313
v 2.626662 -0.311746 5.497833
v -0.000007 -5.530018 5.846313
v 5.366992 -3.114017 2.291412
v 4.441893 -2.502717 4.646057
v 5.457491 -4.295117 2.903808
v 5.198740 -4.392016 0.647613
v 6.024790 -3.081816 -0.313599
v 4.513842 -4.851717 2.921661
v 5.384593 -5.353417 1.886504
v 6.076296 -4.354116 0.426711
v 5.630190 -5.487417 1.522109
v 5.505892 -4.481616 -1.839890
v 5.819392 -3.244816 -2.119492
v 5.399096 -3.820716 -2.942796
v 5.087794 -6.431317 1.288207
v 5.145396 -5.460317 -2.956590
v 4.831995 -4.779816 -3.772691
v 4.080889 -6.108716 -4.465592
v 3.180842 -6.513667 0.913604
v 4.145289 -7.432017 0.128005
v 4.520594 -6.615717 -3.584993
v 3.326794 -7.505016 -5.088792
v 2.212193 -8.256517 -0.714891
v 1.693892 -7.174317 0.303954
v -0.000007 -7.422817 0.119017
v -0.000007 -8.579018 -0.970689
v 3.663094 -8.381516 -4.717393
v 2.441193 -9.364418 -6.178194
v 2.470395 -6.512217 -5.261842
v 1.105143 -7.090167 -5.645844
v 1.204095 -9.884718 -6.521486
v -0.000007 -9.997618 -6.670396
v -0.000007 -7.121316 -5.753938
v -1.500608 5.220535 1.099671
v -1.543907 6.081686 3.044602
v -2.964807 4.650085 1.037614
v -1.601108 6.840385 5.375916
v -3.098209 5.481185 3.032411
v -4.152956 3.877735 0.848054
v -3.078108 3.448535 6.399170
v -3.280608 6.298885 5.354814
v -4.577707 4.305585 2.926713
v -4.881757 3.166686 0.695771
v -4.679109 5.209785 5.258607
v -5.629510 2.335685 2.745606
v -5.313409 2.048985 0.548615
v -5.794008 2.319785 4.656113
v -5.661409 0.846884 2.801804
v -5.320009 1.131835 0.511566
v -5.594705 1.923684 5.599305
v -5.322008 -1.513316 1.862304
v -5.167558 -0.087816 -0.077744
v -5.094255 -1.608816 -0.326096
v -5.103960 -3.055016 -0.099854
v -5.875703 0.518384 4.856705
v -5.564004 -1.429816 3.767105
v -5.367006 -3.114017 2.291412
v -3.074759 1.345784 6.399170
v -5.839708 -2.249417 4.874313
v -2.626676 -0.311746 5.497833
v -4.441907 -2.502717 4.646057
v -5.457506 -4.295117 2.903808
v -5.198755 -4.392016 0.647613
v -6.024805 -3.081816 -0.313599
v -4.513856 -4.851717 2.921661
v -5.384607 -5.353417 1.886504
v -6.076311 -4.354116 0.426711
v -5.630205 -5.487417 1.522109
v -5.505907 -4.481616 -1.839890
v -5.819406 -3.244816 -2.119492
v -5.399110 -3.820716 -2.942796
v -5.087808 -6.431317 1.288207
v -5.145410 -5.460317 -2.956590
v -4.832010 -4.779816 -3.772691
v -4.080904 -6.108716 -4.465592
v -3.180856 -6.513667 0.913604
v -4.145303 -7.432017 0.128005
v -4.520608 -6.615717 -3.584993
v -3.326808 -7.505016 -5.088792
v -2.212207 -8.256517 -0.714891
v -1.693906 -7.174317 0.303954
v -3.663108 -8.381516 -4.717393
v -2.441207 -9.364418 -6.178194
v -2.470409 -6.512217 -5.261842
v -1.105157 -7.090167 -5.645844
v -1.204109 -9.884718 -6.521486
v 3.471493 -5.510816 -5.009034
v 3.610093 -5.507716 -5.644090
v 4.636294 -4.119266 -4.579987
v 5.495394 -3.198766 -3.526551
v 5.015292 -4.432715 -4.909287
v 2.645493 -6.150517 -5.947190
v 5.947241 -2.760516 -2.522690
v 1.164494 -6.527216 -6.300385
v -0.000007 -6.568916 -6.381486
v 2.752194 -6.080216 -6.381898
v 1.214593 -6.462816 -6.753297
v -0.000007 -6.532416 -6.924287
v -0.000007 -6.595016 -7.058885
v 1.261994 -6.540616 -6.914186
v -0.000007 -8.799217 -7.767290
v 3.848994 -5.465016 -5.933488
v 2.795693 -6.182016 -6.507096
v 1.488194 -8.749117 -7.665300
v 3.983195 -5.427416 -6.041993
v 2.893994 -8.768917 -7.432497
v 1.552844 -10.572917 -8.293947
v -0.000007 -10.670318 -8.375002
v 2.853894 -10.143618 -7.874849
v 1.624493 -11.370418 -7.923693
v -0.000007 -11.538518 -7.956301
v -0.000007 -11.816718 -7.247499
v 2.869294 -10.926717 -7.581194
v 1.645592 -11.638217 -7.224489
v -0.000007 -12.549918 -4.663393
v 3.146191 -10.782018 -7.399294
v 1.687993 -12.412519 -4.684496
v -0.000007 -12.988519 -3.012301
v 2.936494 -11.281017 -6.868090
v 1.705891 -12.774919 -2.999392
v -0.000007 -13.456120 -0.861498
v 2.973992 -11.729417 -4.733889
v 1.771092 -13.193019 -0.836687
v -0.000007 -13.712420 1.524702
v 3.175992 -12.014918 -2.933687
v 1.882893 -13.395604 1.556684
v -0.000007 -13.708920 3.924406
v 3.392293 -12.190619 -0.777590
v 1.983792 -13.401820 3.922407
v -0.000007 -13.583720 5.420805
v 3.685391 -12.274920 1.416700
v 1.999692 -13.272720 5.413312
v 3.892894 -12.342521 3.937101
v 2.033494 -12.709121 8.830610
v -0.000007 -13.028821 8.843901
v 3.968791 -12.257820 5.501310
v 5.440394 -10.668220 4.165602
v 5.379893 -10.174519 0.605604
v 4.659792 -10.716118 -1.015093
v 5.471491 -10.705420 5.823713
v 4.048792 -11.108518 -2.964693
v 4.030390 -11.770419 8.772001
v 3.647694 -11.164517 -4.746492
v 5.190392 -9.540718 -1.575929
v 3.334695 -11.034818 -6.385988
v 4.683268 -10.012093 -3.059969
v 4.157969 -10.223442 -4.964815
v 3.496693 -10.725718 -6.802187
v 3.732142 -9.986768 -6.819551
v 4.474291 -9.123318 -5.016099
v 3.307093 -9.855843 -7.627504
v 4.067393 -8.914917 -6.316698
v 3.692342 -8.783217 -7.118379
v 4.459490 -8.119817 -5.973787
v 4.289690 -7.408617 -6.461549
v 5.274592 -6.776716 -5.223496
v 4.941191 -6.141167 -5.905946
v 5.655390 -7.533617 -2.608094
v 4.982295 -8.949802 -3.201707
v 5.452792 -8.415518 -1.983293
v 6.174792 -5.605316 -4.188996
v 5.847689 -7.718817 -1.739000
v 6.071490 -7.879317 -0.828096
v 6.255595 -6.443817 -1.927491
v 6.329295 -6.802418 -1.154390
v 5.859217 -8.867844 -0.090547
v 6.541392 -7.296317 -0.067399
v 6.593268 -8.006343 1.137694
v 6.340991 -8.921018 2.299208
v 7.004893 -6.483617 0.746413
v 6.262293 -9.509219 4.545607
v 7.152968 -7.098818 2.064574
v 7.171992 -7.696018 3.657302
v 6.297495 -9.537519 6.214308
v 7.155291 -7.887818 5.292906
v 5.502093 -10.404019 8.687513
v 7.276591 -7.909819 6.974608
v 6.341090 -9.367620 8.676008
v 5.342295 -9.731420 11.186506
v 3.881991 -10.809320 11.505201
v 6.266291 -8.738819 10.842315
v 2.012192 -11.525221 11.686201
v -0.000007 -11.809320 11.746412
v 5.319590 -8.707919 12.860106
v 3.831492 -9.593120 13.338408
v 1.993294 -10.142421 13.597105
v -0.000007 -10.361020 13.652205
v -0.000007 -8.474620 15.218902
v 1.976094 -8.322321 15.170714
v -0.000007 -5.730920 16.450806
v 3.781596 -7.910620 14.862105
v 2.674294 -5.543920 16.268814
v -0.000007 -3.505119 17.014404
v 5.232394 -7.352820 14.186004
v 2.615292 -3.393419 16.787613
v 4.901789 -5.188019 15.424010
v 2.494694 -0.626118 16.755203
v -0.000007 -0.627618 17.012711
v 4.656596 -3.186119 16.018112
v 6.295596 -6.736419 13.466201
v 2.229592 1.863167 16.438217
v -0.000007 1.930683 16.633606
v 6.284991 -4.665919 14.343505
v 6.395991 -7.889219 12.352904
v 7.166796 -5.878419 12.339202
v 7.130396 -7.480619 10.345412
v 7.146189 -6.773319 11.432509
v 7.165591 -7.772719 8.767104
v 7.590991 -6.419718 9.823607
v 7.636195 -5.795919 10.514403
v 7.699091 -6.230019 8.785705
v 7.860194 -4.827418 10.363204
v 7.791689 -6.083119 7.645415
v 8.133395 -4.411218 8.894805
v 7.996592 -3.424618 11.314803
v 7.685389 -6.670818 5.958800
v 8.357593 -3.090518 9.358001
v 7.591395 -6.870419 4.584502
v 8.016894 -5.553318 6.599502
v 7.528491 -6.766418 3.106810
v 7.857592 -6.216619 5.018905
v 7.689089 -6.271518 3.509902
v 7.420992 -6.235367 2.060561
v 7.579791 -5.879618 2.284804
v 7.377192 -5.372517 1.092513
v 7.434695 -5.221117 1.229812
v 6.795695 -5.928617 -0.447495
v 7.240389 -4.434916 0.236205
v 6.842295 -5.364617 -1.155595
v 7.300089 -4.290717 0.432815
v 7.026591 -4.713716 -2.873795
v 7.867793 -5.023617 1.397811
v 6.935595 -3.778466 -3.920594
v 8.016093 -5.645718 2.409514
v 5.889544 -4.944816 -5.042603
v 8.131289 -5.971117 3.568801
v 5.245692 -4.428515 -5.255998
v 6.284892 -3.193416 -4.078293
v 5.156596 -4.394616 -5.134095
v 7.228396 -3.318016 -3.249390
v 6.194293 -3.235915 -3.971894
v 7.308993 -4.291116 -2.058091
v 6.588992 -2.687716 -3.296387
v 7.478991 -2.858766 -2.460480
v 7.330691 -3.415016 -0.373490
v 6.867396 -2.192816 -2.502686
v 7.350893 -3.311116 -0.138291
v 7.506190 -2.146916 -0.637085
v 7.740992 -4.144717 0.626403
v 7.533091 -2.061516 -0.376099
v 8.025592 -4.061217 2.152206
v 7.714694 -3.237916 0.096603
v 7.990496 -3.392516 1.467910
v 8.131289 -4.424917 2.902007
v 7.908694 -2.645516 1.077804
v 8.226794 -4.597517 3.691909
v 8.063495 -3.528117 2.494506
v 8.278293 -5.878718 5.021514
v 7.992396 -3.012616 1.950714
v 8.149692 -3.821717 3.095107
v 8.389895 -3.491617 2.526016
v 8.208491 -4.001417 3.733215
v 8.462596 -3.786717 3.106109
v 8.350093 -4.478618 4.707107
v 8.524890 -3.908817 3.732513
v 8.438891 -5.298318 6.434203
v 8.301494 -3.889517 4.509704
v 8.447795 -4.054917 5.528701
v 8.380092 -3.567217 5.162811
v 8.534694 -3.330017 6.226806
v 8.595096 -4.003918 7.683715
v 8.240993 -4.153018 7.896606
v 8.356494 -2.862218 8.481308
v 8.593295 -2.349717 6.667205
v 8.649394 -2.832218 8.260315
v 8.321795 -1.513917 9.581207
v 8.454593 -2.964917 5.757904
v 8.311091 -1.483717 8.556702
v 8.650493 -1.456417 8.339813
v 8.498996 -2.185317 6.098114
v 8.605189 -1.540117 6.761413
v 8.536090 -0.200617 8.044510
v 8.735095 -2.931717 5.687515
v 8.529796 -1.526417 6.146408
v 8.794894 -2.187917 6.009002
v 8.678790 -3.488517 5.138107
v 8.592792 -0.660717 6.596207
v 8.607692 -3.814417 4.482009
v 8.795794 -3.325417 4.985809
v 8.739596 -3.621217 4.387603
v 8.664195 -3.707317 3.704208
v 8.841792 -2.818617 5.486709
v 8.607394 -3.596017 3.133010
v 8.910396 -2.138217 5.779907
v 8.799495 -2.544517 5.051605
v 8.813693 -1.540517 6.067504
v 8.851390 -2.028717 5.273803
v 8.927493 -1.547917 5.833206
v 8.864390 -1.581317 5.314315
v 8.812289 -0.862017 5.923508
v 8.495791 -0.841317 6.021103
v 8.926196 -0.929317 5.701904
v 8.863391 -1.112417 5.214706
v 8.931094 -1.596217 5.123901
v 8.765895 -0.205316 5.548111
v 8.831393 -0.658516 4.955307
v 8.883891 -0.330516 5.359711
v 8.483195 -0.119016 5.618210
v 8.924495 -1.184417 5.023010
v 8.541690 0.263184 6.110703
v 8.386592 0.428884 5.001511
v 8.351993 1.179883 7.260010
v 8.419391 0.956784 5.330002
v 8.199695 2.108184 6.071015
v 8.150294 -0.127317 8.236710
v 8.027995 1.340384 7.469406
v 8.166995 -0.050317 8.454102
v 7.899096 2.272884 6.228608
v 7.932894 1.495484 7.586609
v 8.158893 0.235983 9.292114
v 7.755793 2.790285 4.762406
v 7.790095 2.607584 6.341507
v 7.852892 2.092284 8.218002
v 8.066493 2.538384 4.681305
v 7.572192 3.121885 4.782715
v 8.317592 1.286484 4.389114
v 7.605395 2.774185 3.208512
v 7.914195 2.504485 3.187806
v 8.306094 0.689284 4.258209
v 8.215091 1.279684 3.412506
v 7.782794 1.966685 1.860413
v 7.394396 3.143585 3.337708
v 7.451693 2.254885 1.755814
v 7.256693 2.725285 2.022309
v 7.110995 3.823185 3.278916
v 6.987391 3.382986 1.939408
v 7.171793 2.273485 1.305008
v 6.863894 3.118785 1.360505
v 6.161990 4.653185 1.973313
v 6.097491 4.321486 1.449311
v 7.276492 3.907385 4.877808
v 6.177996 5.197385 3.155808
v 7.565691 3.371085 6.757309
v 6.350695 5.679585 4.875916
v 6.952792 4.729884 6.048112
v 7.646090 3.203884 8.749604
v 7.235095 4.219284 7.215714
v 6.506594 5.746586 6.227509
v 7.543490 2.446383 10.880203
v 7.095896 4.479784 9.195512
v 6.798693 5.338884 7.820603
v 7.373095 3.621584 10.218614
v 5.762690 6.481185 8.658616
v 6.159091 5.676684 10.460313
v 5.404696 6.880185 6.595613
v 5.144694 6.873185 4.958314
v 4.082194 7.727386 6.780214
v 4.421893 7.432001 9.302995
v 6.498095 4.566684 11.615510
v 4.926493 6.511584 11.341813
v 2.778893 8.241686 6.902605
v 3.078992 7.937385 9.656510
v 5.296893 5.219684 12.691010
v 3.939994 7.665485 5.001512
v 6.825190 3.090584 12.401612
v 3.447892 7.070385 11.981507
v 7.077990 1.263483 12.928909
v 5.574091 3.476684 13.810914
v 7.766596 0.918183 11.368805
v 7.893496 -0.897518 11.633011
v 7.287890 -0.745818 13.117905
v 8.030993 -2.280818 11.612106
v 5.873789 1.501783 14.457703
v 7.309794 -2.574418 13.197311
v 6.098696 -0.693118 14.696503
v 7.316889 -4.094618 13.025405
v 6.212092 -2.903119 14.666306
v 4.478991 -0.579618 16.012115
v 4.200892 1.660283 15.692307
v 3.934794 3.840083 14.921311
v 1.989194 4.113183 15.583314
v -0.000007 4.122083 15.778810
v 3.660191 5.619684 13.613404
v 1.799294 5.881184 14.272508
v -0.000007 5.889284 14.453904
v -0.000007 7.428185 12.487412
v 1.616395 7.375284 12.362214
v -0.000007 8.419285 9.977906
v 1.476391 8.334085 9.887712
v -0.000007 8.715985 7.030809
v 1.357392 8.611985 7.016405
v 1.301892 8.510486 5.102708
v -0.000007 8.608186 5.124803
v -0.000007 8.124886 3.116914
v 2.627595 8.131785 5.044603
v 1.291993 8.050501 3.092088
v 3.892192 7.148686 3.156816
v 2.559994 7.635886 3.089509
v 1.235592 7.445686 2.009706
v -0.000007 7.506286 1.995515
v -0.000007 7.096385 1.533509
v 2.519994 7.135286 1.979203
v 3.835894 6.582386 1.982804
v 5.151789 6.241886 3.132005
v 5.187693 5.665886 2.028413
v 5.077296 5.319485 1.496308
v 3.732594 6.198486 1.515809
v 5.085589 5.087871 0.792619
v 2.481393 6.740786 1.510316
v 3.665593 5.929286 0.730912
v 1.242192 7.038986 1.530915
v 2.504594 6.434886 0.698411
v 1.192792 6.791886 0.678605
v -0.000007 6.847687 0.669007
v 1.076691 6.054586 0.921311
v -0.000007 6.099486 0.905610
v 3.299393 5.271886 0.900712
v 1.069691 5.940187 0.736405
v -0.000007 6.015387 0.722810
v 2.262192 5.740386 0.972215
v 2.215192 5.666386 0.763810
v 3.273091 5.171386 0.700517
v 4.574893 4.423685 0.561402
v 4.615496 4.476186 0.738816
v 5.421793 3.556586 0.495804
v 5.447695 3.640586 0.710206
v 6.079096 2.229185 0.435303
v 6.109591 4.107885 0.749909
v 6.846095 2.906885 0.661011
v 6.286791 1.177785 0.400803
v 7.132395 2.203085 0.500809
v 6.414591 1.259785 -0.148651
v 6.048693 -0.112815 -0.294891
v 6.348841 0.282100 -0.576858
v 6.069994 -1.805116 -0.562088
v 6.282992 -0.763516 -0.858292
v 6.188189 -2.095666 -1.001541
v 6.995989 0.227985 -0.546692
v 6.919390 -1.615916 -0.879791
v 7.064196 1.240785 -0.124496
v 6.927889 -0.847016 -0.822189
v 7.092692 1.279985 0.309616
v 7.013491 0.171085 -0.320694
v 7.301394 1.219484 0.513306
v 6.934390 -0.856216 -0.560791
v 7.183093 -0.069616 -0.262589
v 7.615695 0.982784 0.710205
v 7.073596 -1.407416 -0.615891
v 7.145792 -1.311116 -0.406098
v 7.535693 -0.165416 -0.019287
v 7.530390 -1.254416 -0.168396
v 7.811289 -2.018116 -0.138596
v 7.907794 -1.483516 0.978103
v 7.932894 -0.567316 1.178512
v 7.966593 -2.416016 1.672210
v 7.982394 -1.498816 1.563705
v 8.286593 -2.940717 1.981811
v 8.263194 -2.398116 1.707916
v 8.541095 -3.326917 2.604110
v 8.446895 -2.824616 2.108001
v 8.621791 -3.133717 3.267501
v 8.571490 -2.929717 2.866607
v 8.425593 -2.329816 1.858215
v 8.664790 -3.218017 3.700408
v 8.267795 -1.517416 1.596802
v 8.721995 -3.152817 4.218505
v 8.797793 -2.933117 4.135101
v 8.758090 -2.929617 4.671905
v 8.743991 -2.972117 3.691009
v 8.853396 -2.720017 4.545410
v 8.696589 -2.895117 3.317703
v 8.891292 -2.415517 4.866912
v 8.660792 -2.676517 2.977310
v 8.916896 -1.976317 5.075210
v 8.492091 -2.361516 2.395904
v 8.610492 -2.272617 2.626907
v 8.603396 -1.648416 2.496002
v 8.483592 -1.565716 2.223816
v 8.428790 -1.526916 1.756714
v 8.609492 -1.157201 2.558090
v 8.524791 -1.078516 2.338302
v 8.479396 -0.884716 1.907211
v 8.547694 -0.668416 2.568802
v 8.637897 -0.823116 2.757507
v 8.322291 -0.813116 1.761612
v 8.509593 -0.343516 2.211212
v 8.002192 -0.775016 1.722107
v 8.355395 -0.219616 2.095108
v 8.567294 -0.302016 2.990814
v 8.055995 -0.136416 2.087006
v 8.000995 0.241185 1.640503
v 8.128489 0.413484 2.703003
v 8.092792 0.937284 2.420304
v 8.225093 0.683984 3.486816
v 8.383792 0.310484 2.705704
v 8.535495 0.139784 2.768005
v 8.518992 0.582784 3.497208
v 8.622294 0.393884 3.489716
v 8.624293 -0.108016 3.537903
v 8.612994 0.569384 4.220901
v 8.722194 0.379384 4.149612
v 8.703395 -0.119516 4.038101
v 8.664592 0.323484 4.923615
v 8.791492 0.151684 4.790207
v 8.761294 -0.293016 4.523605
v 8.885592 -0.770316 4.800812
v 8.832690 -0.435516 4.411316
v 8.679393 -0.485016 3.122711
v 8.785594 -0.311816 3.993011
v 8.732295 -0.323116 3.549316
v -3.471507 -5.510816 -5.009034
v -3.610107 -5.507716 -5.644090
v -4.636308 -4.119266 -4.579987
v -5.495409 -3.198766 -3.526551
v -5.015306 -4.432715 -4.909287
v -2.645507 -6.150517 -5.947190
v -5.947256 -2.760516 -2.522690
v -1.164508 -6.527216 -6.300385
v -2.752208 -6.080216 -6.381898
v -1.214607 -6.462816 -6.753297
v -1.262008 -6.540616 -6.914186
v -3.849008 -5.465016 -5.933488
v -2.795707 -6.182016 -6.507096
v -1.488208 -8.749117 -7.665300
v -2.894008 -8.768917 -7.432497
v -1.552858 -10.572917 -8.293947
v -2.853908 -10.143618 -7.874849
v -1.624507 -11.370418 -7.923693
v -2.869308 -10.926717 -7.581194
v -1.645606 -11.638217 -7.224489
v -3.146205 -10.782018 -7.399294
v -1.688007 -12.412519 -4.684496
v -2.936507 -11.281017 -6.868090
v -1.705905 -12.774919 -2.999392
v -2.974006 -11.729417 -4.733889
v -1.771106 -13.193019 -0.836687
v -3.176006 -12.014918 -2.933687
v -1.882907 -13.395604 1.556684
v -3.392307 -12.190619 -0.777590
v -1.983806 -13.401820 3.922407
v -3.685405 -12.274920 1.416700
v -1.999706 -13.272720 5.413312
v -3.892907 -12.342521 3.937101
v -2.033508 -12.709121 8.830610
v -3.968805 -12.257820 5.501310
v -5.440408 -10.668220 4.165602
v -5.379907 -10.174519 0.605604
v -4.659807 -10.716118 -1.015093
v -5.471506 -10.705420 5.823713
v -4.048807 -11.108518 -2.964693
v -4.030405 -11.770419 8.772001
v -3.647708 -11.164517 -4.746492
v -5.190406 -9.540718 -1.575929
v -3.334708 -11.034818 -6.385988
v -4.683282 -10.012093 -3.059969
v -4.157983 -10.223442 -4.964815
v -3.496707 -10.725718 -6.802187
v -3.732156 -9.986768 -6.819551
v -4.474306 -9.123318 -5.016099
v -3.307107 -9.855843 -7.627504
v -4.067407 -8.914917 -6.316698
v -3.692355 -8.783217 -7.118379
v -4.459505 -8.119817 -5.973787
v -4.289705 -7.408617 -6.461549
v -4.982309 -8.949802 -3.201707
v -5.655405 -7.533617 -2.608094
v -5.274606 -6.776716 -5.223496
v -3.983209 -5.427416 -6.041993
v -4.941206 -6.141167 -5.905946
v -5.156610 -4.394616 -5.134095
v -5.245706 -4.428515 -5.255998
v -6.174806 -5.605316 -4.188996
v -5.889558 -4.944816 -5.042603
v -6.284906 -3.193416 -4.078293
v -6.194307 -3.235915 -3.971894
v -6.935609 -3.778466 -3.920594
v -6.120607 -3.335115 -3.772492
v -6.589006 -2.687716 -3.296387
v -6.514009 -2.804116 -3.164994
v -6.556108 -2.888016 -2.696991
v -7.228410 -3.318016 -3.249390
v -6.867410 -2.192816 -2.502686
v -7.026605 -4.713716 -2.873795
v -7.479005 -2.858766 -2.460480
v -7.309007 -4.291116 -2.058091
v -6.255609 -6.443817 -1.927491
v -6.842309 -5.364617 -1.155595
v -7.330705 -3.415016 -0.373490
v -7.506204 -2.146916 -0.637085
v -7.240404 -4.434916 0.236205
v -7.350908 -3.311116 -0.138291
v -6.329309 -6.802418 -1.154390
v -6.795709 -5.928617 -0.447495
v -5.847703 -7.718817 -1.739000
v -5.452806 -8.415518 -1.983293
v -6.071504 -7.879317 -0.828096
v -5.859231 -8.867844 -0.090547
v -6.541406 -7.296317 -0.067399
v -6.593282 -8.006343 1.137694
v -7.004907 -6.483617 0.746413
v -6.341005 -8.921018 2.299208
v -7.152982 -7.098818 2.064574
v -7.377206 -5.372517 1.092513
v -7.421007 -6.235367 2.060561
v -7.434709 -5.221117 1.229812
v -7.300104 -4.290717 0.432815
v -7.579805 -5.879618 2.284804
v -7.867807 -5.023617 1.397811
v -7.741006 -4.144717 0.626403
v -7.528505 -6.766418 3.106810
v -8.016107 -5.645718 2.409514
v -7.172006 -7.696018 3.657302
v -7.689104 -6.271518 3.509902
v -7.591409 -6.870419 4.584502
v -6.262308 -9.509219 4.545607
v -7.155305 -7.887818 5.292906
v -6.297510 -9.537519 6.214308
v -5.502107 -10.404019 8.687513
v -7.276605 -7.909819 6.974608
v -6.341104 -9.367620 8.676008
v -5.342309 -9.731420 11.186506
v -7.685403 -6.670818 5.958800
v -3.882005 -10.809320 11.505201
v -7.857606 -6.216619 5.018905
v -2.012206 -11.525221 11.686201
v -8.131303 -5.971117 3.568801
v -1.993308 -10.142421 13.597105
v -3.831506 -9.593120 13.338408
v -1.976108 -8.322321 15.170714
v -5.319604 -8.707919 12.860106
v -3.781610 -7.910620 14.862105
v -2.674308 -5.543920 16.268814
v -5.232408 -7.352820 14.186004
v -2.615306 -3.393419 16.787613
v -4.901803 -5.188019 15.424010
v -2.494708 -0.626118 16.755203
v -4.656610 -3.186119 16.018112
v -6.295610 -6.736419 13.466201
v -2.229606 1.863167 16.438217
v -6.285005 -4.665919 14.343505
v -1.989208 4.113183 15.583314
v -4.200906 1.660283 15.692307
v -1.799308 5.881184 14.272508
v -3.934808 3.840083 14.921311
v -3.660205 5.619684 13.613404
v -1.616409 7.375284 12.362214
v -5.296907 5.219684 12.691010
v -1.476406 8.334085 9.887712
v -3.447906 7.070385 11.981507
v -3.079005 7.937385 9.656510
v -1.357406 8.611985 7.016405
v -1.301906 8.510486 5.102708
v -2.778907 8.241686 6.902605
v -4.926507 6.511584 11.341813
v -4.421907 7.432001 9.302995
v -2.627609 8.131785 5.044603
v -6.159105 5.676684 10.460313
v -1.292007 8.050501 3.092088
v -1.235607 7.445686 2.009706
v -2.560008 7.635886 3.089509
v -1.242206 7.038986 1.530915
v -2.520007 7.135286 1.979203
v -1.192806 6.791886 0.678605
v -2.481406 6.740786 1.510316
v -2.504607 6.434886 0.698411
v -1.076705 6.054586 0.921311
v -3.665607 5.929286 0.730912
v -1.069705 5.940187 0.736405
v -2.215205 5.666386 0.763810
v -2.262206 5.740386 0.972215
v -3.273105 5.171386 0.700517
v -3.299407 5.271886 0.900712
v -4.574907 4.423685 0.561402
v -4.615510 4.476186 0.738816
v -5.421808 3.556586 0.495804
v -6.079111 2.229185 0.435303
v -5.447710 3.640586 0.710206
v -5.085603 5.087871 0.792619
v -3.732608 6.198486 1.515809
v -3.835908 6.582386 1.982804
v -5.077310 5.319485 1.496308
v -3.892205 7.148686 3.156816
v -5.187707 5.665886 2.028413
v -6.097505 4.321486 1.449311
v -3.940007 7.665485 5.001512
v -5.151803 6.241886 3.132005
v -4.082208 7.727386 6.780214
v -5.144708 6.873185 4.958314
v -6.178010 5.197385 3.155808
v -5.762704 6.481185 8.658616
v -5.404710 6.880185 6.595613
v -6.506608 5.746586 6.227509
v -6.798707 5.338884 7.820603
v -7.095911 4.479784 9.195512
v -7.235109 4.219284 7.215714
v -6.350709 5.679585 4.875916
v -6.952806 4.729884 6.048112
v -7.646104 3.203884 8.749604
v -7.276506 3.907385 4.877808
v -7.565706 3.371085 6.757309
v -7.373109 3.621584 10.218614
v -7.852907 2.092284 8.218002
v -6.498109 4.566684 11.615510
v -7.543504 2.446383 10.880203
v -6.825204 3.090584 12.401612
v -5.574106 3.476684 13.810914
v -7.078004 1.263483 12.928909
v -5.873804 1.501783 14.457703
v -4.479005 -0.579618 16.012115
v -6.098711 -0.693118 14.696503
v -7.287904 -0.745818 13.117905
v -7.766611 0.918183 11.368805
v -6.212106 -2.903119 14.666306
v -7.309808 -2.574418 13.197311
v -7.316904 -4.094618 13.025405
v -7.166811 -5.878419 12.339202
v -7.996606 -3.424618 11.314803
v -8.031007 -2.280818 11.612106
v -7.893510 -0.897518 11.633011
v -8.357606 -3.090518 9.358001
v -8.158906 0.235983 9.292114
v -8.321809 -1.513917 9.581207
v -7.860208 -4.827418 10.363204
v -7.932909 1.495484 7.586609
v -7.636209 -5.795919 10.514403
v -8.167008 -0.050317 8.454102
v -7.146204 -6.773319 11.432509
v -8.311105 -1.483717 8.556702
v -7.591005 -6.419718 9.823607
v -6.396005 -7.889219 12.352904
v -7.130411 -7.480619 10.345412
v -6.266305 -8.738819 10.842315
v -7.165605 -7.772719 8.767104
v -7.699106 -6.230019 8.785705
v -7.791704 -6.083119 7.645415
v -8.133409 -4.411218 8.894805
v -8.016908 -5.553318 6.599502
v -8.241006 -4.153018 7.896606
v -8.356507 -2.862218 8.481308
v -8.595109 -4.003918 7.683715
v -8.438905 -5.298318 6.434203
v -8.649407 -2.832218 8.260315
v -8.278306 -5.878718 5.021514
v -8.650506 -1.456417 8.339813
v -8.226808 -4.597517 3.691909
v -8.593308 -2.349717 6.667205
v -8.350106 -4.478618 4.707107
v -8.534707 -3.330017 6.226806
v -8.447808 -4.054917 5.528701
v -8.380105 -3.567217 5.162811
v -8.454606 -2.964917 5.757904
v -8.499009 -2.185317 6.098114
v -8.735108 -2.931717 5.687515
v -8.605203 -1.540117 6.761413
v -8.794908 -2.187917 6.009002
v -8.536103 -0.200617 8.044510
v -8.529809 -1.526417 6.146408
v -8.150308 -0.127317 8.236710
v -8.592805 -0.660717 6.596207
v -8.028008 1.340384 7.469406
v -8.352006 1.179883 7.260010
v -7.899110 2.272884 6.228608
v -7.790109 2.607584 6.341507
v -8.199708 2.108184 6.071015
v -7.572206 3.121885 4.782715
v -7.755807 2.790285 4.762406
v -7.111009 3.823185 3.278916
v -7.394411 3.143585 3.337708
v -6.162004 4.653185 1.973313
v -6.987405 3.382986 1.939408
v -6.863908 3.118785 1.360505
v -7.256708 2.725285 2.022309
v -6.109605 4.107885 0.749909
v -6.846109 2.906885 0.661011
v -7.171808 2.273485 1.305008
v -7.132410 2.203085 0.500809
v -7.605409 2.774185 3.208512
v -7.451707 2.254885 1.755814
v -8.066506 2.538384 4.681305
v -7.782808 1.966685 1.860413
v -7.914209 2.504485 3.187806
v -7.301408 1.219484 0.513306
v -7.092706 1.279985 0.309616
v -7.013505 0.171085 -0.320694
v -7.064210 1.240785 -0.124496
v -6.414606 1.259785 -0.148651
v -6.996004 0.227985 -0.546692
v -6.286806 1.177785 0.400803
v -6.348855 0.282100 -0.576858
v -6.048707 -0.112815 -0.294891
v -6.283006 -0.763516 -0.858292
v -6.070009 -1.805116 -0.562088
v -6.188203 -2.095666 -1.001541
v -6.722208 -2.089816 -1.079193
v -6.919405 -1.615916 -0.879791
v -6.819604 -2.238016 -2.319886
v -6.927904 -0.847016 -0.822189
v -7.073610 -1.407416 -0.615891
v -6.934404 -0.856216 -0.560791
v -7.533105 -2.061516 -0.376099
v -7.145807 -1.311116 -0.406098
v -7.183107 -0.069616 -0.262589
v -7.535707 -0.165416 -0.019287
v -7.615709 0.982784 0.710205
v -7.530405 -1.254416 -0.168396
v -7.932909 -0.567316 1.178512
v -8.092805 0.937284 2.420304
v -7.811304 -2.018116 -0.138596
v -8.001008 0.241185 1.640503
v -8.215104 1.279684 3.412506
v -8.128503 0.413484 2.703003
v -8.317605 1.286484 4.389114
v -8.225106 0.683984 3.486816
v -8.306108 0.689284 4.258209
v -8.419404 0.956784 5.330002
v -8.386605 0.428884 5.001511
v -8.541703 0.263184 6.110703
v -8.483209 -0.119016 5.618210
v -8.495805 -0.841317 6.021103
v -8.765908 -0.205316 5.548111
v -8.812303 -0.862017 5.923508
v -8.813706 -1.540517 6.067504
v -8.664605 0.323484 4.923615
v -8.910409 -2.138217 5.779907
v -8.927506 -1.547917 5.833206
v -8.926209 -0.929317 5.701904
v -8.883904 -0.330516 5.359711
v -8.863404 -1.112417 5.214706
v -8.791505 0.151684 4.790207
v -8.831407 -0.658516 4.955307
v -8.613008 0.569384 4.220901
v -8.864404 -1.581317 5.314315
v -8.519006 0.582784 3.497208
v -8.722207 0.379384 4.149612
v -8.383805 0.310484 2.705704
v -8.622308 0.393884 3.489716
v -8.761308 -0.293016 4.523605
v -8.703408 -0.119516 4.038101
v -8.535508 0.139784 2.768005
v -8.885606 -0.770316 4.800812
v -8.624307 -0.108016 3.537903
v -8.832704 -0.435516 4.411316
v -8.785607 -0.311816 3.993011
v -8.679406 -0.485016 3.122711
v -8.732308 -0.323116 3.549316
v -8.567307 -0.302016 2.990814
v -8.637910 -0.823116 2.757507
v -8.924508 -1.184417 5.023010
v -8.547708 -0.668416 2.568802
v -8.931108 -1.596217 5.123901
v -8.609506 -1.157201 2.558090
v -8.603410 -1.648416 2.496002
v -8.851403 -2.028717 5.273803
v -8.916909 -1.976317 5.075210
v -8.841805 -2.818617 5.486709
v -8.891305 -2.415517 4.866912
v -8.678803 -3.488517 5.138107
v -8.799508 -2.544517 5.051605
v -8.795808 -3.325417 4.985809
v -8.607705 -3.814417 4.482009
v -8.301507 -3.889517 4.509704
v -8.739610 -3.621217 4.387603
v -8.208505 -4.001417 3.733215
v -8.524903 -3.908817 3.732513
v -8.131303 -4.424917 2.902007
v -8.462609 -3.786717 3.106109
v -8.025605 -4.061217 2.152206
v -8.149705 -3.821717 3.095107
v -8.664208 -3.707317 3.704208
v -7.990510 -3.392516 1.467910
v -8.063508 -3.528117 2.494506
v -8.389909 -3.491617 2.526016
v -7.714708 -3.237916 0.096603
v -7.992410 -3.012616 1.950714
v -7.908708 -2.645516 1.077804
v -7.907808 -1.483516 0.978103
v -7.966608 -2.416016 1.672210
v -8.286607 -2.940717 1.981811
v -7.982408 -1.498816 1.563705
v -8.263207 -2.398116 1.707916
v -8.541108 -3.326917 2.604110
v -8.446908 -2.824616 2.108001
v -8.607408 -3.596017 3.133010
v -8.621804 -3.133717 3.267501
v -8.664804 -3.218017 3.700408
v -8.722009 -3.152817 4.218505
v -8.571504 -2.929717 2.866607
v -8.758103 -2.929617 4.671905
v -8.797807 -2.933117 4.135101
v -8.853410 -2.720017 4.545410
v -8.744004 -2.972117 3.691009
v -8.696603 -2.895117 3.317703
v -8.660806 -2.676517 2.977310
v -8.492105 -2.361516 2.395904
v -8.610505 -2.272617 2.626907
v -8.425607 -2.329816 1.858215
v -8.483605 -1.565716 2.223816
v -8.267808 -1.517416 1.596802
v -8.428803 -1.526916 1.756714
v -8.524804 -1.078516 2.338302
v -8.479409 -0.884716 1.907211
v -8.509606 -0.343516 2.211212
v -8.322305 -0.813116 1.761612
v -8.355409 -0.219616 2.095108
v -8.002206 -0.775016 1.722107
v -8.056008 -0.136416 2.087006
v 6.120593 -3.335115 -3.772492
v 6.513995 -2.804116 -3.164994
v 6.556094 -2.888016 -2.696991
v 6.819590 -2.238016 -2.319886
v 6.722193 -2.089816 -1.079193
vt 0.793836 0.273511
vt 0.756041 0.316268
vt 0.774633 0.257605
vt 0.829261 0.229270
vt 0.780866 0.313937
vt 0.831592 0.254096
vt 0.800281 0.351693
vt 0.784376 0.370896
vt 0.843039 0.389488
vt 0.818737 0.294574
vt 0.813369 0.311223
vt 0.821345 0.326791
vt 0.834306 0.286598
vt 0.836150 0.309379
vt 0.850955 0.291967
vt 0.872018 0.267065
vt 0.887924 0.247862
vt 0.916258 0.302490
vt 0.891433 0.304821
vt 0.858931 0.307535
vt 0.853562 0.324184
vt 0.878464 0.345247
vt 0.897666 0.361153
vt 0.837993 0.332160
vt 0.840708 0.364662
vt 0.793836 0.273511
vt 0.780866 0.313937
vt 0.831592 0.254096
vt 0.800281 0.351693
vt 0.818737 0.294574
vt 0.813369 0.311223
vt 0.840708 0.364662
vt 0.821345 0.326791
vt 0.836150 0.309379
vt 0.834306 0.286598
vt 0.837993 0.332160
vt 0.850955 0.291967
vt 0.853562 0.324184
vt 0.878464 0.345247
vt 0.858931 0.307535
vt 0.891433 0.304821
vt 0.872018 0.267065
vt 0.433500 0.796100
vt 0.451000 0.791100
vt 0.441800 0.801700
vt 0.442500 0.786400
vt 0.423500 0.789400
vt 0.452300 0.774200
vt 0.461400 0.777400
vt 0.462600 0.753400
vt 0.433200 0.781300
vt 0.414300 0.782500
vt 0.442900 0.753600
vt 0.459200 0.741800
vt 0.443200 0.770500
vt 0.423100 0.773800
vt 0.408200 0.777300
vt 0.435000 0.766500
vt 0.412700 0.763900
vt 0.401600 0.770000
vt 0.421700 0.756200
vt 0.407900 0.755300
vt 0.397100 0.764100
vt 0.425100 0.751300
vt 0.395700 0.743200
vt 0.389600 0.757100
vt 0.383500 0.747300
vt 0.380000 0.736150
vt 0.417600 0.746700
vt 0.406600 0.739700
vt 0.438250 0.742150
vt 0.453900 0.726850
vt 0.411200 0.732900
vt 0.440730 0.730569
vt 0.428744 0.690912
vt 0.395500 0.731800
vt 0.416650 0.723700
vt 0.398200 0.722700
vt 0.384000 0.726650
vt 0.373500 0.731900
vt 0.400950 0.714600
vt 0.389900 0.717700
vt 0.378800 0.724400
vt 0.386600 0.717500
vt 0.364300 0.720400
vt 0.361300 0.728000
vt 0.356400 0.722800
vt 0.385000 0.711200
vt 0.358100 0.712500
vt 0.351800 0.715100
vt 0.348000 0.704700
vt 0.391200 0.698450
vt 0.379000 0.701900
vt 0.355000 0.703400
vt 0.343200 0.693200
vt 0.376100 0.688100
vt 0.389850 0.687600
vt 0.391350 0.676850
vt 0.378300 0.673900
vt 0.349600 0.690600
vt 0.345200 0.680100
vt 0.333900 0.691900
vt 0.330900 0.681600
vt 0.344100 0.671700
vt 0.343400 0.664300
vt 0.327400 0.675400
vt 0.433500 0.796100
vt 0.442500 0.786400
vt 0.423500 0.789400
vt 0.452300 0.774200
vt 0.433200 0.781300
vt 0.414300 0.782500
vt 0.442900 0.753600
vt 0.443200 0.770500
vt 0.423100 0.773800
vt 0.408200 0.777300
vt 0.435000 0.766500
vt 0.412700 0.763900
vt 0.401600 0.770000
vt 0.421700 0.756200
vt 0.407900 0.755300
vt 0.397100 0.764100
vt 0.425100 0.751300
vt 0.395700 0.743200
vt 0.389600 0.757100
vt 0.383500 0.747300
vt 0.380000 0.736150
vt 0.417600 0.746700
vt 0.406600 0.739700
vt 0.395500 0.731800
vt 0.438250 0.742150
vt 0.411200 0.732900
vt 0.440730 0.730569
vt 0.416650 0.723700
vt 0.398200 0.722700
vt 0.384000 0.726650
vt 0.373500 0.731900
vt 0.400950 0.714600
vt 0.389900 0.717700
vt 0.378800 0.724400
vt 0.386600 0.717500
vt 0.364300 0.720400
vt 0.361300 0.728000
vt 0.356400 0.722800
vt 0.385000 0.711200
vt 0.358100 0.712500
vt 0.351800 0.715100
vt 0.348000 0.704700
vt 0.391200 0.698450
vt 0.379000 0.701900
vt 0.355000 0.703400
vt 0.343200 0.693200
vt 0.376100 0.688100
vt 0.389850 0.687600
vt 0.349600 0.690600
vt 0.345200 0.680100
vt 0.333900 0.691900
vt 0.330900 0.681600
vt 0.344100 0.671700
vt 0.305300 0.922200
vt 0.301700 0.934600
vt 0.295700 0.928500
vt 0.309500 0.927700
vt 0.313800 0.912600
vt 0.312300 0.931400
vt 0.319000 0.917400
vt 0.325800 0.906800
vt 0.321500 0.903400
vt 0.321500 0.920700
vt 0.306200 0.937800
vt 0.293550 0.941750
vt 0.331350 0.898800
vt 0.328800 0.895900
vt 0.298000 0.945700
vt 0.288450 0.946900
vt 0.291800 0.950700
vt 0.308400 0.940100
vt 0.299800 0.948200
vt 0.293500 0.953400
vt 0.293600 0.954300
vt 0.300600 0.949200
vt 0.299400 0.968800
vt 0.314500 0.932500
vt 0.309000 0.941100
vt 0.307500 0.963100
vt 0.315700 0.932700
vt 0.315500 0.958500
vt 0.313900 0.974350
vt 0.307600 0.981850
vt 0.318750 0.967000
vt 0.318300 0.977900
vt 0.313400 0.986900
vt 0.318700 0.989700
vt 0.322200 0.970700
vt 0.322600 0.979700
vt 0.337300 0.994800
vt 0.323400 0.969000
vt 0.339400 0.984100
vt 0.349300 0.996900
vt 0.326700 0.972100
vt 0.350600 0.985600
vt 0.364700 0.998500
vt 0.339600 0.974300
vt 0.365200 0.986700
vt 0.381700 0.999000
vt 0.351100 0.974500
vt 0.381300 0.986400
vt 0.399100 0.998300
vt 0.364900 0.973900
vt 0.397400 0.985300
vt 0.410300 0.996700
vt 0.379100 0.972400
vt 0.407500 0.983800
vt 0.395300 0.971000
vt 0.430800 0.977700
vt 0.435500 0.990500
vt 0.405400 0.969500
vt 0.394500 0.956000
vt 0.371500 0.954600
vt 0.362000 0.960900
vt 0.405100 0.955500
vt 0.350200 0.966000
vt 0.426500 0.964400
vt 0.339400 0.968400
vt 0.357125 0.952250
vt 0.329500 0.969200
vt 0.348450 0.957300
vt 0.336975 0.961225
vt 0.326900 0.967200
vt 0.325650 0.962350
vt 0.334900 0.953800
vt 0.320450 0.963900
vt 0.326300 0.954700
vt 0.320650 0.956150
vt 0.326900 0.948600
vt 0.321750 0.945400
vt 0.330000 0.937700
vt 0.323600 0.935400
vt 0.348000 0.939100
vt 0.346100 0.950100
vt 0.353000 0.944700
vt 0.335800 0.927400
vt 0.353800 0.939200
vt 0.359800 0.939100
vt 0.351100 0.930200
vt 0.356400 0.931800
vt 0.365600 0.945550
vt 0.364000 0.933800
vt 0.372425 0.937675
vt 0.380700 0.943700
vt 0.368100 0.927100
vt 0.395500 0.946700
vt 0.377250 0.930400
vt 0.388000 0.933800
vt 0.406100 0.946200
vt 0.398500 0.934600
vt 0.423100 0.952100
vt 0.409100 0.934000
vt 0.421400 0.944000
vt 0.438800 0.947200
vt 0.444200 0.957300
vt 0.434700 0.939400
vt 0.450600 0.968600
vt 0.457300 0.979600
vt 0.448900 0.940300
vt 0.455900 0.949000
vt 0.463900 0.958200
vt 0.472500 0.967800
vt 0.485600 0.952600
vt 0.474800 0.945200
vt 0.496000 0.931100
vt 0.465800 0.937800
vt 0.480600 0.924500
vt 0.501600 0.913300
vt 0.457300 0.931900
vt 0.484600 0.909800
vt 0.466300 0.919000
vt 0.486600 0.890600
vt 0.502700 0.890200
vt 0.471300 0.906800
vt 0.450200 0.926700
vt 0.485700 0.873000
vt 0.499700 0.869500
vt 0.455900 0.914500
vt 0.443300 0.933500
vt 0.441700 0.920800
vt 0.430000 0.930600
vt 0.436400 0.926200
vt 0.420300 0.932900
vt 0.425900 0.923900
vt 0.430000 0.920000
vt 0.419300 0.922900
vt 0.428700 0.914100
vt 0.412000 0.922100
vt 0.419300 0.911400
vt 0.434400 0.905800
vt 0.401700 0.926100
vt 0.422000 0.903200
vt 0.393100 0.927700
vt 0.405200 0.918700
vt 0.383600 0.927400
vt 0.395400 0.923200
vt 0.385700 0.923900
vt 0.376250 0.924300
vt 0.377300 0.921700
vt 0.368900 0.918800
vt 0.369600 0.917600
vt 0.359900 0.924500
vt 0.362100 0.912800
vt 0.354900 0.921200
vt 0.363100 0.911600
vt 0.343600 0.918300
vt 0.371300 0.915000
vt 0.335850 0.914150
vt 0.378400 0.918800
vt 0.328850 0.924800
vt 0.385900 0.920600
vt 0.323500 0.922600
vt 0.331300 0.910900
vt 0.322800 0.921800
vt 0.339300 0.909800
vt 0.330600 0.910300
vt 0.348100 0.914100
vt 0.335300 0.905400
vt 0.343500 0.905200
vt 0.357000 0.905400
vt 0.340100 0.900300
vt 0.358300 0.904500
vt 0.353400 0.895500
vt 0.365300 0.909300
vt 0.355200 0.894500
vt 0.375000 0.908300
vt 0.360700 0.903000
vt 0.370000 0.903700
vt 0.380300 0.910800
vt 0.366600 0.898500
vt 0.385600 0.911800
vt 0.376700 0.904900
vt 0.395000 0.919800
vt 0.372700 0.901200
vt 0.381000 0.906900
vt 0.377900 0.903400
vt 0.385400 0.908100
vt 0.381600 0.905200
vt 0.392200 0.911000
vt 0.385500 0.906100
vt 0.403400 0.915900
vt 0.390600 0.907400
vt 0.397300 0.908300
vt 0.394900 0.905400
vt 0.401700 0.903800
vt 0.410800 0.908100
vt 0.413000 0.909800
vt 0.416600 0.901600
vt 0.404500 0.897700
vt 0.414400 0.901100
vt 0.423800 0.893800
vt 0.398700 0.901500
vt 0.417400 0.893000
vt 0.414900 0.892900
vt 0.401000 0.896600
vt 0.405200 0.892700
vt 0.413500 0.885300
vt 0.397300 0.900500
vt 0.401400 0.892300
vt 0.399200 0.896100
vt 0.394000 0.903700
vt 0.404300 0.887100
vt 0.390100 0.905600
vt 0.393000 0.902500
vt 0.389500 0.904100
vt 0.385400 0.904600
vt 0.396000 0.899600
vt 0.381900 0.903800
vt 0.397700 0.895600
vt 0.393300 0.897900
vt 0.399600 0.892300
vt 0.394600 0.894900
vt 0.398100 0.892200
vt 0.394900 0.892200
vt 0.398900 0.888300
vt 0.400700 0.887800
vt 0.397400 0.888600
vt 0.394400 0.889400
vt 0.393700 0.892200
vt 0.396900 0.884100
vt 0.393000 0.886500
vt 0.395600 0.884900
vt 0.398300 0.883000
vt 0.393200 0.889700
vt 0.401600 0.881000
vt 0.394500 0.879000
vt 0.409600 0.876300
vt 0.397000 0.876100
vt 0.402900 0.869500
vt 0.416000 0.884400
vt 0.411800 0.874900
vt 0.417400 0.884100
vt 0.404600 0.867800
vt 0.412700 0.873900
vt 0.422800 0.883000
vt 0.395500 0.863000
vt 0.405700 0.865900
vt 0.417300 0.870900
vt 0.394400 0.865400
vt 0.396100 0.860700
vt 0.391100 0.873200
vt 0.385100 0.861200
vt 0.384700 0.863900
vt 0.389700 0.876700
vt 0.384600 0.872300
vt 0.375200 0.865800
vt 0.386500 0.858600
vt 0.374500 0.862700
vt 0.376900 0.859400
vt 0.387400 0.853900
vt 0.377600 0.854600
vt 0.371200 0.861500
vt 0.373100 0.855100
vt 0.380700 0.844400
vt 0.376400 0.845200
vt 0.397900 0.855700
vt 0.389500 0.843100
vt 0.409300 0.861600
vt 0.401400 0.843500
vt 0.406900 0.851800
vt 0.421700 0.864800
vt 0.413500 0.856700
vt 0.410000 0.845400
vt 0.434500 0.870900
vt 0.426400 0.857200
vt 0.419100 0.850300
vt 0.431500 0.863500
vt 0.427200 0.842500
vt 0.436800 0.850300
vt 0.415400 0.836400
vt 0.405300 0.833300
vt 0.419800 0.827300
vt 0.434900 0.834200
vt 0.442200 0.858400
vt 0.445500 0.843900
vt 0.423600 0.819100
vt 0.440700 0.826900
vt 0.451900 0.853600
vt 0.407985 0.825309
vt 0.445400 0.867800
vt 0.453800 0.837100
vt 0.447200 0.878900
vt 0.457200 0.865200
vt 0.436400 0.880300
vt 0.437100 0.891000
vt 0.447200 0.890700
vt 0.436300 0.899100
vt 0.459500 0.877600
vt 0.447100 0.901400
vt 0.459700 0.890900
vt 0.445700 0.910300
vt 0.458500 0.904100
vt 0.472900 0.890400
vt 0.472600 0.875900
vt 0.469200 0.861400
vt 0.481400 0.856400
vt 0.493300 0.851600
vt 0.462800 0.848400
vt 0.474000 0.842500
vt 0.483900 0.836400
vt 0.469900 0.822000
vt 0.462600 0.829200
vt 0.452100 0.810000
vt 0.446900 0.818100
vt 0.430600 0.801900
vt 0.427500 0.810400
vt 0.414200 0.807500
vt 0.416200 0.799000
vt 0.401000 0.798000
vt 0.411300 0.816000
vt 0.399800 0.806400
vt 0.394829 0.824300
vt 0.397600 0.815000
vt 0.391200 0.806300
vt 0.391900 0.798300
vt 0.387700 0.798500
vt 0.389200 0.815000
vt 0.386700 0.824300
vt 0.392200 0.833800
vt 0.383700 0.835000
vt 0.379300 0.835300
vt 0.382500 0.824300
vt 0.374335 0.835395
vt 0.385100 0.815200
vt 0.377075 0.823855
vt 0.387000 0.806700
vt 0.379262 0.815383
vt 0.381144 0.806488
vt 0.381715 0.798669
vt 0.375757 0.806285
vt 0.376307 0.799075
vt 0.371956 0.822934
vt 0.374100 0.806100
vt 0.375000 0.799200
vt 0.370350 0.798550
vt 0.368300 0.809000
vt 0.373846 0.814647
vt 0.372300 0.814200
vt 0.365550 0.821150
vt 0.370200 0.822800
vt 0.362750 0.833000
vt 0.367600 0.834400
vt 0.360100 0.842200
vt 0.369307 0.834837
vt 0.364700 0.843900
vt 0.366454 0.843941
vt 0.360429 0.855795
vt 0.355500 0.852350
vt 0.371557 0.845514
vt 0.368065 0.855657
vt 0.355000 0.862400
vt 0.350100 0.858500
vt 0.365797 0.861118
vt 0.357200 0.865350
vt 0.348900 0.872400
vt 0.344250 0.867900
vt 0.337700 0.876300
vt 0.352550 0.872550
vt 0.340400 0.883300
vt 0.329750 0.879150
vt 0.332100 0.884700
vt 0.347800 0.879800
vt 0.340100 0.888000
vt 0.355659 0.875340
vt 0.347832 0.889157
vt 0.360395 0.868081
vt 0.350890 0.883134
vt 0.363200 0.868100
vt 0.357000 0.876000
vt 0.364800 0.869100
vt 0.352700 0.883600
vt 0.357300 0.878200
vt 0.366200 0.871700
vt 0.350800 0.888400
vt 0.353000 0.887700
vt 0.359700 0.879700
vt 0.356600 0.887900
vt 0.357800 0.894100
vt 0.365545 0.890033
vt 0.367400 0.883400
vt 0.370300 0.896900
vt 0.369300 0.890200
vt 0.374000 0.899900
vt 0.372100 0.896300
vt 0.378500 0.902100
vt 0.375100 0.899000
vt 0.382500 0.901000
vt 0.379900 0.899600
vt 0.373400 0.895800
vt 0.385100 0.901600
vt 0.371100 0.890500
vt 0.388300 0.901300
vt 0.387800 0.899900
vt 0.391000 0.900100
vt 0.385000 0.900000
vt 0.390200 0.898700
vt 0.382700 0.899400
vt 0.392100 0.897000
vt 0.380600 0.898000
vt 0.393400 0.894400
vt 0.376700 0.896000
vt 0.378300 0.895500
vt 0.377500 0.891600
vt 0.375600 0.891000
vt 0.372600 0.890600
vt 0.378000 0.888500
vt 0.376500 0.888000
vt 0.373900 0.886600
vt 0.378100 0.885500
vt 0.379300 0.886600
vt 0.372600 0.886000
vt 0.376100 0.883300
vt 0.370800 0.885100
vt 0.375100 0.882200
vt 0.380900 0.883300
vt 0.374000 0.880700
vt 0.371500 0.877900
vt 0.378800 0.877300
vt 0.377600 0.873700
vt 0.384400 0.876100
vt 0.379300 0.879000
vt 0.379800 0.880400
vt 0.384600 0.878000
vt 0.384500 0.879300
vt 0.384400 0.882400
vt 0.389200 0.878600
vt 0.388600 0.879900
vt 0.387600 0.882800
vt 0.393400 0.880500
vt 0.392400 0.881600
vt 0.390500 0.884100
vt 0.391900 0.887100
vt 0.389700 0.885000
vt 0.381700 0.884600
vt 0.387200 0.884000
vt 0.384500 0.883900
vt 0.301700 0.934600
vt 0.305300 0.922200
vt 0.295700 0.928500
vt 0.309500 0.927700
vt 0.313800 0.912600
vt 0.312300 0.931400
vt 0.319000 0.917400
vt 0.325800 0.906800
vt 0.321500 0.903400
vt 0.321500 0.920700
vt 0.306200 0.937800
vt 0.293550 0.941750
vt 0.331350 0.898800
vt 0.328800 0.895900
vt 0.298000 0.945700
vt 0.308400 0.940100
vt 0.299800 0.948200
vt 0.300600 0.949200
vt 0.314500 0.932500
vt 0.309000 0.941100
vt 0.307500 0.963100
vt 0.315500 0.958500
vt 0.313900 0.974350
vt 0.318750 0.967000
vt 0.318300 0.977900
vt 0.322200 0.970700
vt 0.322600 0.979700
vt 0.323400 0.969000
vt 0.339400 0.984100
vt 0.326700 0.972100
vt 0.350600 0.985600
vt 0.339600 0.974300
vt 0.365200 0.986700
vt 0.351100 0.974500
vt 0.381300 0.986400
vt 0.364900 0.973900
vt 0.397400 0.985300
vt 0.379100 0.972400
vt 0.407500 0.983800
vt 0.395300 0.971000
vt 0.430800 0.977700
vt 0.405400 0.969500
vt 0.394500 0.956000
vt 0.371500 0.954600
vt 0.362000 0.960900
vt 0.405100 0.955500
vt 0.350200 0.966000
vt 0.426500 0.964400
vt 0.339400 0.968400
vt 0.357125 0.952250
vt 0.329500 0.969200
vt 0.348450 0.957300
vt 0.336975 0.961225
vt 0.326900 0.967200
vt 0.325650 0.962350
vt 0.334900 0.953800
vt 0.320450 0.963900
vt 0.326300 0.954700
vt 0.320650 0.956150
vt 0.326900 0.948600
vt 0.321750 0.945400
vt 0.346100 0.950100
vt 0.348000 0.939100
vt 0.330000 0.937700
vt 0.315700 0.932700
vt 0.323600 0.935400
vt 0.322800 0.921800
vt 0.323500 0.922600
vt 0.335800 0.927400
vt 0.328850 0.924800
vt 0.331300 0.910900
vt 0.330600 0.910300
vt 0.335850 0.914150
vt 0.329700 0.909100
vt 0.335300 0.905400
vt 0.334500 0.904600
vt 0.334600 0.901300
vt 0.339300 0.909800
vt 0.340100 0.900300
vt 0.343600 0.918300
vt 0.343500 0.905200
vt 0.348100 0.914100
vt 0.351100 0.930200
vt 0.354900 0.921200
vt 0.357000 0.905400
vt 0.353400 0.895500
vt 0.362100 0.912800
vt 0.358300 0.904500
vt 0.356400 0.931800
vt 0.359900 0.924500
vt 0.353800 0.939200
vt 0.353000 0.944700
vt 0.359800 0.939100
vt 0.365600 0.945550
vt 0.364000 0.933800
vt 0.372425 0.937675
vt 0.368100 0.927100
vt 0.380700 0.943700
vt 0.377250 0.930400
vt 0.368900 0.918800
vt 0.376250 0.924300
vt 0.369600 0.917600
vt 0.363100 0.911600
vt 0.377300 0.921700
vt 0.371300 0.915000
vt 0.365300 0.909300
vt 0.383600 0.927400
vt 0.378400 0.918800
vt 0.388000 0.933800
vt 0.385700 0.923900
vt 0.393100 0.927700
vt 0.395500 0.946700
vt 0.398500 0.934600
vt 0.406100 0.946200
vt 0.423100 0.952100
vt 0.409100 0.934000
vt 0.421400 0.944000
vt 0.438800 0.947200
vt 0.401700 0.926100
vt 0.444200 0.957300
vt 0.395400 0.923200
vt 0.450600 0.968600
vt 0.385900 0.920600
vt 0.463900 0.958200
vt 0.455900 0.949000
vt 0.474800 0.945200
vt 0.448900 0.940300
vt 0.465800 0.937800
vt 0.480600 0.924500
vt 0.457300 0.931900
vt 0.484600 0.909800
vt 0.466300 0.919000
vt 0.486600 0.890600
vt 0.471300 0.906800
vt 0.450200 0.926700
vt 0.485700 0.873000
vt 0.455900 0.914500
vt 0.481400 0.856400
vt 0.472600 0.875900
vt 0.474000 0.842500
vt 0.469200 0.861400
vt 0.462800 0.848400
vt 0.462600 0.829200
vt 0.451900 0.853600
vt 0.446900 0.818100
vt 0.453800 0.837100
vt 0.440700 0.826900
vt 0.427500 0.810400
vt 0.414200 0.807500
vt 0.423600 0.819100
vt 0.445500 0.843900
vt 0.434900 0.834200
vt 0.411300 0.816000
vt 0.436800 0.850300
vt 0.399800 0.806400
vt 0.391200 0.806300
vt 0.397600 0.815000
vt 0.387000 0.806700
vt 0.389200 0.815000
vt 0.381144 0.806488
vt 0.385100 0.815200
vt 0.379262 0.815383
vt 0.375757 0.806285
vt 0.377075 0.823855
vt 0.374100 0.806100
vt 0.368300 0.809000
vt 0.372300 0.814200
vt 0.365550 0.821150
vt 0.373846 0.814647
vt 0.370200 0.822800
vt 0.362750 0.833000
vt 0.371956 0.822934
vt 0.367600 0.834400
vt 0.360100 0.842200
vt 0.369307 0.834837
vt 0.364700 0.843900
vt 0.360429 0.855795
vt 0.355500 0.852350
vt 0.366454 0.843941
vt 0.374335 0.835395
vt 0.382500 0.824300
vt 0.386700 0.824300
vt 0.379300 0.835300
vt 0.394829 0.824300
vt 0.383700 0.835000
vt 0.376400 0.845200
vt 0.407985 0.825309
vt 0.392200 0.833800
vt 0.419800 0.827300
vt 0.405300 0.833300
vt 0.389500 0.843100
vt 0.427200 0.842500
vt 0.415400 0.836400
vt 0.410000 0.845400
vt 0.419100 0.850300
vt 0.426400 0.857200
vt 0.413500 0.856700
vt 0.401400 0.843500
vt 0.406900 0.851800
vt 0.421700 0.864800
vt 0.397900 0.855700
vt 0.409300 0.861600
vt 0.431500 0.863500
vt 0.417300 0.870900
vt 0.442200 0.858400
vt 0.434500 0.870900
vt 0.445400 0.867800
vt 0.457200 0.865200
vt 0.447200 0.878900
vt 0.459500 0.877600
vt 0.472900 0.890400
vt 0.459700 0.890900
vt 0.447200 0.890700
vt 0.436400 0.880300
vt 0.458500 0.904100
vt 0.447100 0.901400
vt 0.445700 0.910300
vt 0.441700 0.920800
vt 0.434400 0.905800
vt 0.436300 0.899100
vt 0.437100 0.891000
vt 0.422000 0.903200
vt 0.422800 0.883000
vt 0.423800 0.893800
vt 0.428700 0.914100
vt 0.412700 0.873900
vt 0.430000 0.920000
vt 0.417400 0.884100
vt 0.436400 0.926200
vt 0.417400 0.893000
vt 0.425900 0.923900
vt 0.443300 0.933500
vt 0.430000 0.930600
vt 0.434700 0.939400
vt 0.420300 0.932900
vt 0.419300 0.922900
vt 0.412000 0.922100
vt 0.419300 0.911400
vt 0.405200 0.918700
vt 0.413000 0.909800
vt 0.416600 0.901600
vt 0.410800 0.908100
vt 0.403400 0.915900
vt 0.414400 0.901100
vt 0.395000 0.919800
vt 0.414900 0.892900
vt 0.385600 0.911800
vt 0.404500 0.897700
vt 0.392200 0.911000
vt 0.401700 0.903800
vt 0.397300 0.908300
vt 0.394900 0.905400
vt 0.398700 0.901500
vt 0.401000 0.896600
vt 0.397300 0.900500
vt 0.405200 0.892700
vt 0.399200 0.896100
vt 0.413500 0.885300
vt 0.401400 0.892300
vt 0.416000 0.884400
vt 0.404300 0.887100
vt 0.411800 0.874900
vt 0.409600 0.876300
vt 0.404600 0.867800
vt 0.405700 0.865900
vt 0.402900 0.869500
vt 0.396100 0.860700
vt 0.395500 0.863000
vt 0.387400 0.853900
vt 0.386500 0.858600
vt 0.380700 0.844400
vt 0.377600 0.854600
vt 0.373100 0.855100
vt 0.376900 0.859400
vt 0.371557 0.845514
vt 0.368065 0.855657
vt 0.371200 0.861500
vt 0.365797 0.861118
vt 0.385100 0.861200
vt 0.374500 0.862700
vt 0.394400 0.865400
vt 0.375200 0.865800
vt 0.384700 0.863900
vt 0.364800 0.869100
vt 0.363200 0.868100
vt 0.357000 0.876000
vt 0.360395 0.868081
vt 0.357200 0.865350
vt 0.355659 0.875340
vt 0.355000 0.862400
vt 0.350100 0.858500
vt 0.352550 0.872550
vt 0.348900 0.872400
vt 0.344250 0.867900
vt 0.337700 0.876300
vt 0.347800 0.879800
vt 0.340400 0.883300
vt 0.329750 0.879150
vt 0.332100 0.884700
vt 0.340100 0.888000
vt 0.343500 0.890400
vt 0.347832 0.889157
vt 0.340200 0.899000
vt 0.350890 0.883134
vt 0.350800 0.888400
vt 0.352700 0.883600
vt 0.355200 0.894500
vt 0.353000 0.887700
vt 0.357300 0.878200
vt 0.359700 0.879700
vt 0.366200 0.871700
vt 0.356600 0.887900
vt 0.367400 0.883400
vt 0.377600 0.873700
vt 0.357800 0.894100
vt 0.371500 0.877900
vt 0.384600 0.872300
vt 0.378800 0.877300
vt 0.391100 0.873200
vt 0.384400 0.876100
vt 0.389700 0.876700
vt 0.397000 0.876100
vt 0.394500 0.879000
vt 0.401600 0.881000
vt 0.398300 0.883000
vt 0.400700 0.887800
vt 0.396900 0.884100
vt 0.398900 0.888300
vt 0.399600 0.892300
vt 0.393400 0.880500
vt 0.397700 0.895600
vt 0.398100 0.892200
vt 0.397400 0.888600
vt 0.395600 0.884900
vt 0.394400 0.889400
vt 0.392400 0.881600
vt 0.393000 0.886500
vt 0.389200 0.878600
vt 0.394900 0.892200
vt 0.384600 0.878000
vt 0.388600 0.879900
vt 0.379300 0.879000
vt 0.384500 0.879300
vt 0.390500 0.884100
vt 0.387600 0.882800
vt 0.379800 0.880400
vt 0.391900 0.887100
vt 0.384400 0.882400
vt 0.389700 0.885000
vt 0.387200 0.884000
vt 0.381700 0.884600
vt 0.384500 0.883900
vt 0.380900 0.883300
vt 0.379300 0.886600
vt 0.393200 0.889700
vt 0.378100 0.885500
vt 0.393700 0.892200
vt 0.378000 0.888500
vt 0.377500 0.891600
vt 0.394600 0.894900
vt 0.393400 0.894400
vt 0.396000 0.899600
vt 0.392100 0.897000
vt 0.394000 0.903700
vt 0.393300 0.897900
vt 0.393000 0.902500
vt 0.390100 0.905600
vt 0.390600 0.907400
vt 0.389500 0.904100
vt 0.385400 0.908100
vt 0.385500 0.906100
vt 0.380300 0.910800
vt 0.381600 0.905200
vt 0.375000 0.908300
vt 0.381000 0.906900
vt 0.385400 0.904600
vt 0.370000 0.903700
vt 0.376700 0.904900
vt 0.377900 0.903400
vt 0.360700 0.903000
vt 0.372700 0.901200
vt 0.366600 0.898500
vt 0.365545 0.890033
vt 0.370300 0.896900
vt 0.374000 0.899900
vt 0.369300 0.890200
vt 0.372100 0.896300
vt 0.378500 0.902100
vt 0.375100 0.899000
vt 0.381900 0.903800
vt 0.382500 0.901000
vt 0.385100 0.901600
vt 0.388300 0.901300
vt 0.379900 0.899600
vt 0.391000 0.900100
vt 0.387800 0.899900
vt 0.390200 0.898700
vt 0.385000 0.900000
vt 0.382700 0.899400
vt 0.380600 0.898000
vt 0.376700 0.896000
vt 0.378300 0.895500
vt 0.373400 0.895800
vt 0.375600 0.891000
vt 0.371100 0.890500
vt 0.372600 0.890600
vt 0.376500 0.888000
vt 0.373900 0.886600
vt 0.376100 0.883300
vt 0.372600 0.886000
vt 0.375100 0.882200
vt 0.370800 0.885100
vt 0.374000 0.880700
vt 0.329700 0.909100
vt 0.334500 0.904600
vt 0.334600 0.901300
vt 0.340200 0.899000
vt 0.343500 0.890400
vn 0.4736 -0.5587 0.6808
vn 0.1831 0.0964 0.9784
vn 0.1831 -0.6237 0.7599
vn 0.1831 -0.9784 0.0964
vn 0.4699 0.1002 0.8770
vn 0.4570 -0.8852 0.0872
vn 0.4617 0.6941 0.5523
vn 0.1831 0.7599 0.6237
vn 0.1831 0.9784 -0.0964
vn 0.7959 -0.3841 0.4680
vn 0.8076 0.1043 0.5805
vn 0.8076 0.4842 0.3367
vn 0.8252 -0.5621 0.0554
vn 1.0000 0.0000 -0.0000
vn 0.7959 -0.4680 -0.3841
vn 0.4736 -0.6808 -0.5587
vn 0.1831 -0.7599 -0.6237
vn 0.1831 -0.0964 -0.9784
vn 0.4570 -0.0872 -0.8852
vn 0.8252 -0.0554 -0.5621
vn 0.7959 0.3841 -0.4680
vn 0.4736 0.5587 -0.6808
vn 0.1831 0.6237 -0.7599
vn 0.8252 0.5621 -0.0553
vn 0.4570 0.8852 -0.0872
vn -0.1831 0.0964 0.9784
vn -0.4736 -0.5588 0.6808
vn -0.1831 -0.6237 0.7599
vn -0.1831 -0.9784 0.0964
vn -0.4699 0.1002 0.8770
vn -0.4570 -0.8852 0.0872
vn -0.4617 0.6941 0.5523
vn -0.1831 0.7599 0.6237
vn -0.1831 0.9784 -0.0964
vn -0.7959 -0.3841 0.4680
vn -0.8076 0.1043 0.5805
vn -0.4570 0.8852 -0.0872
vn -0.8076 0.4842 0.3367
vn -1.0000 0.0000 -0.0000
vn -0.8252 -0.5621 0.0554
vn -0.8252 0.5621 -0.0554
vn -0.7959 -0.4680 -0.3841
vn -0.7959 0.3841 -0.4680
vn -0.4736 0.5587 -0.6808
vn -0.1831 0.6237 -0.7599
vn -0.1831 -0.0964 -0.9784
vn -0.8252 -0.0554 -0.5621
vn -0.4570 -0.0872 -0.8852
vn -0.4736 -0.6808 -0.5587
vn -0.1831 -0.7599 -0.6237
vn -0.2248 -0.8895 0.3979
vn -0.1230 -0.9277 0.3524
vn -0.1204 -0.9080 0.4014
vn -0.2319 -0.9086 0.3474
vn -0.3997 -0.8355 0.3770
vn -0.2257 -0.7735 -0.5923
vn -0.1392 -0.8552 -0.4993
vn -0.1604 -0.2510 -0.9546
vn -0.4516 -0.8281 0.3321
vn -0.5792 -0.7572 0.3020
vn -0.2836 -0.1614 -0.9453
vn -0.0777 0.1629 -0.9836
vn -0.4077 -0.7899 -0.4582
vn -0.7740 -0.5936 0.2205
vn -0.8447 -0.5043 0.1791
vn -0.7683 -0.4689 -0.4357
vn -0.9499 -0.2915 0.1126
vn -0.9699 -0.1805 0.1636
vn -0.9256 -0.3005 -0.2302
vn -0.9907 0.0441 0.1287
vn -0.9881 0.0486 0.1459
vn -0.5802 -0.0829 -0.8103
vn -0.9913 0.0443 0.1242
vn -0.9919 0.0508 0.1163
vn -0.9945 0.0200 0.1026
vn -0.9886 -0.1142 -0.0979
vn -0.7988 0.0681 -0.5977
vn -0.9849 0.0293 0.1704
vn -0.1700 0.2091 -0.9630
vn -0.1292 0.1689 -0.9771
vn -0.5933 0.3272 -0.7355
vn -0.1494 0.2105 -0.9661
vn -0.3743 0.5062 -0.7770
vn -0.9907 -0.0039 0.1362
vn -0.3247 0.3631 -0.8734
vn -0.8597 0.3708 -0.3512
vn -0.9297 -0.2681 -0.2528
vn -0.9932 -0.0368 -0.1105
vn -0.4250 0.6842 -0.5927
vn -0.8779 0.2698 -0.3957
vn -0.9798 0.1786 -0.0898
vn -0.9385 0.3452 -0.0043
vn -0.9532 0.2782 0.1182
vn -0.9521 0.2726 0.1384
vn -0.9414 0.1932 0.2763
vn -0.6025 0.7522 -0.2668
vn -0.9159 0.3723 0.1498
vn -0.8596 0.1783 0.4788
vn -0.8297 0.2001 0.5212
vn -0.2304 0.8418 -0.4881
vn -0.5429 0.8341 -0.0975
vn -0.8241 0.5665 0.0034
vn -0.6607 -0.1162 0.7416
vn -0.2902 0.9143 -0.2825
vn -0.1397 0.8841 -0.4459
vn -0.0861 0.9020 -0.4231
vn -0.0948 0.9365 -0.3377
vn -0.7068 0.7013 -0.0926
vn -0.5199 0.8102 0.2705
vn -0.2604 -0.2929 0.9200
vn -0.1167 -0.3012 0.9464
vn -0.2423 0.9470 0.2109
vn -0.1253 0.9471 0.2955
vn -0.0856 -0.3011 0.9498
vn 0.1230 -0.9278 0.3523
vn 0.2246 -0.8895 0.3979
vn 0.1204 -0.9080 0.4014
vn 0.2319 -0.9086 0.3474
vn 0.3997 -0.8355 0.3770
vn 0.2257 -0.7735 -0.5923
vn 0.1392 -0.8552 -0.4993
vn 0.1604 -0.2510 -0.9546
vn 0.4516 -0.8281 0.3321
vn 0.5792 -0.7572 0.3020
vn 0.2836 -0.1614 -0.9453
vn 0.0777 0.1629 -0.9836
vn 0.4077 -0.7899 -0.4582
vn 0.7740 -0.5936 0.2205
vn 0.8447 -0.5043 0.1791
vn 0.7683 -0.4689 -0.4357
vn 0.9499 -0.2915 0.1126
vn 0.9699 -0.1805 0.1636
vn 0.9256 -0.3005 -0.2302
vn 0.9907 0.0441 0.1287
vn 0.9881 0.0486 0.1459
vn 0.5802 -0.0828 -0.8103
vn 0.9913 0.0443 0.1242
vn 0.9919 0.0508 0.1163
vn 0.9945 0.0200 0.1026
vn 0.9886 -0.1142 -0.0979
vn 0.7988 0.0681 -0.5977
vn 0.9849 0.0293 0.1704
vn 0.9907 -0.0039 0.1362
vn 0.1700 0.2091 -0.9630
vn 0.1292 0.1689 -0.9771
vn 0.5933 0.3272 -0.7355
vn 0.1494 0.2105 -0.9661
vn 0.3743 0.5062 -0.7770
vn 0.3247 0.3630 -0.8734
vn 0.8597 0.3708 -0.3512
vn 0.9294 -0.2706 -0.2508
vn 0.9932 -0.0368 -0.1105
vn 0.4250 0.6842 -0.5927
vn 0.8779 0.2698 -0.3957
vn 0.9798 0.1786 -0.0898
vn 0.9385 0.3452 -0.0043
vn 0.9532 0.2782 0.1182
vn 0.9521 0.2726 0.1384
vn 0.9414 0.1932 0.2763
vn 0.6025 0.7522 -0.2668
vn 0.9159 0.3723 0.1498
vn 0.8596 0.1783 0.4788
vn 0.8296 0.2003 0.5212
vn 0.2304 0.8418 -0.4881
vn 0.5430 0.8341 -0.0975
vn 0.8241 0.5665 0.0034
vn 0.6607 -0.1162 0.7416
vn 0.2902 0.9143 -0.2825
vn 0.1397 0.8841 -0.4459
vn 0.0861 0.9020 -0.4231
vn 0.0948 0.9365 -0.3377
vn 0.7068 0.7013 -0.0927
vn 0.5200 0.8102 0.2705
vn 0.2604 -0.2929 0.9200
vn 0.1167 -0.3012 0.9464
vn 0.2423 0.9470 0.2109
vn 0.1253 0.9471 0.2955
vn 0.0856 -0.3011 0.9498
vn -0.5602 0.0033 0.8284
vn -0.5667 0.4535 0.6879
vn -0.3975 -0.1863 0.8985
vn -0.7543 0.4730 0.4553
vn -0.7967 0.3159 0.5153
vn -0.5936 0.7830 -0.1856
vn -0.7034 0.7103 0.0282
vn -0.6173 0.7679 -0.1711
vn -0.9060 0.3591 0.2240
vn -0.2628 0.7774 -0.5715
vn -0.4665 0.8500 0.2447
vn -0.2429 0.7723 0.5870
vn -0.5240 0.8225 -0.2214
vn -0.9516 0.2924 0.0945
vn -0.2180 0.8620 0.4576
vn -0.0775 0.7530 0.6535
vn -0.0721 0.8929 0.4444
vn -0.3125 0.9334 -0.1763
vn -0.1401 0.9883 -0.0607
vn -0.0495 0.9973 -0.0546
vn 0.0924 0.3418 -0.9352
vn 0.1203 0.3675 -0.9222
vn 0.0547 0.3197 -0.9460
vn -0.4617 0.8464 -0.2656
vn 0.2077 0.3364 -0.9185
vn 0.1078 0.3263 -0.9391
vn 0.2201 0.3331 -0.9168
vn 0.2243 0.3191 -0.9208
vn 0.1484 0.0832 -0.9854
vn 0.0455 0.0574 -0.9973
vn 0.2951 0.1205 -0.9479
vn 0.2308 -0.6809 -0.6950
vn 0.0873 -0.7077 -0.7011
vn 0.1068 -0.9507 -0.2910
vn 0.4375 -0.5840 -0.6837
vn 0.2050 -0.9307 -0.3029
vn 0.0816 -0.9585 -0.2732
vn 0.7425 -0.4168 -0.5244
vn 0.2371 -0.9394 -0.2477
vn 0.1130 -0.9689 -0.2202
vn 0.4255 -0.8589 -0.2849
vn 0.2920 -0.9355 -0.1989
vn 0.1428 -0.9783 -0.1502
vn 0.5147 -0.8361 -0.1896
vn 0.3380 -0.9317 -0.1330
vn 0.1628 -0.9855 -0.0474
vn 0.5887 -0.7940 -0.1516
vn 0.3537 -0.9338 -0.0535
vn 0.1563 -0.9873 0.0294
vn 0.6431 -0.7566 -0.1180
vn 0.3398 -0.9404 0.0111
vn 0.1531 -0.9788 0.1359
vn 0.6616 -0.7440 -0.0934
vn 0.3120 -0.9417 0.1257
vn 0.6201 -0.7836 -0.0375
vn 0.2874 -0.9255 0.2468
vn 0.1506 -0.9531 0.2625
vn 0.5800 -0.8107 0.0801
vn 0.7785 -0.6234 -0.0729
vn 0.8043 -0.5789 -0.1343
vn 0.7985 -0.5837 -0.1471
vn 0.7466 -0.6642 0.0381
vn 0.7848 -0.6047 -0.1356
vn 0.5418 -0.8178 0.1941
vn 0.7632 -0.6200 -0.1819
vn 0.8859 -0.4169 -0.2036
vn 0.7345 -0.6570 -0.1696
vn 0.8930 -0.4090 -0.1879
vn 0.8989 -0.3777 -0.2221
vn 0.8548 -0.4370 -0.2799
vn 0.9194 -0.2048 -0.3358
vn 0.9210 -0.2754 -0.2756
vn 0.6745 -0.0013 -0.7383
vn 0.9168 -0.2120 -0.3385
vn 0.6554 0.1002 -0.7486
vn 0.8941 -0.2772 -0.3519
vn 0.4930 0.1650 -0.8543
vn 0.8737 -0.3479 -0.3399
vn 0.5931 0.0653 -0.8025
vn 0.8981 -0.3743 -0.2308
vn 0.9211 -0.3184 -0.2241
vn 0.9054 -0.3349 -0.2609
vn 0.8648 -0.3872 -0.3199
vn 0.8952 -0.3523 -0.2731
vn 0.8957 -0.3504 -0.2737
vn 0.8953 -0.4066 -0.1817
vn 0.9150 -0.3042 -0.2650
vn 0.8798 -0.4168 -0.2285
vn 0.9099 -0.3180 -0.2663
vn 0.8957 -0.3984 -0.1976
vn 0.8638 -0.4899 -0.1175
vn 0.9295 -0.2666 -0.2548
vn 0.8531 -0.5176 -0.0664
vn 0.9081 -0.3692 -0.1973
vn 0.8892 -0.4469 -0.0977
vn 0.8388 -0.5444 0.0044
vn 0.8939 -0.4457 -0.0468
vn 0.7175 -0.6826 0.1388
vn 0.9073 -0.4201 0.0187
vn 0.8250 -0.5536 0.1137
vn 0.6702 -0.6720 0.3150
vn 0.4746 -0.7861 0.3959
vn 0.7950 -0.5623 0.2275
vn 0.2431 -0.8560 0.4563
vn 0.1322 -0.8712 0.4728
vn 0.6070 -0.6079 0.5118
vn 0.4202 -0.6761 0.6053
vn 0.1969 -0.7176 0.6680
vn 0.0980 -0.7206 0.6864
vn 0.0660 -0.5238 0.8493
vn 0.1505 -0.5129 0.8452
vn 0.0806 -0.3275 0.9414
vn 0.3751 -0.4816 0.7921
vn 0.2224 -0.3083 0.9249
vn 0.0915 -0.1069 0.9900
vn 0.5792 -0.4323 0.6911
vn 0.2150 -0.0912 0.9724
vn 0.5022 -0.2641 0.8234
vn 0.2137 0.0778 0.9738
vn 0.1003 0.0643 0.9929
vn 0.4906 -0.0654 0.8689
vn 0.7548 -0.3210 0.5721
vn 0.2199 0.2518 0.9425
vn 0.0921 0.2491 0.9641
vn 0.7325 -0.1923 0.6530
vn 0.7714 -0.5052 0.3869
vn 0.8953 -0.2490 0.3693
vn 0.8844 -0.4392 0.1579
vn 0.9099 -0.3294 0.2520
vn 0.9050 -0.4130 0.1021
vn 0.9541 -0.2814 0.1021
vn 0.9529 -0.2249 0.2034
vn 0.9612 -0.2701 0.0570
vn 0.9626 -0.2158 0.1641
vn 0.9599 -0.2740 0.0591
vn 0.9741 -0.2104 0.0829
vn 0.9589 -0.1522 0.2396
vn 0.9447 -0.3278 0.0056
vn 0.9911 -0.0924 0.0961
vn 0.9244 -0.3788 -0.0444
vn 0.8931 -0.4166 0.1694
vn 0.9274 -0.3455 -0.1435
vn 0.8473 -0.5304 0.0281
vn 0.8462 -0.5173 -0.1281
vn 0.9318 -0.2663 -0.2468
vn 0.7805 -0.5234 -0.3418
vn 0.9431 -0.1874 -0.2747
vn 0.7179 -0.4742 -0.5097
vn 0.9410 -0.2414 -0.2370
vn 0.9640 -0.1652 -0.2083
vn 0.9405 -0.3345 -0.0589
vn 0.7195 -0.3849 -0.5781
vn 0.8936 -0.3907 -0.2209
vn 0.9077 -0.2426 -0.3425
vn 0.8202 -0.0025 -0.5721
vn 0.9165 -0.3148 -0.2468
vn 0.7237 -0.0236 -0.6898
vn 0.9373 -0.3260 -0.1236
vn 0.3773 0.3745 -0.8470
vn 0.4292 0.4946 -0.7557
vn -0.4957 0.8047 -0.3267
vn 0.9058 0.1180 -0.4069
vn -0.7023 0.7080 -0.0745
vn 0.9684 -0.2494 -0.0023
vn 0.4423 0.6856 -0.5783
vn 0.9696 0.1680 -0.1777
vn 0.9854 -0.1696 0.0155
vn 0.6278 0.6795 -0.3797
vn 0.8175 -0.2709 -0.5083
vn 0.9746 0.1844 -0.1270
vn 0.8847 -0.2361 -0.4020
vn 0.8121 0.0352 -0.5825
vn 0.9876 -0.0376 -0.1521
vn 0.9041 -0.1685 -0.3927
vn 0.9868 -0.0476 -0.1551
vn 0.9906 -0.0219 -0.1351
vn 0.9919 -0.0214 -0.1254
vn 0.9929 -0.0384 -0.1125
vn 0.9111 -0.2808 -0.3016
vn 0.9480 -0.3174 -0.0223
vn 0.9316 -0.1435 -0.3341
vn 0.9080 -0.3417 -0.2426
vn 0.4144 -0.7107 -0.5685
vn 0.9496 -0.2900 -0.1191
vn 0.4280 -0.8340 -0.3483
vn 0.9934 -0.0500 -0.1028
vn 0.5114 -0.8572 -0.0597
vn 0.9458 -0.3066 0.1070
vn 0.9457 -0.3244 -0.0204
vn 0.9951 -0.0390 -0.0913
vn 0.9695 -0.2398 0.0503
vn 0.9962 -0.0344 -0.0806
vn 0.9742 -0.1814 0.1340
vn 0.9300 -0.2960 0.2178
vn 0.9753 -0.0954 0.1991
vn 0.9978 -0.0124 -0.0644
vn 0.9875 -0.0581 0.1463
vn 0.9908 0.0685 0.1170
vn 0.9747 -0.1779 0.1350
vn 0.9696 0.0827 0.2303
vn 0.9804 0.0597 0.1878
vn 0.9754 -0.0923 0.2001
vn 0.9991 0.0172 -0.0397
vn 0.9559 0.1921 0.2223
vn 0.5723 -0.4926 0.6556
vn 0.9727 0.0081 0.2317
vn 0.5917 -0.2426 0.7688
vn 0.5579 -0.6899 0.4614
vn 0.9982 0.0599 -0.0087
vn 0.5287 -0.8261 0.1953
vn 0.9843 -0.1742 0.0276
vn 0.9734 -0.2263 -0.0352
vn 0.9638 -0.2431 -0.1095
vn 0.9880 -0.1408 0.0638
vn 0.9555 -0.2266 -0.1890
vn 0.9911 -0.0903 0.0979
vn 0.9963 -0.0829 -0.0215
vn 0.5959 0.0433 0.8019
vn 0.9977 -0.0596 -0.0327
vn 0.9945 -0.0043 0.1051
vn 0.9998 -0.0139 -0.0168
vn 0.5855 0.3114 0.7484
vn 0.9763 0.1138 0.1842
vn 0.9935 0.0721 0.0882
vn 0.9991 0.0233 -0.0364
vn 0.9966 -0.0154 -0.0808
vn 0.6093 0.5337 0.5865
vn 0.9952 0.0589 -0.0787
vn 0.9874 0.1550 0.0334
vn 0.9692 0.2041 0.1375
vn 0.9962 0.0137 -0.0864
vn 0.9936 0.1123 0.0072
vn 0.9626 0.2692 0.0305
vn 0.9434 0.2760 0.1837
vn 0.9874 0.1539 -0.0380
vn 0.9297 0.3580 0.0859
vn 0.7937 0.3031 0.5275
vn 0.7578 0.4720 0.4505
vn 0.9938 0.1056 -0.0339
vn 0.8230 0.5257 0.2153
vn 0.9845 0.1733 0.0271
vn 0.9844 0.1497 0.0919
vn 0.7777 0.6286 0.0119
vn 0.9594 0.2819 0.0078
vn 0.9822 0.1828 0.0438
vn 0.9207 0.3885 -0.0381
vn 0.9176 0.3939 -0.0532
vn 0.9831 0.1642 -0.0814
vn 0.7484 0.6337 -0.1957
vn 0.9074 0.3827 -0.1737
vn 0.9488 0.3124 -0.0467
vn 0.9777 0.1578 -0.1384
vn 0.8961 0.3241 -0.3032
vn 0.8944 0.4206 -0.1525
vn 0.7187 0.5629 -0.4082
vn 0.8715 0.4094 -0.2698
vn 0.8521 0.4949 -0.1700
vn 0.8378 0.4659 -0.2847
vn 0.8867 0.3589 -0.2916
vn 0.8521 0.4571 -0.2548
vn 0.7438 0.5823 -0.3282
vn 0.7317 0.6064 -0.3112
vn 0.8964 0.4312 -0.1031
vn 0.7694 0.5914 -0.2413
vn 0.9471 0.3205 -0.0188
vn 0.7838 0.5915 -0.1891
vn 0.9052 0.4207 -0.0602
vn 0.9656 0.2557 0.0468
vn 0.9246 0.3804 -0.0206
vn 0.7924 0.6076 -0.0542
vn 0.9482 0.2357 0.2128
vn 0.8739 0.4760 0.0988
vn 0.8373 0.5445 0.0508
vn 0.9116 0.3573 0.2033
vn 0.6880 0.7203 0.0882
vn 0.7519 0.6251 0.2094
vn 0.6285 0.7776 -0.0175
vn 0.6105 0.7717 -0.1782
vn 0.4626 0.8866 0.0013
vn 0.5007 0.8547 0.1371
vn 0.7935 0.4816 0.3720
vn 0.5618 0.7541 0.3403
vn 0.3065 0.9517 0.0148
vn 0.3230 0.9293 0.1794
vn 0.6032 0.5803 0.5471
vn 0.4332 0.8858 -0.1663
vn 0.8274 0.3308 0.4537
vn 0.3505 0.8252 0.4428
vn 0.8459 0.2008 0.4941
vn 0.6550 0.3992 0.6415
vn 0.9566 0.1582 0.2447
vn 0.9608 0.1022 0.2575
vn 0.8555 0.0928 0.5095
vn 0.9597 -0.0019 0.2810
vn 0.6895 0.2373 0.6843
vn 0.8591 -0.0087 0.5117
vn 0.7133 0.0910 0.6950
vn 0.8814 -0.1509 0.4475
vn 0.7254 -0.0252 0.6879
vn 0.4888 0.1000 0.8667
vn 0.4704 0.2564 0.8444
vn 0.4489 0.4552 0.7690
vn 0.2153 0.4802 0.8503
vn 0.0886 0.4751 0.8755
vn 0.4002 0.6542 0.6417
vn 0.2061 0.6947 0.6891
vn 0.0748 0.6996 0.7106
vn 0.0650 0.8662 0.4955
vn 0.1669 0.8609 0.4806
vn 0.0670 0.9705 0.2315
vn 0.1664 0.9628 0.2131
vn 0.0737 0.9966 0.0374
vn 0.1683 0.9852 0.0312
vn 0.1663 0.9754 -0.1450
vn 0.0715 0.9865 -0.1473
vn 0.0536 0.9448 -0.3234
vn 0.3011 0.9395 -0.1632
vn 0.1621 0.9334 -0.3201
vn 0.4425 0.8396 -0.3151
vn 0.3210 0.8960 -0.3067
vn 0.1154 0.8345 -0.5387
vn 0.0468 0.8383 -0.5431
vn 0.0448 0.8926 -0.4487
vn 0.2839 0.8229 -0.4922
vn 0.4287 0.7687 -0.4748
vn 0.6214 0.7273 -0.2914
vn 0.5901 0.6949 -0.4109
vn 0.5681 0.7225 -0.3940
vn 0.4162 0.7804 -0.4666
vn 0.4151 0.5192 -0.7471
vn 0.2771 0.8376 -0.4708
vn 0.2595 0.5122 -0.8187
vn 0.1327 0.8829 -0.4504
vn 0.1797 0.5027 -0.8456
vn 0.0980 0.5557 -0.8256
vn 0.0362 0.5712 -0.8200
vn -0.0047 -0.1094 -0.9940
vn 0.0167 -0.0717 -0.9973
vn -0.0603 0.0178 -0.9980
vn -0.0014 -0.2267 -0.9740
vn 0.0003 -0.1728 -0.9850
vn -0.0195 -0.4570 -0.8893
vn -0.1023 -0.4469 -0.8887
vn -0.0389 -0.0920 -0.9950
vn -0.0828 -0.1553 -0.9844
vn -0.2907 -0.3759 -0.8799
vn -0.1592 -0.0880 -0.9833
vn -0.3225 -0.2546 -0.9117
vn -0.1149 -0.0080 -0.9933
vn -0.2653 -0.1042 -0.9585
vn 0.1217 0.1759 -0.9769
vn 0.0240 0.0623 -0.9978
vn 0.1670 0.2042 -0.9646
vn -0.0626 0.2110 -0.9755
vn -0.1472 0.0444 -0.9881
vn 0.4910 0.4301 -0.7576
vn 0.5075 0.3808 -0.7730
vn -0.4946 0.2533 -0.8314
vn -0.1389 0.3197 -0.9373
vn 0.6652 0.3681 -0.6496
vn -0.4237 0.3974 -0.8140
vn -0.4414 0.3023 -0.8448
vn -0.2199 0.3034 -0.9271
vn -0.2351 0.0252 -0.9716
vn -0.4374 0.3722 -0.8186
vn -0.5247 0.0144 -0.8512
vn -0.2430 -0.1656 -0.9558
vn -0.8393 0.0338 -0.5427
vn -0.4962 0.1513 -0.8549
vn -0.8447 0.4220 -0.3292
vn 0.3727 0.2785 -0.8851
vn -0.2472 0.4202 -0.8731
vn 0.5020 0.3807 -0.7766
vn 0.3706 0.1642 -0.9142
vn 0.9413 0.1503 -0.3024
vn 0.8907 0.1452 -0.4309
vn 0.6916 0.4253 -0.5838
vn 0.8859 0.0688 -0.4587
vn 0.6061 0.2310 -0.7611
vn 0.8879 0.2341 -0.3960
vn 0.8208 0.4476 -0.3548
vn 0.6331 0.1934 -0.7495
vn 0.8793 0.1376 -0.4560
vn 0.8616 0.1553 -0.4832
vn 0.9510 0.0427 -0.3061
vn 0.9821 0.0447 -0.1830
vn 0.9636 0.0583 -0.2607
vn 0.9152 -0.0876 -0.3933
vn 0.8934 -0.0019 -0.4493
vn 0.4276 -0.4985 -0.7541
vn 0.3753 -0.2348 -0.8967
vn 0.9402 -0.1810 -0.2885
vn 0.9369 -0.1316 -0.3240
vn 0.9876 -0.0729 -0.1387
vn 0.9798 -0.0476 -0.1944
vn 0.9360 -0.0757 -0.3439
vn 0.9902 -0.0886 -0.1080
vn 0.3655 0.0161 -0.9307
vn 0.9937 -0.0866 -0.0705
vn 0.9715 -0.2339 -0.0392
vn 0.9957 -0.0833 -0.0394
vn 0.9817 -0.1427 -0.1263
vn 0.9948 -0.0856 -0.0554
vn 0.9840 -0.0942 -0.1514
vn 0.9973 -0.0468 -0.0574
vn 0.9867 -0.0245 -0.1604
vn 0.9962 -0.0254 -0.0828
vn 0.9771 -0.0409 -0.2088
vn 0.9865 -0.0245 -0.1618
vn 0.9858 -0.0125 -0.1673
vn 0.9781 -0.0306 -0.2061
vn 0.9295 -0.0218 -0.3682
vn 0.9877 0.0087 -0.1561
vn 0.9835 -0.0023 -0.1809
vn 0.9366 0.0656 -0.3443
vn 0.9872 0.0659 -0.1450
vn 0.9878 0.0283 -0.1533
vn 0.3895 0.3047 -0.8692
vn 0.9433 0.1781 -0.2803
vn 0.8753 0.1274 -0.4666
vn 0.4246 0.5533 -0.7167
vn 0.9848 0.0997 -0.1421
vn 0.8985 0.2217 -0.3788
vn 0.9647 0.0994 -0.2439
vn 0.9359 0.2471 -0.2512
vn 0.9705 0.1297 -0.2031
vn 0.9338 0.3157 -0.1681
vn 0.5175 0.7177 -0.4659
vn 0.9461 0.2365 -0.2212
vn 0.5513 0.8065 -0.2135
vn 0.9674 0.1836 -0.1743
vn 0.9835 0.1034 -0.1483
vn 0.5891 0.8034 0.0872
vn 0.9773 0.1899 -0.0937
vn 0.9885 0.0885 -0.1230
vn 0.6144 0.7118 0.3404
vn 0.9783 0.2072 -0.0053
vn 0.9931 0.0845 -0.0813
vn 0.9948 0.0595 -0.0828
vn 0.9923 0.1022 -0.0700
vn 0.9845 0.0729 -0.1597
vn 0.9821 0.1606 -0.0984
vn 0.9400 0.2950 -0.1715
vn 0.5667 0.4535 0.6879
vn 0.5602 0.0033 0.8284
vn 0.3975 -0.1863 0.8985
vn 0.7543 0.4730 0.4553
vn 0.7967 0.3159 0.5153
vn 0.5936 0.7830 -0.1856
vn 0.7034 0.7102 0.0282
vn 0.6173 0.7679 -0.1711
vn 0.9060 0.3590 0.2241
vn 0.2628 0.7774 -0.5715
vn 0.4665 0.8500 0.2447
vn 0.2429 0.7723 0.5870
vn 0.5240 0.8225 -0.2214
vn 0.9516 0.2924 0.0945
vn 0.2180 0.8620 0.4576
vn 0.0775 0.7530 0.6535
vn 0.0720 0.8929 0.4444
vn 0.3125 0.9334 -0.1763
vn 0.1401 0.9883 -0.0607
vn 0.0495 0.9973 -0.0546
vn -0.0924 0.3418 -0.9352
vn -0.1203 0.3675 -0.9222
vn -0.0546 0.3198 -0.9459
vn 0.4617 0.8464 -0.2656
vn -0.2077 0.3364 -0.9185
vn -0.1078 0.3263 -0.9391
vn -0.2243 0.3191 -0.9208
vn -0.1484 0.0832 -0.9854
vn -0.0455 0.0574 -0.9973
vn -0.2951 0.1205 -0.9478
vn -0.2308 -0.6809 -0.6950
vn -0.0873 -0.7077 -0.7011
vn -0.1068 -0.9507 -0.2910
vn -0.4375 -0.5840 -0.6837
vn -0.2050 -0.9307 -0.3029
vn -0.0816 -0.9585 -0.2732
vn -0.7425 -0.4168 -0.5244
vn -0.2371 -0.9394 -0.2477
vn -0.1130 -0.9689 -0.2202
vn -0.4255 -0.8589 -0.2849
vn -0.2920 -0.9355 -0.1989
vn -0.1428 -0.9783 -0.1502
vn -0.5147 -0.8361 -0.1896
vn -0.3380 -0.9317 -0.1330
vn -0.1626 -0.9855 -0.0480
vn -0.5887 -0.7940 -0.1516
vn -0.3538 -0.9338 -0.0535
vn -0.1563 -0.9873 0.0294
vn -0.6431 -0.7567 -0.1180
vn -0.3398 -0.9404 0.0111
vn -0.1531 -0.9788 0.1359
vn -0.6616 -0.7441 -0.0934
vn -0.3120 -0.9417 0.1257
vn -0.6201 -0.7836 -0.0375
vn -0.2874 -0.9255 0.2467
vn -0.1506 -0.9531 0.2625
vn -0.5800 -0.8107 0.0800
vn -0.7785 -0.6234 -0.0729
vn -0.8043 -0.5789 -0.1343
vn -0.7985 -0.5837 -0.1471
vn -0.7466 -0.6642 0.0381
vn -0.7848 -0.6047 -0.1356
vn -0.5418 -0.8178 0.1941
vn -0.7632 -0.6200 -0.1819
vn -0.8859 -0.4169 -0.2036
vn -0.7345 -0.6570 -0.1696
vn -0.8930 -0.4090 -0.1879
vn -0.8989 -0.3777 -0.2221
vn -0.8548 -0.4370 -0.2799
vn -0.9194 -0.2048 -0.3358
vn -0.9210 -0.2754 -0.2755
vn -0.6745 -0.0013 -0.7383
vn -0.9168 -0.2120 -0.3385
vn -0.6554 0.1002 -0.7486
vn -0.8941 -0.2772 -0.3519
vn -0.4930 0.1650 -0.8543
vn -0.9211 -0.3184 -0.2241
vn -0.8981 -0.3743 -0.2308
vn -0.8737 -0.3479 -0.3399
vn -0.2201 0.3331 -0.9168
vn -0.5931 0.0653 -0.8025
vn 0.4957 0.8047 -0.3268
vn -0.3773 0.3745 -0.8470
vn -0.8648 -0.3872 -0.3199
vn -0.7236 -0.0235 -0.6898
vn -0.4291 0.4946 -0.7558
vn 0.7023 0.7080 -0.0745
vn -0.8202 -0.0025 -0.5721
vn 0.2657 0.8621 -0.4314
vn -0.4423 0.6856 -0.5782
vn 0.8775 0.4697 0.0967
vn 0.3295 0.8853 -0.3280
vn -0.9058 0.1180 -0.4069
vn -0.6278 0.6795 -0.3797
vn -0.8936 -0.3906 -0.2209
vn -0.9696 0.1680 -0.1777
vn -0.9684 -0.2494 -0.0023
vn -0.8953 -0.4066 -0.1817
vn -0.9405 -0.3345 -0.0589
vn -0.9854 -0.1696 0.0155
vn -0.9746 0.1844 -0.1270
vn -0.9640 -0.1652 -0.2083
vn -0.8175 -0.2709 -0.5083
vn -0.9150 -0.3042 -0.2650
vn -0.9410 -0.2414 -0.2370
vn -0.8952 -0.3522 -0.2731
vn -0.9054 -0.3349 -0.2609
vn -0.8957 -0.3504 -0.2738
vn -0.8798 -0.4169 -0.2285
vn -0.9099 -0.3179 -0.2664
vn -0.8957 -0.3984 -0.1976
vn -0.9295 -0.2666 -0.2548
vn -0.8638 -0.4899 -0.1175
vn -0.9082 -0.3692 -0.1973
vn -0.9431 -0.1874 -0.2747
vn -0.9318 -0.2663 -0.2468
vn -0.7179 -0.4742 -0.5097
vn -0.7195 -0.3854 -0.5778
vn -0.7805 -0.5234 -0.3418
vn -0.9077 -0.2426 -0.3425
vn -0.8847 -0.2361 -0.4020
vn -0.9274 -0.3455 -0.1435
vn -0.9165 -0.3148 -0.2468
vn -0.8892 -0.4469 -0.0977
vn -0.8462 -0.5173 -0.1281
vn -0.9244 -0.3788 -0.0444
vn -0.8531 -0.5176 -0.0664
vn -0.8939 -0.4457 -0.0468
vn -0.8388 -0.5444 0.0043
vn -0.7175 -0.6826 0.1388
vn -0.9073 -0.4201 0.0187
vn -0.8249 -0.5537 0.1137
vn -0.6702 -0.6720 0.3150
vn -0.9448 -0.3277 0.0056
vn -0.4746 -0.7861 0.3959
vn -0.8473 -0.5304 0.0281
vn -0.2431 -0.8560 0.4563
vn -0.1322 -0.8712 0.4728
vn -0.9373 -0.3260 -0.1236
vn -0.1969 -0.7176 0.6680
vn -0.0980 -0.7207 0.6863
vn -0.0660 -0.5238 0.8493
vn -0.4202 -0.6761 0.6052
vn -0.1505 -0.5129 0.8452
vn -0.0806 -0.3275 0.9414
vn -0.6070 -0.6079 0.5118
vn -0.3750 -0.4816 0.7921
vn -0.2224 -0.3083 0.9249
vn -0.0914 -0.1069 0.9901
vn -0.5792 -0.4323 0.6911
vn -0.2149 -0.0912 0.9724
vn -0.5022 -0.2641 0.8234
vn -0.2137 0.0778 0.9738
vn -0.1003 0.0643 0.9929
vn -0.4906 -0.0654 0.8689
vn -0.7548 -0.3210 0.5721
vn -0.2199 0.2518 0.9425
vn -0.0921 0.2491 0.9641
vn -0.7325 -0.1923 0.6530
vn -0.2153 0.4802 0.8503
vn -0.0886 0.4751 0.8755
vn -0.4704 0.2564 0.8444
vn -0.2061 0.6947 0.6891
vn -0.0748 0.6996 0.7106
vn -0.0650 0.8661 0.4956
vn -0.4489 0.4552 0.7690
vn -0.4001 0.6543 0.6417
vn -0.1669 0.8609 0.4806
vn -0.0670 0.9705 0.2315
vn -0.6032 0.5803 0.5471
vn -0.1664 0.9628 0.2131
vn -0.3505 0.8252 0.4428
vn -0.0737 0.9966 0.0374
vn -0.3230 0.9292 0.1794
vn -0.1683 0.9852 0.0311
vn -0.1663 0.9753 -0.1451
vn -0.0715 0.9865 -0.1473
vn -0.0536 0.9448 -0.3234
vn -0.3065 0.9517 0.0148
vn -0.5618 0.7541 0.3403
vn -0.5007 0.8547 0.1371
vn -0.3011 0.9395 -0.1633
vn -0.7519 0.6251 0.2094
vn -0.1621 0.9334 -0.3201
vn -0.1154 0.8346 -0.5387
vn -0.0474 0.8383 -0.5431
vn -0.0448 0.8926 -0.4487
vn -0.3210 0.8960 -0.3067
vn -0.1327 0.8829 -0.4504
vn -0.2839 0.8229 -0.4922
vn -0.0973 0.5558 -0.8256
vn -0.0361 0.5712 -0.8200
vn -0.2771 0.8376 -0.4708
vn -0.1797 0.5027 -0.8456
vn 0.0046 -0.1094 -0.9940
vn -0.0210 -0.0719 -0.9972
vn -0.2595 0.5122 -0.8187
vn 0.0014 -0.2267 -0.9740
vn -0.0003 -0.1728 -0.9850
vn 0.0197 -0.4567 -0.8894
vn 0.1023 -0.4469 -0.8887
vn 0.0828 -0.1553 -0.9844
vn 0.2907 -0.3758 -0.8799
vn 0.0389 -0.0920 -0.9950
vn 0.1592 -0.0880 -0.9833
vn 0.3225 -0.2547 -0.9117
vn 0.0603 0.0178 -0.9980
vn 0.1150 -0.0080 -0.9933
vn 0.2653 -0.1043 -0.9585
vn -0.1209 0.1765 -0.9768
vn -0.0240 0.0623 -0.9978
vn 0.0626 0.2110 -0.9755
vn 0.1472 0.0444 -0.9881
vn -0.1670 0.2042 -0.9646
vn -0.4151 0.5192 -0.7471
vn -0.4162 0.7804 -0.4666
vn -0.4287 0.7687 -0.4748
vn -0.5681 0.7225 -0.3940
vn -0.4425 0.8396 -0.3150
vn -0.5901 0.6949 -0.4109
vn -0.7317 0.6064 -0.3112
vn -0.4332 0.8858 -0.1663
vn -0.6214 0.7273 -0.2914
vn -0.4626 0.8866 0.0013
vn -0.6105 0.7717 -0.1782
vn -0.7694 0.5914 -0.2413
vn -0.6880 0.7203 0.0882
vn -0.6285 0.7776 -0.0175
vn -0.7924 0.6076 -0.0543
vn -0.8373 0.5445 0.0508
vn -0.8739 0.4760 0.0988
vn -0.9246 0.3804 -0.0206
vn -0.7838 0.5915 -0.1891
vn -0.9052 0.4207 -0.0602
vn -0.9656 0.2557 0.0468
vn -0.8964 0.4311 -0.1031
vn -0.9470 0.3206 -0.0188
vn -0.9116 0.3573 0.2033
vn -0.9822 0.1828 0.0438
vn -0.7935 0.4816 0.3720
vn -0.9482 0.2357 0.2128
vn -0.8274 0.3308 0.4537
vn -0.6550 0.3992 0.6415
vn -0.8459 0.2008 0.4941
vn -0.6895 0.2373 0.6843
vn -0.4888 0.1001 0.8667
vn -0.7133 0.0910 0.6950
vn -0.8555 0.0928 0.5094
vn -0.9566 0.1582 0.2447
vn -0.7254 -0.0252 0.6879
vn -0.8591 -0.0087 0.5117
vn -0.8814 -0.1509 0.4475
vn -0.8953 -0.2490 0.3693
vn -0.9589 -0.1522 0.2396
vn -0.9597 -0.0019 0.2810
vn -0.9608 0.1022 0.2575
vn -0.9911 -0.0924 0.0961
vn -0.9844 0.1497 0.0919
vn -0.9908 0.0685 0.1170
vn -0.9626 -0.2158 0.1641
vn -0.9845 0.1733 0.0271
vn -0.9529 -0.2249 0.2034
vn -0.9938 0.1056 -0.0339
vn -0.9099 -0.3294 0.2520
vn -0.9696 0.0827 0.2303
vn -0.9541 -0.2814 0.1021
vn -0.7714 -0.5052 0.3869
vn -0.8844 -0.4392 0.1579
vn -0.7950 -0.5623 0.2275
vn -0.9050 -0.4130 0.1021
vn -0.9611 -0.2701 0.0570
vn -0.9599 -0.2740 0.0592
vn -0.9741 -0.2104 0.0829
vn -0.8932 -0.4166 0.1694
vn -0.9300 -0.2960 0.2178
vn -0.9753 -0.0954 0.1991
vn -0.9742 -0.1814 0.1340
vn -0.9458 -0.3066 0.1070
vn -0.9875 -0.0580 0.1463
vn -0.9480 -0.3174 -0.0223
vn -0.9804 0.0597 0.1878
vn -0.9929 -0.0384 -0.1125
vn -0.9978 -0.0124 -0.0644
vn -0.9934 -0.0500 -0.1028
vn -0.9962 -0.0344 -0.0806
vn -0.9951 -0.0390 -0.0913
vn -0.9695 -0.2398 0.0503
vn -0.9747 -0.1779 0.1350
vn -0.9754 -0.0923 0.2001
vn -0.5723 -0.4926 0.6556
vn -0.9991 0.0172 -0.0397
vn -0.5917 -0.2426 0.7688
vn -0.9559 0.1921 0.2223
vn -0.9727 0.0081 0.2317
vn -0.7937 0.3031 0.5275
vn -0.9982 0.0599 -0.0087
vn -0.7578 0.4720 0.4505
vn -0.9434 0.2760 0.1837
vn -0.8230 0.5257 0.2153
vn -0.9594 0.2819 0.0078
vn -0.9297 0.3580 0.0859
vn -0.9176 0.3939 -0.0532
vn -0.7777 0.6286 0.0119
vn -0.8521 0.4949 -0.1700
vn -0.8944 0.4206 -0.1525
vn -0.7438 0.5823 -0.3282
vn -0.8378 0.4659 -0.2847
vn -0.8521 0.4571 -0.2548
vn -0.8715 0.4094 -0.2698
vn -0.4910 0.4301 -0.7575
vn -0.5075 0.3808 -0.7730
vn -0.8867 0.3589 -0.2916
vn -0.6652 0.3681 -0.6496
vn -0.7484 0.6337 -0.1958
vn -0.7187 0.5629 -0.4082
vn -0.9207 0.3885 -0.0381
vn -0.8961 0.3241 -0.3032
vn -0.9074 0.3827 -0.1737
vn -0.6916 0.4253 -0.5838
vn -0.9413 0.1503 -0.3024
vn -0.8907 0.1452 -0.4309
vn -0.5020 0.3807 -0.7766
vn 0.4237 0.3974 -0.8140
vn -0.3727 0.2785 -0.8851
vn 0.4946 0.2533 -0.8314
vn 0.1389 0.3197 -0.9373
vn 0.4374 0.3722 -0.8186
vn 0.4414 0.3023 -0.8448
vn 0.2199 0.3034 -0.9271
vn 0.2351 0.0252 -0.9716
vn 0.4962 0.1513 -0.8549
vn 0.5247 0.0144 -0.8512
vn 0.2430 -0.1656 -0.9558
vn 0.8393 0.0338 -0.5427
vn 0.8447 0.4220 -0.3292
vn 0.5025 0.7542 -0.4227
vn 0.2472 0.4202 -0.8731
vn 0.8946 0.4342 -0.1057
vn -0.3706 0.1642 -0.9142
vn -0.8208 0.4476 -0.3548
vn -0.8859 0.0688 -0.4587
vn -0.8121 0.0352 -0.5825
vn -0.6331 0.1934 -0.7495
vn -0.6061 0.2309 -0.7611
vn -0.8793 0.1376 -0.4560
vn -0.8879 0.2340 -0.3960
vn -0.8616 0.1553 -0.4832
vn -0.9636 0.0583 -0.2607
vn -0.9705 0.1297 -0.2032
vn -0.9510 0.0427 -0.3061
vn -0.9647 0.0994 -0.2439
vn -0.9777 0.1578 -0.1384
vn -0.9359 0.2470 -0.2512
vn -0.9831 0.1642 -0.0814
vn -0.9338 0.3157 -0.1681
vn -0.9488 0.3124 -0.0467
vn -0.9874 0.1539 -0.0380
vn -0.9626 0.2692 0.0305
vn -0.9936 0.1123 0.0072
vn -0.9692 0.2041 0.1375
vn -0.9763 0.1138 0.1842
vn -0.6093 0.5337 0.5865
vn -0.5855 0.3114 0.7484
vn -0.5959 0.0433 0.8019
vn -0.6144 0.7118 0.3404
vn -0.9911 -0.0903 0.0979
vn -0.9945 -0.0043 0.1051
vn -0.9935 0.0721 0.0882
vn -0.9874 0.1550 0.0334
vn -0.9991 0.0233 -0.0364
vn -0.9783 0.2072 -0.0053
vn -0.9952 0.0589 -0.0787
vn -0.5891 0.8034 0.0872
vn -0.9998 -0.0139 -0.0168
vn -0.5513 0.8065 -0.2135
vn -0.9773 0.1899 -0.0937
vn -0.5175 0.7177 -0.4659
vn -0.9674 0.1836 -0.1743
vn -0.9931 0.0845 -0.0813
vn -0.9885 0.0885 -0.1230
vn -0.9461 0.2365 -0.2212
vn -0.9948 0.0595 -0.0828
vn -0.9835 0.1034 -0.1483
vn -0.9923 0.1022 -0.0700
vn -0.9821 0.1606 -0.0984
vn -0.9845 0.0728 -0.1597
vn -0.9400 0.2950 -0.1715
vn -0.9848 0.0997 -0.1421
vn -0.9878 0.0283 -0.1533
vn -0.9962 0.0137 -0.0864
vn -0.9872 0.0659 -0.1450
vn -0.9966 -0.0154 -0.0808
vn -0.9877 0.0087 -0.1561
vn -0.9858 -0.0125 -0.1673
vn -0.9977 -0.0596 -0.0327
vn -0.9962 -0.0254 -0.0828
vn -0.9880 -0.1408 0.0638
vn -0.9973 -0.0468 -0.0574
vn -0.5579 -0.6899 0.4614
vn -0.9963 -0.0829 -0.0215
vn -0.9843 -0.1742 0.0276
vn -0.5287 -0.8261 0.1953
vn -0.9457 -0.3244 -0.0204
vn -0.9734 -0.2263 -0.0352
vn -0.9496 -0.2900 -0.1191
vn -0.5114 -0.8572 -0.0597
vn -0.9906 -0.0219 -0.1351
vn -0.4280 -0.8340 -0.3483
vn -0.9876 -0.0376 -0.1521
vn -0.9080 -0.3417 -0.2426
vn -0.9638 -0.2431 -0.1095
vn -0.9868 -0.0476 -0.1551
vn -0.9111 -0.2808 -0.3016
vn -0.4144 -0.7103 -0.5690
vn -0.9041 -0.1685 -0.3927
vn -0.9316 -0.1435 -0.3341
vn -0.9919 -0.0214 -0.1254
vn -0.9821 0.0447 -0.1830
vn -0.9152 -0.0876 -0.3933
vn -0.4276 -0.4985 -0.7541
vn -0.8934 -0.0019 -0.4493
vn -0.3753 -0.2348 -0.8967
vn -0.9402 -0.1810 -0.2885
vn -0.9369 -0.1316 -0.3240
vn -0.9555 -0.2266 -0.1890
vn -0.9876 -0.0729 -0.1387
vn -0.9902 -0.0886 -0.1080
vn -0.9938 -0.0865 -0.0705
vn -0.9798 -0.0476 -0.1944
vn -0.9957 -0.0833 -0.0394
vn -0.9715 -0.2338 -0.0392
vn -0.9948 -0.0856 -0.0554
vn -0.9817 -0.1427 -0.1264
vn -0.9840 -0.0942 -0.1514
vn -0.9867 -0.0245 -0.1604
vn -0.9771 -0.0410 -0.2087
vn -0.9865 -0.0245 -0.1618
vn -0.9360 -0.0757 -0.3438
vn -0.9781 -0.0306 -0.2061
vn -0.3655 0.0161 -0.9307
vn -0.9295 -0.0216 -0.3682
vn -0.9835 -0.0023 -0.1809
vn -0.9366 0.0656 -0.3443
vn -0.9433 0.1781 -0.2803
vn -0.3895 0.3046 -0.8692
vn -0.4246 0.5533 -0.7167
vn -0.8754 0.1296 -0.4657
vn -0.8985 0.2217 -0.3788
vn -0.2657 0.8621 -0.4314
vn -0.8775 0.4697 0.0967
vn -0.3295 0.8854 -0.3280
vn -0.8946 0.4342 -0.1057
vn -0.5025 0.7542 -0.4227
s 1
f 1/1/1 2/2/2 3/3/3
f 4/4/4 1/1/1 3/3/3
f 2/2/2 1/1/1 5/5/5
f 1/1/1 4/4/4 6/6/6
f 7/7/7 2/2/2 5/5/5
f 2/2/2 7/7/7 8/8/8
f 8/8/8 7/7/7 9/9/9
f 5/5/5 1/1/1 10/10/10
f 6/6/6 10/10/10 1/1/1
f 7/7/7 5/5/5 11/11/11
f 5/5/5 10/10/10 11/11/11
f 7/7/7 11/11/11 12/12/12
f 10/10/10 6/6/6 13/13/13
f 14/14/14 11/11/11 10/10/10
f 14/14/14 10/10/10 13/13/13
f 14/14/14 12/12/12 11/11/11
f 6/6/6 15/15/15 13/13/13
f 14/14/14 13/13/13 15/15/15
f 4/4/4 16/16/16 6/6/6
f 6/6/6 16/16/16 15/15/15
f 16/16/16 4/4/4 17/17/17
f 18/18/18 16/16/16 17/17/17
f 19/19/19 15/15/15 16/16/16
f 16/16/16 18/18/18 19/19/19
f 14/14/14 15/15/15 20/20/20
f 15/15/15 19/19/19 20/20/20
f 14/14/14 20/20/20 21/21/21
f 19/19/19 21/21/21 20/20/20
f 18/18/18 22/22/22 19/19/19
f 19/19/19 22/22/22 21/21/21
f 22/22/22 18/18/18 23/23/23
f 9/9/9 22/22/22 23/23/23
f 14/14/14 21/21/21 24/24/24
f 14/14/14 24/24/24 12/12/12
f 25/25/25 21/21/21 22/22/22
f 21/21/21 25/25/25 24/24/24
f 22/22/22 9/9/9 25/25/25
f 12/12/12 24/24/24 25/25/25
f 7/7/7 25/25/25 9/9/9
f 7/7/7 12/12/12 25/25/25
f 2/2/26 26/26/27 3/3/28
f 3/3/28 26/26/27 4/4/29
f 26/26/27 2/2/26 27/27/30
f 26/26/27 28/28/31 4/4/29
f 29/29/32 27/27/30 2/2/26
f 8/8/33 29/29/32 2/2/26
f 9/9/34 29/29/32 8/8/33
f 27/27/30 30/30/35 26/26/27
f 28/28/31 26/26/27 30/30/35
f 29/29/32 31/31/36 27/27/30
f 30/30/35 27/27/30 31/31/36
f 29/29/32 9/9/34 32/32/37
f 31/31/36 29/29/32 33/33/38
f 32/32/37 33/33/38 29/29/32
f 34/34/39 30/30/35 31/31/36
f 34/34/39 31/31/36 33/33/38
f 28/28/31 30/30/35 35/35/40
f 34/34/39 35/35/40 30/30/35
f 33/33/38 32/32/37 36/36/41
f 34/34/39 33/33/38 36/36/41
f 37/37/42 28/28/31 35/35/40
f 34/34/39 37/37/42 35/35/40
f 32/32/37 38/38/43 36/36/41
f 34/34/39 36/36/41 38/38/43
f 9/9/34 39/39/44 32/32/37
f 39/39/44 38/38/43 32/32/37
f 39/39/44 9/9/34 23/23/45
f 18/18/46 39/39/44 23/23/45
f 34/34/39 38/38/43 40/40/47
f 34/34/39 40/40/47 37/37/42
f 41/41/48 38/38/43 39/39/44
f 38/38/43 41/41/48 40/40/47
f 39/39/44 18/18/46 41/41/48
f 40/40/47 41/41/48 37/37/42
f 42/42/49 41/41/48 18/18/46
f 41/41/48 42/42/49 37/37/42
f 28/28/31 37/37/42 42/42/49
f 42/42/49 4/4/29 28/28/31
f 17/17/50 42/42/49 18/18/46
f 4/4/29 42/42/49 17/17/50
f 43/43/51 44/44/52 45/45/53
f 44/44/52 43/43/51 46/46/54
f 47/47/55 46/46/54 43/43/51
f 48/48/56 44/44/52 46/46/54
f 44/44/52 48/48/56 49/49/57
f 50/50/58 49/49/57 48/48/56
f 46/46/54 47/47/55 51/51/59
f 48/48/56 46/46/54 51/51/59
f 52/52/60 51/51/59 47/47/55
f 53/53/61 50/50/58 48/48/56
f 53/53/61 54/54/62 50/50/58
f 55/55/63 48/48/56 51/51/59
f 48/48/56 55/55/63 53/53/61
f 51/51/59 52/52/60 56/56/64
f 52/52/60 57/57/65 56/56/64
f 58/58/66 55/55/63 51/51/59
f 58/58/66 51/51/59 56/56/64
f 53/53/61 55/55/63 58/58/66
f 56/56/64 57/57/65 59/59/67
f 59/59/67 57/57/65 60/60/68
f 56/56/64 61/61/69 58/58/66
f 61/61/69 56/56/64 59/59/67
f 61/61/69 53/53/61 58/58/66
f 60/60/68 62/62/70 59/59/67
f 62/62/70 61/61/69 59/59/67
f 62/62/70 60/60/68 63/63/71
f 53/53/61 61/61/69 64/64/72
f 65/65/73 62/62/70 63/63/71
f 66/66/74 65/65/73 63/63/71
f 65/65/73 66/66/74 67/67/75
f 65/65/73 67/67/75 68/68/76
f 61/61/69 62/62/70 69/69/77
f 69/69/77 64/64/72 61/61/69
f 62/62/70 65/65/73 70/70/78
f 69/69/77 62/62/70 70/70/78
f 64/64/72 71/71/79 53/53/61
f 64/64/72 69/69/77 71/71/79
f 54/54/62 53/53/61 71/71/79
f 71/71/79 72/72/80 54/54/62
f 73/73/81 69/69/77 70/70/78
f 73/73/81 71/71/79 69/69/77
f 72/72/80 71/71/79 74/74/82
f 71/71/79 73/73/81 74/74/82
f 75/75/83 72/72/80 74/74/82
f 65/65/73 76/76/84 70/70/78
f 76/76/84 73/73/81 70/70/78
f 68/68/76 76/76/84 65/65/73
f 74/74/82 73/73/81 77/77/85
f 75/75/83 74/74/82 77/77/85
f 78/78/86 73/73/81 76/76/84
f 77/77/85 73/73/81 78/78/86
f 76/76/84 68/68/76 79/79/87
f 79/79/87 78/78/86 76/76/84
f 80/80/88 79/79/87 68/68/76
f 81/81/89 77/77/85 78/78/86
f 75/75/83 77/77/85 81/81/89
f 78/78/86 79/79/87 82/82/90
f 81/81/89 78/78/86 82/82/90
f 79/79/87 80/80/88 83/83/91
f 79/79/87 84/84/92 82/82/90
f 84/84/92 79/79/87 83/83/91
f 83/83/91 80/80/88 85/85/93
f 83/83/91 85/85/93 84/84/92
f 80/80/88 86/86/94 85/85/93
f 86/86/94 87/87/95 85/85/93
f 82/82/90 84/84/92 88/88/96
f 85/85/93 88/88/96 84/84/92
f 88/88/96 81/81/89 82/82/90
f 87/87/95 89/89/97 85/85/93
f 88/88/96 85/85/93 89/89/97
f 89/89/97 87/87/95 90/90/98
f 91/91/99 89/89/97 90/90/98
f 88/88/96 92/92/100 81/81/89
f 75/75/83 81/81/89 92/92/100
f 88/88/96 89/89/97 93/93/101
f 92/92/100 88/88/96 93/93/101
f 89/89/97 91/91/99 94/94/102
f 94/94/102 93/93/101 89/89/97
f 95/95/103 94/94/102 91/91/99
f 93/93/101 96/96/104 92/92/100
f 93/93/101 94/94/102 96/96/104
f 75/75/83 92/92/100 97/97/105
f 92/92/100 96/96/104 97/97/105
f 98/98/106 75/75/83 97/97/105
f 97/97/105 99/99/107 98/98/106
f 99/99/107 97/97/105 96/96/104
f 100/100/108 94/94/102 95/95/103
f 100/100/108 96/96/104 94/94/102
f 101/101/109 100/100/108 95/95/103
f 96/96/104 100/100/108 101/101/109
f 101/101/109 95/95/103 102/102/110
f 103/103/111 101/101/109 102/102/110
f 96/96/104 104/104/112 99/99/107
f 96/96/104 101/101/109 104/104/112
f 101/101/109 103/103/111 104/104/112
f 99/99/107 104/104/112 105/105/113
f 106/106/114 104/104/112 103/103/111
f 104/104/112 106/106/114 105/105/113
f 44/44/115 107/107/116 45/45/117
f 44/44/115 108/108/118 107/107/116
f 108/108/118 109/109/119 107/107/116
f 44/44/115 110/110/120 108/108/118
f 110/110/120 44/44/115 49/49/121
f 50/50/122 110/110/120 49/49/121
f 109/109/119 108/108/118 111/111/123
f 110/110/120 111/111/123 108/108/118
f 111/111/123 112/112/124 109/109/119
f 113/113/125 110/110/120 50/50/122
f 54/54/126 113/113/125 50/50/122
f 111/111/123 110/110/120 114/114/127
f 110/110/120 113/113/125 114/114/127
f 112/112/124 111/111/123 115/115/128
f 112/112/124 115/115/128 116/116/129
f 117/117/130 111/111/123 114/114/127
f 111/111/123 117/117/130 115/115/128
f 113/113/125 117/117/130 114/114/127
f 116/116/129 115/115/128 118/118/131
f 118/118/131 119/119/132 116/116/129
f 120/120/133 115/115/128 117/117/130
f 115/115/128 120/120/133 118/118/131
f 120/120/133 117/117/130 113/113/125
f 121/121/134 119/119/132 118/118/131
f 120/120/133 121/121/134 118/118/131
f 119/119/132 121/121/134 122/122/135
f 113/113/125 123/123/136 120/120/133
f 121/121/134 124/124/137 122/122/135
f 122/122/135 124/124/137 125/125/138
f 124/124/137 126/126/139 125/125/138
f 124/124/137 127/127/140 126/126/139
f 121/121/134 120/120/133 128/128/141
f 128/128/141 120/120/133 123/123/136
f 121/121/134 129/129/142 124/124/137
f 128/128/141 129/129/142 121/121/134
f 127/127/140 124/124/137 130/130/143
f 124/124/137 129/129/142 130/130/143
f 123/123/136 131/131/144 128/128/141
f 123/123/136 113/113/125 131/131/144
f 113/113/125 54/54/126 131/131/144
f 72/72/145 131/131/144 54/54/126
f 132/132/146 129/129/142 128/128/141
f 131/131/144 132/132/146 128/128/141
f 130/130/143 129/129/142 132/132/146
f 131/131/144 72/72/145 133/133/147
f 132/132/146 131/131/144 133/133/147
f 75/75/148 133/133/147 72/72/145
f 132/132/146 133/133/147 134/134/149
f 75/75/148 134/134/149 133/133/147
f 130/130/143 132/132/146 135/135/150
f 134/134/149 135/135/150 132/132/146
f 127/127/140 130/130/143 136/136/151
f 136/136/151 130/130/143 135/135/150
f 136/136/151 137/137/152 127/127/140
f 135/135/150 134/134/149 138/138/153
f 75/75/148 138/138/153 134/134/149
f 136/136/151 135/135/150 139/139/154
f 138/138/153 139/139/154 135/135/150
f 137/137/152 136/136/151 140/140/155
f 136/136/151 139/139/154 141/141/156
f 141/141/156 140/140/155 136/136/151
f 140/140/155 142/142/157 137/137/152
f 140/140/155 141/141/156 142/142/157
f 137/137/152 142/142/157 143/143/158
f 143/143/158 142/142/157 144/144/159
f 139/139/154 145/145/160 141/141/156
f 145/145/160 142/142/157 141/141/156
f 138/138/153 145/145/160 139/139/154
f 146/146/161 144/144/159 142/142/157
f 145/145/160 146/146/161 142/142/157
f 144/144/159 146/146/161 147/147/162
f 146/146/161 148/148/163 147/147/162
f 145/145/160 138/138/153 149/149/164
f 75/75/148 149/149/164 138/138/153
f 150/150/165 146/146/161 145/145/160
f 149/149/164 150/150/165 145/145/160
f 148/148/163 146/146/161 151/151/166
f 150/150/165 151/151/166 146/146/161
f 151/151/166 152/152/167 148/148/163
f 153/153/168 150/150/165 149/149/164
f 153/153/168 151/151/166 150/150/165
f 75/75/148 154/154/169 149/149/164
f 149/149/164 154/154/169 153/153/168
f 98/98/170 154/154/169 75/75/148
f 99/99/171 154/154/169 98/98/170
f 154/154/169 99/99/171 153/153/168
f 152/152/167 151/151/166 155/155/172
f 153/153/168 155/155/172 151/151/166
f 156/156/173 152/152/167 155/155/172
f 153/153/168 156/156/173 155/155/172
f 156/156/173 157/157/174 152/152/167
f 156/156/173 158/158/175 157/157/174
f 99/99/171 159/159/176 153/153/168
f 153/153/168 159/159/176 156/156/173
f 158/158/175 156/156/173 159/159/176
f 159/159/176 99/99/171 105/105/177
f 159/159/176 106/106/178 158/158/175
f 106/106/178 159/159/176 105/105/177
f 91/160/179 102/161/180 95/162/181
f 102/161/180 91/160/179 160/163/182
f 90/164/183 160/163/182 91/160/179
f 161/165/184 102/161/180 160/163/182
f 160/163/182 90/164/183 162/166/185
f 162/166/185 161/165/184 160/163/182
f 90/164/183 163/167/186 162/166/185
f 163/167/186 90/164/183 87/168/187
f 161/165/184 162/166/185 164/169/188
f 163/167/186 164/169/188 162/166/185
f 102/161/180 161/165/184 165/170/189
f 103/171/190 102/161/180 165/170/189
f 166/172/191 163/167/186 87/168/187
f 87/168/187 86/173/192 166/172/191
f 103/171/190 165/170/189 167/174/193
f 106/175/194 103/171/190 167/174/193
f 106/175/194 167/174/193 168/176/195
f 167/174/193 165/170/189 169/177/196
f 161/165/184 169/177/196 165/170/189
f 168/176/195 167/174/193 170/178/197
f 167/174/193 169/177/196 170/178/197
f 168/176/195 170/178/197 171/179/198
f 170/178/197 172/180/199 171/179/198
f 172/180/199 170/178/197 173/181/200
f 169/177/196 173/181/200 170/178/197
f 174/182/201 172/180/199 173/181/200
f 169/177/196 161/165/184 175/183/202
f 161/165/184 164/169/188 175/183/202
f 173/181/200 169/177/196 176/184/203
f 175/183/202 176/184/203 169/177/196
f 173/181/200 177/185/204 174/182/201
f 176/184/203 175/183/202 178/186/205
f 173/181/200 179/187/206 177/185/204
f 179/187/206 173/181/200 176/184/203
f 180/188/207 174/182/201 177/185/204
f 180/188/207 181/189/208 174/182/201
f 182/190/209 177/185/204 179/187/206
f 182/190/209 180/188/207 177/185/204
f 183/191/210 181/189/208 180/188/207
f 183/191/210 184/192/211 181/189/208
f 183/191/210 185/193/212 184/192/211
f 186/194/213 183/191/210 180/188/207
f 186/194/213 180/188/207 182/190/209
f 185/193/212 183/191/210 187/195/214
f 186/194/213 187/195/214 183/191/210
f 187/195/214 188/196/215 185/193/212
f 186/194/213 182/190/209 189/197/216
f 188/196/215 187/195/214 190/198/217
f 191/199/218 188/196/215 190/198/217
f 187/195/214 186/194/213 192/200/219
f 192/200/219 190/198/217 187/195/214
f 192/200/219 186/194/213 189/197/216
f 193/201/220 191/199/218 190/198/217
f 194/202/221 191/199/218 193/201/220
f 190/198/217 192/200/219 195/203/222
f 195/203/222 193/201/220 190/198/217
f 196/204/223 194/202/221 193/201/220
f 197/205/224 194/202/221 196/204/223
f 193/201/220 195/203/222 198/206/225
f 198/206/225 196/204/223 193/201/220
f 199/207/226 197/205/224 196/204/223
f 200/208/227 197/205/224 199/207/226
f 196/204/223 198/206/225 201/209/228
f 201/209/228 199/207/226 196/204/223
f 202/210/229 200/208/227 199/207/226
f 203/211/230 200/208/227 202/210/229
f 199/207/226 201/209/228 204/212/231
f 202/210/229 199/207/226 204/212/231
f 205/213/232 203/211/230 202/210/229
f 206/214/233 202/210/229 204/212/231
f 206/214/233 205/213/232 202/210/229
f 207/215/234 203/211/230 205/213/232
f 203/211/230 207/215/234 208/216/235
f 205/213/232 206/214/233 209/217/236
f 209/217/236 207/215/234 205/213/232
f 204/212/231 210/218/237 206/214/233
f 210/218/237 209/217/236 206/214/233
f 201/209/228 211/219/238 204/212/231
f 210/218/237 204/212/231 211/219/238
f 211/219/238 201/209/228 212/220/239
f 201/209/228 198/206/225 212/220/239
f 209/217/236 210/218/237 213/221/240
f 212/220/239 198/206/225 214/222/241
f 213/221/240 215/223/242 209/217/236
f 207/215/234 209/217/236 215/223/242
f 216/224/243 214/222/241 198/206/225
f 198/206/225 195/203/222 216/224/243
f 214/222/241 217/225/244 212/220/239
f 195/203/222 218/226/245 216/224/243
f 218/226/245 195/203/222 192/200/219
f 216/224/243 219/227/246 214/222/241
f 217/225/244 214/222/241 219/227/246
f 220/228/247 216/224/243 218/226/245
f 219/227/246 216/224/243 220/228/247
f 192/200/219 221/229/248 218/226/245
f 221/229/248 220/228/247 218/226/245
f 221/229/248 192/200/219 189/197/216
f 220/228/247 221/229/248 222/230/249
f 222/230/249 221/229/248 189/197/216
f 223/231/250 219/227/246 220/228/247
f 189/197/216 224/232/251 222/230/249
f 224/232/251 189/197/216 182/190/209
f 179/187/206 224/232/251 182/190/209
f 220/228/247 222/230/249 225/233/252
f 220/228/247 225/233/252 223/231/250
f 222/230/249 224/232/251 226/234/253
f 222/230/249 226/234/253 225/233/252
f 224/232/251 179/187/206 226/234/253
f 226/234/253 227/235/254 225/233/252
f 223/231/250 225/233/252 227/235/254
f 179/187/206 228/236/255 226/234/253
f 227/235/254 226/234/253 228/236/255
f 179/187/206 176/184/203 228/236/255
f 178/186/205 228/236/255 176/184/203
f 228/236/255 229/237/256 227/235/254
f 228/236/255 178/186/205 230/238/257
f 229/237/256 228/236/255 230/238/257
f 227/235/254 231/239/258 223/231/250
f 227/235/254 229/237/256 231/239/258
f 219/227/246 223/231/250 232/240/259
f 231/239/258 232/240/259 223/231/250
f 232/240/259 217/225/244 219/227/246
f 233/241/260 232/240/259 231/239/258
f 217/225/244 232/240/259 233/241/260
f 231/239/258 229/237/256 234/242/261
f 230/238/257 234/242/261 229/237/256
f 233/241/260 231/239/258 235/243/262
f 236/244/263 217/225/244 233/241/260
f 235/243/262 236/244/263 233/241/260
f 231/239/258 237/245/264 235/243/262
f 231/239/258 234/242/261 237/245/264
f 238/246/265 236/244/263 235/243/262
f 235/243/262 237/245/264 238/246/265
f 236/244/263 239/247/266 217/225/244
f 239/247/266 212/220/239 217/225/244
f 212/220/239 239/247/266 211/219/238
f 240/248/267 239/247/266 236/244/263
f 236/244/263 238/246/265 240/248/267
f 241/249/268 211/219/238 239/247/266
f 239/247/266 240/248/267 241/249/268
f 211/219/238 241/249/268 242/250/269
f 210/218/237 211/219/238 242/250/269
f 241/249/268 240/248/267 243/251/270
f 210/218/237 242/250/269 244/252/271
f 244/252/271 213/221/240 210/218/237
f 245/253/272 242/250/269 241/249/268
f 243/251/270 245/253/272 241/249/268
f 246/254/273 244/252/271 242/250/269
f 242/250/269 245/253/272 246/254/273
f 213/221/240 244/252/271 247/255/274
f 244/252/271 246/254/273 248/256/275
f 248/256/275 247/255/274 244/252/271
f 247/255/274 249/257/276 213/221/240
f 215/223/242 213/221/240 249/257/276
f 247/255/274 248/256/275 250/258/277
f 249/257/276 247/255/274 251/259/278
f 251/259/278 247/255/274 250/258/277
f 252/260/279 215/223/242 249/257/276
f 252/260/279 249/257/276 251/259/278
f 253/261/280 215/223/242 252/260/279
f 253/261/280 207/215/234 215/223/242
f 251/259/278 254/262/281 252/260/279
f 207/215/234 253/261/280 255/263/282
f 255/263/282 208/216/235 207/215/234
f 256/264/283 208/216/235 255/263/282
f 257/265/284 253/261/280 252/260/279
f 254/262/281 257/265/284 252/260/279
f 258/266/285 255/263/282 253/261/280
f 257/265/284 258/266/285 253/261/280
f 259/267/286 256/264/283 255/263/282
f 258/266/285 259/267/286 255/263/282
f 256/264/283 259/267/286 260/268/287
f 261/269/288 260/268/287 259/267/286
f 262/270/289 261/269/288 259/267/286
f 258/266/285 262/270/289 259/267/286
f 262/270/289 263/271/290 261/269/288
f 262/270/289 258/266/285 264/272/291
f 257/265/284 264/272/291 258/266/285
f 263/271/290 262/270/289 265/273/292
f 264/272/291 265/273/292 262/270/289
f 265/273/292 266/274/293 263/271/290
f 264/272/291 257/265/284 267/275/294
f 266/274/293 265/273/292 268/276/295
f 264/272/291 269/277/296 265/273/292
f 269/277/296 268/276/295 265/273/292
f 269/277/296 264/272/291 267/275/294
f 270/278/297 266/274/293 268/276/295
f 271/279/298 266/274/293 270/278/297
f 268/276/295 269/277/296 272/280/299
f 270/278/297 268/276/295 272/280/299
f 273/281/300 269/277/296 267/275/294
f 274/282/301 271/279/298 270/278/297
f 275/283/302 271/279/298 274/282/301
f 269/277/296 273/281/300 276/284/303
f 276/284/303 272/280/299 269/277/296
f 267/275/294 277/285/304 273/281/300
f 277/285/304 267/275/294 257/265/284
f 257/265/284 254/262/281 277/285/304
f 276/284/303 273/281/300 278/286/305
f 278/286/305 273/281/300 277/285/304
f 279/287/306 277/285/304 254/262/281
f 277/285/304 280/288/307 278/286/305
f 277/285/304 279/287/306 280/288/307
f 281/289/308 279/287/306 254/262/281
f 254/262/281 251/259/278 281/289/308
f 251/259/278 250/258/277 281/289/308
f 282/290/309 280/288/307 279/287/306
f 281/289/308 282/290/309 279/287/306
f 280/288/307 282/290/309 283/291/310
f 283/291/310 278/286/305 280/288/307
f 281/289/308 284/292/311 282/290/309
f 282/290/309 285/293/312 283/291/310
f 284/292/311 285/293/312 282/290/309
f 278/286/305 283/291/310 285/293/312
f 284/292/311 281/289/308 286/294/313
f 281/289/308 250/258/277 286/294/313
f 287/295/314 285/293/312 284/292/311
f 286/294/313 287/295/314 284/292/311
f 285/293/312 288/296/315 278/286/305
f 250/258/277 289/297/316 286/294/313
f 289/297/316 250/258/277 248/256/275
f 290/298/317 285/293/312 287/295/314
f 285/293/312 290/298/317 288/296/315
f 289/297/316 248/256/275 291/299/318
f 248/256/275 246/254/273 291/299/318
f 286/294/313 289/297/316 292/300/319
f 246/254/273 293/301/320 291/299/318
f 293/301/320 246/254/273 245/253/272
f 289/297/316 291/299/318 294/302/321
f 289/297/316 294/302/321 292/300/319
f 291/299/318 293/301/320 295/303/322
f 291/299/318 295/303/322 294/302/321
f 245/253/272 296/304/323 293/301/320
f 245/253/272 243/251/270 296/304/323
f 293/301/320 297/305/324 295/303/322
f 297/305/324 293/301/320 296/304/323
f 296/304/323 243/251/270 298/306/325
f 296/304/323 299/307/326 297/305/324
f 296/304/323 298/306/325 299/307/326
f 243/251/270 300/308/327 298/306/325
f 240/248/267 300/308/327 243/251/270
f 238/246/265 300/308/327 240/248/267
f 301/309/328 298/306/325 300/308/327
f 301/309/328 299/307/326 298/306/325
f 238/246/265 302/310/329 300/308/327
f 302/310/329 301/309/328 300/308/327
f 237/245/264 302/310/329 238/246/265
f 299/307/326 301/309/328 303/311/330
f 237/245/264 304/312/331 302/310/329
f 304/312/331 237/245/264 234/242/261
f 303/311/330 305/313/332 299/307/326
f 305/313/332 297/305/324 299/307/326
f 306/314/333 304/312/331 234/242/261
f 297/305/324 305/313/332 307/315/334
f 295/303/322 297/305/324 307/315/334
f 308/316/335 306/314/333 234/242/261
f 230/238/257 308/316/335 234/242/261
f 307/315/334 309/317/336 295/303/322
f 294/302/321 295/303/322 309/317/336
f 230/238/257 310/318/337 308/316/335
f 310/318/337 230/238/257 178/186/205
f 311/319/338 308/316/335 310/318/337
f 308/316/335 311/319/338 306/314/333
f 178/186/205 312/320/339 310/318/337
f 312/320/339 311/319/338 310/318/337
f 175/183/202 312/320/339 178/186/205
f 175/183/202 164/169/188 312/320/339
f 311/319/338 313/321/340 306/314/333
f 304/312/331 306/314/333 313/321/340
f 311/319/338 312/320/339 314/322/341
f 314/322/341 312/320/339 164/169/188
f 313/321/340 315/323/342 304/312/331
f 304/312/331 315/323/342 302/310/329
f 313/321/340 311/319/338 316/324/343
f 314/322/341 316/324/343 311/319/338
f 315/323/342 313/321/340 317/325/344
f 316/324/343 317/325/344 313/321/340
f 315/323/342 318/326/345 302/310/329
f 317/325/344 318/326/345 315/323/342
f 318/326/345 301/309/328 302/310/329
f 319/327/346 317/325/344 316/324/343
f 320/328/347 301/309/328 318/326/345
f 301/309/328 320/328/347 303/311/330
f 318/326/345 317/325/344 321/329/348
f 321/329/348 320/328/347 318/326/345
f 319/327/346 321/329/348 317/325/344
f 320/328/347 322/330/349 303/311/330
f 305/313/332 303/311/330 322/330/349
f 320/328/347 321/329/348 323/331/350
f 322/330/349 324/332/351 305/313/332
f 324/332/351 307/315/334 305/313/332
f 322/330/349 320/328/347 325/333/352
f 320/328/347 323/331/350 325/333/352
f 324/332/351 322/330/349 326/334/353
f 325/333/352 326/334/353 322/330/349
f 307/315/334 324/332/351 327/335/354
f 326/334/353 325/333/352 328/336/355
f 329/337/356 307/315/334 327/335/354
f 307/315/334 329/337/356 309/317/336
f 326/334/353 330/338/357 324/332/351
f 331/339/358 309/317/336 329/337/356
f 309/317/336 331/339/358 294/302/321
f 330/338/357 326/334/353 332/340/359
f 328/336/355 332/340/359 326/334/353
f 333/341/360 324/332/351 330/338/357
f 324/332/351 333/341/360 327/335/354
f 332/340/359 334/342/361 330/338/357
f 333/341/360 330/338/357 334/342/361
f 335/343/362 327/335/354 333/341/360
f 327/335/354 335/343/362 329/337/356
f 334/342/361 336/344/363 333/341/360
f 335/343/362 333/341/360 336/344/363
f 337/345/364 329/337/356 335/343/362
f 337/345/364 331/339/358 329/337/356
f 336/344/363 338/346/365 335/343/362
f 339/347/366 331/339/358 337/345/364
f 339/347/366 294/302/321 331/339/358
f 294/302/321 339/347/366 292/300/319
f 335/343/362 340/348/367 337/345/364
f 340/348/367 335/343/362 338/346/365
f 339/347/366 337/345/364 341/349/368
f 342/350/369 337/345/364 340/348/367
f 337/345/364 342/350/369 341/349/368
f 343/351/370 339/347/366 341/349/368
f 342/350/369 343/351/370 341/349/368
f 344/352/371 292/300/319 339/347/366
f 339/347/366 343/351/370 344/352/371
f 345/353/372 292/300/319 344/352/371
f 292/300/319 345/353/372 286/294/313
f 345/353/372 287/295/314 286/294/313
f 287/295/314 345/353/372 346/354/373
f 346/354/373 345/353/372 344/352/371
f 287/295/314 346/354/373 290/298/317
f 347/355/374 344/352/371 343/351/370
f 346/354/373 344/352/371 348/356/375
f 344/352/371 347/355/374 348/356/375
f 346/354/373 349/357/376 290/298/317
f 350/358/377 347/355/374 343/351/370
f 343/351/370 342/350/369 350/358/377
f 348/356/375 351/359/378 346/354/373
f 349/357/376 346/354/373 351/359/378
f 347/355/374 352/360/379 348/356/375
f 351/359/378 348/356/375 352/360/379
f 347/355/374 350/358/377 353/361/380
f 352/360/379 347/355/374 354/362/381
f 353/361/380 354/362/381 347/355/374
f 355/363/382 351/359/378 352/360/379
f 352/360/379 354/362/381 355/363/382
f 353/361/380 350/358/377 356/364/383
f 342/350/369 356/364/383 350/358/377
f 354/362/381 353/361/380 357/365/384
f 356/364/383 358/366/385 353/361/380
f 357/365/384 353/361/380 358/366/385
f 356/364/383 342/350/369 359/367/386
f 360/368/387 354/362/381 357/365/384
f 355/363/382 354/362/381 360/368/387
f 361/369/388 359/367/386 342/350/369
f 342/350/369 340/348/367 361/369/388
f 338/346/365 361/369/388 340/348/367
f 361/369/388 362/370/389 359/367/386
f 338/346/365 363/371/390 361/369/388
f 362/370/389 361/369/388 363/371/390
f 363/371/390 338/346/365 364/372/391
f 336/344/363 364/372/391 338/346/365
f 365/373/392 359/367/386 362/370/389
f 359/367/386 365/373/392 356/364/383
f 364/372/391 336/344/363 366/374/393
f 334/342/361 366/374/393 336/344/363
f 367/375/394 356/364/383 365/373/392
f 356/364/383 367/375/394 358/366/385
f 362/370/389 368/376/395 365/373/392
f 367/375/394 369/377/396 358/366/385
f 358/366/385 369/377/396 357/365/384
f 365/373/392 370/378/397 367/375/394
f 370/378/397 365/373/392 368/376/395
f 369/377/396 367/375/394 371/379/398
f 372/380/399 367/375/394 370/378/397
f 367/375/394 372/380/399 371/379/398
f 373/381/400 357/365/384 369/377/396
f 373/381/400 369/377/396 371/379/398
f 357/365/384 373/381/400 374/382/401
f 360/368/387 357/365/384 374/382/401
f 373/381/400 371/379/398 375/383/402
f 376/384/403 371/379/398 372/380/399
f 371/379/398 376/384/403 375/383/402
f 376/384/403 372/380/399 377/385/404
f 370/378/397 377/385/404 372/380/399
f 378/386/405 373/381/400 375/383/402
f 378/386/405 374/382/401 373/381/400
f 379/387/406 375/383/402 376/384/403
f 375/383/402 380/388/407 378/386/405
f 375/383/402 379/387/406 380/388/407
f 374/382/401 378/386/405 381/389/408
f 379/387/406 376/384/403 382/390/409
f 376/384/403 377/385/404 382/390/409
f 381/389/408 383/391/410 374/382/401
f 383/391/410 360/368/387 374/382/401
f 378/386/405 384/392/411 381/389/408
f 383/391/410 385/393/412 360/368/387
f 385/393/412 355/363/382 360/368/387
f 386/394/413 383/391/410 381/389/408
f 381/389/408 384/392/411 386/394/413
f 387/395/414 385/393/412 383/391/410
f 383/391/410 386/394/413 387/395/414
f 388/396/415 355/363/382 385/393/412
f 351/359/378 355/363/382 388/396/415
f 389/397/416 388/396/415 385/393/412
f 390/398/417 351/359/378 388/396/415
f 389/397/416 390/398/417 388/396/415
f 390/398/417 349/357/376 351/359/378
f 385/393/412 391/399/418 389/397/416
f 385/393/412 387/395/414 391/399/418
f 390/398/417 389/397/416 392/400/419
f 391/399/418 392/400/419 389/397/416
f 349/357/376 390/398/417 393/401/420
f 392/400/419 393/401/420 390/398/417
f 387/395/414 394/402/421 391/399/418
f 395/403/422 392/400/419 391/399/418
f 394/402/421 395/403/422 391/399/418
f 396/404/423 393/401/420 392/400/419
f 395/403/422 396/404/423 392/400/419
f 394/402/421 387/395/414 397/405/424
f 386/394/413 397/405/424 387/395/414
f 395/403/422 394/402/421 398/406/425
f 397/405/424 386/394/413 399/407/426
f 384/392/411 399/407/426 386/394/413
f 397/405/424 400/408/427 394/402/421
f 399/407/426 401/409/428 397/405/424
f 400/408/427 397/405/424 401/409/428
f 399/407/426 384/392/411 402/410/429
f 401/409/428 399/407/426 403/411/430
f 402/410/429 403/411/430 399/407/426
f 404/412/431 400/408/427 401/409/428
f 403/411/430 404/412/431 401/409/428
f 394/402/421 400/408/427 405/413/432
f 405/413/432 398/406/425 394/402/421
f 400/408/427 404/412/431 406/414/433
f 400/408/427 407/415/434 405/413/432
f 400/408/427 406/414/433 407/415/434
f 408/416/435 398/406/425 405/413/432
f 409/417/436 405/413/432 407/415/434
f 405/413/432 409/417/436 408/416/435
f 406/414/433 410/418/437 407/415/434
f 407/415/434 411/419/438 409/417/436
f 411/419/438 407/415/434 410/418/437
f 412/420/439 408/416/435 409/417/436
f 413/421/440 409/417/436 411/419/438
f 409/417/436 413/421/440 412/420/439
f 398/406/425 408/416/435 414/422/441
f 414/422/441 395/403/422 398/406/425
f 408/416/435 412/420/439 415/423/442
f 415/423/442 414/422/441 408/416/435
f 395/403/422 414/422/441 416/424/443
f 396/404/423 395/403/422 416/424/443
f 414/422/441 415/423/442 417/425/444
f 418/426/445 416/424/443 414/422/441
f 417/425/444 418/426/445 414/422/441
f 416/424/443 419/427/446 396/404/423
f 416/424/443 418/426/445 420/428/447
f 419/427/446 416/424/443 420/428/447
f 418/426/445 417/425/444 421/429/448
f 421/429/448 420/428/447 418/426/445
f 422/430/449 396/404/423 419/427/446
f 422/430/449 393/401/420 396/404/423
f 419/427/446 420/428/447 423/431/450
f 420/428/447 421/429/448 424/432/451
f 420/428/447 424/432/451 423/431/450
f 425/433/452 419/427/446 423/431/450
f 419/427/446 425/433/452 422/430/449
f 423/431/450 424/432/451 426/434/453
f 423/431/450 427/435/454 425/433/452
f 426/434/453 427/435/454 423/431/450
f 428/436/455 424/432/451 421/429/448
f 424/432/451 428/436/455 426/434/453
f 429/437/456 421/429/448 417/425/444
f 421/429/448 429/437/456 428/436/455
f 415/423/442 429/437/456 417/425/444
f 430/438/457 426/434/453 428/436/455
f 430/438/457 428/436/455 429/437/456
f 427/435/454 426/434/453 431/439/458
f 426/434/453 430/438/457 431/439/458
f 427/435/454 432/440/459 425/433/452
f 432/440/459 422/430/449 425/433/452
f 427/435/454 431/439/458 433/441/460
f 433/441/460 432/440/459 427/435/454
f 434/442/461 431/439/458 430/438/457
f 435/443/462 433/441/460 431/439/458
f 431/439/458 434/442/461 435/443/462
f 432/440/459 433/441/460 436/444/463
f 437/445/464 434/442/461 430/438/457
f 430/438/457 429/437/456 437/445/464
f 436/444/463 438/446/465 432/440/459
f 422/430/449 432/440/459 438/446/465
f 439/447/466 436/444/463 433/441/460
f 433/441/460 435/443/462 439/447/466
f 438/446/465 440/448/467 422/430/449
f 438/446/465 436/444/463 441/449/468
f 441/449/468 440/448/467 438/446/465
f 440/448/467 442/450/469 422/430/449
f 393/401/420 422/430/449 442/450/469
f 393/401/420 442/450/469 443/451/470
f 443/451/470 349/357/376 393/401/420
f 444/452/471 442/450/469 440/448/467
f 442/450/469 444/452/471 443/451/470
f 445/453/472 349/357/376 443/451/470
f 444/452/471 445/453/472 443/451/470
f 290/298/317 349/357/376 445/453/472
f 288/296/315 290/298/317 445/453/472
f 446/454/473 444/452/471 440/448/467
f 440/448/467 441/449/468 446/454/473
f 445/453/472 444/452/471 447/455/474
f 288/296/315 445/453/472 447/455/474
f 444/452/471 446/454/473 448/456/475
f 448/456/475 447/455/474 444/452/471
f 449/457/476 288/296/315 447/455/474
f 278/286/305 288/296/315 449/457/476
f 278/286/305 449/457/476 276/284/303
f 449/457/476 447/455/474 450/458/477
f 450/458/477 276/284/303 449/457/476
f 447/455/474 448/456/475 450/458/477
f 272/280/299 276/284/303 450/458/477
f 448/456/475 272/280/299 450/458/477
f 451/459/478 272/280/299 448/456/475
f 446/454/473 451/459/478 448/456/475
f 451/459/478 270/278/297 272/280/299
f 446/454/473 452/460/479 451/459/478
f 452/460/479 270/278/297 451/459/478
f 441/449/468 452/460/479 446/454/473
f 274/282/301 270/278/297 452/460/479
f 453/461/480 452/460/479 441/449/468
f 453/461/480 274/282/301 452/460/479
f 436/444/463 453/461/480 441/449/468
f 453/461/480 454/462/481 274/282/301
f 454/462/481 275/283/302 274/282/301
f 454/462/481 455/463/482 275/283/302
f 456/464/483 453/461/480 436/444/463
f 454/462/481 453/461/480 456/464/483
f 436/444/463 439/447/466 456/464/483
f 457/465/484 455/463/482 454/462/481
f 456/464/483 457/465/484 454/462/481
f 457/465/484 458/466/485 455/463/482
f 457/465/484 459/467/486 458/466/485
f 456/464/483 460/468/487 457/465/484
f 459/467/486 457/465/484 460/468/487
f 460/468/487 456/464/483 439/447/466
f 460/468/487 461/469/488 459/467/486
f 439/447/466 462/470/489 460/468/487
f 461/469/488 460/468/487 462/470/489
f 462/470/489 439/447/466 435/443/462
f 462/470/489 463/471/490 461/469/488
f 435/443/462 464/472/491 462/470/489
f 463/471/490 462/470/489 464/472/491
f 464/472/491 435/443/462 434/442/461
f 465/473/492 463/471/490 464/472/491
f 434/442/461 465/473/492 464/472/491
f 463/471/490 465/473/492 466/474/493
f 465/473/492 467/475/494 466/474/493
f 465/473/492 434/442/461 468/476/495
f 434/442/461 437/445/464 468/476/495
f 467/475/494 465/473/492 469/477/496
f 468/476/495 469/477/496 465/473/492
f 470/478/497 468/476/495 437/445/464
f 429/437/456 470/478/497 437/445/464
f 469/477/496 468/476/495 471/479/498
f 468/476/495 470/478/497 471/479/498
f 472/480/499 467/475/494 469/477/496
f 467/475/494 472/480/499 473/481/500
f 472/480/499 474/482/501 473/481/500
f 471/479/498 475/483/502 469/477/496
f 469/477/496 475/483/502 472/480/499
f 476/484/503 471/479/498 470/478/497
f 471/479/498 476/484/503 475/483/502
f 470/478/497 429/437/456 477/485/504
f 429/437/456 415/423/442 477/485/504
f 478/486/505 470/478/497 477/485/504
f 477/485/504 415/423/442 478/486/505
f 470/478/497 478/486/505 476/484/503
f 478/486/505 415/423/442 412/420/439
f 413/421/440 478/486/505 412/420/439
f 479/487/506 476/484/503 478/486/505
f 478/486/505 413/421/440 479/487/506
f 476/484/503 479/487/506 480/488/507
f 475/483/502 476/484/503 480/488/507
f 479/487/506 413/421/440 481/489/508
f 481/489/508 480/488/507 479/487/506
f 475/483/502 480/488/507 482/490/509
f 472/480/499 475/483/502 482/490/509
f 480/488/507 481/489/508 483/491/510
f 483/491/510 482/490/509 480/488/507
f 472/480/499 482/490/509 484/492/511
f 474/482/501 472/480/499 484/492/511
f 482/490/509 483/491/510 485/493/512
f 485/493/512 484/492/511 482/490/509
f 474/482/501 484/492/511 486/494/513
f 484/492/511 485/493/512 486/494/513
f 474/482/501 486/494/513 487/495/514
f 488/496/515 487/495/514 486/494/513
f 485/493/512 488/496/515 486/494/513
f 488/496/515 489/497/516 487/495/514
f 485/493/512 483/491/510 490/498/517
f 489/497/516 488/496/515 491/499/518
f 489/497/516 491/499/518 492/500/519
f 491/499/518 45/501/520 492/500/519
f 45/501/520 491/499/518 43/502/521
f 488/496/515 485/493/512 493/503/522
f 490/498/517 493/503/522 485/493/512
f 488/496/515 494/504/523 491/499/518
f 491/499/518 494/504/523 43/502/521
f 488/496/515 493/503/522 494/504/523
f 47/505/524 43/502/521 494/504/523
f 493/503/522 495/506/525 494/504/523
f 494/504/523 495/506/525 47/505/524
f 495/506/525 493/503/522 490/498/517
f 52/507/526 47/505/524 495/506/525
f 495/506/525 496/508/527 52/507/526
f 490/498/517 496/508/527 495/506/525
f 496/508/527 57/509/528 52/507/526
f 496/508/527 490/498/517 497/510/529
f 497/510/529 490/498/517 483/491/510
f 483/491/510 481/489/508 497/510/529
f 496/508/527 498/511/530 57/509/528
f 497/510/529 498/511/530 496/508/527
f 481/489/508 499/512/531 497/510/529
f 498/511/530 497/510/529 499/512/531
f 498/511/530 500/513/532 57/509/528
f 498/511/530 499/512/531 500/513/532
f 60/514/533 57/509/528 500/513/532
f 481/489/508 501/515/534 499/512/531
f 413/421/440 501/515/534 481/489/508
f 413/421/440 411/419/438 501/515/534
f 502/516/535 499/512/531 501/515/534
f 411/419/438 502/516/535 501/515/534
f 499/512/531 502/516/535 500/513/532
f 410/418/437 502/516/535 411/419/438
f 503/517/536 60/514/533 500/513/532
f 63/518/537 60/514/533 503/517/536
f 502/516/535 504/519/538 500/513/532
f 502/516/535 410/418/437 504/519/538
f 505/520/539 503/517/536 500/513/532
f 504/519/538 505/520/539 500/513/532
f 506/521/540 63/518/537 503/517/536
f 63/518/537 506/521/540 66/522/541
f 67/523/542 66/522/541 506/521/540
f 507/524/543 503/517/536 505/520/539
f 503/517/536 507/524/543 506/521/540
f 508/525/544 67/523/542 506/521/540
f 68/526/545 67/523/542 508/525/544
f 80/527/546 68/526/545 508/525/544
f 506/521/540 507/524/543 509/528/547
f 508/525/544 506/521/540 509/528/547
f 510/529/548 80/527/546 508/525/544
f 508/525/544 509/528/547 510/529/548
f 80/527/546 510/529/548 86/173/192
f 510/529/548 166/172/191 86/173/192
f 511/530/549 509/528/547 507/524/543
f 505/520/539 511/530/549 507/524/543
f 512/531/550 510/529/548 509/528/547
f 511/530/549 505/520/539 513/532/551
f 505/520/539 504/519/538 513/532/551
f 509/528/547 511/530/549 514/533/552
f 509/528/547 514/533/552 512/531/550
f 504/519/538 515/534/553 513/532/551
f 515/534/553 504/519/538 410/418/437
f 511/530/549 513/532/551 516/535/554
f 515/534/553 516/535/554 513/532/551
f 515/534/553 410/418/437 517/536/555
f 516/535/554 515/534/553 517/536/555
f 406/414/433 517/536/555 410/418/437
f 517/536/555 406/414/433 404/412/431
f 518/537/556 511/530/549 516/535/554
f 514/533/552 511/530/549 518/537/556
f 517/536/555 519/538/557 516/535/554
f 518/537/556 516/535/554 519/538/557
f 517/536/555 404/412/431 520/539/558
f 519/538/557 517/536/555 520/539/558
f 514/533/552 518/537/556 521/540/559
f 512/531/550 514/533/552 521/540/559
f 519/538/557 522/541/560 518/537/556
f 518/537/556 522/541/560 521/540/559
f 523/542/561 522/541/560 519/538/557
f 520/539/558 523/542/561 519/538/557
f 522/541/560 323/331/350 521/540/559
f 522/541/560 523/542/561 524/543/562
f 524/543/562 323/331/350 522/541/560
f 521/540/559 323/331/350 321/329/348
f 321/329/348 319/327/346 521/540/559
f 521/540/559 319/327/346 512/531/550
f 323/331/350 524/543/562 525/544/563
f 323/331/350 525/544/563 325/333/352
f 525/544/563 328/336/355 325/333/352
f 526/545/564 525/544/563 524/543/562
f 328/336/355 525/544/563 526/545/564
f 527/546/565 524/543/562 523/542/561
f 524/543/562 527/546/565 526/545/564
f 520/539/558 527/546/565 523/542/561
f 526/545/564 528/547/566 328/336/355
f 332/340/359 328/336/355 528/547/566
f 527/546/565 529/548/567 526/545/564
f 528/547/566 526/545/564 529/548/567
f 528/547/566 530/549/568 332/340/359
f 334/342/361 332/340/359 530/549/568
f 529/548/567 531/550/569 528/547/566
f 530/549/568 528/547/566 531/550/569
f 530/549/568 532/551/570 334/342/361
f 366/374/393 334/342/361 532/551/570
f 531/550/569 533/552/571 530/549/568
f 532/551/570 530/549/568 533/552/571
f 532/551/570 534/553/572 366/374/393
f 533/552/571 535/554/573 532/551/570
f 534/553/572 532/551/570 535/554/573
f 533/552/571 531/550/569 536/555/574
f 537/556/575 366/374/393 534/553/572
f 366/374/393 537/556/575 364/372/391
f 538/557/576 536/555/574 531/550/569
f 531/550/569 529/548/567 538/557/576
f 539/558/577 364/372/391 537/556/575
f 364/372/391 539/558/577 363/371/390
f 537/556/575 540/559/578 539/558/577
f 541/560/579 363/371/390 539/558/577
f 540/559/578 541/560/579 539/558/577
f 363/371/390 541/560/579 362/370/389
f 368/376/395 362/370/389 541/560/579
f 540/559/578 537/556/575 542/561/580
f 534/553/572 542/561/580 537/556/575
f 540/559/578 543/562/581 541/560/579
f 542/561/580 543/562/581 540/559/578
f 543/562/581 368/376/395 541/560/579
f 542/561/580 534/553/572 544/563/582
f 544/563/582 543/562/581 542/561/580
f 535/554/573 544/563/582 534/553/572
f 368/376/395 543/562/581 545/564/583
f 545/564/583 370/378/397 368/376/395
f 546/565/584 543/562/581 544/563/582
f 546/565/584 545/564/583 543/562/581
f 544/563/582 535/554/573 546/565/584
f 370/378/397 545/564/583 547/566/585
f 545/564/583 546/565/584 547/566/585
f 377/385/404 370/378/397 547/566/585
f 548/567/586 546/565/584 535/554/573
f 535/554/573 533/552/571 548/567/586
f 533/552/571 536/555/574 548/567/586
f 547/566/585 546/565/584 549/568/587
f 546/565/584 548/567/586 549/568/587
f 547/566/585 550/569/588 377/385/404
f 550/569/588 547/566/585 549/568/587
f 548/567/586 550/569/588 549/568/587
f 377/385/404 550/569/588 382/390/409
f 551/570/589 548/567/586 536/555/574
f 548/567/586 551/570/589 550/569/588
f 551/570/589 536/555/574 552/571/590
f 536/555/574 538/557/576 552/571/590
f 553/572/591 550/569/588 551/570/589
f 382/390/409 550/569/588 553/572/591
f 554/573/592 551/570/589 552/571/590
f 551/570/589 554/573/592 553/572/591
f 555/574/593 552/571/590 538/557/576
f 552/571/590 555/574/593 554/573/592
f 556/575/594 553/572/591 554/573/592
f 554/573/592 555/574/593 556/575/594
f 557/576/595 382/390/409 553/572/591
f 553/572/591 556/575/594 557/576/595
f 538/557/576 558/577/596 555/574/593
f 558/577/596 538/557/576 529/548/567
f 555/574/593 559/578/597 556/575/594
f 559/578/597 555/574/593 558/577/596
f 529/548/567 560/579/598 558/577/596
f 529/548/567 527/546/565 560/579/598
f 558/577/596 561/580/599 559/578/597
f 558/577/596 560/579/598 561/580/599
f 559/578/597 562/581/600 556/575/594
f 562/581/600 557/576/595 556/575/594
f 560/579/598 527/546/565 563/582/601
f 560/579/598 563/582/601 561/580/599
f 527/546/565 564/583/602 563/582/601
f 527/546/565 520/539/558 564/583/602
f 564/583/602 565/584/603 563/582/601
f 565/584/603 561/580/599 563/582/601
f 520/539/558 566/585/604 564/583/602
f 564/583/602 566/585/604 565/584/603
f 404/412/431 566/585/604 520/539/558
f 404/412/431 403/411/430 566/585/604
f 567/586/605 566/585/604 403/411/430
f 566/585/604 567/586/605 565/584/603
f 403/411/430 402/410/429 567/586/605
f 561/580/599 565/584/603 568/587/606
f 567/586/605 568/587/606 565/584/603
f 561/580/599 569/588/607 559/578/597
f 561/580/599 568/587/606 569/588/607
f 559/578/597 569/588/607 562/581/600
f 568/587/606 567/586/605 570/589/608
f 402/410/429 570/589/608 567/586/605
f 568/587/606 571/590/609 569/588/607
f 571/590/609 568/587/606 570/589/608
f 569/588/607 572/591/610 562/581/600
f 572/591/610 569/588/607 571/590/609
f 570/589/608 402/410/429 573/592/611
f 570/589/608 574/593/612 571/590/609
f 574/593/612 570/589/608 573/592/611
f 571/590/609 575/594/613 572/591/610
f 575/594/613 571/590/609 574/593/612
f 402/410/429 576/595/614 573/592/611
f 576/595/614 402/410/429 384/392/411
f 384/392/411 378/386/405 576/595/614
f 576/595/614 378/386/405 380/388/407
f 577/596/615 573/592/611 576/595/614
f 380/388/407 577/596/615 576/595/614
f 577/596/615 574/593/612 573/592/611
f 577/596/615 380/388/407 379/387/406
f 578/597/616 574/593/612 577/596/615
f 379/387/406 578/597/616 577/596/615
f 574/593/612 578/597/616 575/594/613
f 578/597/616 379/387/406 579/598/617
f 382/390/409 579/598/617 379/387/406
f 382/390/409 557/576/595 579/598/617
f 580/599/618 575/594/613 578/597/616
f 579/598/617 580/599/618 578/597/616
f 579/598/617 557/576/595 581/600/619
f 579/598/617 581/600/619 580/599/618
f 557/576/595 562/581/600 581/600/619
f 575/594/613 580/599/618 582/601/620
f 581/600/619 582/601/620 580/599/618
f 582/601/620 572/591/610 575/594/613
f 562/581/600 583/602/621 581/600/619
f 582/601/620 581/600/619 583/602/621
f 583/602/621 562/581/600 572/591/610
f 572/591/610 582/601/620 583/602/621
f 157/603/622 148/604/623 152/605/624
f 148/604/623 157/603/622 584/606/625
f 584/606/625 147/607/626 148/604/623
f 157/603/622 585/608/627 584/606/625
f 147/607/626 584/606/625 586/609/628
f 585/608/627 586/609/628 584/606/625
f 586/609/628 587/610/629 147/607/626
f 587/610/629 144/611/630 147/607/626
f 586/609/628 585/608/627 588/612/631
f 588/612/631 587/610/629 586/609/628
f 585/608/627 157/603/622 589/613/632
f 158/614/633 589/613/632 157/603/622
f 590/615/634 144/611/630 587/610/629
f 144/611/630 590/615/634 143/616/635
f 591/617/636 589/613/632 158/614/633
f 158/614/633 106/175/637 591/617/636
f 168/176/638 591/617/636 106/175/637
f 591/617/636 592/618/639 589/613/632
f 585/608/627 589/613/632 592/618/639
f 591/617/636 168/176/638 593/619/640
f 593/619/640 592/618/639 591/617/636
f 171/179/641 593/619/640 168/176/638
f 172/180/642 593/619/640 171/179/641
f 593/619/640 172/180/642 594/620/643
f 594/620/643 592/618/639 593/619/640
f 174/182/644 594/620/643 172/180/642
f 592/618/639 595/621/645 585/608/627
f 588/612/631 585/608/627 595/621/645
f 592/618/639 594/620/643 596/622/646
f 596/622/646 595/621/645 592/618/639
f 594/620/643 174/182/644 597/623/647
f 594/620/643 598/624/648 596/622/646
f 598/624/648 594/620/643 597/623/647
f 174/182/644 599/625/649 597/623/647
f 599/625/649 174/182/644 181/189/650
f 597/623/647 600/626/651 598/624/648
f 600/626/651 597/623/647 599/625/649
f 599/625/649 181/189/650 601/627/652
f 184/192/653 601/627/652 181/189/650
f 185/193/654 601/627/652 184/192/653
f 601/627/652 602/628/655 599/625/649
f 600/626/651 599/625/649 602/628/655
f 601/627/652 185/193/654 603/629/656
f 603/629/656 602/628/655 601/627/652
f 188/196/657 603/629/656 185/193/654
f 600/626/651 602/628/655 604/630/658
f 603/629/656 188/196/657 605/631/659
f 191/199/660 605/631/659 188/196/657
f 602/628/655 603/629/656 606/632/661
f 605/631/659 606/632/661 603/629/656
f 606/632/661 604/630/658 602/628/655
f 607/633/662 605/631/659 191/199/660
f 194/202/663 607/633/662 191/199/660
f 605/631/659 608/634/664 606/632/661
f 607/633/662 608/634/664 605/631/659
f 609/635/665 607/633/662 194/202/663
f 197/205/666 609/635/665 194/202/663
f 607/633/662 610/636/667 608/634/664
f 609/635/665 610/636/667 607/633/662
f 611/637/668 609/635/665 197/205/666
f 200/208/669 611/637/668 197/205/666
f 609/635/665 612/638/670 610/636/667
f 611/637/668 612/638/670 609/635/665
f 611/637/668 200/208/669 613/639/671
f 203/211/672 613/639/671 200/208/669
f 612/638/670 611/637/668 614/640/673
f 613/639/671 614/640/673 611/637/668
f 613/639/671 203/211/672 615/641/674
f 616/642/675 614/640/673 613/639/671
f 615/641/674 616/642/675 613/639/671
f 203/211/672 617/643/676 615/641/674
f 617/643/676 203/211/672 208/216/677
f 616/642/675 615/641/674 618/644/678
f 617/643/676 618/644/678 615/641/674
f 619/645/679 614/640/673 616/642/675
f 618/644/678 619/645/679 616/642/675
f 620/646/680 612/638/670 614/640/673
f 614/640/673 619/645/679 620/646/680
f 612/638/670 620/646/680 621/647/681
f 612/638/670 621/647/681 610/636/667
f 619/645/679 618/644/678 622/648/682
f 621/647/681 623/649/683 610/636/667
f 624/650/684 622/648/682 618/644/678
f 618/644/678 617/643/676 624/650/684
f 625/651/685 610/636/667 623/649/683
f 610/636/667 625/651/685 608/634/664
f 626/652/686 623/649/683 621/647/681
f 627/653/687 608/634/664 625/651/685
f 608/634/664 627/653/687 606/632/661
f 628/654/688 625/651/685 623/649/683
f 623/649/683 626/652/686 628/654/688
f 629/655/689 627/653/687 625/651/685
f 625/651/685 628/654/688 629/655/689
f 630/656/690 606/632/661 627/653/687
f 629/655/689 630/656/690 627/653/687
f 606/632/661 630/656/690 604/630/658
f 629/655/689 631/657/691 630/656/690
f 631/657/691 604/630/658 630/656/690
f 628/654/688 632/658/692 629/655/689
f 604/630/658 631/657/691 633/659/693
f 604/630/658 633/659/693 600/626/651
f 633/659/693 598/624/648 600/626/651
f 631/657/691 629/655/689 634/660/694
f 634/660/694 629/655/689 632/658/692
f 631/657/691 635/661/695 633/659/693
f 635/661/695 631/657/691 634/660/694
f 598/624/648 633/659/693 635/661/695
f 636/662/696 635/661/695 634/660/694
f 632/658/692 636/662/696 634/660/694
f 637/663/697 598/624/648 635/661/695
f 635/661/695 636/662/696 637/663/697
f 596/622/646 598/624/648 637/663/697
f 638/664/698 632/658/692 628/654/688
f 638/664/698 628/654/688 626/652/686
f 636/662/696 632/658/692 639/665/699
f 639/665/699 632/658/692 638/664/698
f 640/666/700 637/663/697 636/662/696
f 636/662/696 639/665/699 640/666/700
f 637/663/697 641/667/701 596/622/646
f 595/621/645 596/622/646 641/667/701
f 637/663/697 640/666/700 642/668/702
f 641/667/701 637/663/697 642/668/702
f 643/669/703 595/621/645 641/667/701
f 595/621/645 643/669/703 588/612/631
f 644/670/704 641/667/701 642/668/702
f 641/667/701 644/670/704 643/669/703
f 640/666/700 645/671/705 642/668/702
f 640/666/700 639/665/699 645/671/705
f 644/670/704 642/668/702 646/672/706
f 642/668/702 645/671/705 646/672/706
f 644/670/704 647/673/707 643/669/703
f 647/673/707 644/670/704 646/672/706
f 643/669/703 648/674/708 588/612/631
f 648/674/708 643/669/703 647/673/707
f 645/671/705 649/675/709 646/672/706
f 647/673/707 646/672/706 649/675/709
f 588/612/631 648/674/708 650/676/710
f 587/610/629 588/612/631 650/676/710
f 650/676/710 590/615/634 587/610/629
f 647/673/707 651/677/711 648/674/708
f 648/674/708 652/678/712 650/676/710
f 652/678/712 648/674/708 651/677/711
f 590/615/634 650/676/710 653/679/713
f 650/676/710 652/678/712 653/679/713
f 647/673/707 654/680/714 651/677/711
f 654/680/714 647/673/707 649/675/709
f 655/681/715 652/678/712 651/677/711
f 656/682/716 654/680/714 649/675/709
f 649/675/709 645/671/705 656/682/716
f 651/677/711 654/680/714 657/683/717
f 655/681/715 651/677/711 657/683/717
f 658/684/718 654/680/714 656/682/716
f 654/680/714 658/684/718 657/683/717
f 659/685/719 656/682/716 645/671/705
f 659/685/719 645/671/705 639/665/699
f 656/682/716 660/686/720 658/684/718
f 656/682/716 659/685/719 660/686/720
f 661/687/721 657/683/717 658/684/718
f 658/684/718 660/686/720 661/687/721
f 657/683/717 661/687/721 662/688/722
f 657/683/717 662/688/722 655/681/715
f 661/687/721 660/686/720 663/689/723
f 664/690/724 662/688/722 661/687/721
f 661/687/721 663/689/723 664/690/724
f 659/685/719 665/691/725 660/686/720
f 666/692/726 663/689/723 660/686/720
f 665/691/725 666/692/726 660/686/720
f 667/693/727 665/691/725 659/685/719
f 639/665/699 667/693/727 659/685/719
f 667/693/727 639/665/699 668/694/728
f 668/694/728 639/665/699 638/664/698
f 668/694/728 638/664/698 626/652/686
f 667/693/727 668/694/728 669/695/729
f 668/694/728 626/652/686 669/695/729
f 669/695/729 665/691/725 667/693/727
f 669/695/729 626/652/686 670/696/730
f 621/647/681 670/696/730 626/652/686
f 665/691/725 669/695/729 671/697/731
f 670/696/730 671/697/731 669/695/729
f 665/691/725 671/697/731 666/692/726
f 670/696/730 621/647/681 620/646/680
f 671/697/731 670/696/730 672/698/732
f 620/646/680 672/698/732 670/696/730
f 671/697/731 673/699/733 666/692/726
f 672/698/732 673/699/733 671/697/731
f 672/698/732 620/646/680 674/700/734
f 619/645/679 674/700/734 620/646/680
f 673/699/733 672/698/732 675/701/735
f 674/700/734 675/701/735 672/698/732
f 673/699/733 676/702/736 666/692/726
f 663/689/723 666/692/726 676/702/736
f 677/703/737 676/702/736 673/699/733
f 673/699/733 675/701/735 677/703/737
f 678/704/738 663/689/723 676/702/736
f 677/703/737 678/704/738 676/702/736
f 663/689/723 678/704/738 679/705/739
f 664/690/724 663/689/723 679/705/739
f 678/704/738 677/703/737 680/706/740
f 681/707/741 679/705/739 678/704/738
f 680/706/740 681/707/741 678/704/738
f 682/708/742 664/690/724 679/705/739
f 679/705/739 681/707/741 682/708/742
f 683/709/743 680/706/740 677/703/737
f 675/701/735 683/709/743 677/703/737
f 681/707/741 680/706/740 684/710/744
f 685/711/745 683/709/743 675/701/735
f 675/701/735 674/700/734 685/711/745
f 680/706/740 683/709/743 686/712/746
f 686/712/746 684/710/744 680/706/740
f 683/709/743 685/711/745 687/713/747
f 687/713/747 686/712/746 683/709/743
f 688/714/748 685/711/745 674/700/734
f 674/700/734 619/645/679 688/714/748
f 622/648/682 688/714/748 619/645/679
f 685/711/745 688/714/748 689/715/749
f 685/711/745 689/715/749 687/713/747
f 688/714/748 622/648/682 690/716/750
f 690/716/750 689/715/749 688/714/748
f 690/716/750 622/648/682 691/717/751
f 622/648/682 624/650/684 691/717/751
f 689/715/749 690/716/750 692/718/752
f 693/719/753 690/716/750 691/717/751
f 693/719/753 692/718/752 690/716/750
f 694/720/754 691/717/751 624/650/684
f 694/720/754 693/719/753 691/717/751
f 692/718/752 695/721/755 689/715/749
f 695/721/755 687/713/747 689/715/749
f 624/650/684 696/722/756 694/720/754
f 617/643/676 696/722/756 624/650/684
f 697/723/757 687/713/747 695/721/755
f 697/723/757 686/712/746 687/713/747
f 696/722/756 617/643/676 698/724/758
f 698/724/758 617/643/676 208/216/677
f 256/264/759 698/724/758 208/216/677
f 697/723/757 699/725/760 686/712/746
f 699/725/760 684/710/744 686/712/746
f 256/264/759 700/726/761 698/724/758
f 700/726/761 256/264/759 260/268/762
f 261/269/763 700/726/761 260/268/762
f 701/727/764 698/724/758 700/726/761
f 698/724/758 701/727/764 696/722/756
f 702/728/765 700/726/761 261/269/763
f 702/728/765 701/727/764 700/726/761
f 263/271/766 702/728/765 261/269/763
f 703/729/767 696/722/756 701/727/764
f 696/722/756 703/729/767 694/720/754
f 701/727/764 702/728/765 704/730/768
f 704/730/768 703/729/767 701/727/764
f 702/728/765 263/271/766 705/731/769
f 704/730/768 702/728/765 705/731/769
f 266/274/770 705/731/769 263/271/766
f 703/729/767 704/730/768 706/732/771
f 266/274/770 707/733/772 705/731/769
f 708/734/773 704/730/768 705/731/769
f 707/733/772 708/734/773 705/731/769
f 704/730/768 708/734/773 706/732/771
f 709/735/774 707/733/772 266/274/770
f 271/279/775 709/735/774 266/274/770
f 707/733/772 710/736/776 708/734/773
f 709/735/774 710/736/776 707/733/772
f 708/734/773 711/737/777 706/732/771
f 712/738/778 709/735/774 271/279/775
f 275/283/779 712/738/778 271/279/775
f 711/737/777 708/734/773 713/739/780
f 710/736/776 713/739/780 708/734/773
f 275/283/779 714/740/781 712/738/778
f 714/740/781 275/283/779 455/463/782
f 712/738/778 715/741/783 709/735/774
f 455/463/782 716/742/784 714/740/781
f 716/742/784 455/463/782 458/466/785
f 459/467/786 716/742/784 458/466/785
f 717/743/787 712/738/778 714/740/781
f 712/738/778 717/743/787 715/741/783
f 718/744/788 714/740/781 716/742/784
f 714/740/781 718/744/788 717/743/787
f 716/742/784 459/467/786 719/745/789
f 719/745/789 718/744/788 716/742/784
f 719/745/789 459/467/786 461/469/790
f 718/744/788 720/746/791 717/743/787
f 719/745/789 461/469/790 721/747/792
f 718/744/788 719/745/789 722/748/793
f 722/748/793 719/745/789 721/747/792
f 722/748/793 720/746/791 718/744/788
f 461/469/790 463/471/794 721/747/792
f 722/748/793 721/747/792 723/749/795
f 721/747/792 463/471/794 724/750/796
f 723/749/795 721/747/792 724/750/796
f 463/471/794 725/751/797 724/750/796
f 725/751/797 463/471/794 466/474/798
f 467/475/799 725/751/797 466/474/798
f 723/749/795 724/750/796 726/752/800
f 726/752/800 724/750/796 725/751/797
f 723/749/795 727/753/801 722/748/793
f 720/746/791 722/748/793 727/753/801
f 726/752/800 728/754/802 723/749/795
f 727/753/801 723/749/795 728/754/802
f 726/752/800 725/751/797 729/755/803
f 728/754/802 730/756/804 727/753/801
f 725/751/797 467/475/799 731/757/805
f 729/755/803 725/751/797 731/757/805
f 731/757/805 467/475/799 732/758/806
f 467/475/799 473/481/807 732/758/806
f 474/482/808 732/758/806 473/481/807
f 729/755/803 731/757/805 733/759/809
f 732/758/806 474/482/808 734/760/810
f 731/757/805 732/758/806 735/761/811
f 733/759/809 731/757/805 735/761/811
f 474/482/808 736/762/812 734/760/810
f 736/762/812 474/482/808 487/495/813
f 737/763/814 732/758/806 734/760/810
f 732/758/806 737/763/814 735/761/811
f 738/764/815 734/760/810 736/762/812
f 734/760/810 738/764/815 737/763/814
f 487/495/813 739/765/816 736/762/812
f 739/765/816 738/764/815 736/762/812
f 739/765/816 487/495/813 489/497/817
f 740/766/818 737/763/814 738/764/815
f 739/765/816 489/497/817 741/767/819
f 492/500/820 741/767/819 489/497/817
f 45/501/821 741/767/819 492/500/820
f 741/767/819 45/501/821 107/768/822
f 741/767/819 107/768/822 742/769/823
f 741/767/819 742/769/823 739/765/816
f 107/768/822 109/770/824 742/769/823
f 743/771/825 739/765/816 742/769/823
f 738/764/815 739/765/816 743/771/825
f 742/769/823 109/770/824 744/772/826
f 742/769/823 744/772/826 743/771/825
f 109/770/824 112/773/827 744/772/826
f 745/774/828 738/764/815 743/771/825
f 745/774/828 743/771/825 744/772/826
f 738/764/815 745/774/828 740/766/818
f 744/772/826 112/773/827 746/775/829
f 744/772/826 746/775/829 745/774/828
f 112/773/827 116/776/830 746/775/829
f 747/777/831 745/774/828 746/775/829
f 747/777/831 740/766/818 745/774/828
f 748/778/832 746/775/829 116/776/830
f 746/775/829 748/778/832 747/777/831
f 749/779/833 748/778/832 116/776/830
f 749/779/833 116/776/830 119/780/834
f 750/781/835 747/777/831 748/778/832
f 748/778/832 749/779/833 750/781/835
f 740/766/818 747/777/831 751/782/836
f 747/777/831 750/781/835 751/782/836
f 751/782/836 752/783/837 740/766/818
f 737/763/814 740/766/818 752/783/837
f 737/763/814 752/783/837 735/761/811
f 753/784/838 735/761/811 752/783/837
f 753/784/838 733/759/809 735/761/811
f 752/783/837 751/782/836 754/785/839
f 754/785/839 753/784/838 752/783/837
f 733/759/809 753/784/838 755/786/840
f 755/786/840 729/755/803 733/759/809
f 753/784/838 754/785/839 756/787/841
f 756/787/841 755/786/840 753/784/838
f 754/785/839 751/782/836 757/788/842
f 757/788/842 756/787/841 754/785/839
f 729/755/803 755/786/840 758/789/843
f 726/752/800 729/755/803 758/789/843
f 755/786/840 756/787/841 759/790/844
f 760/791/845 726/752/800 758/789/843
f 728/754/802 726/752/800 760/791/845
f 755/786/840 761/792/846 758/789/843
f 761/792/846 755/786/840 759/790/844
f 761/792/846 760/791/845 758/789/843
f 759/790/844 756/787/841 762/793/847
f 762/793/847 761/792/846 759/790/844
f 760/791/845 763/794/848 728/754/802
f 730/756/804 728/754/802 763/794/848
f 760/791/845 761/792/846 764/795/849
f 763/794/848 760/791/845 764/795/849
f 761/792/846 765/796/850 764/795/849
f 764/795/849 766/797/851 763/794/848
f 766/797/851 764/795/849 765/796/850
f 767/798/852 763/794/848 766/797/851
f 763/794/848 767/798/852 730/756/804
f 765/796/850 768/799/853 766/797/851
f 768/799/853 767/798/852 766/797/851
f 765/796/850 761/792/846 769/800/854
f 761/792/846 762/793/847 769/800/854
f 768/799/853 765/796/850 770/801/855
f 769/800/854 770/801/855 765/796/850
f 771/802/856 767/798/852 768/799/853
f 770/801/855 769/800/854 772/803/857
f 762/793/847 772/803/857 769/800/854
f 770/801/855 773/804/858 768/799/853
f 773/804/858 770/801/855 772/803/857
f 773/804/858 771/802/856 768/799/853
f 774/805/859 767/798/852 771/802/856
f 774/805/859 730/756/804 767/798/852
f 773/804/858 775/806/860 771/802/856
f 730/756/804 774/805/859 776/807/861
f 776/807/861 727/753/801 730/756/804
f 727/753/801 776/807/861 720/746/791
f 771/802/856 777/808/862 774/805/859
f 777/808/862 776/807/861 774/805/859
f 775/806/860 777/808/862 771/802/856
f 778/809/863 720/746/791 776/807/861
f 776/807/861 777/808/862 778/809/863
f 720/746/791 778/809/863 779/810/864
f 720/746/791 779/810/864 717/743/787
f 717/743/787 779/810/864 715/741/783
f 780/811/865 779/810/864 778/809/863
f 777/808/862 780/811/865 778/809/863
f 779/810/864 781/812/866 715/741/783
f 779/810/864 780/811/865 781/812/866
f 781/812/866 782/813/867 715/741/783
f 715/741/783 782/813/867 709/735/774
f 782/813/867 710/736/776 709/735/774
f 782/813/867 781/812/866 783/814/868
f 783/814/868 710/736/776 782/813/867
f 784/815/869 781/812/866 780/811/865
f 781/812/866 784/815/869 783/814/868
f 780/811/865 777/808/862 785/816/870
f 784/815/869 780/811/865 785/816/870
f 710/736/776 783/814/868 786/817/871
f 710/736/776 786/817/871 713/739/780
f 787/818/872 783/814/868 784/815/869
f 783/814/868 787/818/872 786/817/871
f 786/817/871 788/819/873 713/739/780
f 788/819/873 786/817/871 787/818/872
f 789/820/874 713/739/780 788/819/873
f 711/737/777 713/739/780 789/820/874
f 787/818/872 790/821/875 788/819/873
f 789/820/874 788/819/873 790/821/875
f 784/815/869 791/822/876 787/818/872
f 790/821/875 787/818/872 791/822/876
f 791/822/876 784/815/869 792/823/877
f 784/815/869 785/816/870 792/823/877
f 791/822/876 793/824/878 790/821/875
f 794/825/879 792/823/877 785/816/870
f 777/808/862 794/825/879 785/816/870
f 791/822/876 792/823/877 795/826/880
f 792/823/877 794/825/879 795/826/880
f 793/824/878 791/822/876 795/826/880
f 794/825/879 777/808/862 775/806/860
f 793/824/878 796/827/881 790/821/875
f 796/827/881 789/820/874 790/821/875
f 797/828/882 794/825/879 775/806/860
f 789/820/874 796/827/881 798/829/883
f 794/825/879 797/828/882 799/830/884
f 795/826/880 794/825/879 799/830/884
f 789/820/874 798/829/883 800/831/885
f 795/826/880 799/830/884 801/832/886
f 802/833/887 800/831/885 798/829/883
f 796/827/881 802/833/887 798/829/883
f 803/834/888 789/820/874 800/831/885
f 789/820/874 803/834/888 711/737/777
f 803/834/888 706/732/771 711/737/777
f 706/732/771 803/834/888 703/729/767
f 804/835/889 803/834/888 800/831/885
f 800/831/885 802/833/887 804/835/889
f 805/836/890 703/729/767 803/834/888
f 803/834/888 804/835/889 805/836/890
f 703/729/767 805/836/890 694/720/754
f 693/719/753 694/720/754 805/836/890
f 806/837/891 805/836/890 804/835/889
f 805/836/890 806/837/891 693/719/753
f 802/833/887 806/837/891 804/835/889
f 693/719/753 806/837/891 692/718/752
f 806/837/891 802/833/887 807/838/892
f 796/827/881 807/838/892 802/833/887
f 806/837/891 808/839/893 692/718/752
f 807/838/892 808/839/893 806/837/891
f 695/721/755 692/718/752 808/839/893
f 809/840/894 807/838/892 796/827/881
f 807/838/892 809/840/894 808/839/893
f 796/827/881 793/824/878 809/840/894
f 808/839/893 810/841/895 695/721/755
f 810/841/895 697/723/757 695/721/755
f 811/842/896 808/839/893 809/840/894
f 808/839/893 811/842/896 810/841/895
f 812/843/897 809/840/894 793/824/878
f 809/840/894 812/843/897 811/842/896
f 795/826/880 812/843/897 793/824/878
f 812/843/897 795/826/880 801/832/886
f 813/844/898 810/841/895 811/842/896
f 813/844/898 811/842/896 812/843/897
f 814/845/899 697/723/757 810/841/895
f 813/844/898 814/845/899 810/841/895
f 815/846/900 813/844/898 812/843/897
f 801/832/886 815/846/900 812/843/897
f 697/723/757 814/845/899 816/847/901
f 816/847/901 699/725/760 697/723/757
f 817/848/902 815/846/900 801/832/886
f 816/847/901 818/849/903 699/725/760
f 818/849/903 684/710/744 699/725/760
f 819/850/904 815/846/900 817/848/902
f 819/850/904 813/844/898 815/846/900
f 818/849/903 816/847/901 820/851/905
f 814/845/899 820/851/905 816/847/901
f 821/852/906 814/845/899 813/844/898
f 813/844/898 819/850/904 821/852/906
f 820/851/905 814/845/899 822/853/907
f 814/845/899 821/852/906 822/853/907
f 823/854/908 820/851/905 822/853/907
f 821/852/906 823/854/908 822/853/907
f 821/852/906 819/850/904 824/855/909
f 823/854/908 821/852/906 824/855/909
f 824/855/909 819/850/904 825/856/910
f 826/857/911 823/854/908 824/855/909
f 825/856/910 826/857/911 824/855/909
f 819/850/904 827/858/912 825/856/910
f 817/848/902 827/858/912 819/850/904
f 828/859/913 826/857/911 825/856/910
f 817/848/902 829/860/914 827/858/912
f 801/832/886 829/860/914 817/848/902
f 827/858/912 830/861/915 825/856/910
f 830/861/915 828/859/913 825/856/910
f 829/860/914 801/832/886 831/862/916
f 799/830/884 831/862/916 801/832/886
f 829/860/914 832/863/917 827/858/912
f 827/858/912 832/863/917 830/861/915
f 799/830/884 833/864/918 831/862/916
f 833/864/918 799/830/884 797/828/882
f 831/862/916 834/865/919 829/860/914
f 834/865/919 831/862/916 833/864/918
f 834/865/919 832/863/917 829/860/914
f 835/866/920 833/864/918 797/828/882
f 833/864/918 835/866/920 834/865/919
f 835/866/920 797/828/882 836/867/921
f 775/806/860 836/867/921 797/828/882
f 836/867/921 775/806/860 773/804/858
f 772/803/857 836/867/921 773/804/858
f 834/865/919 835/866/920 837/868/922
f 836/867/921 772/803/857 838/869/923
f 836/867/921 839/870/924 835/866/920
f 839/870/924 836/867/921 838/869/923
f 839/870/924 837/868/922 835/866/920
f 772/803/857 840/871/925 838/869/923
f 772/803/857 762/793/847 840/871/925
f 838/869/923 841/872/926 839/870/924
f 838/869/923 840/871/925 841/872/926
f 842/873/927 840/871/925 762/793/847
f 756/787/841 842/873/927 762/793/847
f 756/787/841 757/788/842 842/873/927
f 840/871/925 842/873/927 843/874/928
f 757/788/842 843/874/928 842/873/927
f 840/871/925 843/874/928 841/872/926
f 843/874/928 757/788/842 844/875/929
f 843/874/928 845/876/930 841/872/926
f 845/876/930 843/874/928 844/875/929
f 757/788/842 846/877/931 844/875/929
f 757/788/842 751/782/836 846/877/931
f 846/877/931 751/782/836 750/781/835
f 750/781/835 847/878/932 846/877/931
f 844/875/929 846/877/931 847/878/932
f 847/878/932 750/781/835 749/779/833
f 848/879/933 844/875/929 847/878/932
f 844/875/929 848/879/933 845/876/930
f 847/878/932 749/779/833 849/880/934
f 848/879/933 847/878/932 849/880/934
f 841/872/926 845/876/930 850/881/935
f 850/881/935 839/870/924 841/872/926
f 851/882/936 845/876/930 848/879/933
f 851/882/936 850/881/935 845/876/930
f 839/870/924 850/881/935 852/883/937
f 837/868/922 839/870/924 852/883/937
f 853/884/938 850/881/935 851/882/936
f 852/883/937 850/881/935 854/885/939
f 850/881/935 853/884/938 854/885/939
f 855/886/940 851/882/936 848/879/933
f 851/882/936 855/886/940 853/884/938
f 855/886/940 848/879/933 856/887/941
f 849/880/934 856/887/941 848/879/933
f 857/888/942 855/886/940 856/887/941
f 856/887/941 849/880/934 858/889/943
f 857/888/942 856/887/941 858/889/943
f 849/880/934 859/890/944 858/889/943
f 859/890/944 849/880/934 749/779/833
f 858/889/943 860/891/945 857/888/942
f 859/890/944 860/891/945 858/889/943
f 859/890/944 749/779/833 861/892/946
f 861/892/946 749/779/833 119/780/834
f 122/893/947 861/892/946 119/780/834
f 861/892/946 862/894/948 859/890/944
f 860/891/945 859/890/944 862/894/948
f 122/893/947 863/895/949 861/892/946
f 862/894/948 861/892/946 863/895/949
f 863/895/949 122/893/947 125/896/950
f 126/897/951 863/895/949 125/896/950
f 863/895/949 864/898/952 862/894/948
f 864/898/952 860/891/945 862/894/948
f 865/899/953 863/895/949 126/897/951
f 863/895/949 865/899/953 864/898/952
f 127/900/954 865/899/953 126/897/951
f 137/901/955 865/899/953 127/900/954
f 866/902/956 865/899/953 137/901/955
f 866/902/956 864/898/952 865/899/953
f 137/901/955 143/616/635 866/902/956
f 590/615/634 866/902/956 143/616/635
f 590/615/634 867/903/957 866/902/956
f 867/903/957 590/615/634 653/679/713
f 868/904/958 864/898/952 866/902/956
f 868/904/958 866/902/956 867/903/957
f 869/905/959 867/903/957 653/679/713
f 867/903/957 869/905/959 868/904/958
f 652/678/712 869/905/959 653/679/713
f 652/678/712 655/681/715 869/905/959
f 655/681/715 868/904/958 869/905/959
f 864/898/952 868/904/958 870/906/960
f 864/898/952 870/906/960 860/891/945
f 655/681/715 871/907/961 868/904/958
f 868/904/958 871/907/961 870/906/960
f 871/907/961 655/681/715 662/688/722
f 860/891/945 870/906/960 872/908/962
f 870/906/960 871/907/961 872/908/962
f 872/908/962 857/888/942 860/891/945
f 871/907/961 662/688/722 873/909/963
f 662/688/722 664/690/724 873/909/963
f 872/908/962 871/907/961 874/910/964
f 873/909/963 874/910/964 871/907/961
f 857/888/942 872/908/962 875/911/965
f 874/910/964 875/911/965 872/908/962
f 875/911/965 855/886/940 857/888/942
f 874/910/964 876/912/966 875/911/965
f 855/886/940 875/911/965 877/913/967
f 876/912/966 877/913/967 875/911/965
f 877/913/967 853/884/938 855/886/940
f 876/912/966 874/910/964 878/914/968
f 873/909/963 878/914/968 874/910/964
f 879/915/969 877/913/967 876/912/966
f 878/914/968 879/915/969 876/912/966
f 853/884/938 877/913/967 880/916/970
f 878/914/968 873/909/963 881/917/971
f 877/913/967 882/918/972 880/916/970
f 877/913/967 879/915/969 882/918/972
f 853/884/938 880/916/970 883/919/973
f 854/885/939 853/884/938 883/919/973
f 880/916/970 882/918/972 884/920/974
f 885/921/975 854/885/939 883/919/973
f 885/921/975 852/883/937 854/885/939
f 883/919/973 880/916/970 886/922/976
f 880/916/970 884/920/974 886/922/976
f 887/923/977 885/921/975 883/919/973
f 887/923/977 883/919/973 886/922/976
f 888/924/978 852/883/937 885/921/975
f 852/883/937 888/924/978 837/868/922
f 889/925/979 885/921/975 887/923/977
f 885/921/975 889/925/979 888/924/978
f 890/926/980 837/868/922 888/924/978
f 837/868/922 890/926/980 834/865/919
f 832/863/917 834/865/919 890/926/980
f 888/924/978 891/927/981 890/926/980
f 891/927/981 888/924/978 889/925/979
f 890/926/980 892/928/982 832/863/917
f 892/928/982 890/926/980 891/927/981
f 892/928/982 830/861/915 832/863/917
f 889/925/979 893/929/983 891/927/981
f 893/929/983 892/928/982 891/927/981
f 894/930/984 830/861/915 892/928/982
f 892/928/982 893/929/983 894/930/984
f 830/861/915 894/930/984 895/931/985
f 828/859/913 830/861/915 895/931/985
f 893/929/983 889/925/979 896/932/986
f 889/925/979 887/923/977 896/932/986
f 828/859/913 895/931/985 897/933/987
f 897/933/987 826/857/911 828/859/913
f 895/931/985 894/930/984 898/934/988
f 898/934/988 897/933/987 895/931/985
f 893/929/983 899/935/989 894/930/984
f 899/935/989 898/934/988 894/930/984
f 899/935/989 893/929/983 900/936/990
f 896/932/986 900/936/990 893/929/983
f 901/937/991 898/934/988 899/935/989
f 900/936/990 896/932/986 902/938/992
f 903/939/993 899/935/989 900/936/990
f 902/938/992 903/939/993 900/936/990
f 899/935/989 903/939/993 901/937/991
f 904/940/994 902/938/992 896/932/986
f 896/932/986 887/923/977 904/940/994
f 898/934/988 901/937/991 905/941/995
f 905/941/995 897/933/987 898/934/988
f 887/923/977 906/942/996 904/940/994
f 906/942/996 887/923/977 886/922/976
f 902/938/992 904/940/994 907/943/997
f 904/940/994 906/942/996 907/943/997
f 886/922/976 908/944/998 906/942/996
f 908/944/998 886/922/976 884/920/974
f 907/943/997 906/942/996 909/945/999
f 906/942/996 908/944/998 909/945/999
f 907/943/997 910/946/1000 902/938/992
f 903/939/993 902/938/992 910/946/1000
f 911/947/1001 907/943/997 909/945/999
f 910/946/1000 907/943/997 911/947/1001
f 912/948/1002 909/945/999 908/944/998
f 910/946/1000 913/949/1003 903/939/993
f 909/945/999 912/948/1002 914/950/1004
f 911/947/1001 909/945/999 914/950/1004
f 911/947/1001 915/951/1005 910/946/1000
f 913/949/1003 910/946/1000 915/951/1005
f 915/951/1005 911/947/1001 916/952/1006
f 911/947/1001 914/950/1004 916/952/1006
f 917/953/1007 913/949/1003 915/951/1005
f 916/952/1006 917/953/1007 915/951/1005
f 916/952/1006 914/950/1004 918/954/1008
f 917/953/1007 916/952/1006 918/954/1008
f 914/950/1004 919/955/1009 918/954/1008
f 919/955/1009 917/953/1007 918/954/1008
f 912/948/1002 919/955/1009 914/950/1004
f 913/949/1003 917/953/1007 920/956/1010
f 919/955/1009 920/956/1010 917/953/1007
f 921/957/1011 903/939/993 913/949/1003
f 920/956/1010 921/957/1011 913/949/1003
f 903/939/993 921/957/1011 901/937/991
f 920/956/1010 919/955/1009 922/958/1012
f 921/957/1011 923/959/1013 901/937/991
f 905/941/995 901/937/991 923/959/1013
f 921/957/1011 920/956/1010 924/960/1014
f 922/958/1012 924/960/1014 920/956/1010
f 921/957/1011 925/961/1015 923/959/1013
f 925/961/1015 921/957/1011 924/960/1014
f 923/959/1013 926/962/1016 905/941/995
f 897/933/987 905/941/995 926/962/1016
f 923/959/1013 925/961/1015 927/963/1017
f 926/962/1016 923/959/1013 927/963/1017
f 926/962/1016 928/964/1018 897/933/987
f 826/857/911 897/933/987 928/964/1018
f 929/965/1019 926/962/1016 927/963/1017
f 928/964/1018 930/966/1020 826/857/911
f 823/854/908 826/857/911 930/966/1020
f 928/964/1018 926/962/1016 931/967/1021
f 931/967/1021 926/962/1016 929/965/1019
f 930/966/1020 928/964/1018 932/968/1022
f 931/967/1021 932/968/1022 928/964/1018
f 933/969/1023 823/854/908 930/966/1020
f 932/968/1022 933/969/1023 930/966/1020
f 823/854/908 933/969/1023 934/970/1024
f 820/851/905 823/854/908 934/970/1024
f 933/969/1023 932/968/1022 935/971/1025
f 936/972/1026 820/851/905 934/970/1024
f 820/851/905 936/972/1026 818/849/903
f 937/973/1027 934/970/1024 933/969/1023
f 934/970/1024 937/973/1027 936/972/1026
f 935/971/1025 937/973/1027 933/969/1023
f 936/972/1026 938/974/1028 818/849/903
f 684/710/744 818/849/903 938/974/1028
f 937/973/1027 939/975/1029 936/972/1026
f 684/710/744 938/974/1028 940/976/1030
f 681/707/741 684/710/744 940/976/1030
f 938/974/1028 936/972/1026 941/977/1031
f 941/977/1031 940/976/1030 938/974/1028
f 936/972/1026 939/975/1029 941/977/1031
f 940/976/1030 682/708/742 681/707/741
f 942/978/1032 939/975/1029 937/973/1027
f 937/973/1027 935/971/1025 942/978/1032
f 682/708/742 940/976/1030 943/979/1033
f 940/976/1030 941/977/1031 944/980/1034
f 944/980/1034 943/979/1033 940/976/1030
f 939/975/1029 945/981/1035 941/977/1031
f 941/977/1031 945/981/1035 944/980/1034
f 943/979/1033 946/982/1036 682/708/742
f 664/690/724 682/708/742 946/982/1036
f 946/982/1036 873/909/963 664/690/724
f 873/909/963 946/982/1036 881/917/971
f 943/979/1033 944/980/1034 947/983/1037
f 945/981/1035 947/983/1037 944/980/1034
f 946/982/1036 943/979/1033 948/984/1038
f 948/984/1038 881/917/971 946/982/1036
f 947/983/1037 948/984/1038 943/979/1033
f 881/917/971 948/984/1038 949/985/1039
f 949/985/1039 878/914/968 881/917/971
f 879/915/969 878/914/968 949/985/1039
f 948/984/1038 947/983/1037 950/986/1040
f 950/986/1040 949/985/1039 948/984/1038
f 951/987/1041 950/986/1040 947/983/1037
f 947/983/1037 945/981/1035 951/987/1041
f 949/985/1039 950/986/1040 952/988/1042
f 952/988/1042 879/915/969 949/985/1039
f 950/986/1040 951/987/1041 953/989/1043
f 953/989/1043 952/988/1042 950/986/1040
f 954/990/1044 951/987/1041 945/981/1035
f 955/991/1045 953/989/1043 951/987/1041
f 951/987/1041 954/990/1044 955/991/1045
f 945/981/1035 956/992/1046 954/990/1044
f 956/992/1046 945/981/1035 939/975/1029
f 939/975/1029 942/978/1032 956/992/1046
f 957/993/1047 954/990/1044 956/992/1046
f 958/994/1048 956/992/1046 942/978/1032
f 956/992/1046 958/994/1048 957/993/1047
f 942/978/1032 959/995/1049 958/994/1048
f 959/995/1049 942/978/1032 935/971/1025
f 954/990/1044 957/993/1047 960/996/1050
f 960/996/1050 955/991/1045 954/990/1044
f 935/971/1025 961/997/1051 959/995/1049
f 961/997/1051 935/971/1025 932/968/1022
f 932/968/1022 931/967/1021 961/997/1051
f 961/997/1051 962/998/1052 959/995/1049
f 962/998/1052 958/994/1048 959/995/1049
f 931/967/1021 963/999/1053 961/997/1051
f 962/998/1052 961/997/1051 963/999/1053
f 963/999/1053 931/967/1021 929/965/1019
f 958/994/1048 962/998/1052 964/1000/1054
f 963/999/1053 964/1000/1054 962/998/1052
f 964/1000/1054 957/993/1047 958/994/1048
f 957/993/1047 964/1000/1054 965/1001/1055
f 964/1000/1054 963/999/1053 965/1001/1055
f 965/1001/1055 960/996/1050 957/993/1047
f 929/965/1019 966/1002/1056 963/999/1053
f 963/999/1053 966/1002/1056 965/1001/1055
f 960/996/1050 965/1001/1055 966/1002/1056
f 927/963/1017 966/1002/1056 929/965/1019
f 966/1002/1056 967/1003/1057 960/996/1050
f 955/991/1045 960/996/1050 967/1003/1057
f 927/963/1017 968/1004/1058 966/1002/1056
f 967/1003/1057 966/1002/1056 968/1004/1058
f 925/961/1015 968/1004/1058 927/963/1017
f 925/961/1015 967/1003/1057 968/1004/1058
f 955/991/1045 967/1003/1057 969/1005/1059
f 953/989/1043 955/991/1045 969/1005/1059
f 967/1003/1057 925/961/1015 970/1006/1060
f 970/1006/1060 969/1005/1059 967/1003/1057
f 924/960/1014 970/1006/1060 925/961/1015
f 969/1005/1059 971/1007/1061 953/989/1043
f 952/988/1042 953/989/1043 971/1007/1061
f 969/1005/1059 970/1006/1060 972/1008/1062
f 971/1007/1061 969/1005/1059 972/1008/1062
f 970/1006/1060 924/960/1014 973/1009/1063
f 973/1009/1063 972/1008/1062 970/1006/1060
f 924/960/1014 922/958/1012 973/1009/1063
f 972/1008/1062 973/1009/1063 974/1010/1064
f 922/958/1012 974/1010/1064 973/1009/1063
f 974/1010/1064 971/1007/1061 972/1008/1062
f 974/1010/1064 922/958/1012 975/1011/1065
f 922/958/1012 919/955/1009 975/1011/1065
f 912/948/1002 975/1011/1065 919/955/1009
f 971/1007/1061 974/1010/1064 976/1012/1066
f 975/1011/1065 976/1012/1066 974/1010/1064
f 971/1007/1061 976/1012/1066 952/988/1042
f 975/1011/1065 912/948/1002 977/1013/1067
f 976/1012/1066 975/1011/1065 977/1013/1067
f 908/944/998 977/1013/1067 912/948/1002
f 884/920/974 977/1013/1067 908/944/998
f 952/988/1042 976/1012/1066 978/1014/1068
f 976/1012/1066 977/1013/1067 978/1014/1068
f 879/915/969 952/988/1042 978/1014/1068
f 977/1013/1067 884/920/974 979/1015/1069
f 978/1014/1068 977/1013/1067 979/1015/1069
f 979/1015/1069 879/915/969 978/1014/1068
f 979/1015/1069 884/920/974 882/918/972
f 879/915/969 979/1015/1069 882/918/972
f 164/169/188 163/167/186 980/1016/1070
f 164/169/188 980/1016/1070 314/322/341
f 166/172/191 980/1016/1070 163/167/186
f 981/1017/1071 314/322/341 980/1016/1070
f 316/324/343 314/322/341 981/1017/1071
f 319/327/346 316/324/343 981/1017/1071
f 980/1016/1070 166/172/191 982/1018/1072
f 980/1016/1070 982/1018/1072 981/1017/1071
f 981/1017/1071 983/1019/1073 319/327/346
f 981/1017/1071 982/1018/1072 983/1019/1073
f 512/531/550 319/327/346 983/1019/1073
f 166/172/191 984/1020/1074 982/1018/1072
f 984/1020/1074 983/1019/1073 982/1018/1072
f 983/1019/1073 984/1020/1074 512/531/550
f 984/1020/1074 166/172/191 510/529/548
f 512/531/550 984/1020/1074 510/529/548
