# Blender v3.3.21 OBJ File: 'URDF3.blend'
# www.blender.org
v -3.404163 -2.313479 4.053963
v -3.138547 -1.068413 4.960724
v -3.350980 -1.022672 4.603100
v -3.178237 -2.569919 4.257389
v -2.185604 -1.125889 5.099487
v -3.500923 -3.353680 3.052864
v -2.264428 -2.788132 4.319221
v -3.308434 -3.577725 3.275764
v -1.798562 -2.568948 4.075722
v -1.728987 -1.062509 4.864094
v -1.329913 -1.372403 5.297073
v -2.350471 -3.793344 3.265297
v -3.412154 -4.409124 1.699429
v -3.726735 -4.096029 1.607948
v -2.447210 -4.601844 1.698223
v -1.896613 -3.608251 3.040344
v -1.437774 -2.996275 4.470692
v -0.543335 -2.902051 4.512424
v -0.493132 -1.300097 5.259232
v -0.414849 -1.446728 5.573418
v -1.562717 -4.113588 3.372288
v -0.720048 -4.024885 3.294289
v -0.466540 -3.167494 4.680618
v -1.990796 -4.570001 1.527588
v -1.729000 -4.957225 1.658546
v -2.667542 -4.709733 -0.137360
v -2.153466 -4.634450 -0.185818
v -0.894505 -4.971234 1.525703
v -1.899929 -5.116144 -0.258957
v -0.651566 -4.324409 3.457901
v -2.321936 -4.238039 -1.589672
v -1.100567 -5.181649 -0.334515
v -2.042422 -4.701708 -1.853371
v -0.775710 -5.291082 1.615128
v 1.804517 -4.401504 3.177536
v 1.927197 -3.156130 4.485508
v 1.992312 -1.215379 5.320824
v 2.102926 -2.990626 4.280632
v 2.085365 -1.117118 5.080410
v 1.964224 -4.139229 3.059780
v 2.914404 -2.943390 4.106991
v 2.950897 -1.100326 4.927971
v 3.038689 -1.122565 4.460327
v 1.757075 -4.923674 1.365879
v 2.911570 -2.617783 3.671326
v 3.478274 -1.083612 4.554134
v 2.748891 -4.119868 2.934982
v 2.759163 -3.658777 2.633495
v 3.432002 -2.768594 3.762749
v 4.235216 -2.660671 3.556236
v 4.313084 -1.088878 4.308006
v 3.328060 -3.838504 2.683113
v 4.526496 -2.462855 3.349483
v 4.588084 -1.027208 3.962551
v 4.138745 -3.699212 2.510998
v 4.422023 -3.476009 2.254658
v 3.166998 -4.589787 1.123009
v 4.074242 -4.406419 1.000515
v 4.292787 -4.117137 0.884605
v 3.823537 -4.551137 -0.630444
v 4.150498 -4.248932 -0.621109
v 4.016003 -3.855514 -2.081203
v 2.689645 -4.450558 1.061954
v 3.672956 -4.131736 -2.234322
v 3.905519 -2.984312 -3.319614
v 2.993534 -4.725829 -0.595154
v 3.541953 -3.199888 -3.559196
v 3.828697 -1.740434 -4.186573
v 2.843544 -4.291382 -2.188557
v 2.567459 -4.631984 -0.496784
v 2.541642 -4.976528 1.214539
v 2.499696 -4.278031 -2.103203
v 2.385773 -5.134254 -0.567200
v 2.276021 -4.698912 -2.215626
v 1.633995 -5.107768 -0.573769
v 2.127055 -3.833907 -3.653618
v 1.665225 -5.253684 1.391243
v 1.486225 -5.442485 -0.597328
v 1.453438 -4.672051 -2.185154
v 1.306918 -4.988034 -2.292507
v -0.960404 -5.495481 -0.425320
v 1.178456 -4.005695 -3.978573
v -1.247415 -4.773899 -1.940018
v -1.139935 -4.978834 -2.089596
v -2.161422 -3.705523 -3.450565
v -1.409800 -3.722295 -3.552128
v -1.292352 -3.967623 -3.797462
v 1.323834 -3.726188 -3.803238
v 1.097620 -3.926474 -4.162857
v -1.406376 -3.498483 -4.259583
v -1.622267 -2.677521 -4.445843
v 1.312714 -3.343700 -4.130444
v -2.258377 -2.563982 -4.493904
v 2.107318 -3.508175 -3.975079
v 1.455868 -3.984729 -4.149822
v 0.995766 -4.028352 -4.302456
v 2.329445 -3.281519 -3.500397
v 2.724615 -3.404026 -3.490658
v 2.323485 -2.793078 -4.207661
v 2.286084 -3.885551 -3.943748
v 2.627246 -1.992767 -4.803471
v 1.827938 -4.434516 -4.673447
v 2.510009 -4.055408 -4.118008
v 3.604166 -1.957650 -4.652351
v 2.937724 -1.845494 -5.253586
v 3.521086 -1.159309 -5.404713
v 3.782956 -0.390403 -4.612747
v 3.037318 -1.364099 -5.397964
v 3.729236 1.008689 -5.850861
v 3.798598 1.166250 -4.483307
v 2.221151 -3.680201 -5.060993
v 2.751132 -1.827788 -5.929123
v 3.082610 -1.182932 -5.980476
v 3.569599 -0.774057 -6.225677
v 3.787885 1.087609 -6.175358
v 3.052294 -2.065313 -5.827999
v 3.980705 -1.507191 -6.362740
v 2.413908 -3.632228 -5.064850
v 3.011317 -3.969682 -5.560062
v 2.286712 -4.734013 -5.800514
v 1.545523 -4.458911 -5.481319
v 0.809523 -4.070116 -7.066849
v 1.435205 -4.300677 -5.429817
v 0.954299 -4.809710 -5.114010
v 0.800361 -3.664802 -6.972301
v -1.806833 -4.236275 -4.322063
v 0.771060 -4.395741 -5.874088
v -2.111087 -5.026069 -5.129265
v -2.137106 -3.177808 -4.390347
v -2.283936 -4.198805 -4.102539
v -2.871502 -4.051319 -3.735435
v -2.778596 -4.592726 -4.665714
v -2.837776 -3.171002 -4.212322
v -3.176971 -4.233986 -3.863007
v -2.469801 -2.243981 -4.474346
v -3.148804 -3.111856 -4.452927
v -3.196617 -3.534624 -4.538181
v -2.702949 -4.451936 -5.076385
v -2.142652 -4.418347 -5.802349
v 0.459948 -3.677726 -7.186119
v -2.345340 -3.586205 -6.903984
v 0.509763 -4.003317 -7.350559
v -2.047211 -3.590573 -7.096478
v -2.211814 -3.767985 -7.314823
v -2.461873 -3.772922 -7.089996
v -2.831577 -4.618944 -5.127678
v -3.576229 -5.045114 -5.721504
v -3.602522 -3.993715 -4.280327
v -4.239906 -1.845160 -4.984951
v -4.371586 -4.343411 -4.794159
v -5.053935 -2.132721 -5.354893
v -4.446188 -1.096937 -5.172955
v -3.726627 -1.555703 -5.310349
v -5.504131 -0.025824 -5.514217
v -3.672941 -1.549202 -4.760284
v -4.661613 0.291032 -5.297760
v -3.150317 -1.482877 -4.645863
v -3.972672 -1.183903 -4.627747
v -4.133903 -0.765676 -5.465977
v -3.167773 -1.483534 -4.442886
v -4.061740 -1.237226 -4.190319
v -2.615367 -1.575742 -4.646221
v -2.622499 -1.435952 -4.510273
v -2.512884 -2.169700 -4.024834
v -3.102159 -1.950936 -4.144604
v -3.937134 -1.805170 -3.890297
v -2.903884 -3.315212 -3.055359
v -4.189022 -1.696350 -3.512878
v -2.465644 -3.338461 -3.003742
v -4.155377 -0.199985 -3.981297
v -2.777014 -4.304412 -1.615273
v -4.345545 0.361722 -5.323048
v -4.130977 1.446550 -3.761986
v -3.811310 -3.142428 -2.871826
v -4.112532 -2.952260 -2.637432
v -3.761368 -4.079942 -1.479763
v -3.998558 -3.831897 -1.387260
v -3.600377 -4.505929 -0.037365
v -3.864573 -4.229116 0.087128
v -4.324020 -3.727804 -1.256947
v -4.423458 -2.873793 -2.494381
v -4.195840 -4.101258 0.100933
v -4.531675 -1.602087 -3.324825
v -4.862400 -2.426477 -1.973755
v -4.528790 -0.226219 -3.719437
v -4.779697 -3.121516 -0.934635
v -4.554955 1.226721 -3.544804
v -4.086946 -3.950376 1.611710
v -4.501653 2.554400 -2.919971
v -4.059779 2.717122 -3.069138
v -4.036464 3.783842 -2.050304
v -4.903900 1.101064 -2.986687
v -4.348186 3.597019 -1.987164
v -3.869866 4.283894 -0.644661
v -4.877896 2.242861 -2.392498
v -4.955358 -0.219796 -3.013771
v -4.878850 0.907842 -2.193539
v -4.930366 -1.391483 -2.688667
v -4.889704 -0.078945 -2.279572
v -4.869177 -1.035861 -2.024319
v -4.819745 -1.847490 -1.458565
v -4.747370 -2.415938 -0.650543
v -5.208904 -1.700003 -1.275890
v -5.254751 -0.947258 -1.800606
v -4.660784 -2.672642 0.302280
v -5.141781 -2.227209 -0.526501
v -4.661909 -3.456237 0.266315
v -5.259214 -1.404905 -0.974979
v -4.536093 -3.368686 1.495518
v -5.304132 -0.770841 -1.416374
v -3.939058 -3.310561 2.994465
v -4.570426 -2.586639 1.284981
v -4.434918 -2.822959 2.636707
v -3.852049 -2.294861 3.986870
v -3.749684 -0.944578 4.638958
v -3.333106 0.525190 4.744560
v -4.349859 -1.923949 3.526676
v -4.487200 -2.168302 2.179035
v -3.726888 0.514412 4.764477
v -3.385579 1.883924 4.394283
v -4.302698 -0.791287 4.041668
v -4.421140 -1.468090 2.876602
v -4.900487 -1.997539 2.097794
v -4.977676 -2.385525 1.268604
v -4.839220 -1.348129 2.744751
v -5.061477 -2.465289 0.357197
v -5.064487 -1.982329 1.168282
v -5.202138 -1.848979 -0.343807
v -5.134496 -2.049516 0.400539
v -5.497331 -1.350016 -0.898724
v -5.441172 -1.778824 -0.289352
v -5.375854 -1.972466 0.429401
v -5.552490 -0.737719 -1.323860
v -5.309375 -1.907584 1.170845
v -5.901975 -0.918931 0.155205
v -5.933045 -0.677972 -0.187271
v -5.865417 -1.027318 0.557510
v -5.916965 -0.733582 0.243416
v -5.953192 -0.410301 -0.426075
v -5.886613 -0.823567 0.577419
v -5.960283 -0.311391 -0.242886
v -5.943356 -0.526310 -0.051212
v -5.970123 0.138335 -0.364941
v -5.827518 -0.990850 0.974228
v -5.853568 -0.792115 0.936794
v -5.828399 -0.705565 1.208511
v -5.794971 -0.882601 1.313980
v -5.265897 -1.591959 1.847034
v -5.757668 -0.482740 1.708885
v -5.006289 -1.655504 1.867344
v -5.214520 -1.063766 2.373096
v -4.954124 -1.108499 2.412231
v -4.915854 -0.407287 2.737373
v -4.801265 -0.515621 3.131451
v -4.380216 -0.570458 3.293552
v -4.262530 0.467395 4.187420
v -4.369360 0.416327 3.379589
v -4.311121 1.721168 3.810883
v -4.791199 0.399572 3.211246
v -3.771462 1.993784 4.354229
v -3.433350 3.143688 3.569908
v -3.867546 3.162798 3.506340
v -3.551188 4.070189 2.280605
v -4.361880 2.717962 3.126938
v -3.995149 3.984313 2.303894
v -3.706315 4.416650 0.899662
v -4.464400 3.429760 2.089294
v -4.439321 2.184873 2.558578
v -4.136992 4.353744 0.867832
v -4.602771 3.706439 0.842781
v -4.263472 4.227178 -0.598454
v -4.701065 3.625427 -0.386333
v -4.803168 3.106290 -1.503014
v -4.837925 1.805475 -1.776588
v -4.771864 2.505687 -1.079018
v -4.688637 2.924023 -0.184967
v -5.225766 1.687934 -1.570847
v -5.164499 2.337346 -0.923885
v -5.263721 0.855427 -1.957546
v -5.273788 -0.059767 -2.037342
v -5.305427 0.747562 -1.549141
v -5.320724 -0.023296 -1.615726
v -5.272880 1.448792 -1.223473
v -5.569521 -0.015875 -1.516270
v -5.221273 1.995799 -0.678532
v -5.542029 0.728439 -1.453136
v -5.964980 0.133146 -0.573574
v -5.509480 1.405553 -1.138771
v -5.957977 0.482852 -0.496994
v -5.459649 1.933751 -0.612568
v -5.963675 0.417934 -0.303787
v -5.940210 0.863457 -0.320244
v -5.948709 0.746196 -0.151310
v -5.912319 1.159105 -0.025707
v -5.895205 1.144186 0.419212
v -5.925551 0.991649 0.093216
v -5.877432 1.336434 0.353306
v -5.398431 2.249323 0.061996
v -5.156794 2.322605 0.019955
v -5.087311 2.725332 -0.094696
v -5.003509 2.805095 0.816711
v -4.598280 3.010026 0.797741
v -5.092510 2.389809 0.788219
v -4.923204 2.567015 1.700405
v -4.511694 2.753321 1.750561
v -4.856081 2.039808 2.449799
v -5.025424 2.189274 1.532616
v -4.389889 1.373244 3.124332
v -4.810237 1.287063 2.974510
v -4.962066 1.745181 2.163216
v -4.922873 1.111132 2.605129
v -4.906837 0.363589 2.804535
v -5.210475 1.691754 2.131569
v -5.171509 1.079504 2.558186
v -5.165774 -0.386701 2.685982
v -5.156025 0.357664 2.750736
v -5.747364 -0.141359 1.820396
v -5.797442 -0.374662 1.535301
v -5.788416 -0.100565 1.624771
v -5.742371 0.276924 1.856831
v -5.784459 0.259243 1.656139
v -5.791655 0.594681 1.566662
v -5.751040 0.680958 1.749054
v -5.772412 1.025101 1.509205
v -5.809732 0.891493 1.359768
v -5.828457 1.084540 1.149200
v -5.794771 1.266548 1.245747
v -5.869252 1.203364 0.700352
v -5.284373 2.120615 1.523819
v -5.844170 1.410135 0.703365
v -5.348143 2.314252 0.804928
v -3.011768 0.617369 5.106956
v -3.129176 2.018937 4.725231
v -2.164967 0.716653 5.259590
v -3.180295 3.484615 3.730190
v -2.170498 2.126121 4.807140
v -1.707638 0.624075 4.932926
v -1.738107 2.044397 4.554058
v -2.295996 3.650639 3.743832
v -1.323811 0.680516 5.499855
v -1.359528 2.251458 5.038052
v -1.826841 3.499174 3.647278
v -1.499119 3.786953 4.027321
v -0.540758 2.334706 4.922798
v -0.475132 0.628127 5.466694
v -0.365478 0.602952 5.735775
v -0.414148 2.510401 5.213608
v 2.065569 0.679749 5.544361
v 2.030675 2.381789 5.091183
v 2.176712 0.643595 5.196949
v -0.687957 3.915971 3.974319
v 1.932409 4.019160 3.915615
v -0.453618 4.118515 4.151745
v -0.844320 4.982031 2.283146
v 2.142874 2.245704 4.769901
v 1.788305 5.261465 2.191261
v 2.059747 3.883814 3.735897
v 2.799034 2.230001 4.709705
v -0.649714 5.351213 2.437500
v 2.672940 3.864091 3.564018
v 1.913443 4.950212 2.043694
v -0.793242 5.822722 0.705845
v 1.622517 5.795790 0.468025
v -0.958416 5.464922 0.684937
v -0.978497 5.747826 -1.149166
v 1.774153 5.504673 0.344185
v 1.509479 5.692784 -1.373051
v -1.101334 5.391838 -1.159283
v 2.597591 4.991399 1.921711
v -0.984985 5.711911 -1.565197
v -1.926919 5.353217 -1.058723
v -1.156761 5.256140 -1.628235
v -1.777455 5.410399 0.755867
v -2.053637 5.074418 -1.631023
v -1.642815 4.925611 2.375484
v -2.312737 4.798523 -1.007641
v -2.099227 4.821588 0.723927
v -1.970707 4.440569 2.138172
v -2.422997 4.637769 2.253010
v -2.566611 4.984009 0.862339
v -3.338058 4.414813 2.346584
v -3.488290 4.782336 0.932571
v -3.677734 4.625336 -0.753181
v -2.742259 4.839227 -0.908676
v -3.809123 4.141856 -2.139950
v -2.385653 4.764451 -1.860260
v -3.002452 4.451026 -2.128044
v -2.789704 5.355653 -1.770435
v -4.049274 3.672190 -2.977776
v -2.070107 5.558428 -1.626041
v -2.007579 5.661655 -2.078773
v -3.448265 4.866964 -2.154320
v -3.863998 4.362080 -2.572136
v -2.759719 5.477096 -2.271805
v -3.450801 5.098528 -2.694683
v -3.861526 4.594059 -3.253529
v -4.159982 3.882776 -3.897629
v -4.129578 4.860527 -3.048172
v -4.308240 3.072471 -4.494598
v -4.498010 4.046199 -3.822701
v -4.713333 3.103707 -4.532738
v -4.255744 1.829015 -4.993603
v -4.759625 1.788946 -5.110237
v -5.558478 3.188869 -4.347107
v -5.641837 1.706894 -5.198654
v -5.203648 4.494731 -3.365158
v -5.521261 4.752530 -4.043606
v -4.683235 5.278628 -2.638329
v -4.904228 5.685269 -3.058071
v -3.880874 5.846160 -2.107845
v -3.595028 5.349381 -2.496799
v -4.079435 6.252360 -2.478558
v -2.843472 5.713299 -2.115135
v -5.291487 6.423269 -4.221645
v -2.057701 5.883639 -1.978912
v -3.040648 6.191864 -1.855682
v -0.686124 5.943070 -2.015888
v -3.195403 6.624190 -2.237373
v -2.053196 6.361725 -1.726620
v -2.203284 6.846465 -2.132782
v -3.725123 7.712404 -3.860447
v -2.532840 8.083147 -3.669506
v -0.610506 6.843163 -2.146637
v -0.832701 8.310289 -3.734726
v -0.648541 6.357279 -1.779327
v 0.836398 6.628420 -2.380253
v 0.820836 6.158115 -1.986835
v -0.593686 5.730808 -2.080734
v 0.844358 5.796481 -2.126301
v 0.871652 5.703270 -2.141033
v 1.513872 5.670890 -1.757576
v 2.119088 5.580671 -2.344643
v 1.552293 5.393249 -1.445427
v 2.183605 5.921698 -2.268078
v 2.251273 6.366298 -2.754219
v 3.215920 5.497204 -2.598976
v 2.136323 5.465227 -2.318607
v 2.893644 5.131177 -2.725140
v 0.800213 8.023576 -3.885921
v 3.250143 5.958770 -3.266903
v -0.904151 10.368651 -6.668079
v 2.156438 7.728062 -4.209240
v 0.489129 10.230912 -6.782795
v -2.047045 10.252905 -6.549091
v -3.445153 9.946157 -6.580894
v 3.463472 7.050854 -4.799332
v 2.257719 5.869599 -35.560028
v 2.079631 4.038228 -35.983452
v 1.835362 4.187165 -36.203667
v -2.507408 10.607793 -37.007996
v 0.184902 10.553074 -36.801605
v -1.679489 10.612474 -37.791477
v -3.352096 10.539339 -37.071396
v 0.250772 10.532017 -37.736027
v -3.269148 10.343147 -37.780716
v -2.445819 10.540998 -37.818138
v -3.927992 9.998412 -36.810623
v -3.851567 9.848294 -37.520203
v -3.073479 10.016876 -37.924736
v -4.306542 8.626457 -36.615978
v -4.372340 8.658578 -35.953445
v -3.624709 9.557084 -37.635582
v -4.668262 7.377890 -36.205154
v -4.093186 8.440825 -36.790676
v -3.404814 9.282637 -37.581219
v -4.762948 7.322585 -35.476227
v -4.409822 7.377832 -36.387398
v -4.840798 5.789971 -36.049202
v -4.957521 5.736634 -35.418232
v -4.902149 4.562594 -35.677616
v -4.646631 3.353194 -36.147949
v -4.770861 4.657383 -36.351585
v 1.790978 2.753850 -35.886978
v 1.863492 2.892423 -36.531319
v 1.467711 1.837255 -36.712193
v -4.199574 2.097941 -36.890858
v -3.313972 0.755064 -37.847275
v -3.522368 0.870962 -37.907661
v -4.570528 3.453088 -36.820782
v -4.220044 2.230915 -37.498978
v -3.268853 0.635038 -38.820335
v -3.517234 0.844401 -38.787666
v -4.330852 3.542601 -37.072609
v -4.014818 2.406256 -37.751637
v -4.503998 4.737376 -36.574455
v -4.633145 5.746470 -36.282349
v -4.155481 4.805770 -36.533630
v -4.153012 5.740192 -36.301407
v -3.943419 3.675114 -37.095730
v -3.645786 4.883019 -36.266068
v -4.086892 7.340845 -36.406769
v -3.763793 5.925968 -36.189293
v -3.800395 8.364467 -36.846718
v -3.429735 8.123792 -36.568367
v -3.212510 8.741735 -36.981140
v -3.658519 7.164274 -36.212807
v -3.378793 7.822027 -36.913506
v -3.566954 7.056564 -36.661667
v -2.632026 9.618287 -37.791176
v -2.917274 7.689657 -37.030960
v -3.084577 6.963218 -36.755920
v -2.651344 8.494400 -37.494987
v -3.622293 5.940512 -36.639065
v -3.155419 5.929966 -36.708267
v -3.113517 5.085582 -37.017994
v -3.087900 8.668470 -37.495346
v -2.483361 9.231748 -38.537048
v -2.799431 9.498178 -38.308056
v -2.726952 9.608810 -38.431713
v -2.150842 9.481177 -38.732773
v -2.811262 9.811346 -37.911285
v -2.280603 9.799190 -37.959801
v -2.294598 9.823777 -38.560509
v -2.370458 10.166503 -38.013081
v -1.824302 9.917569 -38.595409
v -1.774993 9.572697 -38.768486
v -1.800438 9.835591 -37.930889
v -1.746563 10.212434 -37.978680
v 0.128132 9.847530 -37.903111
v 0.286140 9.923062 -38.526627
v 0.264180 9.565080 -38.679066
v 0.132768 10.188764 -37.908127
v 0.872173 9.702515 -37.844872
v 0.946807 9.675514 -38.426029
v 0.830873 9.311052 -38.514908
v 1.038823 9.593459 -38.340771
v 1.221062 9.187361 -37.814606
v 1.009516 8.858841 -37.900665
v 1.208579 9.922992 -37.834991
v 1.246528 9.362412 -37.694290
v 1.398357 8.748678 -37.299938
v 1.141294 8.475051 -37.365391
v 1.450322 9.738349 -37.738720
v 1.645072 8.061302 -36.682335
v 1.276293 7.904676 -36.840302
v 1.414543 8.859526 -37.094398
v 1.739370 9.065271 -37.081436
v 1.698348 7.047719 -36.268745
v 1.296247 6.936479 -36.329277
v 1.621562 8.189809 -36.453869
v 1.921297 8.326500 -36.482231
v 1.667226 7.039673 -35.910744
v 1.686367 5.835673 -36.151932
v 1.301867 5.866450 -36.247730
v 1.150078 4.563935 -36.634491
v 1.563857 4.459343 -36.586975
v 1.615716 4.297325 -36.278252
v 1.703179 5.803309 -35.815094
v 2.020905 5.854611 -35.769928
v 2.028483 7.095331 -35.929165
v 2.294825 7.151198 -35.706974
v 2.188525 8.527046 -36.287109
v 1.918080 9.293396 -36.924217
v 1.793808 9.618621 -36.347187
v 1.610488 9.959669 -37.503159
v 1.490786 10.079901 -36.634274
v 1.268270 10.244520 -36.725800
v 1.350047 10.201339 -37.658936
v 0.952796 3.580884 -37.549629
v 1.303867 3.341548 -37.532539
v 0.761537 2.962905 -38.781666
v 1.224133 3.232260 -36.960964
v 0.926463 2.586849 -38.775501
v 0.656590 2.882053 -38.967827
v 0.729507 2.423235 -38.506390
v 0.807590 2.497656 -39.081779
v 0.366475 2.715385 -39.180882
v 0.481812 2.329447 -39.321236
v 0.126849 2.259145 -39.369778
v 0.011838 2.603086 -39.208744
v 0.015737 2.410319 -38.333607
v -2.115747 2.171890 -39.391636
v -2.196371 2.671487 -39.248642
v -2.163570 2.296010 -38.753738
v -2.668900 2.398458 -39.354706
v -2.537875 2.834620 -39.184811
v -3.019947 2.675218 -39.085106
v -2.849420 3.158147 -38.782810
v -2.690805 2.404619 -38.757908
v -3.139720 2.905568 -38.715103
v -3.040896 2.707234 -38.501816
v -3.426136 3.958077 -37.628468
v -3.000341 4.028901 -37.751228
v -2.696432 2.570669 -37.607067
v -3.580042 5.043064 -36.942585
v -3.414908 3.832497 -37.234726
v -3.636442 4.891534 -36.535545
v -2.988752 2.918257 -37.351994
v -3.352438 3.735991 -36.704662
v -3.650859 2.586996 -37.909115
v -3.058591 1.451436 -39.178238
v -3.377507 1.072809 -39.011021
v -3.210787 0.927209 -39.126255
v -2.684713 1.253638 -39.274017
v -2.210441 2.520515 -37.295509
v -2.793228 0.753523 -39.180153
v -0.306810 1.347526 -39.178185
v -0.114910 2.590877 -36.999905
v -2.832191 0.430283 -38.923271
v -0.100292 0.891962 -39.121357
v 0.116570 1.360552 -39.161697
v 0.961410 2.493255 -37.711235
v 0.364141 1.500360 -39.068455
v 0.459666 1.048695 -39.104805
v 0.118803 0.593505 -38.915562
v 0.687377 1.191393 -38.980915
v 0.660043 0.729494 -38.895145
v 0.062030 0.655421 -37.834503
v 0.577351 0.803708 -37.810936
v 0.953333 0.939390 -38.719479
v 1.366353 2.307505 -37.496483
v 1.580505 3.053687 -36.846886
v 1.613945 2.094422 -37.249092
v 0.970792 1.085134 -37.651459
v -2.850948 0.572047 -37.834797
v 4.602921 0.485142 4.094570
v 4.348719 0.574460 4.427673
v 3.529898 0.670468 4.674496
v 2.998131 0.566450 4.525246
v 2.982380 0.582882 5.081528
v 2.971821 1.987985 4.208038
v 2.879913 3.383267 3.257797
v 3.428660 2.115854 4.255844
v 4.289938 2.084858 4.027332
v 3.377793 3.556214 3.294971
v 4.570982 1.951680 3.703419
v 4.242832 3.425592 3.098213
v 3.268393 4.602049 1.763962
v 2.774449 4.406591 1.668194
v 4.496118 3.195561 2.836273
v 4.383677 4.066757 1.598061
v 4.164411 4.538401 1.635048
v 4.249182 4.460178 0.137970
v 4.003864 4.783828 0.224709
v 3.138815 4.976081 0.203815
v 3.820217 4.659977 -1.444622
v 4.108851 4.328381 -1.367939
v 2.607654 4.830713 0.220779
v 3.474625 4.238601 -2.989304
v 3.977655 3.687251 -2.737820
v 2.979279 4.794765 -1.524994
v 2.912676 4.872688 -2.428871
v 2.434245 4.676004 -1.577045
v 2.508124 5.420449 0.342102
v 2.360380 5.301597 -1.503319
v 2.321676 5.167934 -1.956772
v 1.553526 5.303837 -1.731514
v 2.155525 5.409437 -1.955235
v 2.821339 5.010476 -2.726963
v 3.486126 4.474679 -3.251228
v 3.359129 4.366122 -3.287781
v 3.988445 4.764544 -3.161804
v 3.882339 3.805424 -3.953224
v 3.762912 3.810249 -3.431057
v 3.867941 2.652650 -3.847527
v 3.835991 3.562034 -4.097637
v 3.757643 3.063860 -5.083920
v 3.980120 3.079274 -5.101433
v 3.758965 2.523611 -5.814800
v 4.726216 2.340306 -5.787777
v 4.410950 4.055926 -3.827847
v 4.720953 3.180572 -5.038826
v 3.987028 5.274380 -3.960716
v 4.487692 4.422656 -4.420677
v 4.159472 6.024134 -5.391747
v 0.428967 8.988816 -37.551048
v -2.186488 9.106020 -37.617825
v 0.019138 8.626318 -34.842434
v -2.077032 8.535269 -34.944214
v -2.751226 7.933914 -34.941437
v 0.622899 7.928280 -34.643002
v -1.082817 6.202999 -34.767769
v 0.999009 7.043332 -34.629654
v 1.071660 5.766528 -34.728416
v 0.923001 4.558340 -34.876293
v 0.364160 3.589273 -34.946720
v -2.988834 7.230371 -34.941666
v -3.181631 5.888657 -34.972942
v -3.018940 4.966702 -35.021599
v -2.517342 3.745865 -35.066780
v -2.109631 3.510148 -34.945038
v -2.527632 2.954359 -38.819389
v -2.253961 2.785236 -38.866657
v 0.106253 2.798865 -38.784088
v 4.893309 3.184997 2.789948
v 4.749032 4.020850 1.466465
v 4.969899 1.944882 3.654285
v 4.658739 4.376110 0.034401
v 5.331873 2.678566 2.241703
v 4.521362 4.255829 -1.357979
v 5.238149 3.404746 1.209602
v 5.154667 3.649705 -0.071712
v 4.403405 3.639187 -2.699360
v 5.037659 3.593504 -1.237030
v 4.330000 2.559074 -3.743584
v 4.925332 3.035059 -2.373619
v 4.952510 2.858516 -1.051983
v 4.236096 1.192024 -4.354027
v 4.831688 2.161549 -3.303020
v 4.242848 -0.252952 -4.509045
v 4.802353 1.044585 -3.783192
v 4.284071 -1.702075 -4.105827
v 4.784548 -0.227378 -3.866379
v 4.783242 0.858330 -3.106834
v 4.801266 1.739974 -2.643425
v 4.868184 2.440183 -1.945938
v 5.281571 2.269421 -1.865204
v 5.219509 1.620011 -2.512089
v 4.799817 -0.152878 -3.196354
v 5.181077 0.787504 -2.898743
v 5.380261 1.927406 -1.634197
v 5.327985 1.380401 -2.179073
v 5.170914 -0.127689 -2.978531
v 5.446673 2.254206 -0.935886
v 5.296192 0.679169 -2.504814
v 5.359780 2.657402 -1.036106
v 5.626309 1.863903 -1.612946
v 5.575831 1.335707 -2.139091
v 5.086450 2.955805 -0.079235
v 5.444700 2.737163 -0.124802
v 5.131833 2.687809 0.883324
v 5.526092 2.499079 0.758789
v 5.524505 2.321369 -0.168873
v 5.593620 2.120828 0.575336
v 5.691484 2.179463 -0.938747
v 5.846171 2.050632 0.519325
v 5.778425 2.244281 -0.199200
v 6.210267 1.263575 -0.739540
v 6.242082 1.337280 -0.389343
v 6.291943 1.193693 0.152992
v 5.882212 1.621886 1.130569
v 5.644115 1.676774 1.207119
v 5.594136 1.971870 1.508102
v 5.682698 1.042728 1.649094
v 5.205200 2.119357 1.691250
v 5.640625 1.219123 2.032749
v 5.395909 1.641729 2.964355
v 5.255327 1.307725 2.256939
v 5.422531 0.419306 3.290398
v 5.276168 0.350807 2.512169
v 5.001742 0.482791 4.044250
v 4.982444 -1.004442 3.819298
v 5.408532 -0.841302 3.180504
v 4.921052 -2.321862 3.208912
v 5.265209 -0.635977 2.426140
v 4.819753 -3.400248 2.130070
v 5.355597 -1.987989 2.647930
v 5.223772 -1.533608 2.009235
v 4.698190 -4.019528 0.785416
v 5.270113 -2.882488 1.756905
v 5.156854 -2.233818 1.311749
v 5.611360 -1.416068 1.803020
v 5.649792 -0.583561 2.189674
v 5.549298 -2.065476 1.156136
v 5.659956 0.331631 2.269459
v 5.690955 -0.475695 1.781223
v 5.698979 0.295183 1.848476
v 5.664884 -1.176944 1.454956
v 5.918347 1.009644 1.557446
v 5.934068 0.287804 1.749973
v 6.337591 0.608097 0.656124
v 5.927365 -0.456571 1.684940
v 6.346389 0.204062 0.763889
v 5.913978 -1.133743 1.368793
v 6.316750 0.952237 0.416225
v 5.613166 -1.723951 0.910023
v 6.306303 1.011540 0.052010
v 6.325287 0.818491 0.262558
v 6.264956 1.130365 -0.396786
v 6.343619 0.521679 0.469429
v 6.238657 1.071188 -0.677891
v 6.350924 0.186241 0.558891
v 6.342135 -0.214223 0.727386
v 6.346929 -0.173568 0.527531
v 6.329820 -0.555598 0.616058
v 6.337791 -0.447665 0.438072
v 6.306435 -0.778566 0.111317
v 5.865045 -1.661944 0.842503
v 6.291825 -0.955458 0.221214
v 6.189929 -0.599306 -1.148262
v 5.782133 -1.977450 0.169952
v 5.540472 -2.050732 0.212299
v 5.471089 -2.453460 0.327038
v 6.260985 -1.063711 -0.118690
v 5.072528 -2.652152 0.417793
v 6.280928 -0.865115 -0.160374
v 5.162388 -3.416895 0.614906
v 6.247445 -0.896565 -0.519703
v 4.572281 -4.137295 -0.667786
v 4.980963 -2.738151 -0.564793
v 5.045418 -3.526757 -0.640331
v 4.449559 -3.736230 -2.098587
v 5.386169 -2.533220 -0.584267
v 4.330284 -2.879957 -3.317940
v 4.933310 -3.198826 -1.857384
v 4.876941 -2.392993 -2.877159
v 4.814978 -1.450140 -3.544186
v 4.893204 -2.481444 -1.517509
v 4.769711 -1.101361 -2.891129
v 4.819837 -1.912993 -2.325436
v 5.190242 -1.015181 -2.741821
v 5.236732 -1.767928 -2.217171
v 5.304777 -2.295137 -1.467857
v 5.343030 -1.473301 -1.930710
v 5.468365 -2.117913 -0.555248
v 5.399808 -1.917374 -1.299511
v 5.711383 -2.042319 -0.571098
v 5.645185 -1.848674 -1.289768
v 6.221746 -1.100175 -0.535282
v 6.184693 -0.991787 -0.937546
v 5.591404 -1.419874 -1.899361
v 6.216682 -0.806579 -0.853672
v 6.153986 -0.750829 -1.280052
v 6.172767 -0.384387 -1.339912
v 5.310173 -0.839272 -2.373219
v 6.131672 -0.483152 -1.518661
v 5.571461 -0.807682 -2.327751
v 5.294448 -0.091730 -2.572651
v 5.557287 -0.085847 -2.520416
v 5.546251 0.658583 -2.453732
v 6.119500 0.060296 -1.666122
v 6.145875 0.790603 -1.412937
v 6.162778 0.065340 -1.461956
v 6.128718 0.409996 -1.589745
v 6.169298 0.344939 -1.400810
v 6.184453 0.673200 -1.248352
v 6.207910 0.918652 -1.003853
v 6.174130 1.086250 -1.118435
v 4.547574 1.056263 -6.275131
v 3.642671 -1.291347 -7.781769
v 4.735191 1.397207 -7.570953
v 2.265342 -3.589636 -7.697353
v 3.172266 -0.624844 -10.279148
v 5.113138 1.858667 -10.049767
v 1.501461 -4.454341 -7.638218
v 1.139077 -4.443577 -7.829998
v -2.700687 -4.314086 -7.752827
v -2.808806 -4.071680 -8.416698
v -2.986082 -4.332019 -7.571018
v -3.867198 -4.604516 -5.916893
v -3.253016 -3.981791 -8.063202
v -4.362626 -4.115856 -5.428932
v -4.043461 -2.948009 -7.757664
v -3.243620 -3.354402 -10.267738
v -5.319209 -0.612844 -6.980350
v -5.942842 1.992787 -6.133934
v -6.063768 3.799860 -5.284100
v -1.021733 11.537189 -9.435616
v -2.447475 11.466983 -9.360935
v -4.898704 9.304895 -6.745842
v -3.870616 11.093254 -9.260448
v -6.332670 7.782088 -7.069344
v -5.578674 10.223802 -9.402237
v -4.211417 11.860507 -12.448666
v -6.989422 8.661243 -9.670799
v -2.623128 12.271208 -12.620899
v -5.899803 10.965737 -12.527176
v -1.108559 12.301167 -12.734783
v -7.323641 9.315631 -12.546299
v -4.265127 12.189188 -14.920158
v 0.573811 11.354822 -9.629059
v -1.164135 12.700576 -14.922825
v 2.192433 9.881036 -7.243851
v 0.335608 12.109283 -12.844471
v 2.258699 10.894205 -9.900139
v 3.665143 8.977080 -7.836170
v 2.230090 11.595195 -13.025764
v 3.796750 9.967387 -10.362289
v 4.664287 7.311029 -8.410805
v 0.311625 12.415749 -15.004604
v 3.696505 10.668812 -13.210552
v 2.033816 11.852193 -15.218567
v -1.195542 12.824454 -16.799107
v 4.988687 8.168966 -10.952236
v 0.048476 12.539860 -17.180088
v 3.325879 11.012160 -15.527679
v 1.387139 12.091700 -17.792538
v 4.960963 8.911014 -13.553535
v 2.563339 11.122414 -18.360058
v 4.626519 9.235707 -15.978214
v 5.667539 6.866316 -13.860901
v 5.375214 7.228656 -16.117050
v 3.614148 9.741651 -19.006790
v 5.598590 6.247703 -11.328472
v 4.454445 7.706038 -19.412235
v 1.767553 11.217094 -20.587246
v 4.993927 5.760629 -19.112793
v 2.593917 10.115029 -21.904274
v 0.816658 12.049304 -19.176243
v 0.585699 12.019861 -19.421593
v -0.285531 12.583807 -18.458496
v -0.370831 12.518078 -18.775108
v 1.585269 10.993282 -21.029312
v 0.067657 11.833124 -19.715660
v -1.083101 12.794113 -18.231148
v -1.158971 12.626849 -18.622932
v -1.134670 12.210525 -19.181797
v -1.941743 12.818980 -18.383858
v -1.816911 12.618247 -18.786343
v -2.397111 12.772519 -16.966560
v -2.415186 12.068303 -19.878998
v -2.707525 12.589572 -14.998955
v -3.974771 12.372729 -16.455029
v -3.590138 12.525887 -17.890194
v -5.847871 11.353719 -14.883522
v -5.643175 11.492853 -17.429821
v -7.346869 9.628269 -14.949039
v -4.707932 11.871372 -19.555691
v -3.189109 12.574652 -19.406200
v -5.260345 11.145814 -20.308601
v -2.872956 12.247441 -19.648018
v -4.077153 11.923902 -20.871183
v -3.664782 11.760676 -21.013863
v -3.298511 11.527811 -21.223579
v -4.322356 10.907969 -22.219439
v -4.745234 10.956967 -21.892345
v -2.491615 11.361644 -22.812162
v -3.886347 10.804498 -22.975349
v -4.720359 9.879446 -23.106468
v 0.049349 11.163634 -22.815561
v -3.494546 10.153333 -26.579752
v -2.371367 10.627200 -26.593376
v 1.411699 10.764391 -21.621717
v 2.236571 10.062956 -22.362915
v 1.303892 10.653997 -22.977551
v 1.887937 10.005807 -22.971893
v 2.858796 8.765849 -22.979645
v 3.125678 8.879247 -22.651739
v 3.519117 7.583483 -22.758137
v 2.600629 8.647375 -23.457880
v 3.765083 6.923928 -22.380463
v 3.284414 7.394482 -23.097277
v 4.930714 5.279832 -19.134178
v 3.598034 6.565853 -22.676071
v 3.058424 7.200403 -23.586744
v 5.865162 5.151654 -16.136337
v 6.106428 4.734688 -14.210815
v 5.775875 4.221448 -16.266277
v 4.876211 4.793960 -19.305901
v 3.439700 6.202702 -23.122021
v 4.472679 3.614358 -19.453545
v 5.356513 3.158736 -16.538860
v 3.237116 4.196509 -23.236414
v 5.987815 3.782467 -14.364731
v 5.639179 2.691524 -14.242508
v 3.518525 5.480375 -23.285303
v 2.530638 4.331306 -26.722254
v 2.839067 5.697089 -26.684296
v 1.932066 4.252586 -31.007355
v 2.425974 7.095073 -26.507645
v 2.315642 5.983659 -31.056095
v 2.168955 5.958833 -33.738632
v 1.913079 4.030267 -33.895821
v 2.040207 7.300121 -31.143993
v 1.849772 8.614628 -26.513691
v 2.267133 5.881424 -34.844822
v 2.070565 3.891599 -35.281944
v 2.040798 7.453606 -33.846985
v 2.293430 7.206968 -35.054688
v 1.551990 8.769178 -31.368704
v 1.755158 8.775216 -34.407112
v 1.260667 9.476428 -31.248299
v 1.449700 9.670377 -26.564062
v 0.828778 10.112462 -26.623713
v 0.795362 9.804278 -31.158623
v -0.115147 10.529763 -26.642628
v -0.204285 10.150407 -31.222662
v 0.935869 9.913001 -34.715084
v -2.423636 10.186740 -31.327623
v 0.037519 10.202082 -34.783684
v -3.293558 9.923111 -31.395544
v -2.505326 10.234035 -34.955048
v -3.967659 9.908786 -26.659206
v -3.243778 10.099936 -34.977165
v -3.766455 9.587011 -31.431633
v -1.705682 10.642659 -36.936657
v -3.826028 9.646034 -34.935024
v -4.236449 8.511512 -34.668823
v -4.259880 8.286977 -31.308540
v -4.659653 7.256742 -34.478348
v -4.743199 8.303670 -26.713730
v -4.811790 7.170807 -31.245775
v -5.659435 8.386907 -23.258228
v -5.400318 7.110190 -26.836245
v -5.241717 5.879592 -31.326015
v -5.865740 5.919377 -27.055019
v -4.969059 5.756322 -34.464855
v -5.763173 5.122807 -27.072636
v -5.196514 5.024872 -31.393866
v -4.934455 4.706391 -34.495205
v -4.355239 3.037534 -31.549301
v -4.301347 2.923747 -35.058628
v -4.897609 3.062249 -26.960253
v -3.563598 1.615880 -31.460548
v -5.395988 2.845089 -23.423758
v -6.612984 5.217940 -23.128229
v -4.027318 1.264223 -26.850451
v -6.627165 6.025585 -23.089500
v -5.797512 2.389891 -19.839996
v -6.290691 6.970736 -23.146341
v -7.347761 4.865690 -19.452923
v -5.995880 8.445035 -22.891148
v -4.230707 0.717831 -23.551476
v -5.104349 10.049481 -22.689959
v -6.268879 8.651072 -22.379074
v -5.482219 9.911634 -22.314016
v -6.140026 9.922733 -20.682667
v -6.785534 8.968838 -20.558712
v -7.177189 9.609459 -17.751625
v -6.475544 7.402448 -22.299061
v -6.766668 7.636662 -21.858568
v -7.426748 6.312069 -19.315964
v -7.533232 7.655977 -19.771744
v -7.650993 6.968945 -19.475033
v -8.039124 7.748242 -17.447979
v -8.418793 6.363807 -15.176357
v -8.163877 7.550982 -15.072895
v -8.158403 7.144002 -12.673626
v -7.849207 6.622687 -10.237228
v -8.389061 5.913150 -12.867756
v -6.981461 5.856705 -7.402275
v -8.045395 5.397240 -10.426586
v -5.878898 5.054790 -4.808800
v -7.370420 4.694583 -7.833366
v -7.209375 4.025015 -8.083733
v -7.787355 4.653781 -10.630104
v -6.812162 2.786292 -8.476616
v -7.398357 3.272012 -10.785610
v -5.388052 0.188751 -9.333294
v -4.159950 -2.102765 -10.012390
v -5.557629 0.614855 -11.287212
v -7.732498 3.769854 -13.190689
v -8.115765 5.177233 -13.035942
v -5.768653 1.169256 -13.711212
v -8.225111 5.595479 -15.244778
v -7.796484 4.234515 -15.471218
v -7.451612 5.930229 -19.279530
v -5.977180 1.734154 -16.064507
v -4.141633 -1.732488 -11.974350
v -4.170779 -1.211569 -14.417591
v -4.275263 -0.009012 -20.047741
v -4.241553 -0.707989 -16.533722
v -3.369439 -1.545813 -16.692513
v -3.338766 -2.144081 -14.535107
v -3.291106 -2.820940 -12.132332
v -2.932104 -3.523757 -10.400288
v -3.022926 -2.994265 -12.282738
v -3.098303 -2.322520 -14.685738
v 0.563953 -3.372501 -10.694717
v 0.129225 -2.903101 -12.264347
v -0.362984 -2.229519 -14.602524
v -3.127373 -1.766656 -16.686607
v -0.652590 -1.680149 -16.582417
v -3.356117 -0.731418 -20.025013
v -3.099717 -0.867006 -20.135921
v -3.228354 -0.035508 -23.521381
v -0.770810 -0.760941 -20.133362
v -3.003401 -0.142153 -23.646360
v -3.169295 0.548180 -26.707319
v -0.776112 -0.006607 -23.633802
v -3.246284 1.302902 -31.441017
v -2.917116 0.428283 -26.788528
v -0.727772 0.483802 -26.692780
v -0.249759 0.548819 -23.592716
v -0.137309 -0.201710 -20.095539
v -0.213861 0.985743 -26.641949
v 0.000384 -1.155774 -16.528347
v 1.229159 2.006604 -23.377216
v 2.016603 1.534155 -19.709969
v 0.314371 -1.624110 -14.534374
v 2.560235 0.828001 -16.487156
v 0.921581 2.259437 -26.702898
v 2.931725 0.367306 -14.391926
v 0.793588 -2.287357 -12.189884
v 3.082797 -0.192742 -12.086525
v 5.518482 2.291660 -12.041225
v 1.192355 -2.811359 -10.617226
v 1.979419 -3.465064 -8.332531
v 1.308153 -4.048223 -8.592865
v 0.791573 2.451398 -31.174227
v -0.118696 1.363283 -31.301325
v 1.001841 2.198195 -34.934505
v -0.542219 0.982894 -31.331461
v -2.888787 0.986718 -31.481525
v -3.330170 1.173421 -35.522728
v -3.464651 1.314428 -35.516735
v -2.876542 0.831210 -35.608421
v 2.154219 8.686393 -35.583294
v 1.397791 9.581488 -34.657539
v 0.369202 1.256993 -35.525177
v -0.235296 0.894679 -35.555756
v 4.938326 2.477070 -6.984715
v 4.643294 4.852976 -5.903934
v 5.226714 5.466846 -8.801384
v 4.981005 3.361818 -6.415318
v 5.554641 3.849018 -9.259148
v 5.962091 4.256581 -11.672977
v 5.524381 3.035462 -9.692204
v 5.816118 3.381669 -11.818638
vt 0.489532 0.018803
vt 0.491719 0.006650
vt 0.489135 0.006938
vt 0.491557 0.019103
vt 0.497144 0.007338
vt 0.490608 0.029685
vt 0.496458 0.019516
vt 0.491869 0.029012
vt 0.499513 0.018948
vt 0.499916 0.007612
vt 0.503548 0.007628
vt 0.496371 0.029142
vt 0.492097 0.041214
vt 0.490488 0.041246
vt 0.497078 0.040998
vt 0.499135 0.029157
vt 0.503272 0.019241
vt 0.508421 0.017712
vt 0.508206 0.006599
vt 0.510227 0.006189
vt 0.502811 0.028983
vt 0.507549 0.028345
vt 0.510130 0.018234
vt 0.499758 0.041701
vt 0.502433 0.041238
vt 0.496837 0.054325
vt 0.499942 0.054271
vt 0.507366 0.041095
vt 0.503222 0.054046
vt 0.509482 0.028412
vt 0.499028 0.065087
vt 0.507969 0.053337
vt 0.503382 0.065008
vt 0.509369 0.040864
vt 0.523894 0.027288
vt 0.524182 0.016895
vt 0.524655 0.004027
vt 0.526007 0.016649
vt 0.526342 0.004075
vt 0.525788 0.026714
vt 0.530954 0.016709
vt 0.531710 0.004487
vt 0.534319 0.005923
vt 0.525619 0.037601
vt 0.534386 0.016573
vt 0.536927 0.005232
vt 0.530534 0.026309
vt 0.534060 0.025801
vt 0.537732 0.016570
vt 0.542924 0.016114
vt 0.542217 0.005201
vt 0.537709 0.025592
vt 0.545544 0.015537
vt 0.545167 0.005367
vt 0.542862 0.025252
vt 0.545726 0.025556
vt 0.537118 0.035525
vt 0.542850 0.034910
vt 0.545288 0.034948
vt 0.541705 0.043515
vt 0.544617 0.043026
vt 0.545284 0.048889
vt 0.534131 0.036271
vt 0.542604 0.050439
vt 0.548513 0.051846
vt 0.536761 0.044884
vt 0.546853 0.054677
vt 0.556302 0.051181
vt 0.537933 0.053018
vt 0.534160 0.045329
vt 0.530288 0.037124
vt 0.535968 0.053929
vt 0.530904 0.046734
vt 0.533153 0.055269
vt 0.526625 0.048604
vt 0.537589 0.062751
vt 0.523706 0.038381
vt 0.524513 0.049333
vt 0.528574 0.057823
vt 0.526384 0.058772
vt 0.510011 0.053375
vt 0.531292 0.068508
vt 0.508931 0.064308
vt 0.510782 0.064274
vt 0.505275 0.077859
vt 0.511273 0.076996
vt 0.513981 0.076624
vt 0.533318 0.066627
vt 0.531614 0.069756
vt 0.514448 0.081284
vt 0.509101 0.085396
vt 0.534682 0.067387
vt 0.505818 0.089341
vt 0.540128 0.063920
vt 0.534925 0.069208
vt 0.531476 0.071056
vt 0.541354 0.060609
vt 0.542836 0.058425
vt 0.546359 0.061395
vt 0.540156 0.065983
vt 0.553173 0.060174
vt 0.539370 0.071556
vt 0.541106 0.067162
vt 0.555733 0.054834
vt 0.556475 0.060691
vt 0.562382 0.056897
vt 0.565045 0.049693
vt 0.559662 0.059104
vt 0.575987 0.051933
vt 0.573698 0.044303
vt 0.546105 0.069476
vt 0.558997 0.062925
vt 0.562853 0.060689
vt 0.567333 0.060049
vt 0.577416 0.053006
vt 0.580339 0.056020
vt 0.559072 0.064812
vt 0.566670 0.065473
vt 0.547689 0.069228
vt 0.551592 0.072061
vt 0.572410 0.071892
vt 0.586498 0.060347
vt 0.559017 0.081608
vt 0.547807 0.075888
vt 0.583591 0.082211
vt 0.598297 0.068442
vt 0.542950 0.076054
vt 0.552851 0.085092
vt 0.546762 0.085578
vt 0.541601 0.075981
vt 0.552337 0.087261
vt 0.536206 0.076306
vt 0.544633 0.085550
vt 0.517631 0.085135
vt 0.539261 0.080297
vt 0.522743 0.089516
vt 0.510218 0.087390
vt 0.516214 0.088227
vt 0.514012 0.091406
vt 0.519210 0.092761
vt 0.509311 0.092883
vt 0.514683 0.093222
vt 0.503705 0.092035
vt 0.508821 0.096190
vt 0.511384 0.096848
vt 0.521575 0.093934
vt 0.527050 0.092805
vt 0.544225 0.087321
vt 0.533472 0.098132
vt 0.546377 0.087998
vt 0.535017 0.097474
vt 0.535580 0.099290
vt 0.536666 0.104413
vt 0.533823 0.099664
vt 0.539591 0.107483
vt 0.521520 0.095114
vt 0.534330 0.104975
vt 0.523051 0.100895
vt 0.513789 0.097990
vt 0.523056 0.103833
vt 0.504854 0.109740
vt 0.535699 0.108790
vt 0.516750 0.102400
vt 0.518608 0.105629
vt 0.509977 0.113890
vt 0.529661 0.115228
vt 0.501463 0.114931
vt 0.548145 0.115928
vt 0.515860 0.127839
vt 0.500889 0.107873
vt 0.503428 0.127686
vt 0.499159 0.104090
vt 0.496368 0.126157
vt 0.499250 0.099428
vt 0.495432 0.106795
vt 0.498917 0.115026
vt 0.498053 0.098576
vt 0.492362 0.104864
vt 0.500435 0.095780
vt 0.499600 0.096013
vt 0.500929 0.090580
vt 0.497063 0.094034
vt 0.492066 0.097022
vt 0.497136 0.079088
vt 0.489185 0.096526
vt 0.500250 0.077976
vt 0.487569 0.116329
vt 0.495502 0.065260
vt 0.494222 0.125470
vt 0.480013 0.134643
vt 0.490315 0.080068
vt 0.487488 0.080104
vt 0.487489 0.064722
vt 0.484437 0.064335
vt 0.491014 0.054224
vt 0.488311 0.053357
vt 0.482419 0.061925
vt 0.469988 0.063766
vt 0.469640 0.065943
vt 0.457805 0.062825
vt 0.485653 0.053019
vt 0.458926 0.060644
vt 0.448283 0.056426
vt 0.469948 0.058795
vt 0.450641 0.054927
vt 0.478109 0.057008
vt 0.445512 0.046511
vt 0.442280 0.046554
vt 0.485609 0.044817
vt 0.486414 0.044941
vt 0.443036 0.037164
vt 0.440199 0.036700
vt 0.441142 0.026739
vt 0.449047 0.045053
vt 0.443032 0.027880
vt 0.444971 0.017401
vt 0.447081 0.036867
vt 0.454488 0.051999
vt 0.453109 0.043139
vt 0.461333 0.056683
vt 0.457016 0.048656
vt 0.462562 0.052535
vt 0.468998 0.054094
vt 0.474836 0.052816
vt 0.468577 0.051369
vt 0.463326 0.050080
vt 0.478163 0.048463
vt 0.473311 0.050310
vt 0.481580 0.050547
vt 0.468224 0.048889
vt 0.483016 0.044265
vt 0.463946 0.047818
vt 0.485122 0.037277
vt 0.485889 0.036788
vt 0.480133 0.043258
vt 0.483168 0.037744
vt 0.484684 0.030694
vt 0.485520 0.030248
vt 0.485084 0.023450
vt 0.484045 0.023348
vt 0.483983 0.014273
vt 0.482836 0.031257
vt 0.480807 0.037645
vt 0.482448 0.015265
vt 0.480474 0.003819
vt 0.481809 0.024721
vt 0.480544 0.031888
vt 0.479273 0.037462
vt 0.478465 0.042451
vt 0.479042 0.032276
vt 0.476452 0.046872
vt 0.476884 0.041558
vt 0.472130 0.048027
vt 0.475000 0.045300
vt 0.468059 0.047464
vt 0.471540 0.046713
vt 0.474181 0.044343
vt 0.464306 0.046456
vt 0.475956 0.040999
vt 0.469414 0.041183
vt 0.467629 0.041552
vt 0.470886 0.040044
vt 0.469032 0.040123
vt 0.466011 0.041359
vt 0.470267 0.039197
vt 0.466223 0.040279
vt 0.467516 0.040438
vt 0.464350 0.038910
vt 0.471924 0.038307
vt 0.471182 0.037710
vt 0.471679 0.036345
vt 0.472518 0.036587
vt 0.476669 0.037047
vt 0.472427 0.033557
vt 0.477707 0.037217
vt 0.476516 0.032936
vt 0.477501 0.032667
vt 0.476316 0.028321
vt 0.477791 0.027245
vt 0.479319 0.026182
vt 0.479680 0.017885
vt 0.476861 0.020985
vt 0.475033 0.012310
vt 0.475431 0.022840
vt 0.478003 0.006707
vt 0.470443 0.001922
vt 0.469536 0.004960
vt 0.459853 0.004146
vt 0.468758 0.010320
vt 0.460676 0.006898
vt 0.451695 0.009320
vt 0.461644 0.011641
vt 0.467928 0.015456
vt 0.452830 0.011777
vt 0.455269 0.015909
vt 0.446821 0.018881
vt 0.450354 0.021634
vt 0.447574 0.028904
vt 0.451240 0.036724
vt 0.451398 0.030102
vt 0.453609 0.024104
vt 0.453650 0.036561
vt 0.453748 0.030874
vt 0.455330 0.042077
vt 0.458668 0.046801
vt 0.457280 0.041072
vt 0.460090 0.045074
vt 0.455830 0.036381
vt 0.460931 0.044002
vt 0.455877 0.031549
vt 0.458359 0.040501
vt 0.463717 0.039692
vt 0.457057 0.036270
vt 0.462761 0.037983
vt 0.457082 0.031925
vt 0.463603 0.037547
vt 0.462046 0.035772
vt 0.462986 0.035651
vt 0.462009 0.033478
vt 0.463472 0.031941
vt 0.462944 0.033753
vt 0.462643 0.031364
vt 0.458414 0.027960
vt 0.457384 0.027142
vt 0.455584 0.025699
vt 0.458829 0.021586
vt 0.457465 0.019318
vt 0.460088 0.023648
vt 0.463037 0.019005
vt 0.462464 0.016280
vt 0.467631 0.018337
vt 0.463601 0.021464
vt 0.472975 0.017139
vt 0.471945 0.019700
vt 0.467448 0.020912
vt 0.471111 0.022021
vt 0.474158 0.024613
vt 0.467380 0.022346
vt 0.470684 0.023341
vt 0.475454 0.028989
vt 0.473460 0.025653
vt 0.471738 0.031808
vt 0.471608 0.033809
vt 0.471041 0.032398
vt 0.470594 0.030023
vt 0.470042 0.030863
vt 0.468757 0.029880
vt 0.469051 0.028824
vt 0.467260 0.028329
vt 0.467195 0.029450
vt 0.465939 0.029456
vt 0.465685 0.028344
vt 0.464162 0.030650
vt 0.463963 0.022951
vt 0.463523 0.029775
vt 0.460846 0.024871
vt 0.386183 0.181656
vt 0.396062 0.178456
vt 0.385882 0.178979
vt 0.396843 0.181668
vt 0.405942 0.178201
vt 0.386407 0.187408
vt 0.406158 0.180990
vt 0.416247 0.178286
vt 0.397894 0.186830
vt 0.417544 0.181054
vt 0.427166 0.176907
vt 0.406984 0.186995
vt 0.397708 0.190251
vt 0.386993 0.190333
vt 0.407362 0.190095
vt 0.418795 0.186663
vt 0.397743 0.194304
vt 0.385264 0.193683
vt 0.385202 0.198446
vt 0.407427 0.194025
vt 0.418750 0.189821
vt 0.418535 0.193496
vt 0.408121 0.199063
vt 0.397312 0.199359
vt 0.396954 0.201014
vt 0.384364 0.200331
vt 0.385714 0.214637
vt 0.408389 0.201219
vt 0.397341 0.215365
vt 0.386332 0.216253
vt 0.407296 0.216197
vt 0.397386 0.217441
vt 0.387156 0.221354
vt 0.419278 0.198748
vt 0.418643 0.216468
vt 0.419344 0.201018
vt 0.431610 0.197609
vt 0.407221 0.218425
vt 0.430786 0.216037
vt 0.418643 0.218114
vt 0.407019 0.222574
vt 0.431743 0.200368
vt 0.418655 0.222239
vt 0.430459 0.218307
vt 0.442283 0.199588
vt 0.441405 0.216397
vt 0.442143 0.196895
vt 0.454007 0.198101
vt 0.441328 0.218717
vt 0.451665 0.218828
vt 0.453882 0.195162
vt 0.430342 0.222623
vt 0.456911 0.198023
vt 0.453214 0.188646
vt 0.456122 0.194093
vt 0.441644 0.191290
vt 0.457354 0.186017
vt 0.431039 0.192567
vt 0.452687 0.183242
vt 0.440824 0.186431
vt 0.430698 0.188145
vt 0.430237 0.184993
vt 0.439672 0.183300
vt 0.428319 0.179368
vt 0.437404 0.174824
vt 0.438120 0.177458
vt 0.448651 0.171318
vt 0.449895 0.173665
vt 0.451782 0.180156
vt 0.460962 0.167441
vt 0.460454 0.164374
vt 0.458507 0.181304
vt 0.460813 0.174616
vt 0.462601 0.182290
vt 0.469161 0.159821
vt 0.471084 0.149742
vt 0.460053 0.188264
vt 0.462944 0.190094
vt 0.465153 0.174713
vt 0.467494 0.167796
vt 0.465833 0.182704
vt 0.469201 0.174388
vt 0.472569 0.166618
vt 0.476698 0.157960
vt 0.473920 0.169057
vt 0.481822 0.149586
vt 0.478762 0.159513
vt 0.484301 0.150352
vt 0.487212 0.137968
vt 0.490681 0.138803
vt 0.489475 0.153342
vt 0.497141 0.140925
vt 0.482097 0.164904
vt 0.504018 0.143949
vt 0.496703 0.156863
vt 0.487409 0.165315
vt 0.477620 0.172766
vt 0.481160 0.174235
vt 0.473248 0.179896
vt 0.470574 0.176311
vt 0.476599 0.181083
vt 0.467114 0.183999
vt 0.489240 0.176608
vt 0.464339 0.190737
vt 0.470241 0.186206
vt 0.460691 0.202206
vt 0.473540 0.187501
vt 0.466998 0.193126
vt 0.470673 0.194383
vt 0.484957 0.190229
vt 0.481651 0.198190
vt 0.466644 0.205606
vt 0.478404 0.209539
vt 0.463305 0.203573
vt 0.463775 0.216649
vt 0.460131 0.215293
vt 0.459288 0.202554
vt 0.457781 0.215235
vt 0.457220 0.215417
vt 0.453962 0.220000
vt 0.456485 0.227426
vt 0.451388 0.221081
vt 0.458665 0.227159
vt 0.462645 0.228288
vt 0.458392 0.236532
vt 0.455784 0.227714
vt 0.455350 0.236371
vt 0.475294 0.220455
vt 0.463070 0.237414
vt 0.497690 0.217821
vt 0.474259 0.230192
vt 0.495579 0.225833
vt 0.498809 0.211046
vt 0.513652 0.224191
vt 0.501341 0.202974
vt 0.515589 0.216563
vt 0.504553 0.194126
vt 0.517131 0.208539
vt 0.508194 0.181993
vt 0.520247 0.198424
vt 0.534829 0.214455
vt 0.523853 0.187357
vt 0.533497 0.223234
vt 0.537600 0.204726
vt 0.531812 0.231216
vt 0.540039 0.193422
vt 0.548094 0.219395
vt 0.511993 0.233024
vt 0.543821 0.235477
vt 0.494892 0.236678
vt 0.530058 0.238892
vt 0.510295 0.242797
vt 0.473947 0.241030
vt 0.494079 0.247697
vt 0.527756 0.249333
vt 0.509117 0.253312
vt 0.491700 0.259463
vt 0.541945 0.243241
vt 0.525529 0.258598
vt 0.540112 0.252942
vt 0.554073 0.238958
vt 0.507183 0.265985
vt 0.554274 0.246221
vt 0.539112 0.261559
vt 0.555485 0.254683
vt 0.523058 0.270520
vt 0.556371 0.263770
vt 0.537733 0.274074
vt 0.520246 0.282544
vt 0.534725 0.286007
vt 0.557501 0.274303
vt 0.504242 0.277415
vt 0.556879 0.287483
vt 0.570703 0.263325
vt 0.552122 0.298967
vt 0.576721 0.272703
vt 0.564239 0.254465
vt 0.566086 0.253787
vt 0.561837 0.246840
vt 0.563749 0.247045
vt 0.573872 0.263724
vt 0.569159 0.251958
vt 0.561767 0.242182
vt 0.564219 0.242648
vt 0.568037 0.244259
vt 0.563760 0.238049
vt 0.566053 0.239514
vt 0.556633 0.233121
vt 0.573722 0.238264
vt 0.546414 0.227749
vt 0.555959 0.223861
vt 0.563207 0.228498
vt 0.550122 0.210193
vt 0.563612 0.215938
vt 0.553135 0.198692
vt 0.573983 0.224712
vt 0.570913 0.233106
vt 0.579562 0.221581
vt 0.572653 0.235448
vt 0.580414 0.230151
vt 0.581433 0.232626
vt 0.582911 0.235014
vt 0.590036 0.229406
vt 0.588204 0.226640
vt 0.591005 0.241923
vt 0.594257 0.232779
vt 0.597407 0.225386
vt 0.587083 0.257466
vt 0.615270 0.239780
vt 0.613189 0.247733
vt 0.577817 0.264401
vt 0.580317 0.271951
vt 0.585904 0.265978
vt 0.584728 0.271470
vt 0.582480 0.281309
vt 0.579737 0.281199
vt 0.579152 0.289364
vt 0.585957 0.281613
vt 0.576130 0.293358
vt 0.581836 0.290328
vt 0.551928 0.301930
vt 0.578225 0.295624
vt 0.585291 0.291387
vt 0.530678 0.297824
vt 0.517465 0.295270
vt 0.530011 0.303494
vt 0.552671 0.305046
vt 0.581251 0.297957
vt 0.553409 0.312740
vt 0.530517 0.310798
vt 0.581505 0.310800
vt 0.516172 0.301018
vt 0.512621 0.307172
vt 0.581787 0.302554
vt 0.604555 0.310448
vt 0.604477 0.301580
vt 0.631245 0.313828
vt 0.604456 0.292159
vt 0.632260 0.302687
vt 0.649041 0.305650
vt 0.649028 0.317994
vt 0.633739 0.294187
vt 0.605920 0.281642
vt 0.656032 0.307176
vt 0.657767 0.319901
vt 0.650535 0.296387
vt 0.660594 0.307879
vt 0.662202 0.319475
vt 0.658022 0.299380
vt 0.664332 0.318838
vt 0.636324 0.284409
vt 0.654916 0.288702
vt 0.636276 0.279309
vt 0.607274 0.274282
vt 0.608609 0.269352
vt 0.636293 0.275494
vt 0.610129 0.262606
vt 0.637855 0.268668
vt 0.657736 0.280145
vt 0.641476 0.254450
vt 0.658913 0.274514
vt 0.643366 0.248728
vt 0.662941 0.259735
vt 0.616657 0.236457
vt 0.664231 0.255437
vt 0.644637 0.245114
vt 0.673801 0.267121
vt 0.674874 0.263224
vt 0.671323 0.276910
vt 0.679176 0.267935
vt 0.675981 0.259166
vt 0.676929 0.278226
vt 0.679927 0.260139
vt 0.679880 0.264108
vt 0.675491 0.254987
vt 0.679346 0.256266
vt 0.682094 0.260345
vt 0.665331 0.251090
vt 0.677862 0.248024
vt 0.673754 0.246601
vt 0.666117 0.243827
vt 0.681354 0.256134
vt 0.678101 0.240439
vt 0.679990 0.248107
vt 0.682958 0.255664
vt 0.673771 0.238372
vt 0.679958 0.241345
vt 0.646763 0.236192
vt 0.667740 0.236009
vt 0.680617 0.231593
vt 0.620669 0.225290
vt 0.676685 0.229702
vt 0.648943 0.228376
vt 0.601546 0.214875
vt 0.624020 0.216962
vt 0.652289 0.220243
vt 0.627837 0.209509
vt 0.670797 0.227444
vt 0.629897 0.204746
vt 0.654677 0.215274
vt 0.673143 0.221752
vt 0.680539 0.224164
vt 0.661234 0.203035
vt 0.680004 0.212994
vt 0.635228 0.191358
vt 0.665460 0.193250
vt 0.685433 0.218984
vt 0.615339 0.180826
vt 0.684716 0.226278
vt 0.607091 0.194612
vt 0.640168 0.179507
vt 0.605224 0.199129
vt 0.595022 0.169119
vt 0.603799 0.205147
vt 0.586356 0.182918
vt 0.599023 0.213178
vt 0.622156 0.167843
vt 0.594454 0.223420
vt 0.595573 0.212133
vt 0.592640 0.220455
vt 0.583924 0.214509
vt 0.584864 0.208068
vt 0.568562 0.204151
vt 0.598096 0.204970
vt 0.594698 0.204715
vt 0.583046 0.190138
vt 0.582811 0.198235
vt 0.582261 0.193973
vt 0.569363 0.193306
vt 0.558532 0.181371
vt 0.556396 0.187440
vt 0.543110 0.181545
vt 0.529057 0.175983
vt 0.545579 0.175362
vt 0.511201 0.170032
vt 0.531209 0.169396
vt 0.493112 0.165998
vt 0.515001 0.163080
vt 0.516759 0.159020
vt 0.532981 0.165296
vt 0.520274 0.151612
vt 0.535366 0.157777
vt 0.531062 0.136083
vt 0.542017 0.123557
vt 0.543670 0.141533
vt 0.550107 0.164340
vt 0.547390 0.171574
vt 0.558840 0.148942
vt 0.560070 0.177573
vt 0.563536 0.170966
vt 0.583496 0.188051
vt 0.572924 0.156925
vt 0.554398 0.128744
vt 0.569466 0.135927
vt 0.602679 0.154839
vt 0.582159 0.142901
vt 0.586093 0.137149
vt 0.573255 0.129834
vt 0.558982 0.121986
vt 0.550161 0.114470
vt 0.560907 0.120729
vt 0.574991 0.128672
vt 0.566041 0.099088
vt 0.573250 0.105980
vt 0.584964 0.115719
vt 0.586886 0.135465
vt 0.595451 0.123659
vt 0.605644 0.148748
vt 0.607121 0.147597
vt 0.625567 0.161082
vt 0.615551 0.136607
vt 0.627043 0.160181
vt 0.642930 0.172863
vt 0.635210 0.149225
vt 0.666806 0.190635
vt 0.644311 0.171618
vt 0.652062 0.160115
vt 0.638319 0.145651
vt 0.619089 0.132873
vt 0.654861 0.156512
vt 0.599029 0.120026
vt 0.646199 0.135467
vt 0.629299 0.119249
vt 0.589054 0.111816
vt 0.613578 0.106073
vt 0.658403 0.121552
vt 0.642220 0.104014
vt 0.630341 0.090455
vt 0.662436 0.148780
vt 0.673607 0.136719
vt 0.603802 0.097384
vt 0.619760 0.081462
vt 0.577549 0.102095
vt 0.592339 0.088892
vt 0.608893 0.074063
vt 0.570077 0.095454
vt 0.560992 0.084862
vt 0.557389 0.089150
vt 0.685486 0.165457
vt 0.693607 0.154870
vt 0.708950 0.167041
vt 0.679832 0.172584
vt 0.704974 0.179551
vt 0.717143 0.174615
vt 0.677457 0.175469
vt 0.714603 0.182066
vt 0.721907 0.178617
vt 0.668632 0.188054
vt 0.718218 0.185609
vt 0.686267 0.203272
vt 0.713722 0.188826
vt 0.685768 0.204322
vt 0.688192 0.200482
vt 0.691044 0.214332
vt 0.696117 0.208479
vt 0.696008 0.209797
vt 0.689649 0.221129
vt 0.694701 0.216597
vt 0.699729 0.210142
vt 0.699264 0.211338
vt 0.691945 0.222273
vt 0.696976 0.217942
vt 0.686787 0.227500
vt 0.682673 0.232206
vt 0.688607 0.228951
vt 0.685596 0.233638
vt 0.694238 0.223913
vt 0.691294 0.231399
vt 0.681974 0.241995
vt 0.687511 0.235777
vt 0.681958 0.248597
vt 0.684915 0.247722
vt 0.685320 0.252116
vt 0.685071 0.242072
vt 0.687647 0.247509
vt 0.687973 0.242873
vt 0.685634 0.260938
vt 0.690680 0.248105
vt 0.690987 0.243654
vt 0.690950 0.254191
vt 0.690327 0.237359
vt 0.692763 0.238955
vt 0.696602 0.236450
vt 0.688184 0.254069
vt 0.691896 0.262657
vt 0.689121 0.261651
vt 0.689318 0.262658
vt 0.691294 0.266252
vt 0.683913 0.261094
vt 0.685247 0.264193
vt 0.688900 0.265618
vt 0.682653 0.264237
vt 0.688549 0.268489
vt 0.690702 0.269200
vt 0.684417 0.267636
vt 0.682001 0.267737
vt 0.681260 0.279321
vt 0.684865 0.281289
vt 0.686904 0.282105
vt 0.679366 0.278501
vt 0.679443 0.283982
vt 0.682952 0.285229
vt 0.684550 0.286814
vt 0.682355 0.285802
vt 0.678990 0.288857
vt 0.680398 0.290800
vt 0.677348 0.284545
vt 0.678010 0.287873
vt 0.675775 0.292302
vt 0.677167 0.293955
vt 0.676471 0.286155
vt 0.671581 0.296585
vt 0.673788 0.297773
vt 0.674286 0.291790
vt 0.672667 0.290264
vt 0.668802 0.302225
vt 0.670937 0.303235
vt 0.670006 0.295784
vt 0.668607 0.294363
vt 0.666360 0.302000
vt 0.666985 0.308993
vt 0.669260 0.309161
vt 0.670547 0.317164
vt 0.668034 0.317704
vt 0.665799 0.318261
vt 0.664628 0.308782
vt 0.662606 0.308263
vt 0.664276 0.301015
vt 0.662141 0.300304
vt 0.666666 0.292956
vt 0.662306 0.291376
vt 0.671011 0.289027
vt 0.657044 0.283574
vt 0.667443 0.286763
vt 0.674433 0.285544
vt 0.669446 0.284113
vt 0.670126 0.282730
vt 0.675448 0.283990
vt 0.727978 0.182969
vt 0.728703 0.192701
vt 0.730387 0.184148
vt 0.726120 0.192739
vt 0.730513 0.202478
vt 0.722858 0.189890
vt 0.725823 0.181492
vt 0.724233 0.180421
vt 0.728352 0.203685
vt 0.731430 0.204546
vt 0.725791 0.203619
vt 0.729515 0.205749
vt 0.732147 0.208576
vt 0.730023 0.208618
vt 0.729807 0.211220
vt 0.731482 0.212532
vt 0.724426 0.208594
vt 0.720997 0.224363
vt 0.722461 0.226821
vt 0.717471 0.222195
vt 0.718433 0.226741
vt 0.718766 0.229228
vt 0.715455 0.227797
vt 0.713387 0.230534
vt 0.715139 0.224570
vt 0.712557 0.227983
vt 0.711930 0.225902
vt 0.702306 0.230634
vt 0.703931 0.232891
vt 0.708039 0.220690
vt 0.694809 0.234195
vt 0.700335 0.228693
vt 0.692852 0.232181
vt 0.704166 0.223073
vt 0.697347 0.226907
vt 0.699977 0.219266
vt 0.702854 0.213448
vt 0.700678 0.212270
vt 0.701230 0.211524
vt 0.703907 0.211714
vt 0.711215 0.218552
vt 0.702320 0.210097
vt 0.711652 0.203395
vt 0.719638 0.206508
vt 0.701010 0.208751
vt 0.710669 0.201252
vt 0.713047 0.201558
vt 0.722014 0.198522
vt 0.714416 0.200707
vt 0.712784 0.199647
vt 0.710028 0.199362
vt 0.713914 0.198870
vt 0.711784 0.198075
vt 0.706757 0.195269
vt 0.709421 0.194209
vt 0.712855 0.196956
vt 0.719727 0.194731
vt 0.720649 0.188108
vt 0.717620 0.192100
vt 0.711654 0.193001
vt 0.702022 0.185776
vt 0.698506 0.188442
vt 0.697108 0.206166
vt 0.395861 0.233679
vt 0.391723 0.229805
vt 0.392460 0.230636
vt 0.398031 0.232684
vt 0.388557 0.226599
vt 0.398741 0.228495
vt 0.397993 0.225385
vt 0.387611 0.224088
vt 0.397418 0.222074
vt 0.406661 0.226818
vt 0.417314 0.226749
vt 0.406754 0.229987
vt 0.405658 0.236227
vt 0.417311 0.230198
vt 0.404668 0.239662
vt 0.416749 0.236033
vt 0.428639 0.230435
vt 0.429404 0.227092
vt 0.416714 0.238938
vt 0.426815 0.239207
vt 0.428133 0.236023
vt 0.436039 0.239327
vt 0.436268 0.236529
vt 0.438051 0.231136
vt 0.444820 0.238999
vt 0.443326 0.241631
vt 0.438987 0.227706
vt 0.452213 0.244888
vt 0.448150 0.248773
vt 0.447652 0.234207
vt 0.452540 0.236300
vt 0.449212 0.230875
vt 0.439745 0.223497
vt 0.449930 0.226739
vt 0.452470 0.228824
vt 0.452514 0.222049
vt 0.453744 0.226705
vt 0.454569 0.236490
vt 0.454985 0.245255
vt 0.454070 0.245472
vt 0.458271 0.245444
vt 0.454852 0.254349
vt 0.451961 0.250961
vt 0.448514 0.261309
vt 0.453996 0.256378
vt 0.455754 0.264043
vt 0.447453 0.273119
vt 0.453936 0.278453
vt 0.457142 0.263971
vt 0.457467 0.269723
vt 0.456099 0.278830
vt 0.462912 0.271255
vt 0.460894 0.280134
vt 0.458580 0.253033
vt 0.461730 0.263318
vt 0.469440 0.276356
vt 0.468287 0.284490
vt 0.463842 0.246396
vt 0.462909 0.253949
vt 0.473091 0.250204
vt 0.471665 0.259083
vt 0.488390 0.270526
vt 0.469567 0.269234
vt 0.486019 0.280757
vt 0.500872 0.289115
vt 0.485717 0.286716
vt 0.483014 0.294368
vt 0.499076 0.294257
vt 0.496787 0.300904
vt 0.619550 0.020412
vt 0.612815 0.020698
vt 0.619949 0.024636
vt 0.615322 0.017190
vt 0.616285 0.038104
vt 0.611065 0.014189
vt 0.615071 0.040455
vt 0.607885 0.038908
vt 0.612780 0.042420
vt 0.603605 0.042930
vt 0.598760 0.020716
vt 0.595177 0.031973
vt 0.591540 0.035089
vt 0.595425 0.044845
vt 0.587724 0.045574
vt 0.596629 0.015829
vt 0.606324 0.010564
vt 0.597777 0.005397
vt 0.585746 0.023248
vt 0.592919 0.012599
vt 0.586657 0.010162
vt 0.587574 0.002106
vt 0.580106 0.010073
vt 0.574440 0.002387
vt 0.574906 0.012893
vt 0.563671 0.003986
vt 0.587913 0.035364
vt 0.581055 0.035430
vt 0.577701 0.043562
vt 0.576916 0.032972
vt 0.569294 0.041516
vt 0.571796 0.029001
vt 0.559716 0.035710
vt 0.551734 0.030977
vt 0.571590 0.026327
vt 0.551344 0.028226
vt 0.548817 0.027795
vt 0.550807 0.025911
vt 0.548294 0.025200
vt 0.550225 0.009580
vt 0.553178 0.009216
vt 0.551181 0.007098
vt 0.554899 0.004683
vt 0.553382 0.005310
vt 0.404897 0.252755
vt 0.405171 0.264715
vt 0.407286 0.252843
vt 0.402886 0.264238
vt 0.399921 0.274828
vt 0.402393 0.241512
vt 0.397764 0.273404
vt 0.391989 0.282544
vt 0.399544 0.253186
vt 0.390896 0.280183
vt 0.398368 0.262102
vt 0.393746 0.269930
vt 0.381926 0.284396
vt 0.382153 0.287077
vt 0.371583 0.288103
vt 0.388300 0.275769
vt 0.372107 0.285175
vt 0.380676 0.279304
vt 0.385869 0.272046
vt 0.362644 0.282807
vt 0.360969 0.285198
vt 0.372434 0.280439
vt 0.354874 0.277741
vt 0.352201 0.279331
vt 0.364995 0.278322
vt 0.348995 0.270286
vt 0.346496 0.271756
vt 0.358323 0.273836
vt 0.366832 0.274484
vt 0.373253 0.275782
vt 0.379796 0.275041
vt 0.379217 0.272391
vt 0.373504 0.273093
vt 0.361234 0.270905
vt 0.367913 0.271980
vt 0.378652 0.269976
vt 0.373747 0.270610
vt 0.363077 0.269040
vt 0.383156 0.267726
vt 0.368974 0.269653
vt 0.384487 0.269777
vt 0.378320 0.268590
vt 0.373891 0.269177
vt 0.390746 0.267101
vt 0.388790 0.265568
vt 0.393916 0.260707
vt 0.391336 0.260035
vt 0.386772 0.264108
vt 0.388932 0.259438
vt 0.382376 0.266544
vt 0.387440 0.259077
vt 0.385556 0.263245
vt 0.378947 0.261714
vt 0.380538 0.260386
vt 0.381863 0.257452
vt 0.387928 0.254568
vt 0.389378 0.254375
vt 0.391936 0.254044
vt 0.387954 0.249607
vt 0.394712 0.253708
vt 0.390300 0.248405
vt 0.397375 0.244599
vt 0.392865 0.247073
vt 0.391178 0.238698
vt 0.388111 0.241984
vt 0.394357 0.235128
vt 0.385101 0.229428
vt 0.386086 0.226931
vt 0.383497 0.233973
vt 0.373956 0.227768
vt 0.373042 0.225052
vt 0.362003 0.227675
vt 0.381917 0.238386
vt 0.363174 0.230079
vt 0.352730 0.233588
vt 0.374443 0.232536
vt 0.374809 0.237239
vt 0.354601 0.235541
vt 0.346213 0.241991
vt 0.365695 0.234268
vt 0.367828 0.238551
vt 0.374965 0.239921
vt 0.381020 0.240921
vt 0.368977 0.241011
vt 0.386321 0.243960
vt 0.380174 0.243245
vt 0.384650 0.245797
vt 0.375060 0.242388
vt 0.386617 0.250296
vt 0.383675 0.246858
vt 0.381071 0.253198
vt 0.379666 0.244585
vt 0.379578 0.251386
vt 0.375091 0.243871
vt 0.381763 0.255438
vt 0.369976 0.243283
vt 0.380699 0.257272
vt 0.380597 0.255673
vt 0.379610 0.259698
vt 0.380012 0.253747
vt 0.378343 0.260761
vt 0.378778 0.252252
vt 0.377502 0.250187
vt 0.377006 0.251227
vt 0.375518 0.249598
vt 0.375424 0.250747
vt 0.372765 0.251158
vt 0.370565 0.244687
vt 0.372294 0.250110
vt 0.369217 0.257403
vt 0.366561 0.246828
vt 0.365577 0.245794
vt 0.363828 0.243977
vt 0.370613 0.251295
vt 0.361875 0.242027
vt 0.371419 0.252107
vt 0.358377 0.238671
vt 0.370028 0.253626
vt 0.348706 0.243204
vt 0.357597 0.247152
vt 0.353166 0.245083
vt 0.345759 0.252346
vt 0.342981 0.251843
vt 0.360078 0.248379
vt 0.345762 0.261872
vt 0.343038 0.262112
vt 0.350508 0.252693
vt 0.350950 0.260855
vt 0.353295 0.267706
vt 0.355289 0.253306
vt 0.357316 0.265771
vt 0.355261 0.259744
vt 0.359761 0.264525
vt 0.357989 0.259251
vt 0.358056 0.253673
vt 0.360501 0.258814
vt 0.362343 0.249529
vt 0.360592 0.254041
vt 0.363636 0.250203
vt 0.362048 0.254270
vt 0.369014 0.253063
vt 0.368129 0.255224
vt 0.361959 0.258577
vt 0.369286 0.255418
vt 0.368050 0.257534
vt 0.369501 0.258968
vt 0.362004 0.263339
vt 0.368421 0.259468
vt 0.363363 0.262627
vt 0.364871 0.267159
vt 0.365963 0.266002
vt 0.369577 0.268328
vt 0.370308 0.261902
vt 0.374427 0.263174
vt 0.371071 0.260990
vt 0.372118 0.262719
vt 0.372525 0.261635
vt 0.374522 0.262027
vt 0.376487 0.261732
vt 0.376790 0.262826
vn -0.8073 -0.2886 0.5148
vn -0.3311 -0.3877 0.8603
vn -0.8565 -0.1718 0.4868
vn -0.3592 -0.4963 0.7904
vn 0.0764 -0.4373 0.8961
vn -0.8388 -0.4082 0.3602
vn 0.1085 -0.5712 0.8136
vn -0.3754 -0.7384 0.5602
vn -0.3054 -0.5161 0.8002
vn -0.2800 -0.4349 0.8558
vn -0.3500 -0.3984 0.8478
vn 0.0717 -0.8223 0.5645
vn -0.3471 -0.8942 0.2826
vn -0.7166 -0.6476 0.2591
vn -0.0553 -0.9539 0.2951
vn -0.4056 -0.7144 0.5701
vn -0.3607 -0.5409 0.7598
vn -0.3135 -0.5336 0.7855
vn -0.3138 -0.3931 0.8643
vn -0.0125 -0.4292 0.9031
vn -0.3343 -0.7557 0.5632
vn -0.2865 -0.7643 0.5777
vn -0.0360 -0.5945 0.8033
vn -0.4637 -0.8426 0.2738
vn -0.2863 -0.9101 0.2995
vn -0.1050 -0.9906 -0.0874
vn -0.5061 -0.8619 -0.0314
vn -0.3463 -0.8895 0.2980
vn -0.4243 -0.9054 -0.0172
vn -0.0849 -0.8130 0.5760
vn -0.5476 -0.7845 -0.2910
vn -0.4138 -0.9103 -0.0108
vn -0.4727 -0.8208 -0.3207
vn -0.0795 -0.9547 0.2866
vn 0.1426 -0.8266 0.5445
vn 0.1712 -0.5711 0.8028
vn 0.2279 -0.3879 0.8931
vn 0.4192 -0.5162 0.7469
vn 0.4113 -0.3660 0.8348
vn 0.3886 -0.7794 0.4914
vn 0.5748 -0.4856 0.6586
vn 0.4251 -0.3753 0.8237
vn 0.6889 -0.3423 0.6390
vn 0.3776 -0.8952 0.2368
vn 0.6094 -0.4920 0.6217
vn 0.1175 -0.4385 0.8910
vn 0.5642 -0.7060 0.4280
vn 0.6213 -0.6647 0.4149
vn 0.0601 -0.5647 0.8231
vn 0.4085 -0.5337 0.7405
vn 0.4085 -0.4036 0.8186
vn 0.0274 -0.8255 0.5638
vn 0.7118 -0.4220 0.5614
vn 0.7754 -0.2758 0.5680
vn 0.4175 -0.7656 0.4895
vn 0.7546 -0.5731 0.3197
vn 0.0331 -0.9639 0.2643
vn 0.3994 -0.8947 0.2001
vn 0.7977 -0.6006 0.0539
vn 0.3522 -0.9293 -0.1114
vn 0.6753 -0.7268 -0.1252
vn 0.6764 -0.6484 -0.3493
vn 0.5773 -0.7991 0.1677
vn 0.3341 -0.8398 -0.4279
vn 0.6644 -0.5018 -0.5538
vn 0.0566 -0.9943 -0.0905
vn 0.3229 -0.6819 -0.6564
vn 0.9245 -0.2081 -0.3194
vn 0.0623 -0.9015 -0.4283
vn 0.6084 -0.7889 -0.0863
vn 0.4256 -0.8819 0.2026
vn 0.5730 -0.7342 -0.3642
vn 0.4221 -0.9010 -0.0996
vn 0.3430 -0.8585 -0.3812
vn 0.3562 -0.9273 -0.1151
vn 0.4084 -0.7415 -0.5324
vn 0.1498 -0.9563 0.2512
vn 0.1291 -0.9885 -0.0792
vn 0.3351 -0.8530 -0.4002
vn 0.0873 -0.9113 -0.4025
vn -0.0967 -0.9925 -0.0755
vn 0.0764 -0.8605 -0.5037
vn -0.3846 -0.8581 -0.3401
vn -0.1290 -0.9076 -0.3994
vn -0.5099 -0.6819 -0.5244
vn -0.4307 -0.7277 -0.5338
vn -0.1739 -0.8234 -0.5401
vn 0.3761 -0.7434 -0.5531
vn 0.0303 -0.9994 -0.0195
vn -0.3704 -0.4542 0.8102
vn -0.3504 -0.8613 -0.3680
vn 0.1050 -0.8773 0.4684
vn -0.7634 -0.6450 0.0358
vn 0.6511 -0.5764 0.4939
vn -0.1315 -0.5454 0.8278
vn 0.0003 -0.6920 0.7219
vn 0.5617 -0.6507 -0.5111
vn 0.0504 -0.7694 -0.6368
vn 0.8370 -0.4995 -0.2235
vn 0.3541 -0.2167 0.9098
vn 0.7280 -0.6078 -0.3172
vn 0.4354 -0.8969 0.0769
vn 0.9030 -0.4295 0.0123
vn 0.4944 -0.5850 -0.6429
vn 0.9649 -0.2583 -0.0472
vn 0.9293 -0.2587 -0.2635
vn 0.9811 -0.0816 -0.1755
vn 0.5119 -0.6988 -0.4997
vn 0.9969 -0.0717 -0.0336
vn 0.9987 -0.0059 -0.0500
vn 0.8405 -0.4530 -0.2973
vn 0.9294 -0.2150 0.3000
vn 0.7342 -0.4999 0.4595
vn 0.6850 -0.1194 0.7187
vn 0.4134 -0.0730 0.9076
vn 0.9200 -0.3235 0.2210
vn 0.3775 0.1759 0.9091
vn 0.9379 -0.3420 -0.0578
vn 0.4356 -0.0819 0.8964
vn 0.8800 -0.4714 -0.0575
vn 0.8566 -0.4332 -0.2803
vn 0.8768 -0.4756 -0.0713
vn 0.7707 -0.5192 -0.3693
vn 0.3727 -0.9277 -0.0203
vn 0.7762 -0.5901 -0.2219
vn 0.7621 -0.6469 -0.0254
vn -0.2918 -0.8952 0.3367
vn 0.3449 -0.9027 -0.2573
vn -0.6115 -0.7698 0.1832
vn 0.3235 -0.8957 -0.3050
vn -0.0236 -0.9817 -0.1890
vn 0.1167 -0.9686 0.2195
vn -0.4207 -0.8983 -0.1265
vn 0.0755 -0.5479 0.8331
vn 0.1012 -0.8572 -0.5049
vn -0.0473 -0.9978 0.0469
vn 0.1370 0.2120 0.9676
vn 0.3481 -0.4002 0.8478
vn 0.1004 -0.0737 0.9922
vn -0.5920 -0.7873 0.1724
vn -0.1108 0.3464 0.9315
vn -0.8624 -0.4221 0.2795
vn -0.2376 0.1246 0.9633
vn -0.7471 0.0717 0.6609
vn -0.1992 0.1781 0.9636
vn -0.2978 -0.9336 -0.1993
vn -0.1486 -0.8080 -0.5702
vn -0.0076 -0.9574 -0.2888
vn 0.2539 -0.9058 -0.3393
vn -0.0571 -0.7076 0.7043
vn -0.0676 -0.9406 -0.3329
vn 0.0037 -0.6572 0.7537
vn -0.0168 -0.9996 0.0247
vn 0.7110 -0.7031 -0.0018
vn -0.0557 -0.9524 -0.2998
vn 0.4537 -0.8731 0.1784
vn 0.1880 -0.9616 -0.2001
vn 0.1909 -0.9810 -0.0337
vn -0.1874 -0.1875 0.9642
vn -0.7584 -0.5421 -0.3619
vn -0.1581 0.2631 0.9517
vn -0.7344 -0.6186 -0.2794
vn -0.6516 -0.4221 0.6303
vn -0.8884 -0.3791 -0.2590
vn -0.9580 -0.2733 0.0874
vn -0.8676 -0.4513 -0.2089
vn -0.1239 0.0993 0.9873
vn -0.7643 -0.6224 -0.1685
vn -0.9227 -0.3782 -0.0748
vn -0.4151 0.0755 0.9066
vn -0.9194 -0.2043 0.3361
vn -0.7490 -0.2918 0.5948
vn -0.1090 -0.0857 0.9903
vn -0.1947 -0.0547 0.9793
vn -0.6707 -0.7388 -0.0661
vn -0.8395 -0.1287 0.5278
vn -0.2623 -0.7186 -0.6440
vn -0.9328 -0.2667 -0.2423
vn -0.4768 0.0080 0.8789
vn -0.3827 -0.7238 -0.5741
vn -0.5445 -0.5626 -0.6221
vn -0.2201 -0.5959 -0.7723
vn -0.5030 -0.5369 -0.6773
vn -0.1752 -0.7353 -0.6547
vn -0.8634 -0.3195 -0.3905
vn -0.6089 -0.6292 -0.4831
vn -0.9952 -0.0660 0.0719
vn -0.1324 -0.9024 -0.4101
vn -0.9317 -0.0908 0.3516
vn -0.9918 -0.0165 0.1265
vn -0.4046 -0.6831 -0.6081
vn -0.7060 -0.5286 -0.4713
vn -0.3834 -0.8445 -0.3740
vn -0.6005 -0.7402 -0.3026
vn -0.3660 -0.9286 -0.0617
vn -0.5769 -0.8168 -0.0050
vn -0.7040 -0.6683 -0.2402
vn -0.7234 -0.5217 -0.4523
vn -0.4477 -0.6453 -0.6190
vn -0.5196 -0.3757 -0.7674
vn -0.6788 -0.7343 -0.0050
vn -0.7465 -0.3029 -0.5925
vn -0.5591 -0.0482 -0.8277
vn -0.9465 -0.2693 -0.1777
vn -0.7516 -0.0630 -0.6567
vn -0.9424 -0.3281 -0.0646
vn -0.7238 0.1866 -0.6643
vn -0.5316 0.2766 -0.8005
vn -0.6489 -0.7157 0.2584
vn -0.3388 -0.8979 0.2811
vn -0.7011 0.4392 -0.5618
vn -0.4417 0.5485 -0.7100
vn -0.5229 0.7483 -0.4083
vn -0.9551 0.0958 -0.2802
vn -0.7234 0.5971 -0.3468
vn -0.1903 0.9556 -0.2252
vn -0.9549 0.2131 -0.2066
vn -0.9591 -0.0268 -0.2817
vn -0.9662 0.0828 -0.2440
vn -0.9569 -0.1623 -0.2410
vn -0.9736 -0.0122 -0.2279
vn -0.9694 -0.1323 -0.2068
vn -0.9632 -0.2282 -0.1419
vn -0.9582 -0.2823 -0.0473
vn -0.7888 -0.4683 -0.3980
vn -0.8018 -0.2758 -0.5301
vn -0.9501 -0.3057 0.0623
vn -0.7767 -0.5957 -0.2049
vn -0.9287 -0.3660 0.0596
vn -0.8953 -0.3547 -0.2695
vn -0.9240 -0.3353 0.1839
vn -0.8956 -0.2182 -0.3877
vn -0.5580 -0.6482 0.5181
vn -0.1547 -0.7816 0.6042
vn -0.9428 -0.2893 0.1656
vn -0.9109 -0.2918 0.2918
vn -0.5521 -0.4434 0.7061
vn -0.1471 -0.5314 0.8343
vn 0.0148 -0.2812 0.9595
vn -0.4973 -0.1969 0.8449
vn 0.0499 0.0803 0.9955
vn -0.8996 -0.2004 0.3880
vn -0.9259 -0.2624 0.2717
vn -0.4946 0.0721 0.8661
vn 0.0188 0.3815 0.9242
vn -0.8910 -0.0868 0.4457
vn -0.9196 -0.1809 0.3488
vn -0.7090 -0.5440 0.4487
vn -0.7361 -0.6343 0.2364
vn -0.6975 -0.3747 0.6108
vn -0.7613 -0.6483 0.0133
vn -0.8519 -0.4811 0.2070
vn -0.8849 -0.4482 -0.1270
vn -0.8715 -0.4889 0.0380
vn -0.8230 -0.4454 -0.3527
vn -0.8142 -0.5522 -0.1795
vn -0.7969 -0.6037 0.0225
vn -0.8350 -0.2670 -0.4812
vn -0.7670 -0.6034 0.2184
vn -0.9163 -0.3904 -0.0894
vn -0.9245 -0.3278 -0.1945
vn -0.9025 -0.4274 0.0539
vn -0.9959 -0.0699 0.0574
vn -0.9351 -0.1950 -0.2959
vn -0.9956 -0.0293 0.0887
vn -0.9993 -0.0295 0.0243
vn -0.9962 -0.0021 0.0869
vn -0.9973 0.0014 0.0739
vn -0.8951 -0.4157 0.1612
vn -0.9908 -0.0829 0.1069
vn -0.9952 -0.0059 0.0975
vn -0.8798 -0.3546 0.3164
vn -0.7563 -0.5032 0.4181
vn -0.8675 -0.2275 0.4423
vn -0.8218 -0.4292 0.3748
vn -0.7385 -0.3431 0.5805
vn -0.8132 -0.2919 0.5036
vn -0.8193 -0.1204 0.5606
vn -0.6912 -0.1641 0.7037
vn -0.9146 -0.0731 0.3976
vn -0.8863 0.0381 0.4616
vn -0.9135 0.0269 0.4059
vn -0.8855 0.1613 0.4358
vn -0.6847 0.0599 0.7264
vn -0.5126 0.3477 0.7851
vn -0.0612 0.6937 0.7177
vn -0.5204 0.5875 0.6197
vn -0.1440 0.8961 0.4198
vn -0.9011 0.2605 0.3467
vn -0.5647 0.7272 0.3902
vn -0.1529 0.9819 0.1114
vn -0.9094 0.3363 0.2446
vn -0.9205 0.2318 0.3146
vn -0.5928 0.7963 0.1202
vn -0.9214 0.3694 0.1211
vn -0.6165 0.7723 -0.1531
vn -0.9325 0.3611 -0.0089
vn -0.9374 0.3217 -0.1337
vn -0.9610 0.1969 -0.1940
vn -0.9553 0.2769 -0.1036
vn -0.9460 0.3242 -0.0022
vn -0.7939 0.3835 -0.4719
vn -0.7824 0.5435 -0.3041
vn -0.8148 0.1677 -0.5550
vn -0.8108 -0.0547 -0.5828
vn -0.9132 0.1287 -0.3865
vn -0.8995 -0.0400 -0.4351
vn -0.8993 0.2905 -0.3269
vn -0.8441 -0.0447 -0.5344
vn -0.8892 0.4105 -0.2021
vn -0.8370 0.1774 -0.5177
vn -0.9393 -0.0230 -0.3424
vn -0.8326 0.3569 -0.4237
vn -0.9347 0.1517 -0.3213
vn -0.8194 0.5040 -0.2729
vn -0.9994 0.0321 0.0089
vn -0.9302 0.2570 -0.2621
vn -0.9977 0.0225 0.0636
vn -0.9194 0.3610 -0.1564
vn -0.9960 0.0092 0.0891
vn -0.9966 0.0679 0.0467
vn -0.9125 0.4053 -0.0559
vn -0.7923 0.6018 -0.1002
vn -0.8735 0.4844 -0.0483
vn -0.7629 0.6391 -0.0975
vn -0.7439 0.6563 0.1259
vn -0.9311 0.3459 0.1156
vn -0.8477 0.5166 0.1208
vn -0.7187 0.6034 0.3455
vn -0.9259 0.3000 0.2298
vn -0.7002 0.4703 0.5371
vn -0.8295 0.4721 0.2984
vn -0.9040 0.1486 0.4009
vn -0.6944 0.2768 0.6643
vn -0.8285 0.3523 0.4353
vn -0.8228 0.2096 0.5283
vn -0.8115 0.0471 0.5824
vn -0.7401 0.4281 0.5187
vn -0.7380 0.2551 0.6248
vn -0.7302 -0.1412 0.6685
vn -0.7296 0.0565 0.6816
vn -0.8595 -0.0729 0.5058
vn -0.9876 -0.0388 0.1524
vn -0.9934 -0.0015 0.1148
vn -0.8620 0.0398 0.5054
vn -0.9855 0.0091 0.1692
vn -0.9951 0.0064 0.0986
vn -0.8630 0.1751 0.4739
vn -0.8671 0.2793 0.4126
vn -0.9858 0.0598 0.1570
vn -0.9940 0.0309 0.1047
vn -0.8807 0.3826 0.2792
vn -0.9920 0.0796 0.0979
vn -0.7572 0.5582 0.3393
vn -0.8967 0.4296 0.1065
vn -0.7826 0.6112 0.1183
vn -0.3812 -0.0657 0.9221
vn -0.7628 0.0560 0.6442
vn -0.8612 -0.0364 0.5069
vn -0.3706 0.0592 0.9269
vn -0.8078 0.2041 0.5530
vn 0.0742 -0.0714 0.9947
vn -0.3507 0.3958 0.8487
vn -0.8026 0.3713 0.4669
vn 0.1244 0.0869 0.9884
vn -0.3453 0.6486 0.6783
vn -0.8334 0.4548 0.3139
vn 0.0955 0.4476 0.8891
vn -0.2887 0.0814 0.9539
vn -0.3950 -0.0622 0.9166
vn -0.3228 0.3813 0.8662
vn 0.0321 0.7215 0.6916
vn -0.3352 0.0907 0.9378
vn -0.2650 -0.0940 0.9597
vn -0.3301 -0.0845 0.9401
vn -0.3231 0.3827 0.8655
vn -0.3826 0.6368 0.6694
vn -0.3753 0.6253 0.6842
vn -0.3167 0.3888 0.8652
vn -0.2780 0.0795 0.9573
vn -0.0149 0.0749 0.9971
vn -0.0012 -0.0789 0.9969
vn 0.1660 -0.1044 0.9806
vn -0.0371 0.4205 0.9065
vn 0.1889 0.0667 0.9797
vn 0.4520 -0.0836 0.8881
vn 0.1809 0.4286 0.8852
vn 0.4849 0.0622 0.8724
vn 0.5707 -0.0564 0.8192
vn -0.3221 0.6641 0.6747
vn 0.1656 0.6990 0.6957
vn -0.0012 0.7024 0.7118
vn -0.4029 0.8070 0.4317
vn 0.4993 0.3932 0.7720
vn 0.1835 0.8842 0.4297
vn 0.4683 0.6368 0.6126
vn 0.5341 0.3917 0.7492
vn -0.0616 0.8926 0.4466
vn 0.6000 0.6031 0.5257
vn 0.4351 0.8196 0.3728
vn -0.0962 0.9874 0.1256
vn 0.1280 0.9856 0.1107
vn -0.4111 0.9000 0.1445
vn -0.1311 0.9904 -0.0439
vn 0.4155 0.9082 0.0503
vn 0.1400 0.9877 -0.0695
vn -0.3965 0.9166 -0.0518
vn 0.5653 0.7547 0.3331
vn -0.1001 0.9889 0.1103
vn -0.4348 0.8980 -0.0677
vn -0.3338 0.6908 0.6414
vn -0.4503 0.8794 0.1545
vn -0.5590 0.6068 0.5650
vn -0.3863 0.8124 0.4367
vn -0.5126 0.8586 0.0079
vn -0.4996 0.8557 0.1349
vn -0.3906 0.8271 0.4041
vn 0.0422 0.9140 0.4035
vn -0.0188 0.9969 0.0768
vn -0.3769 0.8223 0.4264
vn -0.8571 0.4993 0.1270
vn -0.4136 0.9041 0.1074
vn -0.8701 0.4928 -0.0106
vn -0.4617 0.8798 -0.1134
vn -0.1596 0.9802 -0.1171
vn -0.5313 0.8054 -0.2627
vn -0.9204 0.3878 -0.0488
vn -0.5801 0.6348 0.5104
vn -0.5456 0.8147 0.1965
vn -0.5024 0.4044 0.7642
vn -0.9852 0.1299 0.1118
vn -0.9895 -0.0086 0.1440
vn -0.1958 0.6246 0.7560
vn -0.1916 0.7231 0.6637
vn -0.6693 0.1953 0.7169
vn -0.7988 -0.0067 0.6015
vn -0.5418 0.4837 0.6874
vn -0.7445 0.1529 0.6499
vn -0.8449 -0.0968 0.5260
vn -0.8927 -0.1388 0.4287
vn -0.0260 -0.6864 0.7267
vn -0.9113 -0.1513 0.3829
vn 0.0376 -0.6372 0.7698
vn 0.0619 -0.4895 0.8698
vn -0.9074 -0.1172 0.4036
vn -0.0829 -0.3118 0.9465
vn -0.6443 -0.3309 0.6895
vn -0.7241 -0.2594 0.6391
vn -0.5437 -0.3843 0.7461
vn -0.9330 -0.2568 0.2522
vn -0.9157 -0.1189 0.3839
vn -0.8998 0.0544 0.4329
vn -0.4408 -0.3274 0.8358
vn -0.8079 0.2925 0.5116
vn -0.3459 -0.1541 0.9255
vn -0.1103 -0.6372 0.7627
vn -0.5805 0.5724 0.5791
vn -0.1017 -0.5270 0.8438
vn -0.7463 0.4502 0.4902
vn 0.0012 -0.4589 0.8885
vn -0.2377 0.0874 0.9674
vn 0.0382 -0.4291 0.9025
vn -0.3388 0.6803 0.6499
vn -0.0371 0.2029 0.9785
vn -0.0951 0.7236 0.6837
vn -0.5003 0.6638 0.5560
vn -0.1838 0.7766 0.6026
vn 0.1156 0.7102 0.6945
vn 0.0645 0.7909 0.6085
vn 0.1037 0.1584 0.9819
vn 0.2506 0.6943 0.6747
vn 0.2054 0.2839 0.9366
vn 0.0153 0.8851 0.4651
vn 0.0830 -0.3094 0.9473
vn 0.0532 0.9871 0.1510
vn 0.1527 0.9883 0.0020
vn 0.1903 -0.1783 0.9654
vn 0.3977 0.9091 -0.1236
vn 0.3216 0.4186 0.8493
vn 0.4061 0.6748 0.6162
vn 0.6048 0.3009 0.7373
vn 0.4963 0.8252 0.2697
vn 0.2368 -0.4307 0.8709
vn 0.2411 0.7632 0.5995
vn 0.6666 0.5702 0.4801
vn 0.0607 0.8670 0.4945
vn 0.4351 0.7138 0.5488
vn 0.2190 0.8459 0.4863
vn -0.1181 0.8566 0.5022
vn 0.0606 0.9513 0.3024
vn -0.3002 0.8130 0.4989
vn -0.1268 0.9384 0.3214
vn -0.5749 0.6574 0.4871
vn -0.3469 0.8787 0.3279
vn -0.8008 0.4152 0.4317
vn -0.6089 0.7279 0.3152
vn -0.3588 0.9116 0.2007
vn -0.8357 0.4685 0.2864
vn -0.1289 0.9713 0.1996
vn -0.6277 0.7567 0.1830
vn 0.0687 0.9765 0.2042
vn -0.8506 0.5036 0.1511
vn -0.3666 0.9253 0.0975
vn 0.2222 0.9336 0.2812
vn 0.0561 0.9920 0.1130
vn 0.4422 0.7840 0.4357
vn 0.2208 0.9579 0.1837
vn 0.4272 0.8661 0.2597
vn 0.7136 0.5561 0.4260
vn 0.7411 0.5798 0.3385
vn 0.4091 0.9000 0.1504
vn 0.7276 0.6528 0.2110
vn 0.9017 0.3475 0.2572
vn 0.2619 0.9620 0.0767
vn 0.7135 0.6956 0.0841
vn 0.4365 0.8995 0.0191
vn 0.0890 0.9952 0.0400
vn 0.8993 0.4030 0.1697
vn 0.2807 0.9598 0.0023
vn 0.7040 0.7054 -0.0824
vn 0.4630 0.8804 -0.1024
vn 0.8860 0.4624 0.0359
vn 0.6766 0.7155 -0.1739
vn 0.8636 0.4852 -0.1368
vn 0.9645 0.2639 0.0091
vn 0.9428 0.2912 -0.1620
vn 0.8249 0.5241 -0.2118
vn 0.9658 0.2157 0.1436
vn 0.9163 0.3190 -0.2421
vn 0.5942 0.7730 -0.2224
vn 0.9503 0.1541 -0.2707
vn 0.7774 0.5833 -0.2353
vn 0.4463 0.8725 -0.1989
vn 0.1035 0.8701 -0.4819
vn 0.2817 0.9527 -0.1140
vn 0.0761 0.8729 -0.4819
vn 0.1959 0.8703 -0.4518
vn 0.2065 0.9304 -0.3027
vn 0.1428 0.9863 -0.0821
vn 0.0838 0.8602 -0.5030
vn 0.0958 0.9440 -0.3157
vn -0.0799 0.9939 -0.0766
vn 0.1626 0.8561 -0.4905
vn -0.1428 0.9890 0.0394
vn 0.0194 0.9541 -0.2989
vn -0.1618 0.9811 0.1059
vn -0.3754 0.9266 0.0211
vn -0.3521 0.9356 -0.0272
vn -0.6421 0.7649 0.0506
vn -0.6607 0.7466 -0.0776
vn -0.8495 0.5273 0.0162
vn -0.5354 0.8339 -0.1342
vn -0.2197 0.9579 -0.1846
vn -0.7183 0.6573 -0.2280
vn 0.2454 0.8172 -0.5216
vn -0.3787 0.8607 -0.3403
vn 0.1862 0.8206 -0.5403
vn -0.1705 0.9344 -0.3128
vn -0.3556 0.8154 -0.4568
vn -0.6146 0.6936 -0.3757
vn -0.0517 0.9736 -0.2224
vn -0.4852 0.8413 -0.2383
vn -0.7582 0.6001 -0.2551
vn 0.1753 0.9632 -0.2036
vn -0.4192 0.8997 -0.1220
vn -0.1070 0.9855 -0.1319
vn 0.4086 0.8833 -0.2300
vn 0.5468 0.7118 -0.4409
vn 0.5061 0.8476 -0.1595
vn 0.7785 0.5967 -0.1948
vn 0.7034 0.4402 -0.5581
vn 0.8640 0.4228 -0.2735
vn 0.9082 0.2618 -0.3266
vn 0.8809 0.4103 -0.2359
vn 0.9395 0.1072 -0.3253
vn 0.8227 0.2059 -0.5299
vn 0.9439 -0.0449 -0.3273
vn 0.9237 0.0030 -0.3832
vn 0.9256 0.2920 -0.2409
vn 0.9728 0.1394 -0.1848
vn 0.9950 0.0996 -0.0042
vn 0.9494 -0.1906 -0.2495
vn 0.9271 -0.1782 -0.3298
vn 0.9501 0.1749 -0.2581
vn 0.9052 -0.2690 -0.3291
vn 0.9178 -0.2929 -0.2680
vn 0.9332 -0.2205 -0.2837
vn 0.9710 -0.2291 -0.0687
vn 0.9503 -0.3047 -0.0635
vn 0.9600 -0.0770 -0.2690
vn 0.9633 -0.2137 -0.1624
vn 0.9874 0.0299 -0.1556
vn 0.9754 -0.2024 -0.0876
vn 0.9376 0.3215 -0.1325
vn 0.9959 -0.0217 -0.0878
vn 0.9987 -0.0458 0.0230
vn 0.9904 -0.1308 0.0445
vn 0.9650 0.2586 -0.0423
vn 0.9307 0.3445 -0.1229
vn 0.9947 -0.0800 0.0651
vn 0.9908 -0.1136 0.0737
vn 0.9798 0.1876 0.0689
vn 0.9776 -0.0514 -0.2041
vn 0.9709 -0.0398 -0.2363
vn 0.9851 0.1157 0.1272
vn 0.6054 0.1302 -0.7852
vn 0.9436 0.3309 -0.0097
vn 0.9387 0.3229 0.1206
vn 0.8116 0.5842 -0.0092
vn 0.8182 0.5617 -0.1229
vn 0.4754 0.8719 -0.1171
vn 0.4246 0.9050 -0.0256
vn 0.1541 0.9807 -0.1203
vn 0.1169 0.9923 -0.0409
vn 0.3999 0.9116 0.0953
vn -0.0778 0.9962 -0.0399
vn 0.0955 0.9922 0.0804
vn -0.4022 0.9152 -0.0268
vn -0.0446 0.9957 0.0812
vn -0.8034 0.5801 -0.1343
vn -0.3919 0.9149 0.0970
vn -0.8600 0.5094 -0.0296
vn 0.0045 0.9911 0.1334
vn -0.0943 0.9898 0.1065
vn 0.1216 0.9853 0.1203
vn 0.0230 0.9265 -0.3756
vn -0.3649 0.9288 0.0650
vn 0.1395 0.9456 -0.2939
vn -0.4167 0.7452 -0.5206
vn -0.1586 0.9061 -0.3921
vn -0.8334 0.5503 0.0509
vn -0.8534 0.2627 -0.4502
vn -0.2633 0.0396 -0.9639
vn -0.8338 0.5475 0.0712
vn -0.9399 0.1387 -0.3121
vn -0.9423 0.3291 0.0611
vn -0.9398 0.3383 0.0479
vn -0.5046 -0.2689 -0.8204
vn -0.9374 0.1315 -0.3223
vn -0.5318 -0.2596 -0.8061
vn -0.0601 -0.6033 -0.7952
vn -0.9774 0.2090 0.0324
vn -0.3358 -0.1108 -0.9354
vn -0.9179 0.3937 -0.0495
vn -0.9610 0.2766 -0.0067
vn -0.9471 0.0608 -0.3151
vn -0.8754 0.4551 -0.1628
vn -0.9959 0.0697 -0.0580
vn -0.9189 0.3857 -0.0833
vn -0.8528 0.4525 -0.2606
vn -0.8888 0.4303 -0.1581
vn -0.9790 0.1734 -0.1070
vn -0.9670 0.1961 -0.1629
vn -0.9917 0.1068 -0.0715
vn -0.9329 -0.3284 -0.1477
vn -0.9524 -0.2910 -0.0915
vn -0.9661 -0.2570 -0.0262
vn -0.9813 -0.1898 -0.0322
vn -0.9017 -0.4275 -0.0645
vn -0.9092 -0.4145 0.0385
vn -0.9006 -0.4145 -0.1311
vn -0.8466 -0.5292 -0.0571
vn -0.9546 -0.2919 0.0598
vn -0.8822 -0.4440 -0.1570
vn -0.9272 -0.0039 -0.3746
vn -0.9183 -0.3484 -0.1880
vn -0.8137 -0.5652 -0.1358
vn -0.9626 0.1748 -0.2072
vn -0.8516 -0.5031 -0.1473
vn -0.9188 0.3237 -0.2258
vn -0.8993 -0.3982 -0.1810
vn -0.7555 0.3286 -0.5668
vn -0.7935 -0.5903 -0.1480
vn -0.5668 0.5640 -0.6005
vn -0.8308 0.3974 -0.3897
vn -0.7471 0.5615 -0.3558
vn -0.7766 0.5763 -0.2545
vn -0.8654 0.4222 -0.2700
vn -0.8356 0.5344 -0.1272
vn -0.9379 0.0847 -0.3363
vn -0.9196 0.0588 -0.3884
vn -0.9543 -0.1671 -0.2476
vn -0.9253 0.2778 -0.2581
vn -0.9418 -0.1897 -0.2777
vn -0.9632 0.2322 -0.1356
vn -0.9961 -0.0151 -0.0864
vn -0.9501 0.3116 0.0155
vn -0.9492 0.2896 0.1227
vn -0.9367 0.2386 0.2563
vn -0.9968 -0.0284 0.0747
vn -0.9013 0.1896 0.3895
vn -0.9792 -0.0466 0.1976
vn -0.9002 0.1011 0.4236
vn -0.9367 -0.0087 0.3500
vn -0.9207 -0.3107 0.2360
vn -0.9466 -0.3059 0.1017
vn -0.9008 -0.4160 0.1244
vn -0.8807 -0.4706 0.0535
vn -0.8776 -0.4748 -0.0663
vn -0.8596 -0.4974 -0.1170
vn -0.8420 -0.5374 -0.0466
vn -0.8702 -0.4915 -0.0352
vn -0.9534 -0.3009 0.0219
vn -0.8247 -0.5615 -0.0679
vn -0.9553 -0.2603 -0.1400
vn -0.8707 -0.4717 -0.1391
vn -0.9818 -0.0606 -0.1802
vn -0.8270 -0.5507 -0.1137
vn -0.8339 -0.5422 -0.1026
vn -0.8083 -0.5786 -0.1094
vn -0.7835 -0.6062 -0.1370
vn -0.7886 -0.6042 -0.1144
vn -0.6887 -0.7083 -0.1549
vn -0.7365 -0.6577 -0.1583
vn -0.7626 -0.6286 -0.1527
vn -0.0347 -0.9624 -0.2695
vn -0.0352 -0.9616 -0.2721
vn -0.0371 -0.9626 -0.2685
vn 0.1296 -0.9364 -0.3261
vn 0.1688 -0.9355 -0.3104
vn 0.1861 -0.9372 -0.2949
vn -0.0337 -0.9659 -0.2569
vn 0.1902 -0.9449 -0.2665
vn -0.5896 -0.7853 -0.1886
vn -0.0211 -0.9735 -0.2276
vn -0.5760 -0.8000 -0.1679
vn 0.2182 -0.9486 -0.2293
vn -0.0046 -0.9819 -0.1895
vn -0.5885 -0.7962 -0.1407
vn 0.2439 -0.9531 -0.1794
vn -0.6757 -0.7357 -0.0473
vn -0.0342 -0.9897 -0.1392
vn 0.2076 -0.9706 -0.1217
vn 0.7088 -0.6929 -0.1323
vn 0.6466 -0.7324 -0.2134
vn 0.7267 -0.6835 -0.0692
vn 0.6085 -0.7515 -0.2549
vn 0.7135 -0.6790 -0.1728
vn 0.6415 -0.7219 -0.2596
vn 0.6023 -0.7385 -0.3031
vn 0.6065 -0.7466 -0.2734
vn 0.7126 -0.6651 -0.2233
vn 0.6271 -0.7194 -0.2987
vn 0.6186 -0.7361 -0.2748
vn 0.7642 -0.6391 -0.0873
vn 0.7912 -0.5995 -0.1206
vn 0.6232 -0.7401 -0.2528
vn 0.6628 -0.7247 -0.1882
vn 0.6521 -0.6919 -0.3098
vn 0.6905 -0.7011 -0.1783
vn 0.7135 -0.6985 -0.0549
vn 0.7147 -0.5920 -0.3725
vn 0.7525 -0.5115 -0.4148
vn 0.1668 -0.9056 -0.3899
vn 0.8113 -0.5846 -0.0113
vn 0.8459 -0.5303 -0.0573
vn 0.8631 -0.4983 0.0817
vn 0.7359 -0.6770 0.0114
vn 0.8160 -0.5600 0.1432
vn 0.8790 -0.4453 0.1708
vn 0.1417 -0.9890 -0.0418
vn 0.8589 -0.4304 0.2777
vn 0.9678 -0.0901 -0.2351
vn -0.1110 -0.9928 -0.0446
vn 0.9703 -0.1260 -0.2067
vn -0.6309 -0.7732 0.0637
vn 0.7234 -0.6497 0.2337
vn -0.8553 -0.5135 0.0689
vn -0.0857 -0.9939 0.0690
vn -0.8747 -0.4754 0.0948
vn -0.4387 -0.8905 0.1201
vn -0.8111 -0.5803 0.0726
vn -0.9453 -0.0899 -0.3136
vn -0.9441 -0.2254 -0.2405
vn -0.4911 -0.8614 -0.1295
vn -0.9041 -0.3442 -0.2532
vn -0.5157 0.3149 -0.7968
vn -0.6984 0.2584 -0.6674
vn -0.3586 0.2816 -0.8900
vn -0.3785 0.0660 -0.9233
vn 0.2386 0.3789 -0.8942
vn 0.1229 0.0524 -0.9910
vn 0.1950 0.5377 -0.8203
vn -0.0262 0.3007 -0.9534
vn 0.1287 -0.2242 -0.9660
vn -0.3742 -0.0078 -0.9273
vn 0.0295 -0.5245 -0.8509
vn -0.3903 -0.3069 -0.8680
vn -0.4669 -0.4151 -0.7808
vn -0.3515 -0.0797 -0.9328
vn -0.7496 -0.0957 -0.6549
vn -0.7438 0.0027 -0.6684
vn -0.8555 0.1593 -0.4926
vn -0.3095 -0.3299 -0.8918
vn -0.2085 -0.1353 -0.9686
vn -0.2749 -0.6356 -0.7214
vn -0.7125 0.0779 -0.6973
vn -0.1420 0.1427 -0.9795
vn -0.1768 0.4578 -0.8713
vn -0.8032 -0.1704 -0.5709
vn -0.6067 -0.3507 -0.7134
vn -0.9474 0.0591 -0.3144
vn -0.6517 0.6379 -0.4105
vn -0.3129 0.2585 -0.9139
vn -0.1048 -0.3554 -0.9288
vn -0.2880 0.8092 -0.5121
vn -0.3576 0.8387 -0.4107
vn -0.0679 0.2199 -0.9732
vn -0.0282 0.9468 -0.3206
vn -0.0033 0.4424 -0.8968
vn -0.0057 0.9065 -0.4222
vn 0.0275 0.1744 -0.9843
vn 0.0548 0.9395 -0.3381
vn 0.0954 0.9359 -0.3392
vn 0.1089 0.3664 -0.9241
vn 0.0680 0.2532 -0.9650
vn 0.4597 0.6141 -0.6416
vn 0.4669 0.7691 -0.4365
vn 0.6291 -0.1165 -0.7686
vn 0.9404 0.2008 -0.2744
vn 0.9024 -0.0805 -0.4233
vn 0.7587 -0.3834 -0.5267
vn 0.2318 0.1990 -0.9522
vn 0.6450 -0.2332 -0.7277
vn 0.8524 -0.2099 -0.4790
vn 0.6192 -0.4600 -0.6364
vn 0.6784 -0.1517 -0.7189
vn 0.8499 -0.1668 -0.4999
vn 0.4706 -0.4161 -0.7781
vn 0.7097 -0.3601 -0.6055
vn 0.6320 -0.3845 -0.6728
vn 0.8191 -0.1535 -0.5527
vn 0.2174 -0.2477 -0.9441
vn 0.6250 -0.3302 -0.7074
vn 0.5075 -0.3907 -0.7680
vn 0.6692 -0.1908 -0.7181
vn 0.8001 0.0553 -0.5973
vn 0.2485 0.1086 -0.9625
vn 0.1903 0.2771 -0.9418
vn 0.7035 0.1565 -0.6932
vn 0.7559 0.1067 -0.6459
vn 0.6938 0.0969 -0.7136
vn 0.4390 0.0621 -0.8964
vn 0.3698 -0.2528 -0.8940
vn 0.9726 -0.0262 -0.2312
vn 0.9740 0.0811 -0.2115
vn 0.9346 0.3072 0.1793
vn 0.9545 0.2025 -0.2190
vn 0.7752 0.6224 0.1079
vn 0.8339 0.5308 0.1511
vn 0.8809 0.4079 -0.2400
vn 0.6967 0.6977 0.1670
vn 0.3257 0.9363 0.1316
vn 0.4035 0.8748 -0.2680
vn 0.8037 0.2298 -0.5488
vn 0.4469 0.6407 -0.6243
vn 0.2445 0.6339 -0.7337
vn 0.9580 -0.0308 -0.2850
vn 0.7792 0.4068 -0.4768
vn 0.9214 -0.0102 -0.3885
vn 0.8165 0.0673 -0.5733
vn 0.6126 0.2801 -0.7391
vn 0.9560 -0.2070 -0.2081
vn 0.6011 0.4035 -0.6898
vn 0.3974 -0.9140 0.0820
vn 0.7650 -0.3919 -0.5110
vn 0.2308 0.4052 -0.8846
vn 0.2843 -0.9149 -0.2864
vn 0.0534 -0.9766 -0.2084
vn -0.0089 0.4005 -0.9163
vn 0.0208 -0.9902 0.1380
vn -0.0178 -0.8206 -0.5712
vn 0.0275 0.2872 -0.9575
vn -0.0198 -0.9877 0.1552
vn -0.4732 -0.6349 -0.6107
vn -0.2336 0.4760 -0.8478
vn -0.8052 -0.1455 -0.5749
vn -0.5188 0.5514 -0.6533
vn -0.3845 -0.9197 0.0798
vn -0.9264 0.1145 -0.3588
vn -0.8080 -0.5812 0.0964
vn -0.8578 0.1958 -0.4753
vn -0.2970 0.6175 -0.7284
vn 0.1706 0.4756 -0.8630
vn -0.7470 0.2275 -0.6247
vn -0.9548 -0.2961 0.0240
vn -0.9873 -0.1194 -0.1047
vn -0.7789 0.1506 -0.6088
vn -0.1819 0.4263 -0.8861
vn -0.0454 0.6845 -0.7276
vn -0.1605 0.6279 -0.7616
vn -0.7599 0.1673 -0.6282
vn -0.3958 -0.2999 -0.8680
vn 0.0266 0.6758 -0.7366
vn 0.0946 0.5790 -0.8098
vn -0.0081 -0.4297 -0.9029
vn 0.0150 0.7329 -0.6802
vn -0.0323 0.5287 -0.8482
vn -0.0212 -0.9926 -0.1197
vn 0.0425 -0.3740 -0.9265
vn -0.0559 0.7347 -0.6761
vn 0.3613 0.5089 -0.7813
vn 0.0541 0.7670 -0.6393
vn 0.2557 -0.2193 -0.9416
vn 0.0908 -0.9847 -0.1485
vn 0.6853 0.3205 -0.6539
vn 0.4032 -0.8921 -0.2038
vn 0.0821 -0.9907 0.1082
vn 0.3817 -0.9086 0.1697
vn 0.9006 -0.2896 -0.3242
vn 0.6934 0.3696 -0.6186
vn 0.6469 0.3246 -0.6900
vn 0.9505 -0.2131 -0.2262
vn 0.6946 -0.7012 0.1609
vn 0.6660 -0.7298 0.1542
vn 0.1272 -0.9891 0.0745
vn -0.0318 -0.9927 0.1162
vn 0.5449 0.0541 0.8368
vn 0.4540 -0.0737 0.8879
vn 0.7862 -0.0614 0.6149
vn 0.4680 0.0738 0.8806
vn 0.0990 -0.0660 0.9929
vn 0.0863 0.0939 0.9918
vn 0.6043 0.0457 0.7955
vn 0.5735 -0.0177 0.8190
vn 0.5904 0.0557 0.8052
vn 0.6257 0.3649 0.6895
vn 0.5631 0.6051 0.5628
vn 0.0870 0.4389 0.8943
vn 0.4362 0.4044 0.8039
vn 0.0615 0.7126 0.6989
vn 0.5287 0.3744 0.7618
vn 0.4184 0.6557 0.6285
vn -0.0509 0.9027 0.4273
vn 0.5603 0.7639 0.3200
vn 0.8059 0.4525 0.3818
vn 0.8943 0.4142 0.1694
vn 0.4133 0.8382 0.3557
vn 0.8014 0.5949 -0.0628
vn 0.3910 0.9200 0.0255
vn 0.0252 0.9976 0.0638
vn 0.4583 0.8698 -0.1829
vn 0.7634 0.6001 -0.2389
vn 0.6350 0.7725 -0.0023
vn 0.7082 0.6621 -0.2452
vn 0.8312 0.4739 -0.2908
vn 0.0019 0.9995 -0.0330
vn 0.5325 0.8426 -0.0810
vn 0.5757 0.8176 0.0077
vn 0.5877 0.8085 0.0313
vn 0.6290 0.7645 -0.1410
vn 0.6842 0.6558 0.3192
vn 0.4661 0.8226 0.3257
vn 0.5324 0.7062 0.4667
vn 0.7577 0.5037 0.4150
vn 0.2080 -0.5660 0.7977
vn 0.8847 0.2983 0.3583
vn 0.7714 0.0798 0.6313
vn 0.2779 -0.7103 0.6468
vn 0.9195 0.3608 -0.1558
vn 0.9957 0.0189 -0.0910
vn 0.9977 -0.0202 0.0648
vn 0.9936 -0.1131 0.0044
vn 0.9980 0.0017 -0.0628
vn 1.0000 -0.0019 -0.0071
vn 0.0324 -0.7775 0.6281
vn 0.5631 -0.3978 0.7244
vn 0.3586 -0.2812 0.8901
vn 0.7312 -0.3634 0.5773
vn 0.7840 -0.3315 0.5248
vn 0.7765 -0.2707 0.5690
vn 0.8675 -0.2553 0.4268
vn 0.9681 -0.1991 0.1522
vn 0.9556 -0.2694 0.1197
vn 0.8489 0.4111 0.3321
vn 0.9504 0.2274 0.2122
vn 0.8926 0.3473 0.2874
vn 0.9520 0.2081 0.2246
vn 0.9571 0.1921 0.2170
vn 0.9784 0.0436 0.2019
vn 0.9802 0.0463 0.1926
vn 0.9912 0.0604 0.1181
vn 0.9616 -0.2476 0.1188
vn 0.9363 -0.3413 0.0822
vn 0.9686 -0.2404 0.0631
vn 0.9590 -0.2755 0.0668
vn -0.3163 -0.8522 -0.4168
vn -0.1518 -0.9619 -0.2274
vn -0.0236 -0.8917 -0.4521
vn -0.4428 -0.7778 -0.4461
vn 0.0812 -0.8334 -0.5467
vn -0.6295 -0.7400 -0.2368
vn 0.0301 -0.9357 -0.3514
vn 0.1560 -0.9604 -0.2308
vn 0.5763 -0.7638 -0.2906
vn 0.8093 -0.5691 -0.1454
vn -0.1231 -0.7878 -0.6035
vn 0.2054 -0.7266 -0.6557
vn 0.6075 -0.4197 -0.6743
vn 0.9535 -0.2986 -0.0409
vn 0.9848 -0.1722 -0.0231
vn -0.4529 -0.3849 -0.8042
vn -0.9088 -0.3207 -0.2668
vn -0.9667 -0.1367 -0.2165
vn 0.0483 0.0256 -0.9985
vn -0.5667 -0.0977 -0.8181
vn -0.5342 0.1023 -0.8391
vn -0.9871 0.0782 -0.1396
vn -0.5579 0.2560 -0.7894
vn -0.9332 0.3173 -0.1685
vn -0.1867 0.7725 -0.6069
vn -0.6529 0.7398 -0.1624
vn 0.6934 -0.1434 -0.7061
vn 0.7032 0.0267 -0.7105
vn 0.9998 0.0162 -0.0081
vn 0.6631 0.2338 -0.7111
vn 0.9738 0.2035 -0.1018
vn 0.6998 0.4355 -0.5662
vn 0.9488 0.2828 -0.1409
vn 0.7187 0.6734 -0.1734
vn 0.0716 0.8032 -0.5914
vn 0.5009 0.8445 -0.1893
vn 0.4412 0.8610 -0.2530
vn 0.0597 0.9791 -0.1946
vn 0.0699 0.9589 -0.2750
vn -0.0134 0.9138 -0.4059
vn -0.0784 0.9736 -0.2145
vn -0.2555 0.8986 -0.3566
vn -0.2212 0.8894 -0.4001
vn -0.2425 0.9192 -0.3102
vn 0.6616 0.5720 0.4849
vn 0.2343 0.8892 0.3929
vn 0.1005 0.7063 0.7007
vn 0.6440 0.7221 0.2526
vn 0.2142 0.9741 0.0719
vn 0.6714 0.3373 0.6599
vn 0.6379 0.7701 -0.0046
vn 0.1703 0.9453 -0.2781
vn 0.9613 0.2416 0.1326
vn 0.6036 0.7549 -0.2565
vn 0.9440 0.3226 0.0696
vn 0.9424 0.3285 -0.0630
vn 0.5852 0.6408 -0.4969
vn 0.1429 0.8084 -0.5710
vn 0.2715 0.5257 -0.8062
vn 0.9349 0.3094 -0.1738
vn 0.5850 0.4295 -0.6880
vn 0.9228 0.2629 -0.2815
vn 0.9665 0.2030 -0.1571
vn 0.5526 0.2067 -0.8074
vn 0.2544 0.2290 -0.9396
vn 0.9131 0.1831 -0.3644
vn 0.5715 -0.0600 -0.8184
vn 0.2413 -0.1156 -0.9635
vn 0.9028 0.0890 -0.4207
vn 0.5623 -0.3313 -0.7576
vn 0.1879 -0.4176 -0.8890
vn 0.8994 -0.0460 -0.4347
vn 0.9562 0.0637 -0.2856
vn 0.9522 0.1397 -0.2717
vn 0.9459 0.2163 -0.2420
vn 0.7118 0.5405 -0.4486
vn 0.7073 0.3804 -0.5958
vn 0.9351 -0.0394 -0.3521
vn 0.7402 0.1539 -0.6546
vn 0.8375 0.4052 -0.3667
vn 0.8276 0.2802 -0.4863
vn 0.7498 -0.0521 -0.6596
vn 0.8531 0.4765 -0.2126
vn 0.8188 0.1258 -0.5601
vn 0.7390 0.6271 -0.2463
vn 0.7568 0.4958 -0.4260
vn 0.7438 0.3447 -0.5727
vn 0.9714 0.2269 -0.0706
vn 0.7921 0.6100 -0.0197
vn 0.9783 0.2055 0.0277
vn 0.7779 0.5916 0.2120
vn 0.8592 0.5102 -0.0381
vn 0.8722 0.4683 0.1413
vn 0.7695 0.5894 -0.2460
vn 0.8131 0.5504 0.1896
vn 0.7905 0.6117 -0.0296
vn 0.8856 0.4034 -0.2301
vn 0.9027 0.4253 -0.0650
vn 0.9190 0.3792 0.1075
vn 0.8197 0.4309 0.3773
vn 0.8952 0.3522 0.2732
vn 0.7900 0.4671 0.3972
vn 0.9067 0.2075 0.3673
vn 0.9814 0.1721 0.0847
vn 0.8058 0.2739 0.5250
vn 0.9699 0.1372 0.2013
vn 0.9869 0.0985 0.1277
vn 0.9666 0.0192 0.2555
vn 0.9861 0.0194 0.1652
vn 0.6825 0.0452 0.7295
vn 0.6856 -0.2123 0.6963
vn 0.3529 -0.2440 0.9033
vn 0.9671 -0.0937 0.2366
vn 0.6915 -0.4420 0.5714
vn 0.4474 -0.5452 0.7090
vn 0.3274 -0.7855 0.5253
vn 0.9877 -0.0650 0.1420
vn 0.6482 -0.6547 0.3889
vn 0.2790 -0.9324 0.2297
vn 0.9605 -0.2045 0.1889
vn 0.9830 -0.1459 0.1117
vn 0.6242 -0.7690 0.1381
vn 0.2443 -0.9634 -0.1107
vn 0.9537 -0.2822 0.1039
vn 0.9784 -0.2017 0.0457
vn 0.7918 -0.3846 0.4745
vn 0.8079 -0.1709 0.5640
vn 0.7791 -0.5471 0.3061
vn 0.8220 0.0535 0.5670
vn 0.9066 -0.1313 0.4011
vn 0.9180 0.0391 0.3947
vn 0.8875 -0.3011 0.3488
vn 0.8410 0.2573 0.4759
vn 0.8505 0.0507 0.5235
vn 0.9356 0.1864 0.2999
vn 0.8345 -0.1510 0.5300
vn 0.9368 0.0356 0.3480
vn 0.8324 -0.3489 0.4305
vn 0.9316 0.2748 0.2378
vn 0.8763 -0.4310 0.2154
vn 0.9965 0.0271 -0.0786
vn 0.9982 0.0538 -0.0261
vn 0.9937 0.0713 -0.0870
vn 0.9964 0.0004 -0.0853
vn 0.9955 0.0032 -0.0947
vn 0.9999 0.0031 -0.0141
vn 0.9393 -0.0836 0.3327
vn 0.9976 -0.0075 -0.0689
vn 0.9315 -0.2383 0.2748
vn 0.9985 -0.0447 -0.0309
vn 0.9962 -0.0118 -0.0863
vn 0.8143 -0.5127 0.2720
vn 0.9211 -0.3616 0.1444
vn 0.9953 -0.0081 -0.0969
vn 0.7954 -0.6021 0.0690
vn 0.8728 -0.4864 0.0419
vn 0.7622 -0.6402 0.0958
vn 0.9036 -0.4282 -0.0100
vn 0.9715 -0.2356 -0.0277
vn 0.9931 -0.0889 -0.0762
vn 0.9456 -0.3252 -0.0031
vn 0.9948 -0.0368 -0.0955
vn 0.5996 -0.7888 -0.1350
vn 0.9654 -0.2359 -0.1114
vn 0.9365 -0.3298 -0.1196
vn 0.5753 -0.7145 -0.3980
vn 0.2248 -0.8781 -0.4224
vn 0.7468 -0.6527 -0.1277
vn 0.5641 -0.5497 -0.6162
vn 0.1736 -0.6952 -0.6975
vn 0.9250 -0.3022 -0.2303
vn 0.9227 -0.2296 -0.3098
vn 0.9254 -0.1250 -0.3577
vn 0.9563 -0.2213 -0.1909
vn 0.9525 -0.1094 -0.2842
vn 0.9551 -0.1702 -0.2425
vn 0.6987 -0.2920 -0.6531
vn 0.7004 -0.4705 -0.5368
vn 0.7224 -0.5994 -0.3449
vn 0.8275 -0.3570 -0.4334
vn 0.8606 -0.4937 -0.1253
vn 0.8436 -0.4520 -0.2898
vn 0.7833 -0.6077 -0.1309
vn 0.7635 -0.5539 -0.3321
vn 0.8936 -0.4294 -0.1305
vn 0.8797 -0.3894 -0.2730
vn 0.7356 -0.4526 -0.5040
vn 0.9893 -0.0740 -0.1261
vn 0.8741 -0.3244 -0.3616
vn 0.9862 -0.0354 -0.1618
vn 0.8072 -0.2228 -0.5466
vn 0.8642 -0.1952 -0.4638
vn 0.7354 -0.2668 -0.6229
vn 0.7939 -0.0447 -0.6064
vn 0.7275 -0.0468 -0.6845
vn 0.7229 0.1712 -0.6694
vn 0.8602 -0.0215 -0.5096
vn 0.8660 0.2372 -0.4401
vn 0.9941 -0.0042 -0.1085
vn 0.8642 0.1382 -0.4838
vn 0.9844 0.0261 -0.1742
vn 0.9928 0.0153 -0.1191
vn 0.9884 0.0627 -0.1383
vn 0.8768 0.3434 -0.3366
s 1
f 1/1/1 2/2/2 3/3/3
f 2/2/2 1/1/1 4/4/4
f 2/2/2 4/4/4 5/5/5
f 6/6/6 4/4/4 1/1/1
f 5/5/5 4/4/4 7/7/7
f 4/4/4 6/6/6 8/8/8
f 8/8/8 7/7/7 4/4/4
f 5/5/5 7/7/7 9/9/9
f 9/9/9 10/10/10 5/5/5
f 9/9/9 11/11/11 10/10/10
f 7/7/7 8/8/8 12/12/12
f 12/12/12 9/9/9 7/7/7
f 13/13/13 8/8/8 6/6/6
f 13/13/13 6/6/6 14/14/14
f 8/8/8 15/15/15 12/12/12
f 15/15/15 8/8/8 13/13/13
f 9/9/9 12/12/12 16/16/16
f 15/15/15 16/16/16 12/12/12
f 11/11/11 9/9/9 17/17/17
f 16/16/16 17/17/17 9/9/9
f 18/18/18 11/11/11 17/17/17
f 11/11/11 18/18/18 19/19/19
f 18/18/18 20/20/20 19/19/19
f 17/17/17 16/16/16 21/21/21
f 17/17/17 22/22/22 18/18/18
f 22/22/22 17/17/17 21/21/21
f 20/20/20 18/18/18 23/23/23
f 22/22/22 23/23/23 18/18/18
f 24/24/24 21/21/21 16/16/16
f 16/16/16 15/15/15 24/24/24
f 21/21/21 25/25/25 22/22/22
f 21/21/21 24/24/24 25/25/25
f 26/26/26 24/24/24 15/15/15
f 13/13/13 26/26/26 15/15/15
f 27/27/27 25/25/25 24/24/24
f 24/24/24 26/26/26 27/27/27
f 22/22/22 25/25/25 28/28/28
f 25/25/25 27/27/27 29/29/29
f 29/29/29 28/28/28 25/25/25
f 28/28/28 30/30/30 22/22/22
f 23/23/23 22/22/22 30/30/30
f 31/31/31 29/29/29 27/27/27
f 26/26/26 31/31/31 27/27/27
f 28/28/28 29/29/29 32/32/32
f 29/29/29 31/31/31 33/33/33
f 33/33/33 32/32/32 29/29/29
f 30/30/30 28/28/28 34/34/34
f 32/32/32 34/34/34 28/28/28
f 23/23/23 30/30/30 35/35/35
f 34/34/34 35/35/35 30/30/30
f 20/20/20 23/23/23 36/36/36
f 36/36/36 23/23/23 35/35/35
f 37/37/37 20/20/20 36/36/36
f 38/38/38 37/37/37 36/36/36
f 37/37/37 38/38/38 39/39/39
f 36/36/36 40/40/40 38/38/38
f 40/40/40 36/36/36 35/35/35
f 39/39/39 38/38/38 41/41/41
f 40/40/40 41/41/41 38/38/38
f 41/41/41 42/42/42 39/39/39
f 41/41/41 43/43/43 42/42/42
f 44/44/44 40/40/40 35/35/35
f 43/43/43 41/41/41 45/45/45
f 45/45/45 46/46/46 43/43/43
f 41/41/41 40/40/40 47/47/47
f 44/44/44 47/47/47 40/40/40
f 41/41/41 48/48/48 45/45/45
f 48/48/48 41/41/41 47/47/47
f 46/46/46 45/45/45 49/49/49
f 48/48/48 49/49/49 45/45/45
f 46/46/46 49/49/49 50/50/50
f 50/50/50 51/51/51 46/46/46
f 49/49/49 48/48/48 52/52/52
f 52/52/52 50/50/50 49/49/49
f 51/51/51 53/53/53 54/54/54
f 53/53/53 51/51/51 50/50/50
f 55/55/55 53/53/53 50/50/50
f 50/50/50 52/52/52 55/55/55
f 53/53/53 55/55/55 56/56/56
f 48/48/48 57/57/57 52/52/52
f 57/57/57 55/55/55 52/52/52
f 58/58/58 56/56/56 55/55/55
f 55/55/55 57/57/57 58/58/58
f 56/56/56 58/58/58 59/59/59
f 60/60/60 59/59/59 58/58/58
f 60/60/60 58/58/58 57/57/57
f 59/59/59 60/60/60 61/61/61
f 62/62/62 61/61/61 60/60/60
f 57/57/57 48/48/48 63/63/63
f 63/63/63 48/48/48 47/47/47
f 60/60/60 64/64/64 62/62/62
f 64/64/64 65/65/65 62/62/62
f 57/57/57 66/66/66 60/60/60
f 66/66/66 64/64/64 60/60/60
f 63/63/63 66/66/66 57/57/57
f 65/65/65 64/64/64 67/67/67
f 67/67/67 68/68/68 65/65/65
f 64/64/64 66/66/66 69/69/69
f 67/67/67 64/64/64 69/69/69
f 66/66/66 63/63/63 70/70/70
f 47/47/47 71/71/71 63/63/63
f 70/70/70 63/63/63 71/71/71
f 47/47/47 44/44/44 71/71/71
f 70/70/70 72/72/72 66/66/66
f 66/66/66 72/72/72 69/69/69
f 71/71/71 73/73/73 70/70/70
f 70/70/70 74/74/74 72/72/72
f 74/74/74 70/70/70 73/73/73
f 71/71/71 75/75/75 73/73/73
f 74/74/74 73/73/73 75/75/75
f 75/75/75 71/71/71 44/44/44
f 76/76/76 72/72/72 74/74/74
f 75/75/75 44/44/44 77/77/77
f 35/35/35 77/77/77 44/44/44
f 35/35/35 34/34/34 77/77/77
f 77/77/77 78/78/78 75/75/75
f 77/77/77 34/34/34 78/78/78
f 75/75/75 79/79/79 74/74/74
f 76/76/76 74/74/74 79/79/79
f 80/80/80 75/75/75 78/78/78
f 75/75/75 80/80/80 79/79/79
f 34/34/34 81/81/81 78/78/78
f 78/78/78 81/81/81 80/80/80
f 34/34/34 32/32/32 81/81/81
f 82/82/82 79/79/79 80/80/80
f 83/83/83 81/81/81 32/32/32
f 32/32/32 33/33/33 83/83/83
f 81/81/81 84/84/84 80/80/80
f 81/81/81 83/83/83 84/84/84
f 80/80/80 84/84/84 82/82/82
f 33/33/33 85/85/85 83/83/83
f 86/86/86 84/84/84 83/83/83
f 83/83/83 85/85/85 86/86/86
f 84/84/84 87/87/87 82/82/82
f 84/84/84 86/86/86 87/87/87
f 79/79/79 82/82/82 88/88/88
f 79/79/79 88/88/88 76/76/76
f 82/82/82 87/87/87 89/89/89
f 82/82/82 89/89/89 88/88/88
f 90/90/90 87/87/87 86/86/86
f 90/90/90 89/89/89 87/87/87
f 90/90/90 86/86/86 91/91/91
f 85/85/85 91/91/91 86/86/86
f 89/89/89 92/92/92 88/88/88
f 91/91/91 85/85/85 93/93/93
f 92/92/92 94/94/94 88/88/88
f 76/76/76 88/88/88 94/94/94
f 92/92/92 89/89/89 95/95/95
f 92/92/92 95/95/95 94/94/94
f 95/95/95 89/89/89 96/96/96
f 89/89/89 90/90/90 96/96/96
f 94/94/94 97/97/97 76/76/76
f 72/72/72 76/76/76 97/97/97
f 72/72/72 97/97/97 69/69/69
f 69/69/69 97/97/97 98/98/98
f 69/69/69 98/98/98 67/67/67
f 97/97/97 94/94/94 99/99/99
f 97/97/97 99/99/99 98/98/98
f 100/100/100 99/99/99 94/94/94
f 94/94/94 95/95/95 100/100/100
f 101/101/101 98/98/98 99/99/99
f 98/98/98 101/101/101 67/67/67
f 100/100/100 101/101/101 99/99/99
f 102/102/102 100/100/100 95/95/95
f 96/96/96 102/102/102 95/95/95
f 103/103/103 101/101/101 100/100/100
f 100/100/100 102/102/102 103/103/103
f 67/67/67 101/101/101 104/104/104
f 68/68/68 67/67/67 104/104/104
f 101/101/101 103/103/103 105/105/105
f 106/106/106 68/68/68 104/104/104
f 68/68/68 106/106/106 107/107/107
f 108/108/108 104/104/104 101/101/101
f 104/104/104 108/108/108 106/106/106
f 105/105/105 108/108/108 101/101/101
f 107/107/107 109/109/109 110/110/110
f 109/109/109 107/107/107 106/106/106
f 111/111/111 105/105/105 103/103/103
f 102/102/102 111/111/111 103/103/103
f 112/112/112 108/108/108 105/105/105
f 105/105/105 111/111/111 112/112/112
f 113/113/113 106/106/106 108/108/108
f 108/108/108 112/112/112 113/113/113
f 109/109/109 106/106/106 114/114/114
f 106/106/106 113/113/113 114/114/114
f 109/109/109 114/114/114 115/115/115
f 115/115/115 114/114/114 829/116/116
f 116/117/117 113/113/113 112/112/112
f 116/117/117 114/114/114 113/113/113
f 117/118/118 829/116/116 114/114/114
f 117/118/118 114/114/114 116/117/117
f 112/112/112 118/119/119 116/117/117
f 118/119/119 112/112/112 111/111/111
f 116/117/117 119/120/120 117/118/118
f 119/120/120 116/117/117 118/119/119
f 117/118/118 830/121/121 829/116/116
f 829/116/116 830/121/121 831/122/122
f 832/123/123 117/118/118 119/120/120
f 117/118/118 832/123/123 830/121/121
f 120/124/124 119/120/120 118/119/119
f 833/125/125 831/122/122 830/121/121
f 831/122/122 833/125/125 834/126/126
f 118/119/119 121/127/127 120/124/124
f 111/111/111 121/127/127 118/119/119
f 835/128/128 119/120/120 120/124/124
f 119/120/120 835/128/128 832/123/123
f 121/127/127 122/129/129 120/124/124
f 835/128/128 120/124/124 122/129/129
f 121/127/127 111/111/111 123/130/130
f 122/129/129 121/127/127 123/130/130
f 123/130/130 111/111/111 102/102/102
f 122/129/129 836/131/131 835/128/128
f 123/130/130 102/102/102 124/132/132
f 102/102/102 96/96/96 124/132/132
f 123/130/130 125/133/133 122/129/129
f 126/134/134 124/132/132 96/96/96
f 126/134/134 96/96/96 90/90/90
f 123/130/130 124/132/132 127/135/135
f 127/135/135 125/133/133 123/130/130
f 124/132/132 126/134/134 128/136/136
f 124/132/132 128/136/136 127/135/135
f 126/134/134 90/90/90 129/137/137
f 91/91/91 129/137/137 90/90/90
f 129/137/137 91/91/91 93/93/93
f 129/137/137 130/138/138 126/134/134
f 128/136/136 126/134/134 130/138/138
f 129/137/137 131/139/139 130/138/138
f 128/136/136 130/138/138 132/140/140
f 131/139/139 132/140/140 130/138/138
f 133/141/141 129/137/137 93/93/93
f 129/137/137 133/141/141 131/139/139
f 132/140/140 131/139/139 134/142/142
f 133/141/141 93/93/93 135/143/143
f 131/139/139 136/144/144 134/142/142
f 136/144/144 131/139/139 133/141/141
f 137/145/145 132/140/140 134/142/142
f 136/144/144 137/145/145 134/142/142
f 132/140/140 138/146/146 128/136/136
f 132/140/140 137/145/145 138/146/146
f 139/147/147 128/136/136 138/146/146
f 139/147/147 127/135/135 128/136/136
f 139/147/147 140/148/148 127/135/135
f 127/135/135 140/148/148 125/133/133
f 138/146/146 141/149/149 139/147/147
f 142/150/150 125/133/133 140/148/148
f 125/133/133 142/150/150 122/129/129
f 140/148/148 139/147/147 143/151/151
f 143/151/151 142/150/150 140/148/148
f 143/151/151 139/147/147 141/149/149
f 836/131/131 122/129/129 142/150/150
f 142/150/150 143/151/151 144/152/152
f 837/153/153 836/131/131 142/150/150
f 837/153/153 142/150/150 144/152/152
f 145/154/154 144/152/152 143/151/151
f 145/154/154 837/153/153 144/152/152
f 143/151/151 141/149/149 145/154/154
f 838/155/155 836/131/131 837/153/153
f 141/149/149 146/156/156 145/154/154
f 146/156/156 141/149/149 138/146/146
f 837/153/153 145/154/154 839/157/157
f 838/155/155 837/153/153 839/157/157
f 147/158/158 145/154/154 146/156/156
f 145/154/154 147/158/158 839/157/157
f 138/146/146 148/159/159 146/156/156
f 148/159/159 147/158/158 146/156/156
f 148/159/159 138/146/146 137/145/145
f 840/160/160 839/157/157 147/158/158
f 149/161/161 148/159/159 137/145/145
f 840/160/160 841/162/162 839/157/157
f 839/157/157 841/162/162 838/155/155
f 147/158/158 148/159/159 150/163/163
f 842/164/164 840/160/160 147/158/158
f 147/158/158 150/163/163 842/164/164
f 151/165/165 150/163/163 148/159/159
f 842/164/164 150/163/163 151/165/165
f 151/165/165 148/159/159 149/161/161
f 842/164/164 843/166/166 840/160/160
f 151/165/165 843/166/166 842/164/164
f 840/160/160 843/166/166 841/162/162
f 152/167/167 151/165/165 149/161/161
f 844/168/168 841/162/162 843/166/166
f 841/162/162 844/168/168 838/155/155
f 843/166/166 151/165/165 845/169/169
f 149/161/161 137/145/145 153/170/170
f 152/167/167 149/161/161 153/170/170
f 136/144/144 153/170/170 137/145/145
f 154/171/171 151/165/165 152/167/167
f 154/171/171 845/169/169 151/165/165
f 153/170/170 136/144/144 155/172/172
f 154/171/171 152/167/167 156/173/173
f 155/172/172 136/144/144 157/174/174
f 136/144/144 133/141/141 157/174/174
f 157/174/174 133/141/141 135/143/143
f 153/170/170 155/172/172 158/175/175
f 158/175/175 155/172/172 157/174/174
f 152/167/167 153/170/170 159/176/176
f 158/175/175 159/176/176 153/170/170
f 156/173/173 152/167/167 159/176/176
f 160/177/177 158/175/175 157/174/174
f 161/178/178 159/176/176 158/175/175
f 160/177/177 161/178/178 158/175/175
f 157/174/174 135/143/143 162/179/179
f 163/180/180 160/177/177 157/174/174
f 163/180/180 157/174/174 162/179/179
f 164/181/181 162/179/179 135/143/143
f 164/181/181 163/180/180 162/179/179
f 93/93/93 164/181/181 135/143/143
f 93/93/93 85/85/85 164/181/181
f 165/182/182 160/177/177 163/180/180
f 164/181/181 165/182/182 163/180/180
f 166/183/183 160/177/177 165/182/182
f 160/177/177 166/183/183 161/178/178
f 164/181/181 167/184/184 165/182/182
f 161/178/178 166/183/183 168/185/185
f 85/85/85 169/186/186 164/181/181
f 167/184/184 164/181/181 169/186/186
f 33/33/33 169/186/186 85/85/85
f 169/186/186 33/33/33 31/31/31
f 168/185/185 170/187/187 161/178/178
f 170/187/187 159/176/176 161/178/178
f 169/186/186 31/31/31 171/188/188
f 171/188/188 167/184/184 169/186/186
f 31/31/31 26/26/26 171/188/188
f 159/176/176 170/187/187 172/189/189
f 156/173/173 159/176/176 172/189/189
f 173/190/190 172/189/189 170/187/187
f 171/188/188 174/191/191 167/184/184
f 165/182/182 167/184/184 174/191/191
f 174/191/191 166/183/183 165/182/182
f 174/191/191 168/185/185 166/183/183
f 168/185/185 174/191/191 175/192/192
f 176/193/193 174/191/191 171/188/188
f 176/193/193 175/192/192 174/191/191
f 26/26/26 176/193/193 171/188/188
f 175/192/192 176/193/193 177/194/194
f 176/193/193 26/26/26 178/195/195
f 178/195/195 177/194/194 176/193/193
f 26/26/26 13/13/13 178/195/195
f 14/14/14 178/195/195 13/13/13
f 178/195/195 14/14/14 179/196/196
f 177/194/194 178/195/195 179/196/196
f 179/196/196 180/197/197 177/194/194
f 181/198/198 177/194/194 180/197/197
f 177/194/194 181/198/198 175/199/199
f 181/198/198 168/200/200 175/199/199
f 180/197/197 179/196/196 182/201/201
f 168/200/200 181/198/198 183/202/202
f 183/202/202 170/203/203 168/200/200
f 180/197/197 184/204/204 181/198/198
f 170/203/203 183/202/202 185/205/205
f 184/204/204 180/197/197 186/206/206
f 182/201/201 186/206/206 180/197/197
f 187/207/207 170/203/203 185/205/205
f 170/203/203 187/207/207 173/208/208
f 179/196/196 188/209/209 182/201/201
f 188/209/209 179/196/196 14/210/210
f 187/207/207 189/211/211 173/208/208
f 190/212/212 173/208/208 189/211/211
f 191/213/213 190/212/212 189/211/211
f 187/207/207 185/205/205 192/214/214
f 192/214/214 189/211/211 187/207/207
f 191/213/213 189/211/211 193/215/215
f 194/216/216 191/213/213 193/215/215
f 189/211/211 192/214/214 195/217/217
f 195/217/217 193/215/215 189/211/211
f 196/218/218 192/214/214 185/205/205
f 185/205/205 183/202/202 196/218/218
f 197/219/219 195/217/217 192/214/214
f 196/218/218 183/202/202 198/220/220
f 183/202/202 181/198/198 198/220/220
f 198/220/220 181/198/198 184/204/204
f 199/221/221 192/214/214 196/218/218
f 192/214/214 199/221/221 197/219/219
f 200/222/222 196/218/218 198/220/220
f 196/218/218 200/222/222 199/221/221
f 201/223/223 198/220/220 184/204/204
f 198/220/220 201/223/223 200/222/222
f 184/204/204 202/224/224 201/223/223
f 202/224/224 184/204/204 186/206/206
f 203/225/225 200/222/222 201/223/223
f 202/224/224 203/225/225 201/223/223
f 204/226/226 199/221/221 200/222/222
f 200/222/222 203/225/225 204/226/226
f 186/206/206 205/227/227 202/224/224
f 203/225/225 202/224/224 206/228/228
f 205/227/227 206/228/228 202/224/224
f 205/227/227 186/206/206 207/229/229
f 186/206/206 182/201/201 207/229/229
f 207/229/229 182/201/201 188/209/209
f 206/228/228 208/230/230 203/225/225
f 209/231/231 207/229/229 188/209/209
f 210/232/232 203/225/225 208/230/230
f 203/225/225 210/232/232 204/226/226
f 188/209/209 211/233/233 209/231/231
f 14/210/210 211/233/233 188/209/209
f 211/233/233 14/210/210 6/234/234
f 212/235/235 207/229/229 209/231/231
f 207/229/229 212/235/235 205/227/227
f 213/236/236 209/231/231 211/233/233
f 213/236/236 212/235/235 209/231/231
f 6/234/234 214/237/237 211/233/233
f 211/233/233 214/237/237 213/236/236
f 214/237/237 6/234/234 1/238/238
f 3/239/239 214/237/237 1/238/238
f 214/237/237 3/239/239 215/240/240
f 216/241/241 215/240/240 3/239/239
f 213/236/236 214/237/237 217/242/242
f 214/237/237 215/240/240 217/242/242
f 217/242/242 218/243/243 213/236/236
f 212/235/235 213/236/236 218/243/243
f 215/240/240 216/241/241 219/244/244
f 220/245/245 219/244/244 216/241/241
f 217/242/242 215/240/240 221/246/246
f 219/244/244 221/246/246 215/240/240
f 218/243/243 217/242/242 222/247/247
f 217/242/242 221/246/246 222/247/247
f 223/248/248 212/235/235 218/243/243
f 222/247/247 223/248/248 218/243/243
f 212/235/235 223/248/248 224/249/249
f 224/249/249 205/227/227 212/235/235
f 223/248/248 222/247/247 225/250/250
f 205/227/227 224/249/249 226/251/251
f 206/228/228 205/227/227 226/251/251
f 223/248/248 227/252/252 224/249/249
f 226/251/251 228/253/253 206/228/228
f 208/230/230 206/228/228 228/253/253
f 224/249/249 229/254/254 226/251/251
f 228/253/253 226/251/251 229/254/254
f 229/254/254 224/249/249 227/252/252
f 228/253/253 230/255/255 208/230/230
f 230/255/255 210/232/232 208/230/230
f 229/254/254 231/256/256 228/253/253
f 230/255/255 228/253/253 231/256/256
f 231/256/256 229/254/254 232/257/257
f 210/232/232 230/255/255 233/258/258
f 229/254/254 234/259/259 232/257/257
f 234/259/259 229/254/254 227/252/252
f 232/257/257 235/260/260 231/256/256
f 231/256/256 236/261/261 230/255/255
f 236/261/261 231/256/256 235/260/260
f 235/260/260 232/257/257 237/262/262
f 234/259/259 237/262/262 232/257/257
f 238/263/263 236/261/261 235/260/260
f 237/262/262 238/263/263 235/260/260
f 239/264/264 230/255/255 236/261/261
f 230/255/255 239/264/264 233/258/258
f 238/263/263 237/262/262 240/265/265
f 239/264/264 236/261/261 241/266/266
f 236/261/261 238/263/263 242/267/267
f 241/266/266 236/261/261 242/267/267
f 240/265/265 242/267/267 238/263/263
f 243/268/268 239/264/264 241/266/266
f 242/267/267 243/268/268 241/266/266
f 244/269/269 240/265/265 237/262/262
f 237/262/262 234/259/259 244/269/269
f 245/270/270 240/265/265 244/269/269
f 246/271/271 240/265/265 245/270/270
f 244/269/269 246/271/271 245/270/270
f 246/271/271 242/267/267 240/265/265
f 234/259/259 247/272/272 244/269/269
f 246/271/271 244/269/269 247/272/272
f 234/259/259 248/273/273 247/272/272
f 227/252/252 248/273/273 234/259/259
f 247/272/272 249/274/274 246/271/271
f 248/273/273 227/252/252 250/275/275
f 227/252/252 223/248/248 250/275/275
f 225/250/250 250/275/275 223/248/248
f 251/276/276 247/272/272 248/273/273
f 247/272/272 251/276/276 249/274/274
f 252/277/277 248/273/273 250/275/275
f 248/273/273 252/277/277 251/276/276
f 250/275/275 225/250/250 252/277/277
f 253/278/278 251/276/276 252/277/277
f 254/279/279 252/277/277 225/250/250
f 252/277/277 254/279/279 253/278/278
f 225/250/250 255/280/280 254/279/279
f 255/280/280 225/250/250 222/247/247
f 222/247/247 221/246/246 255/280/280
f 221/246/246 256/281/281 255/280/280
f 256/281/281 221/246/246 219/244/244
f 257/282/282 254/279/279 255/280/280
f 256/281/281 257/282/282 255/280/280
f 219/244/244 258/283/283 256/281/281
f 258/283/283 257/282/282 256/281/281
f 254/279/279 257/282/282 259/284/284
f 259/284/284 253/278/278 254/279/279
f 258/283/283 219/244/244 260/285/285
f 219/244/244 220/245/245 260/285/285
f 261/286/286 260/285/285 220/245/245
f 260/285/285 261/286/286 262/287/287
f 263/288/288 262/287/287 261/286/286
f 260/285/285 264/289/289 258/283/283
f 264/289/289 260/285/285 262/287/287
f 262/287/287 263/288/288 265/290/290
f 266/291/291 265/290/290 263/288/288
f 262/287/287 267/292/292 264/289/289
f 267/292/292 262/287/287 265/290/290
f 268/293/293 258/283/283 264/289/289
f 267/292/292 268/293/293 264/289/289
f 265/290/290 266/291/291 269/294/294
f 194/216/216 269/294/294 266/291/291
f 265/290/290 270/295/295 267/292/292
f 270/295/295 265/290/290 269/294/294
f 269/294/294 194/216/216 271/296/296
f 193/215/215 271/296/296 194/216/216
f 272/297/297 269/294/294 271/296/296
f 269/294/294 272/297/297 270/295/295
f 273/298/298 271/296/296 193/215/215
f 271/296/296 273/298/298 272/297/297
f 193/215/215 195/217/217 273/298/298
f 274/299/299 273/298/298 195/217/217
f 195/217/217 197/219/219 274/299/299
f 275/300/300 272/297/297 273/298/298
f 273/298/298 274/299/299 275/300/300
f 272/297/297 275/300/300 276/301/301
f 276/301/301 270/295/295 272/297/297
f 275/300/300 274/299/299 277/302/302
f 197/219/219 277/302/302 274/299/299
f 276/301/301 275/300/300 278/303/303
f 275/300/300 277/302/302 278/303/303
f 277/302/302 197/219/219 279/304/304
f 199/221/221 279/304/304 197/219/219
f 279/304/304 199/221/221 280/305/305
f 199/221/221 204/226/226 280/305/305
f 281/306/306 277/302/302 279/304/304
f 280/305/305 281/306/306 279/304/304
f 204/226/226 282/307/307 280/305/305
f 281/306/306 280/305/305 282/307/307
f 282/307/307 204/226/226 210/232/232
f 233/258/258 282/307/307 210/232/232
f 277/302/302 281/306/306 283/308/308
f 283/308/308 278/303/303 277/302/302
f 282/307/307 233/258/258 284/309/309
f 278/303/303 283/308/308 285/310/310
f 284/309/309 286/311/311 282/307/307
f 282/307/307 286/311/311 281/306/306
f 233/258/258 287/312/312 284/309/309
f 286/311/311 284/309/309 287/312/312
f 287/312/312 233/258/258 239/264/264
f 287/312/312 239/264/264 243/268/268
f 281/306/306 288/313/313 283/308/308
f 288/313/313 281/306/306 286/311/311
f 285/310/310 283/308/308 288/313/313
f 286/311/311 287/312/312 289/314/314
f 289/314/314 288/313/313 286/311/311
f 243/268/268 289/314/314 287/312/312
f 285/310/310 288/313/313 290/315/315
f 289/314/314 243/268/268 291/316/316
f 288/313/313 289/314/314 292/317/317
f 292/317/317 290/315/315 288/313/313
f 291/316/316 293/318/318 289/314/314
f 293/318/318 292/317/317 289/314/314
f 291/316/316 243/268/268 293/318/318
f 290/315/315 292/317/317 294/319/319
f 293/318/318 294/319/319 292/317/317
f 293/318/318 243/268/268 295/320/320
f 242/267/267 295/320/320 243/268/268
f 294/319/319 293/318/318 296/321/321
f 293/318/318 295/320/320 296/321/321
f 296/321/321 297/322/322 294/319/319
f 297/322/322 296/321/321 295/320/320
f 290/315/315 294/319/319 298/323/323
f 298/323/323 294/319/319 297/322/322
f 299/324/324 285/310/310 290/315/315
f 290/315/315 298/323/323 299/324/324
f 300/325/325 285/310/310 299/324/324
f 300/325/325 278/303/303 285/310/310
f 276/301/301 278/303/303 300/325/325
f 301/326/326 300/325/325 299/324/324
f 302/327/327 276/301/301 300/325/325
f 302/327/327 300/325/325 301/326/326
f 270/295/295 276/301/301 302/327/327
f 303/328/328 301/326/326 299/324/324
f 303/328/328 299/324/324 298/323/323
f 304/329/329 302/327/327 301/326/326
f 304/329/329 301/326/326 303/328/328
f 305/330/330 270/295/295 302/327/327
f 302/327/327 304/329/329 305/330/330
f 270/295/295 305/330/330 267/292/292
f 268/293/293 267/292/292 305/330/330
f 306/331/331 305/330/330 304/329/329
f 305/330/330 306/331/331 268/293/293
f 303/328/328 307/332/332 304/329/329
f 307/332/332 306/331/331 304/329/329
f 306/331/331 308/333/333 268/293/293
f 258/283/283 268/293/293 308/333/333
f 257/282/282 258/283/283 308/333/333
f 309/334/334 257/282/282 308/333/333
f 308/333/333 306/331/331 309/334/334
f 257/282/282 309/334/334 259/284/284
f 310/335/335 309/334/334 306/331/331
f 306/331/331 307/332/332 310/335/335
f 311/336/336 259/284/284 309/334/334
f 309/334/334 310/335/335 311/336/336
f 259/284/284 311/336/336 312/337/337
f 253/278/278 259/284/284 312/337/337
f 313/338/338 311/336/336 310/335/335
f 310/335/335 307/332/332 313/338/338
f 314/339/339 312/337/337 311/336/336
f 311/336/336 313/338/338 314/339/339
f 312/337/337 315/340/340 253/278/278
f 251/276/276 253/278/278 315/340/340
f 315/340/340 249/274/274 251/276/276
f 315/340/340 312/337/337 316/341/341
f 312/337/337 314/339/339 316/341/341
f 249/274/274 315/340/340 317/342/342
f 316/341/341 317/342/342 315/340/340
f 249/274/274 317/342/342 318/343/343
f 246/271/271 249/274/274 318/343/343
f 318/343/343 317/342/342 319/344/344
f 319/344/344 246/271/271 318/343/343
f 317/342/342 316/341/341 320/345/345
f 317/342/342 321/346/346 319/344/344
f 321/346/346 317/342/342 320/345/345
f 322/347/347 246/271/271 319/344/344
f 322/347/347 319/344/344 321/346/346
f 320/345/345 322/347/347 321/346/346
f 322/347/347 242/267/267 246/271/271
f 316/341/341 323/348/348 320/345/345
f 322/347/347 320/345/345 323/348/348
f 323/348/348 316/341/341 314/339/339
f 295/320/320 242/267/267 322/347/347
f 314/339/339 324/349/349 323/348/348
f 322/347/347 323/348/348 324/349/349
f 324/349/349 314/339/339 313/338/338
f 325/350/350 322/347/347 324/349/349
f 326/351/351 322/347/347 325/350/350
f 324/349/349 326/351/351 325/350/350
f 295/320/320 322/347/347 326/351/351
f 313/338/338 327/352/352 324/349/349
f 326/351/351 324/349/349 327/352/352
f 295/320/320 326/351/351 328/353/353
f 327/352/352 328/353/353 326/351/351
f 328/353/353 297/322/322 295/320/320
f 313/338/338 329/354/354 327/352/352
f 313/338/338 307/332/332 329/354/354
f 303/328/328 329/354/354 307/332/332
f 328/353/353 327/352/352 330/355/355
f 330/355/355 297/322/322 328/353/353
f 327/352/352 329/354/354 330/355/355
f 330/355/355 298/323/323 297/322/322
f 329/354/354 303/328/328 331/356/356
f 329/354/354 331/356/356 330/355/355
f 298/323/323 331/356/356 303/328/328
f 298/323/323 330/355/355 331/356/356
f 2/357/357 216/358/358 3/359/359
f 2/357/357 332/360/360 216/358/358
f 332/360/360 220/361/361 216/358/358
f 5/362/362 332/360/360 2/357/357
f 220/361/361 332/360/360 333/363/363
f 333/363/363 261/364/364 220/361/361
f 332/360/360 5/362/362 334/365/365
f 334/365/365 333/363/363 332/360/360
f 261/364/364 333/363/363 335/366/366
f 263/367/367 261/364/364 335/366/366
f 333/363/363 334/365/365 336/368/368
f 336/368/368 335/366/366 333/363/363
f 5/362/362 337/369/369 334/365/365
f 337/369/369 5/362/362 10/370/370
f 334/365/365 338/371/371 336/368/368
f 338/371/371 334/365/365 337/369/369
f 335/366/366 336/368/368 339/372/372
f 10/370/370 340/373/373 337/369/369
f 340/373/373 10/370/370 11/374/374
f 19/375/375 340/373/373 11/374/374
f 337/369/369 341/376/376 338/371/371
f 341/376/376 337/369/369 340/373/373
f 342/377/377 336/368/368 338/371/371
f 336/368/368 342/377/377 339/372/372
f 343/378/378 338/371/371 341/376/376
f 338/371/371 343/378/378 342/377/377
f 340/373/373 344/379/379 341/376/376
f 344/379/379 343/378/378 341/376/376
f 340/373/373 19/375/375 345/380/380
f 344/379/379 340/373/373 345/380/380
f 19/375/375 346/381/381 345/380/380
f 346/381/381 19/375/375 20/382/382
f 37/383/383 346/381/381 20/382/382
f 345/380/380 347/384/384 344/379/379
f 347/384/384 345/380/380 346/381/381
f 346/381/381 37/383/383 348/385/385
f 39/386/386 348/385/385 37/383/383
f 349/387/387 346/381/381 348/385/385
f 347/384/384 346/381/381 349/387/387
f 348/385/385 39/386/386 350/388/388
f 349/387/387 348/385/385 350/388/388
f 42/389/389 350/388/388 39/386/386
f 347/384/384 351/390/390 344/379/379
f 343/378/378 344/379/379 351/390/390
f 352/391/391 347/384/384 349/387/387
f 351/390/390 347/384/384 353/392/392
f 353/392/392 347/384/384 352/391/391
f 351/390/390 354/393/393 343/378/378
f 354/393/393 351/390/390 353/392/392
f 352/391/391 349/387/387 355/394/394
f 350/388/388 355/394/394 349/387/387
f 353/392/392 352/391/391 356/395/395
f 355/394/394 357/396/396 352/391/391
f 356/395/395 352/391/391 357/396/396
f 355/394/394 350/388/388 358/397/397
f 353/392/392 356/395/395 359/398/398
f 354/393/393 353/392/392 359/398/398
f 355/394/394 360/399/399 357/396/396
f 360/399/399 355/394/394 358/397/397
f 357/396/396 361/400/400 356/395/395
f 360/399/399 361/400/400 357/396/396
f 356/395/395 362/401/401 359/398/398
f 361/400/400 363/402/402 356/395/395
f 362/401/401 356/395/395 363/402/402
f 359/398/398 362/401/401 364/403/403
f 364/403/403 354/393/393 359/398/398
f 363/402/402 365/404/404 362/401/401
f 365/404/404 364/403/403 362/401/401
f 361/400/400 366/405/405 363/402/402
f 365/404/404 363/402/402 367/406/406
f 366/405/405 367/406/406 363/402/402
f 364/403/403 365/404/404 368/407/407
f 369/408/408 366/405/405 361/400/400
f 361/400/400 360/399/399 369/408/408
f 368/407/407 365/404/404 370/409/409
f 367/406/406 370/409/409 365/404/404
f 371/410/410 364/403/403 368/407/407
f 370/409/409 372/411/411 368/407/407
f 371/410/410 368/407/407 372/411/411
f 364/403/403 371/410/410 373/412/412
f 373/412/412 354/393/393 364/403/403
f 372/411/411 374/413/413 371/410/410
f 354/393/393 373/412/412 375/414/414
f 354/393/393 375/414/414 343/378/378
f 375/414/414 342/377/377 343/378/378
f 373/412/412 371/410/410 376/415/415
f 374/413/413 376/415/415 371/410/410
f 375/414/414 373/412/412 377/416/416
f 376/415/415 377/416/416 373/412/412
f 342/377/377 375/414/414 378/417/417
f 377/416/416 378/417/417 375/414/414
f 379/418/418 342/377/377 378/417/417
f 342/377/377 379/418/418 339/372/372
f 339/372/372 379/418/418 335/366/366
f 378/417/417 377/416/416 380/419/419
f 378/417/417 380/419/419 379/418/418
f 379/418/418 381/420/420 335/366/366
f 380/419/419 381/420/420 379/418/418
f 335/366/366 381/420/420 263/367/367
f 266/421/421 263/367/367 381/420/420
f 381/420/420 382/422/422 266/421/421
f 381/420/420 380/419/419 382/422/422
f 194/423/423 266/421/421 382/422/422
f 380/419/419 383/424/424 382/422/422
f 382/422/422 383/424/424 194/423/423
f 377/416/416 384/425/425 380/419/419
f 383/424/424 380/419/419 384/425/425
f 384/425/425 377/416/416 376/415/415
f 385/426/426 194/423/423 383/424/424
f 194/423/423 385/426/426 191/427/427
f 386/428/428 384/425/425 376/415/415
f 376/415/415 374/413/413 386/428/428
f 384/425/425 387/429/429 383/424/424
f 384/425/425 386/428/428 387/429/429
f 387/429/429 385/426/426 383/424/424
f 374/413/413 388/430/430 386/428/428
f 388/430/430 387/429/429 386/428/428
f 389/431/431 191/427/427 385/426/426
f 389/431/431 385/426/426 387/429/429
f 191/427/427 389/431/431 190/432/432
f 390/433/433 388/430/430 374/413/413
f 372/411/411 390/433/433 374/413/413
f 390/433/433 372/411/411 370/409/409
f 388/430/430 390/433/433 391/434/434
f 370/409/409 391/434/434 390/433/433
f 387/429/429 388/430/430 392/435/435
f 387/429/429 392/435/435 393/436/436
f 389/431/431 387/429/429 393/436/436
f 392/435/435 388/430/430 394/437/437
f 388/430/430 391/434/434 394/437/437
f 393/436/436 392/435/435 395/438/438
f 392/435/435 394/437/437 395/438/438
f 396/439/439 389/431/431 393/436/436
f 396/439/439 393/436/436 395/438/438
f 389/431/431 396/439/439 397/440/440
f 397/440/440 190/432/432 389/431/431
f 395/438/438 398/441/441 396/439/439
f 190/432/432 397/440/440 399/442/442
f 399/442/442 173/190/190 190/432/432
f 397/440/440 396/439/439 400/443/443
f 398/441/441 400/443/443 396/439/439
f 397/440/440 401/444/444 399/442/442
f 401/444/444 397/440/440 400/443/443
f 173/190/190 399/442/442 402/445/445
f 401/444/444 402/445/445 399/442/442
f 172/189/189 173/190/190 402/445/445
f 403/446/446 172/189/189 402/445/445
f 402/445/445 401/444/444 403/446/446
f 172/189/189 403/446/446 156/173/173
f 400/443/443 404/447/447 401/444/444
f 404/447/447 403/446/446 401/444/444
f 405/448/448 156/173/173 403/446/446
f 403/446/446 404/447/447 405/448/448
f 156/173/173 405/448/448 154/171/171
f 404/447/447 400/443/443 406/449/449
f 398/441/441 406/449/449 400/443/443
f 846/450/450 154/171/171 405/448/448
f 154/171/171 846/450/450 845/169/169
f 405/448/448 404/447/447 847/451/451
f 846/450/450 405/448/448 847/451/451
f 407/452/452 404/447/447 406/449/449
f 404/447/447 407/452/452 847/451/451
f 406/449/449 398/441/441 408/453/453
f 406/449/449 409/454/454 407/452/452
f 409/454/454 406/449/449 408/453/453
f 408/453/453 398/441/441 410/455/455
f 410/455/455 409/454/454 408/453/453
f 398/441/441 411/456/456 410/455/455
f 398/441/441 395/438/438 411/456/456
f 395/438/438 394/437/437 411/456/456
f 409/454/454 410/455/455 412/457/457
f 411/456/456 394/437/437 413/458/458
f 412/457/457 414/459/459 409/454/454
f 407/452/452 409/454/454 414/459/459
f 394/437/437 415/460/460 413/458/458
f 415/460/460 394/437/437 391/434/434
f 416/461/461 411/456/456 413/458/458
f 415/460/460 416/461/461 413/458/458
f 411/456/456 416/461/461 410/455/455
f 391/434/434 417/462/462 415/460/460
f 418/463/463 410/455/455 416/461/461
f 410/455/455 418/463/463 412/457/457
f 416/461/461 415/460/460 419/464/464
f 417/462/462 419/464/464 415/460/460
f 416/461/461 420/465/465 418/463/463
f 420/465/465 416/461/461 419/464/464
f 421/466/466 412/457/457 418/463/463
f 421/466/466 414/459/459 412/457/457
f 420/465/465 422/467/467 418/463/463
f 422/467/467 421/466/466 418/463/463
f 419/464/464 423/468/468 420/465/465
f 424/469/469 422/467/467 420/465/465
f 420/465/465 423/468/468 424/469/469
f 423/468/468 419/464/464 425/470/470
f 419/464/464 417/462/462 425/470/470
f 426/471/471 423/468/468 425/470/470
f 426/471/471 424/469/469 423/468/468
f 417/462/462 427/472/472 425/470/470
f 426/471/471 425/470/470 427/472/472
f 417/462/462 391/434/434 428/473/473
f 391/434/434 370/409/409 428/473/473
f 429/474/474 417/462/462 428/473/473
f 427/472/472 417/462/462 429/474/474
f 370/409/409 430/475/475 428/473/473
f 429/474/474 428/473/473 430/475/475
f 430/475/475 370/409/409 431/476/476
f 370/409/409 367/406/406 431/476/476
f 432/477/477 429/474/474 430/475/475
f 367/406/406 433/478/478 431/476/476
f 367/406/406 366/405/405 433/478/478
f 434/479/479 427/472/472 429/474/474
f 434/479/479 429/474/474 432/477/477
f 435/480/480 427/472/472 434/479/479
f 435/480/480 426/471/471 427/472/472
f 432/477/477 436/481/481 434/479/479
f 436/481/481 435/480/480 434/479/479
f 432/477/477 430/475/475 437/482/482
f 437/482/482 430/475/475 431/476/476
f 436/481/481 432/477/477 438/483/483
f 438/483/483 432/477/477 437/482/482
f 426/471/471 435/480/480 439/484/484
f 424/469/469 426/471/471 439/484/484
f 435/480/480 436/481/481 440/485/485
f 439/484/484 441/486/486 424/469/469
f 435/480/480 442/487/487 439/484/484
f 435/480/480 440/485/485 442/487/487
f 441/486/486 439/484/484 443/488/488
f 442/487/487 443/488/488 439/484/484
f 424/469/469 441/486/486 444/489/489
f 444/489/489 422/467/467 424/469/469
f 443/488/488 848/490/490 441/486/486
f 441/486/486 848/490/490 444/489/489
f 422/467/467 444/489/489 445/491/491
f 422/467/467 445/491/491 421/466/466
f 848/490/490 849/492/492 444/489/489
f 849/492/492 445/491/491 444/489/489
f 445/491/491 850/493/493 421/466/466
f 445/491/491 849/492/492 851/494/494
f 851/494/494 850/493/493 445/491/491
f 852/495/495 421/466/466 850/493/493
f 421/466/466 852/495/495 414/459/459
f 850/493/493 851/494/494 853/496/496
f 849/492/492 854/497/497 851/494/494
f 851/494/494 854/497/497 853/496/496
f 850/493/493 855/498/498 852/495/495
f 855/498/498 850/493/493 853/496/496
f 854/497/497 849/492/492 856/499/499
f 848/490/490 856/499/499 849/492/492
f 853/496/496 854/497/497 857/500/500
f 856/499/499 848/490/490 858/501/501
f 853/496/496 859/502/502 855/498/498
f 859/502/502 853/496/496 857/500/500
f 854/497/497 856/499/499 860/503/503
f 857/500/500 854/497/497 860/503/503
f 861/504/504 858/501/501 848/490/490
f 848/490/490 443/488/488 861/504/504
f 858/501/501 862/505/505 856/499/499
f 863/506/506 861/504/504 443/488/488
f 443/488/488 442/487/487 863/506/506
f 858/501/501 861/504/504 864/507/507
f 864/507/507 862/505/505 858/501/501
f 861/504/504 863/506/506 865/508/508
f 865/508/508 864/507/507 861/504/504
f 446/509/509 863/506/506 442/487/487
f 440/485/485 446/509/509 442/487/487
f 866/510/510 865/508/508 863/506/506
f 863/506/506 446/509/509 866/510/510
f 864/507/507 865/508/508 867/511/511
f 865/508/508 866/510/510 868/512/512
f 868/512/512 867/511/511 865/508/508
f 866/510/510 446/509/509 869/513/513
f 869/513/513 868/512/512 866/510/510
f 867/511/511 870/514/514 864/507/507
f 862/505/505 864/507/507 870/514/514
f 867/511/511 868/512/512 871/515/515
f 870/514/514 867/511/511 872/516/516
f 871/515/515 872/516/516 867/511/511
f 870/514/514 873/517/517 862/505/505
f 874/518/518 871/515/515 868/512/512
f 868/512/512 869/513/513 874/518/518
f 872/516/516 875/519/519 870/514/514
f 873/517/517 870/514/514 875/519/519
f 872/516/516 871/515/515 876/520/520
f 872/516/516 877/521/521 875/519/519
f 876/520/520 877/521/521 872/516/516
f 878/522/522 876/520/520 871/515/515
f 871/515/515 874/518/518 878/522/522
f 876/520/520 879/523/523 877/521/521
f 876/520/520 878/522/522 880/524/524
f 880/524/524 879/523/523 876/520/520
f 874/518/518 881/525/525 878/522/522
f 878/522/522 882/526/526 880/524/524
f 882/526/526 878/522/522 881/525/525
f 879/523/523 880/524/524 883/527/527
f 881/525/525 874/518/518 884/528/528
f 869/513/513 884/528/528 874/518/518
f 880/524/524 885/529/529 883/527/527
f 885/529/529 880/524/524 882/526/526
f 883/527/527 886/530/530 879/523/523
f 887/531/531 885/529/529 882/526/526
f 886/530/530 883/527/527 888/532/532
f 885/529/529 888/532/532 883/527/527
f 886/530/530 889/533/533 879/523/523
f 879/523/523 889/533/533 877/521/521
f 889/533/533 886/530/530 890/534/534
f 877/521/521 889/533/533 891/535/535
f 877/521/521 891/535/535 875/519/519
f 890/534/534 892/536/536 889/533/533
f 892/536/536 891/535/535 889/533/533
f 893/537/537 890/534/534 886/530/530
f 886/530/530 888/532/532 893/537/537
f 894/538/538 892/536/536 890/534/534
f 893/537/537 894/538/538 890/534/534
f 895/539/539 875/519/519 891/535/535
f 875/519/519 895/539/539 873/517/517
f 896/540/540 891/535/535 892/536/536
f 891/535/535 896/540/540 895/539/539
f 892/536/536 894/538/538 897/541/541
f 897/541/541 896/540/540 892/536/536
f 896/540/540 898/542/542 895/539/539
f 898/542/542 873/517/517 895/539/539
f 897/541/541 899/543/543 896/540/540
f 898/542/542 896/540/540 899/543/543
f 873/517/517 898/542/542 900/544/544
f 901/545/545 899/543/543 897/541/541
f 902/546/546 873/517/517 900/544/544
f 902/546/546 862/505/505 873/517/517
f 856/499/499 862/505/505 902/546/546
f 856/499/499 902/546/546 860/503/503
f 903/547/547 902/546/546 900/544/544
f 902/546/546 903/547/547 860/503/503
f 898/542/542 904/548/548 900/544/544
f 903/547/547 900/544/544 904/548/548
f 903/547/547 905/549/549 860/503/503
f 857/500/500 860/503/503 905/549/549
f 905/549/549 903/547/547 906/550/550
f 906/550/550 903/547/547 904/548/548
f 907/551/551 857/500/500 905/549/549
f 906/550/550 907/551/551 905/549/549
f 857/500/500 907/551/551 859/502/502
f 908/552/552 906/550/550 904/548/548
f 904/548/548 898/542/542 909/553/553
f 908/552/552 904/548/548 909/553/553
f 909/553/553 898/542/542 899/543/543
f 906/550/550 908/552/552 910/554/554
f 899/543/543 911/555/555 909/553/553
f 899/543/543 901/545/545 911/555/555
f 909/553/553 912/556/556 908/552/552
f 912/556/556 910/554/554 908/552/552
f 913/557/557 909/553/553 911/555/555
f 909/553/553 913/557/557 912/556/556
f 914/558/558 911/555/555 901/545/545
f 911/555/555 914/558/558 913/557/557
f 915/559/559 912/556/556 913/557/557
f 914/558/558 915/559/559 913/557/557
f 910/554/554 912/556/556 916/560/560
f 912/556/556 915/559/559 916/560/560
f 901/545/545 917/561/561 914/558/558
f 901/545/545 897/541/541 917/561/561
f 914/558/558 918/562/562 915/559/559
f 914/558/558 917/561/561 918/562/562
f 919/563/563 915/559/559 918/562/562
f 917/561/561 897/541/541 920/564/564
f 920/564/564 897/541/541 894/538/538
f 921/565/565 918/562/562 917/561/561
f 921/565/565 919/563/563 918/562/562
f 920/564/564 922/566/566 917/561/561
f 917/561/561 922/566/566 921/565/565
f 923/567/567 920/564/564 894/538/538
f 923/567/567 894/538/538 893/537/537
f 924/568/568 923/567/567 893/537/537
f 924/568/568 893/537/537 888/532/532
f 920/564/564 923/567/567 925/569/569
f 926/570/570 923/567/567 924/568/568
f 925/569/569 923/567/567 926/570/570
f 888/532/532 927/571/571 924/568/568
f 924/568/568 927/571/571 926/570/570
f 927/571/571 888/532/532 928/572/572
f 885/529/529 928/572/572 888/532/532
f 929/573/573 927/571/571 928/572/572
f 929/573/573 928/572/572 885/529/529
f 930/574/574 926/570/570 927/571/571
f 929/573/573 885/529/529 931/575/575
f 931/575/575 885/529/529 887/531/531
f 932/576/576 927/571/571 929/573/573
f 929/573/573 931/575/575 932/576/576
f 927/571/571 932/576/576 930/574/574
f 933/577/577 931/575/575 887/531/531
f 932/576/576 931/575/575 934/578/578
f 933/577/577 934/578/578 931/575/575
f 935/579/579 930/574/574 932/576/576
f 932/576/576 934/578/578 935/579/579
f 936/580/580 933/577/577 887/531/531
f 936/580/580 887/531/531 882/526/526
f 881/525/525 936/580/580 882/526/526
f 936/580/580 881/525/525 937/581/581
f 884/528/528 937/581/581 881/525/525
f 933/577/577 936/580/580 938/582/582
f 937/581/581 938/582/582 936/580/580
f 939/583/583 934/578/578 933/577/577
f 933/577/577 938/582/582 939/583/583
f 939/583/583 940/584/584 934/578/578
f 934/578/578 940/584/584 935/579/579
f 938/582/582 941/585/585 939/583/583
f 941/585/585 938/582/582 942/586/586
f 943/587/587 939/583/583 941/585/585
f 944/588/588 942/586/586 938/582/582
f 938/582/582 937/581/581 944/588/588
f 942/586/586 944/588/588 945/589/589
f 939/583/583 943/587/587 946/590/590
f 939/583/583 946/590/590 940/584/584
f 947/591/591 946/590/590 943/587/587
f 946/590/590 948/592/592 940/584/584
f 946/590/590 947/591/591 948/592/592
f 940/584/584 948/592/592 935/579/579
f 949/593/593 948/592/592 947/591/591
f 935/579/579 948/592/592 950/594/594
f 948/592/592 949/593/593 951/595/595
f 951/595/595 950/594/594 948/592/592
f 949/593/593 952/596/596 951/595/595
f 952/596/596 949/593/593 953/597/597
f 950/594/594 951/595/595 954/598/598
f 952/596/596 954/598/598 951/595/595
f 955/599/599 935/579/579 950/594/594
f 950/594/594 954/598/598 955/599/599
f 935/579/579 955/599/599 930/574/574
f 953/597/597 956/600/600 952/596/596
f 956/600/600 953/597/597 957/601/601
f 954/598/598 952/596/596 958/602/602
f 957/601/601 447/603/603 956/600/600
f 447/603/603 957/601/601 448/604/604
f 959/605/605 952/596/596 956/600/600
f 959/605/605 956/600/600 447/603/603
f 952/596/596 959/605/605 958/602/602
f 449/606/606 447/603/603 448/604/604
f 954/598/598 958/602/602 960/607/607
f 955/599/599 954/598/598 960/607/607
f 960/607/607 958/602/602 961/608/608
f 959/605/605 961/608/608 958/602/602
f 962/609/609 955/599/599 960/607/607
f 961/608/608 962/609/609 960/607/607
f 963/610/610 930/574/574 955/599/599
f 955/599/599 962/609/609 963/610/610
f 930/574/574 963/610/610 926/570/570
f 926/570/570 963/610/610 925/569/569
f 925/569/569 963/610/610 964/611/611
f 925/569/569 964/611/611 920/564/564
f 963/610/610 965/612/612 964/611/611
f 965/612/612 963/610/610 962/609/609
f 964/611/611 966/613/613 920/564/564
f 964/611/611 965/612/612 966/613/613
f 922/566/566 920/564/564 966/613/613
f 965/612/612 967/614/614 966/613/613
f 967/614/614 922/566/566 966/613/613
f 962/609/609 968/615/615 965/612/612
f 965/612/612 968/615/615 967/614/614
f 922/566/566 967/614/614 969/616/616
f 969/616/616 921/565/565 922/566/566
f 969/616/616 967/614/614 970/617/617
f 967/614/614 968/615/615 970/617/617
f 921/565/565 969/616/616 971/618/618
f 969/616/616 970/617/617 972/619/619
f 969/616/616 972/619/619 971/618/618
f 921/565/565 971/618/618 973/620/620
f 919/563/563 921/565/565 973/620/620
f 971/618/618 972/619/619 974/621/621
f 973/620/620 971/618/618 975/622/622
f 974/621/621 975/622/622 971/618/618
f 972/619/619 970/617/617 976/623/623
f 972/619/619 450/624/624 974/621/621
f 972/619/619 976/623/623 450/624/624
f 976/623/623 970/617/617 451/625/625
f 968/615/615 451/625/625 970/617/617
f 450/624/624 976/623/623 452/626/626
f 451/625/625 452/626/626 976/623/623
f 974/621/621 450/624/624 453/627/627
f 452/626/626 451/625/625 454/628/628
f 450/624/624 455/629/629 453/627/627
f 450/624/624 452/626/626 456/630/630
f 455/629/629 450/624/624 456/630/630
f 974/621/621 453/627/627 457/631/631
f 453/627/627 455/629/629 458/632/632
f 453/627/627 458/632/632 457/631/631
f 456/630/630 459/633/633 455/629/629
f 459/633/633 458/632/632 455/629/629
f 457/631/631 977/634/634 974/621/621
f 975/622/622 974/621/621 977/634/634
f 458/632/632 460/635/635 457/631/631
f 461/636/636 977/634/634 457/631/631
f 457/631/631 460/635/635 461/636/636
f 975/622/622 977/634/634 978/637/637
f 977/634/634 461/636/636 978/637/637
f 460/635/635 458/632/632 462/638/638
f 458/632/632 459/633/633 462/638/638
f 463/639/639 461/636/636 460/635/635
f 462/638/638 464/640/640 460/635/635
f 463/639/639 460/635/635 464/640/640
f 459/633/633 465/641/641 462/638/638
f 464/640/640 462/638/638 465/641/641
f 461/636/636 463/639/639 466/642/642
f 466/642/642 978/637/637 461/636/636
f 463/639/639 464/640/640 467/643/643
f 978/637/637 979/644/644 975/622/622
f 979/644/644 973/620/620 975/622/622
f 978/637/637 466/642/642 980/645/645
f 979/644/644 978/637/637 980/645/645
f 468/646/646 466/642/642 463/639/639
f 973/620/620 979/644/644 981/647/647
f 466/642/642 468/646/646 469/648/648
f 469/648/648 980/645/645 466/642/642
f 982/649/649 981/647/647 979/644/644
f 980/645/645 982/649/649 979/644/644
f 983/650/650 973/620/620 981/647/647
f 919/563/563 973/620/620 983/650/650
f 981/647/647 982/649/649 984/651/651
f 984/651/651 983/650/650 981/647/647
f 980/645/645 985/652/652 982/649/649
f 982/649/649 986/653/653 984/651/651
f 986/653/653 982/649/649 985/652/652
f 985/652/652 980/645/645 987/654/654
f 980/645/645 469/648/648 987/654/654
f 986/653/653 985/652/652 988/655/655
f 985/652/652 987/654/654 989/656/656
f 988/655/655 985/652/652 989/656/656
f 990/657/657 987/654/654 469/648/648
f 987/654/654 990/657/657 989/656/656
f 990/657/657 469/648/648 470/658/658
f 470/658/658 469/648/648 468/646/646
f 990/657/657 991/659/659 989/656/656
f 470/658/658 992/660/660 990/657/657
f 991/659/659 990/657/657 992/660/660
f 993/661/661 989/656/656 991/659/659
f 988/655/655 989/656/656 993/661/661
f 992/660/660 994/662/662 991/659/659
f 994/662/662 993/661/661 991/659/659
f 992/660/660 470/658/658 471/663/663
f 995/664/664 988/655/655 993/661/661
f 472/665/665 471/663/663 470/658/658
f 470/658/658 468/646/646 472/665/665
f 995/664/664 996/666/666 988/655/655
f 996/666/666 986/653/653 988/655/655
f 997/667/667 995/664/664 993/661/661
f 993/661/661 994/662/662 997/667/667
f 998/668/668 986/653/653 996/666/666
f 998/668/668 984/651/651 986/653/653
f 999/669/669 996/666/666 995/664/664
f 984/651/651 998/668/668 1000/670/670
f 983/650/650 984/651/651 1000/670/670
f 1001/671/671 998/668/668 996/666/666
f 999/669/669 1001/671/671 996/666/666
f 1000/670/670 1002/672/672 983/650/650
f 1003/673/673 999/669/669 995/664/664
f 995/664/664 997/667/667 1003/673/673
f 1004/674/674 983/650/650 1002/672/672
f 983/650/650 1004/674/674 919/563/563
f 915/559/559 919/563/563 1004/674/674
f 1004/674/674 916/560/560 915/559/559
f 1005/675/675 1004/674/674 1002/672/672
f 1006/676/676 916/560/560 1004/674/674
f 1005/675/675 1006/676/676 1004/674/674
f 1007/677/677 916/560/560 1006/676/676
f 1007/677/677 910/554/554 916/560/560
f 1008/678/678 1006/676/676 1005/675/675
f 1006/676/676 1008/678/678 1007/677/677
f 1009/679/679 910/554/554 1007/677/677
f 1009/679/679 1007/677/677 1008/678/678
f 1009/679/679 906/550/550 910/554/554
f 907/551/551 906/550/550 1009/679/679
f 1010/680/680 1005/675/675 1002/672/672
f 1002/672/672 1000/670/670 1010/680/680
f 1005/675/675 1010/680/680 1011/681/681
f 1011/681/681 1008/678/678 1005/675/675
f 1000/670/670 1012/682/682 1010/680/680
f 1012/682/682 1011/681/681 1010/680/680
f 998/668/668 1012/682/682 1000/670/670
f 1008/678/678 1011/681/681 1013/683/683
f 1009/679/679 1008/678/678 1013/683/683
f 1011/681/681 1014/684/684 1013/683/683
f 1011/681/681 1012/682/682 1014/684/684
f 1015/685/685 1009/679/679 1013/683/683
f 1014/684/684 1015/685/685 1013/683/683
f 1015/685/685 907/551/551 1009/679/679
f 1015/685/685 1014/684/684 1016/686/686
f 1016/686/686 1014/684/684 1012/682/682
f 907/551/551 1015/685/685 1017/687/687
f 1015/685/685 1016/686/686 1017/687/687
f 859/502/502 907/551/551 1017/687/687
f 1018/688/688 859/502/502 1017/687/687
f 1018/688/688 1017/687/687 1016/686/686
f 1018/688/688 855/498/498 859/502/502
f 855/498/498 1018/688/688 1019/689/689
f 1019/689/689 852/495/495 855/498/498
f 1016/686/686 1020/690/690 1018/688/688
f 1020/690/690 1019/689/689 1018/688/688
f 852/495/495 1019/689/689 1021/691/691
f 1021/691/691 414/459/459 852/495/495
f 1019/689/689 1020/690/690 1022/692/692
f 1021/691/691 1019/689/689 1022/692/692
f 414/459/459 1021/691/691 1023/693/693
f 407/452/452 414/459/459 1023/693/693
f 847/451/451 407/452/452 1023/693/693
f 1021/691/691 847/451/451 1023/693/693
f 847/451/451 1021/691/691 1024/694/694
f 1022/692/692 1024/694/694 1021/691/691
f 1025/695/695 847/451/451 1024/694/694
f 1022/692/692 1025/695/695 1024/694/694
f 846/450/450 847/451/451 1025/695/695
f 1025/695/695 1022/692/692 1026/696/696
f 1022/692/692 1020/690/690 1026/696/696
f 846/450/450 1025/695/695 1027/697/697
f 845/169/169 846/450/450 1027/697/697
f 1025/695/695 1028/698/698 1027/697/697
f 1028/698/698 1025/695/695 1026/696/696
f 845/169/169 1027/697/697 1029/699/699
f 1028/698/698 1029/699/699 1027/697/697
f 1030/700/700 845/169/169 1029/699/699
f 845/169/169 1030/700/700 843/166/166
f 843/166/166 1030/700/700 844/168/168
f 1029/699/699 1028/698/698 1031/701/701
f 1031/701/701 1030/700/700 1029/699/699
f 1026/696/696 1032/702/702 1028/698/698
f 1031/701/701 1028/698/698 1032/702/702
f 1032/702/702 1026/696/696 1033/703/703
f 1026/696/696 1020/690/690 1033/703/703
f 1031/701/701 1032/702/702 1034/704/704
f 1035/705/705 1033/703/703 1020/690/690
f 1020/690/690 1016/686/686 1035/705/705
f 1012/682/682 1035/705/705 1016/686/686
f 1033/703/703 1036/706/706 1032/702/702
f 1036/706/706 1033/703/703 1035/705/705
f 1036/706/706 1034/704/704 1032/702/702
f 1037/707/707 1035/705/705 1012/682/682
f 1035/705/705 1037/707/707 1036/706/706
f 1012/682/682 998/668/668 1037/707/707
f 1037/707/707 998/668/668 1001/671/671
f 1036/706/706 1037/707/707 1001/671/671
f 1001/671/671 1038/708/708 1036/706/706
f 1034/704/704 1036/706/706 1038/708/708
f 1038/708/708 1001/671/671 999/669/669
f 1039/709/709 1031/701/701 1034/704/704
f 1030/700/700 1031/701/701 1039/709/709
f 1038/708/708 1040/710/710 1034/704/704
f 1039/709/709 1034/704/704 1040/710/710
f 1041/711/711 1038/708/708 999/669/669
f 999/669/669 1003/673/673 1041/711/711
f 1040/710/710 1038/708/708 1042/712/712
f 1038/708/708 1041/711/711 1042/712/712
f 1040/710/710 1042/712/712 1043/713/713
f 1041/711/711 1043/713/713 1042/712/712
f 1044/714/714 1039/709/709 1040/710/710
f 1043/713/713 1044/714/714 1040/710/710
f 1030/700/700 1039/709/709 1045/715/715
f 1039/709/709 1044/714/714 1045/715/715
f 1045/715/715 844/168/168 1030/700/700
f 1045/715/715 1046/716/716 844/168/168
f 838/155/155 844/168/168 1046/716/716
f 1045/715/715 1044/714/714 1047/717/717
f 1046/716/716 1045/715/715 1047/717/717
f 1043/713/713 1048/718/718 1044/714/714
f 1048/718/718 1047/717/717 1044/714/714
f 1049/719/719 838/155/155 1046/716/716
f 1050/720/720 1046/716/716 1047/717/717
f 1046/716/716 1050/720/720 1049/719/719
f 1051/721/721 1047/717/717 1048/718/718
f 1047/717/717 1051/721/721 1050/720/720
f 1048/718/718 1043/713/713 1052/722/722
f 1048/718/718 1053/723/723 1051/721/721
f 1053/723/723 1048/718/718 1052/722/722
f 1054/724/724 1052/722/722 1043/713/713
f 1043/713/713 1041/711/711 1054/724/724
f 1052/722/722 1054/724/724 1055/725/725
f 1041/711/711 1056/726/726 1054/724/724
f 1056/726/726 1055/725/725 1054/724/724
f 1056/726/726 1041/711/711 1003/673/673
f 1057/727/727 1052/722/722 1055/725/725
f 1052/722/722 1057/727/727 1053/723/723
f 1055/725/725 1056/726/726 1058/728/728
f 1057/727/727 1055/725/725 1058/728/728
f 1059/729/729 1056/726/726 1003/673/673
f 1059/729/729 1058/728/728 1056/726/726
f 1003/673/673 997/667/667 1059/729/729
f 1057/727/727 1058/728/728 1060/730/730
f 997/667/667 1061/731/731 1059/729/729
f 1061/731/731 997/667/667 994/662/662
f 1058/728/728 1059/729/729 1062/732/732
f 1059/729/729 1061/731/731 1062/732/732
f 1058/728/728 1063/733/733 1060/730/730
f 1063/733/733 1058/728/728 1062/732/732
f 1064/734/734 1057/727/727 1060/730/730
f 1060/730/730 1063/733/733 1064/734/734
f 1057/727/727 1064/734/734 1065/735/735
f 1065/735/735 1053/723/723 1057/727/727
f 1064/734/734 1063/733/733 1066/736/736
f 1053/723/723 1065/735/735 1067/737/737
f 1067/737/737 1051/721/721 1053/723/723
f 1068/738/738 1065/735/735 1064/734/734
f 1064/734/734 1066/736/736 1068/738/738
f 1069/739/739 1067/737/737 1065/735/735
f 1065/735/735 1068/738/738 1069/739/739
f 1051/721/721 1067/737/737 1070/740/740
f 1070/740/740 1050/720/720 1051/721/721
f 1067/737/737 1069/739/739 1071/741/741
f 1071/741/741 1070/740/740 1067/737/737
f 943/742/742 1069/739/739 1068/738/738
f 941/743/743 1071/741/741 1069/739/739
f 1069/739/739 943/742/742 941/743/743
f 1071/741/741 941/743/743 942/744/744
f 1072/745/745 943/742/742 1068/738/738
f 1068/738/738 1066/736/736 1072/745/745
f 943/742/742 1072/745/745 947/746/746
f 942/744/744 1073/747/747 1071/741/741
f 1070/740/740 1071/741/741 1073/747/747
f 1073/747/747 942/744/744 945/748/748
f 1050/720/720 1070/740/740 1074/749/749
f 1073/747/747 1074/749/749 1070/740/740
f 1074/749/749 1049/719/719 1050/720/720
f 945/748/748 1075/750/750 1073/747/747
f 1074/749/749 1073/747/747 1075/750/750
f 1075/750/750 945/748/748 1076/751/751
f 1075/750/750 1076/751/751 834/126/126
f 834/126/126 833/125/125 1075/750/750
f 833/125/125 1074/749/749 1075/750/750
f 1074/749/749 833/125/125 1077/752/752
f 1049/719/719 1074/749/749 1077/752/752
f 830/121/121 1077/752/752 833/125/125
f 1077/752/752 830/121/121 1078/753/753
f 1078/753/753 1049/719/719 1077/752/752
f 830/121/121 832/123/123 1078/753/753
f 1049/719/719 1078/753/753 1079/754/754
f 832/123/123 1079/754/754 1078/753/753
f 838/155/155 1049/719/719 1079/754/754
f 1079/754/754 832/123/123 835/128/128
f 836/131/131 838/155/155 1079/754/754
f 1079/754/754 835/128/128 836/131/131
f 947/746/746 1080/755/755 949/756/756
f 1080/755/755 947/746/746 1072/745/745
f 1080/755/755 953/757/757 949/756/756
f 1072/745/745 1081/758/758 1080/755/755
f 1066/736/736 1081/758/758 1072/745/745
f 1080/755/755 1082/759/759 953/757/757
f 1081/758/758 1082/759/759 1080/755/755
f 1063/733/733 1081/758/758 1066/736/736
f 1082/759/759 957/760/760 953/757/757
f 1081/758/758 1063/733/733 1083/761/761
f 1062/732/732 1083/761/761 1063/733/733
f 1082/759/759 473/762/762 957/760/760
f 473/762/762 448/763/763 957/760/760
f 1083/761/761 1062/732/732 1084/764/764
f 1062/732/732 1061/731/731 1084/764/764
f 473/762/762 474/765/765 448/763/763
f 1061/731/731 1085/766/766 1084/764/764
f 994/662/662 1085/766/766 1061/731/731
f 474/765/765 473/762/762 475/767/767
f 473/762/762 1082/759/759 475/767/767
f 1085/766/766 994/662/662 1086/768/768
f 994/662/662 992/660/660 1086/768/768
f 1084/764/764 1085/766/766 1087/769/769
f 476/770/770 1086/768/768 992/660/660
f 471/663/663 476/770/770 992/660/660
f 1086/768/768 477/771/771 1085/766/766
f 1085/766/766 477/771/771 1087/769/769
f 1086/768/768 476/770/770 478/772/772
f 477/771/771 1086/768/768 478/772/772
f 476/770/770 471/663/663 479/773/773
f 471/663/663 472/665/665 479/773/773
f 478/772/772 476/770/770 480/774/774
f 476/770/770 479/773/773 480/774/774
f 481/775/775 477/771/771 478/772/772
f 480/774/774 482/776/776 478/772/772
f 478/772/772 482/776/776 481/775/775
f 483/777/777 480/774/774 479/773/773
f 484/778/778 482/776/776 480/774/774
f 480/774/774 483/777/777 484/778/778
f 485/779/779 479/773/773 472/665/665
f 479/773/773 485/779/779 483/777/777
f 472/665/665 486/780/780 485/779/779
f 472/665/665 468/646/646 486/780/780
f 463/639/639 486/780/780 468/646/646
f 486/780/780 463/639/639 467/643/643
f 486/780/780 487/781/781 485/779/779
f 467/643/643 488/782/782 486/780/780
f 487/781/781 486/780/780 488/782/782
f 489/783/783 485/779/779 487/781/781
f 483/777/777 485/779/779 489/783/783
f 487/781/781 488/782/782 490/784/784
f 490/784/784 489/783/783 487/781/781
f 488/782/782 467/643/643 491/785/785
f 464/640/640 491/785/785 467/643/643
f 492/786/786 490/784/784 488/782/782
f 488/782/782 491/785/785 492/786/786
f 491/785/785 464/640/640 493/787/787
f 464/640/640 465/641/641 493/787/787
f 494/788/788 491/785/785 493/787/787
f 493/787/787 465/641/641 495/789/789
f 493/787/787 495/789/789 494/788/788
f 491/785/785 494/788/788 496/790/790
f 491/785/785 496/790/790 492/786/786
f 497/791/791 496/790/790 494/788/788
f 495/789/789 497/791/791 494/788/788
f 498/792/792 492/786/786 496/790/790
f 496/790/790 497/791/791 498/792/792
f 465/641/641 499/793/793 495/789/789
f 500/794/794 498/792/792 497/791/791
f 498/792/792 500/794/794 501/795/795
f 497/791/791 502/796/796 500/794/794
f 501/795/795 503/797/797 498/792/792
f 492/786/786 498/792/792 503/797/797
f 503/797/797 501/795/795 504/798/798
f 505/799/799 503/797/797 504/798/798
f 497/791/791 506/800/800 502/796/796
f 497/791/791 495/789/789 506/800/800
f 495/789/789 499/793/793 506/800/800
f 506/800/800 507/801/801 502/796/796
f 507/801/801 506/800/800 508/802/802
f 508/802/802 506/800/800 499/793/793
f 509/803/803 507/801/801 508/802/802
f 508/802/802 499/793/793 509/803/803
f 509/803/803 510/804/804 507/801/801
f 499/793/793 465/641/641 511/805/805
f 465/641/641 459/633/633 511/805/805
f 512/806/806 509/803/803 499/793/793
f 499/793/793 511/805/805 512/806/806
f 510/804/804 509/803/803 513/807/807
f 509/803/803 512/806/806 513/807/807
f 514/808/808 511/805/805 459/633/633
f 511/805/805 514/808/808 512/806/806
f 459/633/633 456/630/630 514/808/808
f 515/809/809 510/804/804 513/807/807
f 512/806/806 515/809/809 513/807/807
f 510/804/804 515/809/809 516/810/810
f 514/808/808 517/811/811 512/806/806
f 512/806/806 517/811/811 515/809/809
f 456/630/630 518/812/812 514/808/808
f 517/811/811 514/808/808 518/812/812
f 518/812/812 456/630/630 452/626/626
f 517/811/811 519/813/813 515/809/809
f 518/812/812 519/813/813 517/811/811
f 520/814/814 516/810/810 515/809/809
f 520/814/814 515/809/809 519/813/813
f 516/810/810 520/814/814 521/815/815
f 522/816/816 518/812/812 452/626/626
f 519/813/813 518/812/812 522/816/816
f 452/626/626 454/628/628 522/816/816
f 519/813/813 523/817/817 520/814/814
f 522/816/816 523/817/817 519/813/813
f 524/818/818 521/815/815 520/814/814
f 523/817/817 524/818/818 520/814/814
f 521/815/815 524/818/818 525/819/819
f 526/820/820 525/819/819 524/818/818
f 523/817/817 526/820/820 524/818/818
f 527/821/821 525/819/819 526/820/820
f 523/817/817 527/821/821 526/820/820
f 525/819/819 527/821/821 528/822/822
f 523/817/817 522/816/816 529/823/823
f 454/628/628 529/823/823 522/816/816
f 527/821/821 523/817/817 530/824/824
f 529/823/823 530/824/824 523/817/817
f 531/825/825 528/822/822 527/821/821
f 530/824/824 531/825/825 527/821/821
f 528/822/822 531/825/825 532/826/826
f 530/824/824 529/823/823 533/827/827
f 531/825/825 534/828/828 532/826/826
f 535/829/829 532/826/826 534/828/828
f 531/825/825 530/824/824 536/830/830
f 536/830/830 534/828/828 531/825/825
f 533/827/827 537/831/831 530/824/824
f 530/824/824 537/831/831 536/830/830
f 534/828/828 538/832/832 535/829/829
f 539/833/833 535/829/829 538/832/832
f 534/828/828 536/830/830 540/834/834
f 540/834/834 538/832/832 534/828/828
f 536/830/830 541/835/835 540/834/834
f 541/835/835 536/830/830 537/831/831
f 540/834/834 542/836/836 538/832/832
f 543/837/837 539/833/833 538/832/832
f 542/836/836 543/837/837 538/832/832
f 539/833/833 543/837/837 544/838/838
f 543/837/837 545/839/839 544/838/838
f 545/839/839 543/837/837 546/840/840
f 543/837/837 547/841/841 546/840/840
f 548/842/842 547/841/841 543/837/837
f 542/836/836 548/842/842 543/837/837
f 547/841/841 548/842/842 549/843/843
f 542/836/836 549/843/843 548/842/842
f 549/843/843 449/606/606 547/841/841
f 447/603/603 449/606/606 549/843/843
f 549/843/843 542/836/836 550/844/844
f 550/844/844 447/603/603 549/843/843
f 542/836/836 540/834/834 550/844/844
f 550/844/844 540/834/834 541/835/835
f 447/603/603 550/844/844 551/845/845
f 550/844/844 541/835/835 551/845/845
f 959/605/605 447/603/603 551/845/845
f 551/845/845 541/835/835 552/846/846
f 552/846/846 541/835/835 537/831/831
f 551/845/845 1088/847/847 959/605/605
f 1088/847/847 551/845/845 552/846/846
f 961/608/608 959/605/605 1088/847/847
f 552/846/846 537/831/831 553/848/848
f 1089/849/849 961/608/608 1088/847/847
f 962/609/609 961/608/608 1089/849/849
f 968/615/615 962/609/609 1089/849/849
f 554/850/850 1088/847/847 552/846/846
f 1089/849/849 1088/847/847 554/850/850
f 552/846/846 553/848/848 554/850/850
f 1089/849/849 554/850/850 968/615/615
f 553/848/848 537/831/831 555/851/851
f 554/850/850 553/848/848 555/851/851
f 555/851/851 537/831/831 533/827/827
f 529/823/823 555/851/851 533/827/827
f 968/615/615 554/850/850 556/852/852
f 555/851/851 556/852/852 554/850/850
f 968/615/615 556/852/852 557/853/853
f 556/852/852 555/851/851 557/853/853
f 451/625/625 968/615/615 557/853/853
f 557/853/853 454/628/628 451/625/625
f 555/851/851 529/823/823 558/854/854
f 558/854/854 557/853/853 555/851/851
f 529/823/823 454/628/628 558/854/854
f 454/628/628 557/853/853 558/854/854
f 546/855/855 559/856/856 545/857/857
f 559/856/856 546/855/855 560/858/858
f 560/858/858 561/859/859 559/856/856
f 560/858/858 546/855/855 562/860/860
f 562/860/860 546/855/855 547/861/861
f 562/860/860 547/861/861 449/862/862
f 561/859/859 560/858/858 563/863/863
f 563/863/863 564/864/864 561/859/859
f 565/865/865 560/858/858 562/860/860
f 563/863/863 560/858/858 565/865/865
f 564/864/864 563/863/863 566/866/866
f 563/863/863 565/865/865 566/866/866
f 564/864/864 566/866/866 567/867/867
f 566/866/866 565/865/865 568/868/868
f 566/866/866 568/868/868 567/867/867
f 569/869/869 567/867/867 568/868/868
f 567/867/867 569/869/869 570/870/870
f 568/868/868 565/865/865 571/871/871
f 571/871/871 569/869/869 568/868/868
f 572/872/872 570/870/870 569/869/869
f 570/870/870 572/872/872 573/873/873
f 569/869/869 574/874/874 572/872/872
f 574/874/874 569/869/869 571/871/871
f 572/872/872 575/875/875 573/873/873
f 574/874/874 575/875/875 572/872/872
f 575/875/875 576/876/876 573/873/873
f 577/877/877 576/876/876 575/875/875
f 578/878/878 576/876/876 577/877/877
f 574/874/874 579/879/879 575/875/875
f 579/879/879 577/877/877 575/875/875
f 580/880/880 578/878/878 577/877/877
f 579/879/879 581/881/881 577/877/877
f 580/880/880 577/877/877 581/881/881
f 582/882/882 578/878/878 580/880/880
f 582/882/882 580/880/880 581/881/881
f 578/878/878 582/882/882 583/883/883
f 584/884/884 581/881/881 579/879/879
f 584/884/884 579/879/879 574/874/874
f 582/882/882 585/885/885 583/883/883
f 583/883/883 585/885/885 505/799/799
f 585/885/885 503/797/797 505/799/799
f 581/881/881 586/886/886 582/882/882
f 586/886/886 585/885/885 582/882/882
f 587/887/887 503/797/797 585/885/885
f 585/885/885 586/886/886 587/887/887
f 587/887/887 492/786/786 503/797/797
f 587/887/887 490/784/784 492/786/786
f 586/886/886 581/881/881 588/888/888
f 588/888/888 581/881/881 584/884/884
f 589/889/889 587/887/887 586/886/886
f 587/887/887 589/889/889 490/784/784
f 588/888/888 589/889/889 586/886/886
f 489/783/783 490/784/784 589/889/889
f 590/890/890 589/889/889 588/888/888
f 589/889/889 590/890/890 489/783/783
f 590/890/890 588/888/888 584/884/884
f 489/783/783 590/890/890 483/777/777
f 484/778/778 483/777/777 590/890/890
f 591/891/891 484/778/778 590/890/890
f 584/884/884 591/891/891 590/890/890
f 484/778/778 591/891/891 592/892/892
f 482/776/776 484/778/778 592/892/892
f 593/893/893 482/776/776 592/892/892
f 591/891/891 593/893/893 592/892/892
f 593/893/893 481/775/775 482/776/776
f 591/891/891 584/884/884 594/894/894
f 593/893/893 591/891/891 594/894/894
f 595/895/895 594/894/894 584/884/884
f 574/874/874 595/895/895 584/884/884
f 571/871/871 595/895/895 574/874/874
f 593/893/893 594/894/894 596/896/896
f 596/896/896 481/775/775 593/893/893
f 595/895/895 597/897/897 594/894/894
f 597/897/897 596/896/896 594/894/894
f 595/895/895 571/871/871 598/898/898
f 598/898/898 597/897/897 595/895/895
f 481/775/775 596/896/896 599/899/899
f 600/900/900 596/896/896 597/897/897
f 600/900/900 599/899/899 596/896/896
f 598/898/898 601/901/901 597/897/897
f 601/901/901 600/900/900 597/897/897
f 571/871/871 602/902/902 598/898/898
f 602/902/902 571/871/871 565/865/865
f 565/865/865 562/860/860 602/902/902
f 598/898/898 603/903/903 601/901/901
f 602/902/902 603/903/903 598/898/898
f 600/900/900 601/901/901 604/904/904
f 603/903/903 604/904/904 601/901/901
f 605/905/905 600/900/900 604/904/904
f 605/905/905 599/899/899 600/900/900
f 604/904/904 603/903/903 606/906/906
f 602/902/902 606/906/906 603/903/903
f 607/907/907 605/905/905 604/904/904
f 606/906/906 607/907/907 604/904/904
f 608/908/908 599/899/899 605/905/905
f 609/909/909 605/905/905 607/907/907
f 605/905/905 609/909/909 608/908/908
f 610/910/910 607/907/907 606/906/906
f 609/909/909 607/907/907 610/910/910
f 611/911/911 606/906/906 602/902/902
f 606/906/906 611/911/911 610/910/910
f 602/902/902 612/912/912 611/911/911
f 602/902/902 562/860/860 612/912/912
f 562/860/860 449/862/862 612/912/912
f 612/912/912 449/862/862 448/763/763
f 448/763/763 474/765/765 612/912/912
f 611/911/911 612/912/912 613/913/913
f 612/912/912 474/765/765 613/913/913
f 613/913/913 610/910/910 611/911/911
f 613/913/913 474/765/765 475/767/767
f 610/910/910 613/913/913 614/914/914
f 613/913/913 475/767/767 614/914/914
f 609/909/909 610/910/910 614/914/914
f 1082/759/759 614/914/914 475/767/767
f 1090/915/915 609/909/909 614/914/914
f 614/914/914 1082/759/759 1090/915/915
f 1090/915/915 608/908/908 609/909/909
f 1082/759/759 1081/758/758 1090/915/915
f 1081/758/758 1091/916/916 1090/915/915
f 1091/916/916 608/908/908 1090/915/915
f 1091/916/916 1081/758/758 1083/761/761
f 1084/764/764 1091/916/916 1083/761/761
f 1091/916/916 1084/764/764 1087/769/769
f 1091/916/916 615/917/917 608/908/908
f 615/917/917 1091/916/916 1087/769/769
f 608/908/908 615/917/917 599/899/899
f 1087/769/769 477/771/771 615/917/917
f 615/917/917 481/775/775 599/899/899
f 477/771/771 481/775/775 615/917/917
f 616/918/918 51/919/919 54/920/920
f 51/919/919 616/918/918 617/921/921
f 617/921/921 46/922/922 51/919/919
f 46/922/922 617/921/921 618/923/923
f 619/924/924 46/922/922 618/923/923
f 46/922/922 619/924/924 43/925/925
f 619/924/924 42/389/389 43/925/925
f 42/389/389 619/924/924 620/926/926
f 350/388/388 42/389/389 620/926/926
f 358/397/397 350/388/388 620/926/926
f 621/927/927 620/926/926 619/924/924
f 620/926/926 621/927/927 358/397/397
f 618/923/923 621/927/927 619/924/924
f 622/928/928 358/397/397 621/927/927
f 358/397/397 622/928/928 360/399/399
f 621/927/927 618/923/923 623/929/929
f 623/929/929 622/928/928 621/927/927
f 623/929/929 618/923/923 624/930/930
f 624/930/930 618/923/923 617/921/921
f 622/928/928 623/929/929 625/931/931
f 617/921/921 626/932/932 624/930/930
f 626/932/932 617/921/921 616/918/918
f 627/933/933 623/929/929 624/930/930
f 623/929/929 627/933/933 625/931/931
f 627/933/933 624/930/930 626/932/932
f 628/934/934 622/928/928 625/931/931
f 627/933/933 628/934/934 625/931/931
f 629/935/935 360/399/399 622/928/928
f 622/928/928 628/934/934 629/935/935
f 360/399/399 629/935/935 369/408/408
f 626/932/932 630/936/936 627/933/933
f 631/937/937 627/933/933 630/936/936
f 627/933/933 631/937/937 632/938/938
f 628/934/934 627/933/933 632/938/938
f 633/939/939 632/938/938 631/937/937
f 632/938/938 634/940/940 628/934/934
f 632/938/938 633/939/939 634/940/940
f 634/940/940 635/941/941 628/934/934
f 628/934/934 635/941/941 629/935/935
f 633/939/939 636/942/942 634/940/940
f 634/940/940 636/942/942 635/941/941
f 636/942/942 633/939/939 637/943/943
f 635/941/941 638/944/944 629/935/935
f 637/943/943 639/945/945 636/942/942
f 639/945/945 637/943/943 640/946/946
f 636/942/942 641/947/947 635/941/941
f 635/941/941 641/947/947 638/944/944
f 636/942/942 642/948/948 641/947/947
f 642/948/948 636/942/942 639/945/945
f 641/947/947 643/949/949 638/944/944
f 641/947/947 642/948/948 643/949/949
f 644/950/950 629/935/935 638/944/944
f 629/935/935 644/950/950 369/408/408
f 366/405/405 369/408/408 644/950/950
f 638/944/944 645/951/951 644/950/950
f 644/950/950 645/951/951 366/405/405
f 645/951/951 638/944/944 643/949/949
f 645/951/951 433/478/478 366/405/405
f 646/952/952 645/951/951 643/949/949
f 643/949/949 642/948/948 646/952/952
f 645/951/951 647/953/953 433/478/478
f 647/953/953 645/951/951 646/952/952
f 433/478/478 647/953/953 431/476/476
f 647/953/953 646/952/952 648/954/954
f 648/954/954 431/476/476 647/953/953
f 648/954/954 646/952/952 642/948/948
f 437/482/482 431/476/476 648/954/954
f 437/482/482 648/954/954 642/948/948
f 649/955/955 437/482/482 642/948/948
f 649/955/955 642/948/948 639/945/945
f 437/482/482 649/955/955 438/483/483
f 649/955/955 650/956/956 438/483/483
f 650/956/956 436/481/481 438/483/483
f 651/957/957 649/955/955 639/945/945
f 650/956/956 649/955/955 651/957/957
f 436/481/481 650/956/956 652/958/958
f 652/958/958 440/485/485 436/481/481
f 651/957/957 653/959/959 650/956/956
f 653/959/959 652/958/958 650/956/956
f 654/960/960 651/957/957 639/945/945
f 639/945/945 640/946/946 654/960/960
f 654/960/960 640/946/946 655/961/961
f 656/962/962 651/957/957 654/960/960
f 654/960/960 655/961/961 656/962/962
f 651/957/957 656/962/962 653/959/959
f 655/961/961 657/963/963 656/962/962
f 110/964/964 657/963/963 655/961/961
f 657/963/963 110/964/964 109/965/965
f 658/966/966 653/959/959 656/962/962
f 656/962/962 657/963/963 658/966/966
f 657/963/963 109/965/965 659/967/967
f 658/966/966 657/963/963 659/967/967
f 659/967/967 109/965/965 115/968/968
f 115/968/968 660/969/969 659/967/967
f 660/969/969 658/966/966 659/967/967
f 660/969/969 115/968/968 829/970/970
f 658/966/966 661/971/971 653/959/959
f 652/958/958 653/959/959 661/971/971
f 658/966/966 660/969/969 662/972/972
f 661/971/971 658/966/966 662/972/972
f 660/969/969 829/970/970 1092/973/973
f 831/974/974 1092/973/973 829/970/970
f 661/971/971 663/975/975 652/958/958
f 440/485/485 652/958/958 663/975/975
f 663/975/975 446/509/509 440/485/485
f 663/975/975 661/971/971 664/976/976
f 664/976/976 661/971/971 662/972/972
f 446/509/509 663/975/975 665/977/977
f 664/976/976 665/977/977 663/975/975
f 665/977/977 869/513/513 446/509/509
f 664/976/976 1093/978/978 665/977/977
f 1093/978/978 869/513/513 665/977/977
f 662/972/972 1093/978/978 664/976/976
f 1093/978/978 1094/979/979 869/513/513
f 884/528/528 869/513/513 1094/979/979
f 1093/978/978 662/972/972 1095/980/980
f 1095/980/980 1094/979/979 1093/978/978
f 660/969/969 1095/980/980 662/972/972
f 660/969/969 1092/973/973 1095/980/980
f 1094/979/979 1095/980/980 1096/981/981
f 1092/973/973 1096/981/981 1095/980/980
f 1097/982/982 884/528/528 1094/979/979
f 1096/981/981 1097/982/982 1094/979/979
f 937/581/581 884/528/528 1097/982/982
f 1097/982/982 944/588/588 937/581/581
f 1092/973/973 1098/983/983 1096/981/981
f 1098/983/983 1097/982/982 1096/981/981
f 831/974/974 1098/983/983 1092/973/973
f 1098/983/983 831/974/974 834/984/984
f 944/588/588 1097/982/982 1099/985/985
f 1097/982/982 1098/983/983 1099/985/985
f 834/984/984 1099/985/985 1098/983/983
f 1099/985/985 945/589/589 944/588/588
f 1099/985/985 834/984/984 1076/986/986
f 945/589/589 1099/985/985 1076/986/986
f 525/987/987 666/988/988 521/989/989
f 528/990/990 666/988/988 525/987/987
f 521/989/989 666/988/988 516/991/991
f 532/992/992 666/988/988 528/990/990
f 516/991/991 666/988/988 510/993/993
f 510/993/993 666/988/988 667/994/994
f 510/993/993 667/994/994 507/995/995
f 502/996/996 507/995/995 667/994/994
f 532/992/992 668/997/997 666/988/988
f 668/997/997 667/994/994 666/988/988
f 669/998/998 502/996/996 667/994/994
f 669/998/998 667/994/994 668/997/997
f 670/999/999 502/996/996 669/998/998
f 670/999/999 500/1000/1000 502/996/996
f 501/1001/1001 500/1000/1000 670/999/999
f 668/997/997 532/992/992 671/1002/1002
f 671/1002/1002 532/992/992 535/1003/1003
f 671/1002/1002 535/1003/1003 539/1004/1004
f 668/997/997 672/1005/1005 669/998/998
f 671/1002/1002 672/1005/1005 668/997/997
f 669/998/998 672/1005/1005 670/999/999
f 671/1002/1002 539/1004/1004 673/1006/1006
f 673/1006/1006 672/1005/1005 671/1002/1002
f 539/1004/1004 674/1007/1007 673/1006/1006
f 674/1007/1007 672/1005/1005 673/1006/1006
f 674/1007/1007 539/1004/1004 544/1008/1008
f 544/1008/1008 675/1009/1009 674/1007/1007
f 675/1009/1009 672/1005/1005 674/1007/1007
f 675/1009/1009 544/1008/1008 545/1010/1010
f 545/1010/1010 676/1011/1011 675/1009/1009
f 676/1011/1011 672/1005/1005 675/1009/1009
f 676/1011/1011 545/1010/1010 559/1012/1012
f 670/999/999 672/1005/1005 677/1013/1013
f 501/1001/1001 670/999/999 677/1013/1013
f 677/1013/1013 678/1014/1014 501/1001/1001
f 677/1013/1013 672/1005/1005 678/1014/1014
f 678/1014/1014 504/1015/1015 501/1001/1001
f 679/1016/1016 504/1015/1015 678/1014/1014
f 678/1014/1014 672/1005/1005 679/1016/1016
f 504/1015/1015 679/1016/1016 505/1017/1017
f 680/1018/1018 505/1017/1017 679/1016/1016
f 679/1016/1016 672/1005/1005 680/1018/1018
f 680/1018/1018 583/1019/1019 505/1017/1017
f 680/1018/1018 578/1020/1020 583/1019/1019
f 681/1021/1021 672/1005/1005 676/1011/1011
f 680/1018/1018 672/1005/1005 681/1021/1021
f 578/1020/1020 680/1018/1018 682/1022/1022
f 682/1022/1022 576/1023/1023 578/1020/1020
f 680/1018/1018 683/1024/1024 682/1022/1022
f 683/1024/1024 576/1023/1023 682/1022/1022
f 683/1024/1024 680/1018/1018 681/1021/1021
f 576/1023/1023 683/1024/1024 573/1025/1025
f 683/1024/1024 570/1026/1026 573/1025/1025
f 681/1021/1021 684/1027/1027 683/1024/1024
f 683/1024/1024 684/1027/1027 570/1026/1026
f 684/1027/1027 681/1021/1021 676/1011/1011
f 684/1027/1027 676/1011/1011 559/1012/1012
f 570/1026/1026 684/1027/1027 567/1028/1028
f 559/1012/1012 561/1029/1029 684/1027/1027
f 567/1028/1028 684/1027/1027 564/1030/1030
f 564/1030/1030 684/1027/1027 561/1029/1029
f 685/1031/1031 631/1032/1032 630/1033/1033
f 630/1033/1033 626/932/932 685/1031/1031
f 631/1032/1032 685/1031/1031 686/1034/1034
f 686/1034/1034 633/1035/1035 631/1032/1032
f 626/932/932 687/1036/1036 685/1031/1031
f 626/932/932 616/918/918 687/1036/1036
f 633/1035/1035 686/1034/1034 688/1037/1037
f 688/1037/1037 637/1038/1038 633/1035/1035
f 689/1039/1039 686/1034/1034 685/1031/1031
f 637/1038/1038 688/1037/1037 690/1040/1040
f 691/1041/1041 688/1037/1037 686/1034/1034
f 686/1034/1034 689/1039/1039 691/1041/1041
f 690/1040/1040 688/1037/1037 692/1042/1042
f 691/1041/1041 692/1042/1042 688/1037/1037
f 690/1040/1040 693/1043/1043 637/1038/1038
f 637/1038/1038 693/1043/1043 640/1044/1044
f 693/1043/1043 655/1045/1045 640/1044/1044
f 692/1042/1042 694/1046/1046 690/1040/1040
f 693/1043/1043 690/1040/1040 694/1046/1046
f 655/1045/1045 693/1043/1043 695/1047/1047
f 693/1043/1043 694/1046/1046 696/1048/1048
f 695/1047/1047 693/1043/1043 696/1048/1048
f 692/1042/1042 697/1049/1049 694/1046/1046
f 697/1049/1049 696/1048/1048 694/1046/1046
f 698/1050/1050 655/1045/1045 695/1047/1047
f 655/1045/1045 698/1050/1050 110/1051/1051
f 695/1047/1047 696/1048/1048 699/1052/1052
f 699/1052/1052 698/1050/1050 695/1047/1047
f 700/1053/1053 110/1051/1051 698/1050/1050
f 107/1054/1054 110/1051/1051 700/1053/1053
f 698/1050/1050 699/1052/1052 701/1055/1055
f 701/1055/1055 700/1053/1053 698/1050/1050
f 702/1056/1056 107/1054/1054 700/1053/1053
f 68/1057/1057 107/1054/1054 702/1056/1056
f 700/1053/1053 701/1055/1055 703/1058/1058
f 703/1058/1058 702/1056/1056 700/1053/1053
f 699/1052/1052 704/1059/1059 701/1055/1055
f 703/1058/1058 701/1055/1055 704/1059/1059
f 699/1052/1052 696/1048/1048 705/1060/1060
f 704/1059/1059 699/1052/1052 705/1060/1060
f 696/1048/1048 706/1061/1061 705/1060/1060
f 696/1048/1048 697/1049/1049 706/1061/1061
f 705/1060/1060 706/1061/1061 707/1062/1062
f 697/1049/1049 707/1062/1062 706/1061/1061
f 704/1059/1059 705/1060/1060 708/1063/1063
f 705/1060/1060 707/1062/1062 708/1063/1063
f 704/1059/1059 709/1064/1064 703/1058/1058
f 710/1065/1065 704/1059/1059 708/1063/1063
f 709/1064/1064 704/1059/1059 710/1065/1065
f 708/1063/1063 707/1062/1062 711/1066/1066
f 710/1065/1065 708/1063/1063 712/1067/1067
f 708/1063/1063 711/1066/1066 712/1067/1067
f 710/1065/1065 713/1068/1068 709/1064/1064
f 707/1062/1062 714/1069/1069 711/1066/1066
f 713/1068/1068 710/1065/1065 715/1070/1070
f 712/1067/1067 715/1070/1070 710/1065/1065
f 714/1069/1069 707/1062/1062 716/1071/1071
f 707/1062/1062 697/1049/1049 716/1071/1071
f 717/1072/1072 712/1067/1067 711/1066/1066
f 714/1069/1069 717/1072/1072 711/1066/1066
f 718/1073/1073 715/1070/1070 712/1067/1067
f 712/1067/1067 717/1072/1072 718/1073/1073
f 719/1074/1074 716/1071/1071 697/1049/1049
f 697/1049/1049 692/1042/1042 719/1074/1074
f 691/1041/1041 719/1074/1074 692/1042/1042
f 716/1071/1071 719/1074/1074 720/1075/1075
f 719/1074/1074 691/1041/1041 721/1076/1076
f 689/1039/1039 721/1076/1076 691/1041/1041
f 719/1074/1074 722/1077/1077 720/1075/1075
f 722/1077/1077 719/1074/1074 721/1076/1076
f 723/1078/1078 716/1071/1071 720/1075/1075
f 716/1071/1071 723/1078/1078 714/1069/1069
f 724/1079/1079 720/1075/1075 722/1077/1077
f 720/1075/1075 724/1079/1079 723/1078/1078
f 723/1078/1078 725/1080/1080 714/1069/1069
f 717/1072/1072 714/1069/1069 725/1080/1080
f 726/1081/1081 723/1078/1078 724/1079/1079
f 725/1080/1080 723/1078/1078 727/1082/1082
f 723/1078/1078 726/1081/1081 727/1082/1082
f 728/1083/1083 717/1072/1072 725/1080/1080
f 729/1084/1084 725/1080/1080 727/1082/1082
f 725/1080/1080 729/1084/1084 728/1083/1083
f 730/1085/1085 727/1082/1082 726/1081/1081
f 727/1082/1082 730/1085/1085 729/1084/1084
f 731/1086/1086 726/1081/1081 724/1079/1079
f 731/1086/1086 730/1085/1085 726/1081/1081
f 732/1087/1087 724/1079/1079 722/1077/1077
f 731/1086/1086 724/1079/1079 732/1087/1087
f 722/1077/1077 733/1088/1088 732/1087/1087
f 733/1088/1088 722/1077/1077 721/1076/1076
f 732/1087/1087 734/1089/1089 731/1086/1086
f 734/1089/1089 732/1087/1087 733/1088/1088
f 733/1088/1088 721/1076/1076 735/1090/1090
f 721/1076/1076 689/1039/1039 735/1090/1090
f 733/1088/1088 736/1091/1091 734/1089/1089
f 737/1092/1092 735/1090/1090 689/1039/1039
f 685/1031/1031 737/1092/1092 689/1039/1039
f 738/1093/1093 733/1088/1088 735/1090/1090
f 735/1090/1090 737/1092/1092 738/1093/1093
f 733/1088/1088 738/1093/1093 736/1091/1091
f 737/1092/1092 685/1031/1031 687/1036/1036
f 737/1092/1092 739/1094/1094 738/1093/1093
f 687/1036/1036 739/1094/1094 737/1092/1092
f 740/1095/1095 736/1091/1091 738/1093/1093
f 739/1094/1094 740/1095/1095 738/1093/1093
f 687/1036/1036 741/1096/1096 739/1094/1094
f 687/1036/1036 616/918/918 741/1096/1096
f 616/918/918 742/1097/1097 741/1096/1096
f 742/1097/1097 739/1094/1094 741/1096/1096
f 742/1097/1097 616/918/918 54/1098/1098
f 739/1094/1094 742/1097/1097 743/1099/1099
f 54/1098/1098 744/1100/1100 742/1097/1097
f 744/1100/1100 743/1099/1099 742/1097/1097
f 744/1100/1100 54/1098/1098 53/1101/1101
f 56/1102/1102 744/1100/1100 53/1101/1101
f 745/1103/1103 739/1094/1094 743/1099/1099
f 739/1094/1094 745/1103/1103 740/1095/1095
f 744/1100/1100 56/1102/1102 746/1104/1104
f 56/1102/1102 59/1105/1105 746/1104/1104
f 743/1099/1099 744/1100/1100 747/1106/1106
f 746/1104/1104 747/1106/1106 744/1100/1100
f 743/1099/1099 748/1107/1107 745/1103/1103
f 748/1107/1107 743/1099/1099 747/1106/1106
f 746/1104/1104 59/1105/1105 749/1108/1108
f 59/1105/1105 61/1109/1109 749/1108/1108
f 747/1106/1106 746/1104/1104 750/1110/1110
f 749/1108/1108 750/1110/1110 746/1104/1104
f 747/1106/1106 751/1111/1111 748/1107/1107
f 751/1111/1111 747/1106/1106 750/1110/1110
f 745/1103/1103 748/1107/1107 752/1112/1112
f 751/1111/1111 752/1112/1112 748/1107/1107
f 752/1112/1112 753/1113/1113 745/1103/1103
f 740/1095/1095 745/1103/1103 753/1113/1113
f 752/1112/1112 751/1111/1111 754/1114/1114
f 753/1113/1113 755/1115/1115 740/1095/1095
f 736/1091/1091 740/1095/1095 755/1115/1115
f 752/1112/1112 756/1116/1116 753/1113/1113
f 736/1091/1091 755/1115/1115 757/1117/1117
f 753/1113/1113 757/1117/1117 755/1115/1115
f 757/1117/1117 753/1113/1113 756/1116/1116
f 736/1091/1091 757/1117/1117 734/1089/1089
f 756/1116/1116 752/1112/1112 758/1118/1118
f 754/1114/1114 758/1118/1118 752/1112/1112
f 734/1089/1089 757/1117/1117 759/1119/1119
f 734/1089/1089 759/1119/1119 731/1086/1086
f 759/1119/1119 757/1117/1117 760/1120/1120
f 731/1086/1086 759/1119/1119 761/1121/1121
f 757/1117/1117 762/1122/1122 760/1120/1120
f 762/1122/1122 757/1117/1117 756/1116/1116
f 760/1120/1120 763/1123/1123 759/1119/1119
f 762/1122/1122 763/1123/1123 760/1120/1120
f 759/1119/1119 763/1123/1123 761/1121/1121
f 756/1116/1116 764/1124/1124 762/1122/1122
f 764/1124/1124 756/1116/1116 758/1118/1118
f 765/1125/1125 731/1086/1086 761/1121/1121
f 730/1085/1085 731/1086/1086 765/1125/1125
f 766/1126/1126 764/1124/1124 758/1118/1118
f 758/1118/1118 754/1114/1114 766/1126/1126
f 765/1125/1125 767/1127/1127 730/1085/1085
f 767/1127/1127 729/1084/1084 730/1085/1085
f 767/1127/1127 765/1125/1125 768/1128/1128
f 767/1127/1127 769/1129/1129 729/1084/1084
f 728/1083/1083 729/1084/1084 769/1129/1129
f 765/1125/1125 770/1130/1130 768/1128/1128
f 770/1130/1130 767/1127/1127 768/1128/1128
f 770/1130/1130 765/1125/1125 761/1121/1121
f 763/1123/1123 770/1130/1130 761/1121/1121
f 767/1127/1127 771/1131/1131 769/1129/1129
f 770/1130/1130 771/1131/1131 767/1127/1127
f 769/1129/1129 771/1131/1131 728/1083/1083
f 770/1130/1130 763/1123/1123 772/1132/1132
f 773/1133/1133 772/1132/1132 763/1123/1123
f 763/1123/1123 762/1122/1122 773/1133/1133
f 774/1134/1134 770/1130/1130 772/1132/1132
f 772/1132/1132 773/1133/1133 774/1134/1134
f 762/1122/1122 775/1135/1135 773/1133/1133
f 775/1135/1135 762/1122/1122 764/1124/1124
f 776/1136/1136 774/1134/1134 773/1133/1133
f 773/1133/1133 775/1135/1135 776/1136/1136
f 777/1137/1137 774/1134/1134 776/1136/1136
f 777/1137/1137 776/1136/1136 775/1135/1135
f 777/1137/1137 770/1130/1130 774/1134/1134
f 778/1138/1138 775/1135/1135 764/1124/1124
f 764/1124/1124 766/1126/1126 778/1138/1138
f 777/1137/1137 775/1135/1135 779/1139/1139
f 775/1135/1135 778/1138/1138 779/1139/1139
f 780/1140/1140 770/1130/1130 777/1137/1137
f 780/1140/1140 771/1131/1131 770/1130/1130
f 781/1141/1141 779/1139/1139 778/1138/1138
f 782/1142/1142 778/1138/1138 766/1126/1126
f 778/1138/1138 782/1142/1142 781/1141/1141
f 766/1126/1126 783/1143/1143 782/1142/1142
f 783/1143/1143 766/1126/1126 754/1114/1114
f 779/1139/1139 781/1141/1141 784/1144/1144
f 784/1144/1144 777/1137/1137 779/1139/1139
f 754/1114/1114 785/1145/1145 783/1143/1143
f 785/1145/1145 754/1114/1114 751/1111/1111
f 785/1145/1145 751/1111/1111 750/1110/1110
f 777/1137/1137 784/1144/1144 786/1146/1146
f 750/1110/1110 787/1147/1147 785/1145/1145
f 750/1110/1110 749/1108/1108 787/1147/1147
f 788/1148/1148 777/1137/1137 786/1146/1146
f 784/1144/1144 788/1148/1148 786/1146/1146
f 780/1140/1140 777/1137/1137 788/1148/1148
f 789/1149/1149 787/1147/1147 749/1108/1108
f 749/1108/1108 61/1109/1109 789/1149/1149
f 785/1145/1145 787/1147/1147 790/1150/1150
f 790/1150/1150 783/1143/1143 785/1145/1145
f 787/1147/1147 789/1149/1149 791/1151/1151
f 787/1147/1147 791/1151/1151 790/1150/1150
f 61/1109/1109 792/1152/1152 789/1149/1149
f 792/1152/1152 791/1151/1151 789/1149/1149
f 792/1152/1152 61/1109/1109 62/1153/1153
f 783/1143/1143 790/1150/1150 793/1154/1154
f 793/1154/1154 782/1142/1142 783/1143/1143
f 62/1153/1153 794/1155/1155 792/1152/1152
f 794/1155/1155 62/1153/1153 65/1156/1156
f 65/1156/1156 68/1057/1057 794/1155/1155
f 794/1155/1155 68/1057/1057 702/1056/1056
f 794/1155/1155 795/1157/1157 792/1152/1152
f 791/1151/1151 792/1152/1152 795/1157/1157
f 702/1056/1056 796/1158/1158 794/1155/1155
f 795/1157/1157 794/1155/1155 796/1158/1158
f 796/1158/1158 702/1056/1056 797/1159/1159
f 703/1058/1058 797/1159/1159 702/1056/1056
f 798/1160/1160 791/1151/1151 795/1157/1157
f 791/1151/1151 798/1160/1160 790/1150/1150
f 703/1058/1058 799/1161/1161 797/1159/1159
f 799/1161/1161 796/1158/1158 797/1159/1159
f 799/1161/1161 703/1058/1058 709/1064/1064
f 800/1162/1162 795/1157/1157 796/1158/1158
f 796/1158/1158 799/1161/1161 800/1162/1162
f 795/1157/1157 800/1162/1162 798/1160/1160
f 709/1064/1064 801/1163/1163 799/1161/1161
f 801/1163/1163 709/1064/1064 713/1068/1068
f 799/1161/1161 802/1164/1164 800/1162/1162
f 802/1164/1164 799/1161/1161 801/1163/1163
f 798/1160/1160 800/1162/1162 802/1164/1164
f 790/1150/1150 798/1160/1160 803/1165/1165
f 802/1164/1164 803/1165/1165 798/1160/1160
f 803/1165/1165 793/1154/1154 790/1150/1150
f 801/1163/1163 804/1166/1166 802/1164/1164
f 803/1165/1165 805/1167/1167 793/1154/1154
f 782/1142/1142 793/1154/1154 805/1167/1167
f 782/1142/1142 805/1167/1167 781/1141/1141
f 802/1164/1164 806/1168/1168 803/1165/1165
f 805/1167/1167 803/1165/1165 806/1168/1168
f 806/1168/1168 802/1164/1164 804/1166/1166
f 781/1141/1141 805/1167/1167 807/1169/1169
f 807/1169/1169 784/1144/1144 781/1141/1141
f 808/1170/1170 805/1167/1167 806/1168/1168
f 805/1167/1167 808/1170/1170 807/1169/1169
f 784/1144/1144 807/1169/1169 809/1171/1171
f 808/1170/1170 809/1171/1171 807/1169/1169
f 788/1148/1148 784/1144/1144 809/1171/1171
f 809/1171/1171 808/1170/1170 810/1172/1172
f 810/1172/1172 788/1148/1148 809/1171/1171
f 806/1168/1168 811/1173/1173 808/1170/1170
f 811/1173/1173 810/1172/1172 808/1170/1170
f 811/1173/1173 806/1168/1168 804/1166/1166
f 788/1148/1148 810/1172/1172 812/1174/1174
f 780/1140/1140 788/1148/1148 812/1174/1174
f 813/1175/1175 812/1174/1174 810/1172/1172
f 812/1174/1174 813/1175/1175 780/1140/1140
f 810/1172/1172 811/1173/1173 813/1175/1175
f 814/1176/1176 780/1140/1140 813/1175/1175
f 804/1166/1166 815/1177/1177 811/1173/1173
f 804/1166/1166 801/1163/1163 815/1177/1177
f 713/1068/1068 815/1177/1177 801/1163/1163
f 811/1173/1173 816/1178/1178 813/1175/1175
f 813/1175/1175 816/1178/1178 814/1176/1176
f 811/1173/1173 815/1177/1177 817/1179/1179
f 816/1178/1178 811/1173/1173 817/1179/1179
f 815/1177/1177 713/1068/1068 818/1180/1180
f 815/1177/1177 818/1180/1180 817/1179/1179
f 715/1070/1070 818/1180/1180 713/1068/1068
f 819/1181/1181 816/1178/1178 817/1179/1179
f 817/1179/1179 818/1180/1180 819/1181/1181
f 820/1182/1182 818/1180/1180 715/1070/1070
f 818/1180/1180 820/1182/1182 819/1181/1181
f 715/1070/1070 718/1073/1073 820/1182/1182
f 816/1178/1178 819/1181/1181 821/1183/1183
f 820/1182/1182 821/1183/1183 819/1181/1181
f 821/1183/1183 814/1176/1176 816/1178/1178
f 820/1182/1182 718/1073/1073 822/1184/1184
f 814/1176/1176 821/1183/1183 823/1185/1185
f 823/1185/1185 780/1140/1140 814/1176/1176
f 821/1183/1183 820/1182/1182 824/1186/1186
f 824/1186/1186 823/1185/1185 821/1183/1183
f 824/1186/1186 820/1182/1182 822/1184/1184
f 771/1131/1131 780/1140/1140 823/1185/1185
f 823/1185/1185 824/1186/1186 825/1187/1187
f 825/1187/1187 826/1188/1188 823/1185/1185
f 824/1186/1186 826/1188/1188 825/1187/1187
f 823/1185/1185 826/1188/1188 771/1131/1131
f 826/1188/1188 824/1186/1186 822/1184/1184
f 771/1131/1131 826/1188/1188 827/1189/1189
f 822/1184/1184 827/1189/1189 826/1188/1188
f 827/1189/1189 728/1083/1083 771/1131/1131
f 822/1184/1184 828/1190/1190 827/1189/1189
f 728/1083/1083 827/1189/1189 828/1190/1190
f 718/1073/1073 828/1190/1190 822/1184/1184
f 717/1072/1072 728/1083/1083 828/1190/1190
f 717/1072/1072 828/1190/1190 718/1073/1073
