# Blender v3.3.21 OBJ File: 'URDF3.blend'
# www.blender.org
v 24.262970 1.282104 -3.286530
v 24.800255 2.703669 -2.872559
v 24.646935 1.352190 -3.258621
v 23.986237 2.883876 -2.638031
v 24.032219 1.300719 -3.526077
v 24.771690 3.378575 -2.064407
v 23.776443 3.135260 -2.858551
v 23.888100 3.580709 -1.626785
v 24.602837 3.705647 -0.966187
v 23.860855 3.861972 -0.591629
v 24.632469 3.685596 -0.249802
v 23.648521 4.138502 -1.738358
v 5.055031 2.146154 -4.883804
v 4.101807 3.258258 -4.631516
v 4.462936 2.043347 -4.692307
v 3.748310 3.181367 -4.453842
v 4.326675 2.012898 -4.649231
v 3.087524 4.378993 -4.329224
v 2.903858 5.102036 -3.763901
v 2.948620 4.285460 -4.194504
v 3.644058 3.158240 -4.395905
v 2.738811 5.071559 -3.687241
v 2.889099 5.455113 -3.484039
v 2.882290 4.240798 -4.130188
v 23.538246 4.485986 -0.501923
v 23.901207 3.802830 0.086655
v 24.809761 3.475799 0.685532
v 23.637642 4.367420 0.331741
v 24.074219 4.066977 1.214005
v 24.263603 3.558748 0.841415
v 25.248932 3.175997 1.533554
v 25.125931 3.197663 1.680344
v 26.281563 2.438191 2.251968
v 24.823029 3.626201 2.016510
v 26.217010 2.337011 2.352676
v 26.615013 2.027033 2.480499
v 26.248566 2.325965 2.814072
v 26.479919 1.952683 2.506882
v 26.803642 1.528584 2.567932
v 26.676399 1.489538 2.602203
v 26.842857 0.041964 2.464722
v 26.525490 1.882076 2.938950
v 26.668480 1.361424 2.947617
v 26.719131 -0.008943 2.835342
v 26.613014 -0.528058 2.225327
v 26.473335 1.902343 2.985931
v 26.192802 2.354468 2.857239
v 4.354172 6.463433 0.895386
v 4.262749 6.434613 -0.125488
v 4.626316 6.339187 -2.085571
v 4.094772 6.382415 -1.634094
v 4.382092 6.227197 -2.374420
v 3.957722 6.319137 -2.240128
v 3.013798 5.512641 -3.407516
v 3.877396 6.217629 -2.422928
v 3.993050 6.332467 -1.593704
v 3.863682 6.255809 -2.237640
v 2.877964 5.541405 -3.258820
v 3.760963 6.173977 -2.353653
v 2.793400 5.404519 -3.366470
v 2.725636 5.368693 -3.283234
v 2.644863 5.054209 -3.643616
v 2.841488 5.497847 -3.156754
v 2.690220 5.232738 -3.050140
v 2.615685 4.832253 -3.361328
v 3.730099 5.623040 -2.272812
v 2.823448 5.299249 -2.939590
v 3.826698 5.679447 -2.103455
v 2.846996 5.715091 -2.396133
v 2.735470 5.168710 -2.869629
v 2.704388 5.646246 -2.358597
v 2.983212 6.024098 -1.541168
v 2.812611 6.013191 -1.488663
v 3.953850 5.835998 -1.511032
v 2.495842 5.305144 -2.232498
v 4.161892 6.345397 -0.127686
v 4.180801 5.947774 -0.152084
v 4.220512 6.381381 0.876968
v 3.248993 6.160632 -0.159836
v 4.183243 6.403306 1.280624
v 3.040554 6.141187 -0.148590
v 3.440960 6.061512 0.921265
v 4.241570 5.893360 0.815491
v 4.133118 6.254254 1.225220
v 4.218895 5.718948 1.167175
v 3.577248 5.772984 1.434174
v 3.270103 6.016836 0.974396
v 3.602043 6.140222 1.645493
v 3.657509 6.198734 1.733337
v 3.342999 6.073997 1.958191
v 3.552528 6.019131 2.166428
v 3.300457 6.023693 1.889191
v 3.330410 5.658125 1.639847
v 3.344574 5.738797 2.482895
v 3.014648 5.883824 2.298798
v 3.249744 5.554562 2.713745
v 2.969482 5.535004 2.589630
v 2.974998 5.820754 2.228729
v 2.849621 5.539411 2.522278
v 2.934765 5.515886 1.941772
v 2.848972 5.288023 2.188324
v 2.910263 5.023051 3.015121
v 3.248550 5.112247 1.736771
v 2.869740 4.802326 2.619171
v 3.475090 5.042771 3.064194
v 3.176125 5.406997 1.553940
v 3.354321 4.367264 3.252563
v 3.048939 5.738743 0.907364
v 3.202530 5.099463 1.388931
v 3.484112 4.382942 2.247025
v 2.839725 5.843696 -0.054932
v 3.397263 4.087854 2.939575
v 2.615719 5.725566 -1.368973
v 2.920006 5.383471 -0.023071
v 2.748035 5.206013 -1.311768
v 2.942284 5.469097 0.756149
v 2.057743 5.575691 1.006516
v 1.802273 5.105530 -1.480270
v 2.762238 4.785835 -1.935837
v 2.714439 4.420392 -3.076508
v 1.663074 4.654234 -2.030411
v 2.832130 4.656399 -3.249908
v 2.846043 4.065998 -2.531006
v 2.879036 4.040984 -3.813934
v 3.242146 3.648679 -3.851425
v 3.550880 3.030523 -4.072342
v 4.261597 1.879560 -4.329407
v 3.817127 1.796607 -3.994797
v 3.090652 3.441534 -3.659164
v 3.313683 2.819806 -3.771759
v 3.677311 1.840168 -3.641083
v 3.242172 2.770289 -3.621887
v 2.593006 1.659919 -3.528641
v 3.228497 3.065099 -2.934158
v 2.200283 3.643272 -2.629517
v 2.318432 2.382873 -3.537064
v 1.590080 2.440449 -3.598618
v 2.460350 3.034127 -2.880844
v 2.400185 2.613678 -3.478439
v 1.699818 2.581257 -3.520584
v 2.157951 3.465121 -2.585983
v 0.458374 2.992759 -3.467865
v 0.426090 2.877750 -3.561630
v 1.791458 2.697475 -3.406815
v -0.824959 2.996069 -3.384903
v -0.814625 2.893092 -3.472473
v 0.362114 3.177776 -3.327713
v -1.955647 2.622962 -3.278412
v -1.982563 2.484310 -3.344894
v -3.056446 1.806891 -3.107803
v -2.936913 1.700693 -3.194305
v -2.027580 2.737339 -3.143417
v -3.142963 1.880535 -2.948425
v -0.867680 3.111071 -3.291138
v -2.056438 2.958508 -2.396881
v -3.232731 2.050144 -2.173248
v -2.931969 1.955624 -1.707520
v -0.882454 3.364540 -2.504379
v -1.801815 2.849031 -1.943634
v 0.446476 3.414651 -2.533508
v -0.577145 3.191166 -1.971527
v -2.003620 3.223531 -1.637512
v -3.232304 2.238369 -1.508377
v -3.181877 2.363272 -0.905273
v -0.740776 3.618745 -1.853302
v -1.946358 3.332618 -1.075867
v -3.309711 2.530165 -0.849213
v 0.673813 3.641942 -1.961426
v -2.062119 3.483607 -1.019836
v -0.553493 3.740458 -1.229004
v -0.618111 4.018699 -1.133759
v -1.982506 3.606774 0.875610
v -3.165207 2.696031 0.986588
v -2.975357 2.536600 1.271729
v -0.583179 4.077258 0.746201
v 0.962601 3.995697 -1.259155
v -1.787167 3.445483 1.082413
v 0.951283 3.825321 -1.307297
v -1.796368 3.457653 1.520828
v -2.915668 2.607554 1.674911
v -2.618164 2.367424 1.998627
v -0.548622 3.887473 1.420410
v -1.496181 3.133685 1.759079
v -0.530243 3.856126 0.961151
v -0.248371 3.421810 1.651260
v 0.883411 3.924708 1.288879
v 0.964001 3.873921 0.817139
v 1.102425 4.100642 0.565552
v 2.254875 3.482411 1.205078
v 2.045761 3.582204 -1.287109
v 2.318192 3.342496 0.712082
v 2.410969 3.612226 0.549316
v 2.575542 4.522232 1.138351
v 2.515385 4.804877 0.697830
v 1.973480 3.511559 -1.365173
v 1.843086 3.330597 -1.910660
v 2.238819 3.737423 -1.986526
v 0.803810 3.110510 -1.992340
v 1.959652 3.017160 -2.185852
v 1.872086 2.941317 -2.636230
v 2.112011 3.310605 -2.264923
v 2.375359 2.816840 -2.779434
v 1.217003 3.864459 -2.525620
v 1.194485 3.717163 -2.303497
v 1.416515 3.981976 -2.517731
v 1.318085 4.142226 -2.362289
v 1.583733 4.641551 -1.969406
v 1.318295 3.982952 -2.123947
v 1.720528 5.076370 -1.487900
v 1.551842 4.371165 -1.780930
v 2.363388 4.204578 -1.573181
v 1.656029 4.685799 -1.406708
v 1.945011 5.539669 1.004120
v 1.898666 5.217674 0.924896
v 1.921894 4.969856 1.334808
v 1.958416 5.192535 1.491989
v 2.111420 5.218078 1.479156
v 1.897411 4.705335 1.920761
v 1.706810 4.693779 1.888809
v 1.679031 4.493174 1.750778
v 1.639587 4.609829 1.984558
v 3.605988 4.200017 1.934311
v 2.794022 3.936529 2.013168
v 1.611790 4.413105 1.832794
v 2.711567 3.892217 1.486328
v 2.675262 3.846807 1.543304
v 2.679020 3.777326 1.765121
v 2.537937 3.322635 1.992996
v 2.904572 3.547200 2.148804
v 3.742004 3.696962 2.245239
v 0.862911 3.414639 1.497040
v 3.600567 3.950590 2.508453
v 0.735970 3.853083 2.045151
v -0.445648 3.768204 2.064789
v -1.630756 3.392545 2.219986
v -2.843735 2.512674 2.375870
v -0.412766 3.757778 2.723160
v -1.617882 3.267309 2.824738
v -2.688061 2.515358 3.103455
v -2.613178 2.472312 3.229507
v -1.610184 3.318356 3.027374
v -2.477615 2.385055 3.288254
v -1.471046 3.118687 3.183228
v -0.333324 3.500047 3.031326
v -0.364933 3.689897 2.829742
v 0.896988 3.477006 2.969498
v 0.874981 3.758027 2.638947
v 0.867462 3.721727 2.818802
v 2.105141 3.277308 2.822739
v 1.976387 3.083155 2.924805
v 2.135975 3.353045 2.583023
v 2.682556 3.013982 2.854523
v 2.887634 2.494913 2.915710
v 2.852749 3.198609 2.689240
v 3.823139 3.361456 2.731796
v 3.573776 1.278900 2.976334
v 4.608395 1.663512 2.911896
v 3.841522 0.025967 3.068542
v 3.891743 3.380531 3.106567
v 4.724113 1.730761 3.289246
v 3.967991 3.527349 3.484085
v 4.881607 1.888920 3.791412
v 3.744408 4.554513 3.325516
v 4.379589 3.675714 3.608032
v 5.216175 2.061697 3.889496
v 26.459282 -0.915342 2.500519
v 26.142822 -0.929787 1.842392
v 25.484016 -1.281369 1.307083
v 26.311775 -0.741989 1.492920
v 25.775253 -1.010299 1.188538
v 26.840157 -0.332227 1.894699
v 26.144020 -0.676946 1.461319
v 27.005234 0.084515 2.046066
v 26.809593 -0.287420 1.836899
v 26.951881 0.109085 1.985733
v 26.570694 0.140387 1.865906
v 26.977974 1.561167 2.170456
v 26.938820 1.514047 2.081421
v 26.805779 2.078544 2.066299
v 26.712624 1.991962 1.988068
v 26.489174 2.410737 1.798187
v 25.471001 2.977199 1.222275
v 26.389709 2.338093 1.747498
v 26.440834 1.739604 1.846832
v 26.541878 1.233135 1.920624
v 26.199982 2.124494 1.675049
v 26.614960 0.205601 1.610275
v 26.453346 1.649744 1.636749
v 26.543213 1.220696 1.723434
v 26.229538 2.002028 1.433853
v 23.812393 1.360405 0.440247
v 23.770287 0.640567 0.366013
v 26.123260 -0.487124 1.238419
v 25.720436 -0.890182 1.157669
v 25.717094 -0.669389 0.939346
v 25.217087 -1.213111 0.540558
v 25.156281 -1.097893 0.569000
v 25.174561 -0.841175 0.563995
v 23.728943 0.159245 -0.174454
v 24.687523 -0.954856 -0.207306
v 23.448349 1.115572 -0.518494
v 23.709946 0.167725 -0.899048
v 24.703407 -1.149614 -0.284744
v 24.532974 -0.850630 -0.990341
v 24.650574 -0.597454 -1.702866
v 24.773819 -1.252382 -0.337158
v 24.708229 -0.212239 -2.009109
v 24.998589 -1.473363 0.732178
v 23.723198 0.661552 -1.429535
v 24.752182 -1.604769 0.716278
v 24.460800 -1.497295 -0.450180
v 24.543396 -1.131363 -1.054657
v 24.172409 -1.725421 -0.345001
v 24.558022 -1.001205 -1.152557
v 24.349609 -1.380801 -1.132187
v 24.604187 -0.767602 -1.781403
v 24.634453 -0.808675 -1.847382
v 24.331955 -0.950626 -1.933380
v 24.641403 -0.352910 -2.162643
v 23.915718 -1.454979 -1.255875
v 24.666084 -0.406217 -2.236404
v 24.008438 -1.109481 -2.099091
v 24.769974 0.660194 -2.404434
v 24.526985 -0.577188 -2.465607
v 23.761795 1.382970 -1.489029
v 24.723457 0.415690 -2.708542
v 24.683556 0.478964 -2.620636
v 24.743927 1.280951 -2.823181
v 24.789009 1.233017 -2.537582
v 24.840744 1.855441 -2.304520
v 24.784317 2.186885 -2.486893
v 24.815567 2.446272 -1.747849
v 23.813324 2.009147 -0.869888
v 24.788147 1.315110 -2.964951
v 23.833282 1.943056 0.009491
v 24.621727 0.203944 -3.008026
v 24.090141 -0.469645 -2.539810
v 24.893372 2.472856 -2.551056
v 24.882439 3.044185 -1.838760
v 24.738716 2.673643 -1.893509
v 24.754196 3.292182 -0.978485
v 24.788795 2.766319 -1.122070
v 24.713142 3.061114 -1.048325
v 24.711823 2.867393 -0.601746
v 24.658836 3.135896 -0.466080
v 24.831223 3.288992 -0.378433
v 24.891876 2.716656 0.193100
v 25.311234 2.428088 0.894821
v 24.864479 2.953913 0.281815
v 25.297821 2.622562 1.060303
v 24.867958 3.095627 0.438736
v 25.395416 2.891298 1.161804
v 24.939552 3.213722 0.459213
v 3.206005 0.462028 -3.445389
v 4.098232 0.746205 -3.577927
v 4.364784 -0.341168 -3.458969
v 3.329311 -0.701382 -3.326935
v 4.292797 0.621641 -4.009171
v 3.583057 -1.204013 -3.296448
v 4.760208 0.567623 -4.323929
v 3.141003 -1.881063 -3.247208
v 4.475948 -0.382071 -3.769714
v 4.988228 0.469980 -4.607880
v 4.970821 -0.406578 -4.037186
v 5.164322 0.456080 -4.663010
v 5.139225 -0.600204 -4.379852
v 5.028374 -1.063995 -3.751114
v 5.780693 0.407438 -4.855957
v 5.341824 -0.556633 -4.400803
v 5.988552 -0.687483 -4.647583
v 6.002331 -1.708247 -4.092514
v 24.044884 0.235696 -3.308823
v 24.242607 0.273249 -3.059311
v 23.945244 -0.630115 -2.920197
v 7.344616 -3.005313 -1.789078
v 7.574200 -2.934911 -1.410950
v 7.744019 -3.063768 0.276779
v 5.364292 -3.229290 2.542358
v 5.467430 -2.418176 3.148849
v 5.682766 -0.111396 3.975998
v 5.616066 0.737519 3.995117
v 5.388905 0.728139 3.816055
v 5.755939 -1.172658 3.717575
v 5.266300 0.630051 3.349869
v 5.459938 -0.208545 3.642181
v 5.115173 0.531012 2.903061
v 5.432163 -0.115832 3.217392
v 5.268398 -0.122642 2.879272
v 5.533070 -1.168796 3.557068
v 5.387917 -0.924637 2.954468
v 5.432491 -0.983508 3.256027
v 5.164452 -2.426532 3.141663
v 4.966351 -2.196276 2.851151
v 5.050766 -2.438565 3.113068
v 5.129032 -3.279616 2.517471
v 4.934284 -3.023345 2.187164
v 5.015182 -3.274444 2.436096
v 5.192631 -3.768714 2.099274
v 5.555637 -3.670517 1.697845
v 5.050491 -3.719172 2.060562
v 6.148228 -3.487769 1.368591
v 5.122795 -3.745180 1.947739
v 4.966690 -3.336231 1.889938
v 5.076511 -3.387189 1.732590
v 5.509960 -3.307780 1.533661
v 7.508926 -3.098100 0.516693
v 6.328991 -3.091764 1.099625
v 7.470882 -2.790597 0.494507
v 7.703594 -2.659563 0.245300
v 6.566135 -2.791586 0.450745
v 7.502174 -2.553063 -1.254532
v 7.166012 -2.678526 -1.630753
v 6.375877 -2.696868 -1.376038
v 5.566936 -3.308554 0.676880
v 5.424473 -3.346466 -1.152390
v 5.543476 -2.962563 -2.195221
v 5.415871 -3.252138 -1.677872
v 5.602257 -3.272604 -2.402664
v 4.859764 -3.102942 -2.425308
v 4.872791 -3.531613 -1.754745
v 5.717453 -3.098990 -2.930283
v 4.862289 -3.401112 -2.765793
v 5.729446 -2.892963 -3.280075
v 4.946201 -2.904149 -3.142288
v 5.216042 -1.703976 -3.951691
v 5.095215 -1.644072 -3.859879
v 4.717247 -3.277624 -2.745331
v 4.796402 -2.870287 -3.077072
v 4.944019 -1.857906 -3.242371
v 4.681271 -2.988053 -2.482056
v 4.539623 -1.085015 -3.491577
v 4.821457 -2.446465 -2.872803
v 4.506641 -1.781762 -3.154648
v 4.416039 -1.020397 -3.293533
v 4.462421 -2.412341 -2.774948
v 4.443344 -1.718722 -2.895447
v 3.907719 -1.267111 -2.999115
v 4.402805 -3.073043 -2.317703
v 4.338100 -2.348211 -2.580673
v 3.888905 -1.648429 -2.933365
v 3.831097 -2.532458 -2.629471
v 4.217632 -2.907130 -2.133392
v 3.733887 -1.401462 -2.990326
v 3.708637 -1.727870 -2.923782
v 3.298119 -1.992769 -3.085281
v 3.464973 -2.037379 -2.291351
v 2.625298 -2.989176 -2.950287
v 2.432781 -2.855092 -3.062836
v 3.338654 -1.996282 -2.976410
v 2.662407 -3.024682 -2.897415
v 1.549816 -3.828499 -2.807388
v 1.462547 -3.648232 -2.890884
v 0.380375 -4.046917 -2.746475
v 1.608868 -3.898062 -2.700439
v 0.466129 -4.206522 -2.691391
v -0.854332 -4.216263 -2.646210
v -0.853531 -4.047050 -2.714371
v 0.494911 -4.298145 -2.559998
v -2.122169 -3.738674 -2.545242
v -2.039703 -3.556001 -2.642548
v -0.872581 -4.305873 -2.495377
v -3.023071 -2.949975 -2.577499
v -2.900417 -2.809196 -2.640488
v -2.198860 -3.787723 -2.422516
v -0.792366 -4.388551 -1.711258
v -2.205784 -3.856639 -1.639877
v -3.100445 -3.024118 -2.368637
v 0.658638 -4.365242 -1.812546
v -2.075245 -3.667377 -1.298035
v 1.747185 -3.961441 -1.947861
v -0.798580 -4.223358 -1.338577
v 0.579647 -4.110586 -1.399475
v 2.863262 -3.056350 -2.135132
v 1.648132 -3.602012 -1.521027
v 0.721581 -4.372661 -1.202026
v 1.870811 -3.985102 -1.368698
v 2.833603 -2.741415 -1.678879
v 3.463551 -2.553094 -1.870132
v 3.708035 -2.440496 -2.516205
v 3.649826 -2.860812 -2.050232
v 3.436401 -2.698462 -1.588608
v 3.786606 -3.213338 -2.143738
v 3.592545 -2.984415 -1.630127
v 3.129364 -3.025077 -1.415787
v 3.451595 -2.823692 -1.110214
v 3.818920 -3.359647 -1.711899
v 3.146221 -3.122983 -1.063705
v 4.146915 -3.253494 -1.681229
v 3.863880 -3.312276 -0.801331
v 3.564999 -3.061655 -0.817154
v 4.309757 -3.476114 -1.761841
v 2.089535 -3.965981 -0.849976
v 4.533154 -3.583152 -1.765182
v 0.792271 -4.367665 -0.693008
v 4.907719 -3.640993 -1.108749
v 4.580853 -3.742914 -0.959198
v 5.044746 -3.527556 0.756866
v 4.770916 -3.642567 0.824982
v 4.303337 -3.606754 -0.905731
v 4.476624 -3.432590 0.931976
v 4.199055 -3.214804 -0.774536
v 4.720306 -3.168314 1.903702
v 4.332821 -3.082258 0.941605
v 4.028542 -3.119351 1.001816
v 4.777504 -2.992915 2.030106
v 4.504742 -2.796798 1.878204
v 4.137939 -2.935608 1.929489
v 5.117348 -2.087995 2.494980
v 4.917412 -1.946843 2.210510
v 5.261238 -0.586182 2.216278
v 4.219776 -2.490823 2.287079
v 4.055553 -1.278681 2.471039
v 4.196335 -0.761709 2.907700
v 4.038826 -0.745207 3.125870
v 3.541561 -1.163109 3.229095
v 3.816105 -1.368710 3.029221
v 3.706326 -1.332190 3.200592
v 2.922363 -2.216210 3.388992
v 3.187550 -2.426709 3.148193
v 3.060982 -2.338415 3.333008
v 2.065880 -3.137308 3.497284
v 1.977375 -2.991989 3.541229
v 2.069164 -3.258054 3.355850
v 0.972672 -3.567253 3.674164
v 0.820728 -3.396698 3.669022
v -0.448372 -3.552672 3.720596
v -0.408104 -3.381539 3.756958
v 1.013962 -3.737438 3.508911
v -1.697887 -3.097439 3.734787
v -1.561001 -2.948504 3.792877
v -0.476463 -3.666246 3.565750
v -2.498695 -2.149512 3.775375
v 0.956913 -3.843404 2.689468
v -1.768414 -3.192404 3.531403
v 2.234154 -3.379683 2.587036
v -0.445599 -3.991978 2.805069
v 3.287220 -2.543224 2.468491
v 3.912300 -1.782010 2.165421
v 3.225243 -2.422042 2.039444
v 3.831772 -2.519652 1.884247
v 3.686096 -2.296329 1.642838
v 2.095848 -3.346197 2.225861
v 3.681366 -2.762499 0.959274
v 3.582386 -2.438962 1.122284
v 3.441875 -3.042670 1.007614
v 3.266220 -2.876316 1.197586
v 3.245365 -3.274836 -0.794800
v 2.362316 -3.896756 1.158493
v 2.207184 -4.085728 -0.651489
v 3.220558 -2.890417 1.762253
v 2.267391 -3.680593 1.345490
v 2.178089 -3.647316 1.898254
v 0.849007 -4.108562 1.474228
v 0.916298 -3.707233 2.287613
v 0.960278 -4.082656 2.002533
v -0.556149 -3.702024 2.323624
v -0.618092 -4.106120 2.139435
v 0.875362 -4.414531 1.285660
v -0.733601 -4.174535 1.645752
v -1.910255 -3.602583 2.165314
v 0.835861 -4.555105 -0.533600
v -0.828892 -4.400103 1.461868
v -1.966805 -3.644958 1.720123
v -0.835964 -4.303452 -0.588226
v -0.862537 -4.572368 -0.509628
v -2.126232 -3.853274 1.485107
v -2.212715 -4.041930 -0.417542
v -0.879730 -4.399232 -1.080795
v -2.169590 -3.783736 -0.500687
v -2.217430 -3.829258 -0.989136
v -2.983410 -2.893600 -1.315353
v -3.124859 -2.957214 -0.487900
v -3.108479 -3.028426 -1.658463
v -3.155342 -3.010183 -0.984924
v -3.780151 -1.838020 -2.534637
v -3.900986 -1.823582 -1.761215
v -3.597233 -1.709289 -1.338165
v -3.942287 -1.678292 -1.051895
v -3.883690 -0.373446 -1.521851
v -4.146568 -0.359060 -1.901749
v -3.668083 -1.807798 -2.664795
v -4.003036 -0.514462 -2.636002
v -3.906349 0.793140 -2.030899
v -3.903526 -0.527370 -2.768906
v -3.812214 0.604287 -2.799393
v -3.671558 0.792434 -1.661530
v -3.703117 0.557240 -2.915314
v -3.943935 0.933889 -1.324173
v -3.559696 0.549504 -2.952438
v -4.153702 -0.344234 -1.100983
v -3.916523 1.016172 -0.741425
v -4.116817 -0.351964 -0.629089
v -4.107075 1.096981 -0.673569
v -4.337021 -0.303558 -0.591919
v -3.923443 1.337606 1.220276
v -3.704060 1.245111 1.440598
v -4.178970 -0.004727 1.366867
v -4.109730 -1.702980 -0.504669
v -3.866642 -1.663550 -0.556900
v -3.316410 -3.078538 -0.423645
v -3.136749 -2.974969 1.497406
v -3.955563 -1.588378 1.459381
v -3.948093 -0.063506 1.561569
v -3.736855 -1.473255 1.617355
v -2.912106 -2.830830 1.652863
v -3.647640 -1.494209 2.130173
v -2.829258 -2.807205 2.195724
v -3.902615 0.038367 2.003662
v -1.814335 -3.191844 2.396851
v -2.572208 -2.474615 2.370270
v -1.870872 -3.352572 2.818024
v -3.344707 -1.306376 2.379807
v -2.734585 -2.571355 2.851624
v -2.679474 -2.373215 3.580017
v -3.556709 -1.371078 2.813614
v -2.633984 -2.268592 3.724884
v -3.366737 -1.210496 3.489288
v -3.694656 0.102034 2.651611
v -3.644390 0.043377 2.284729
v -3.667114 1.305030 1.830490
v -3.226231 1.111312 2.021317
v -3.480164 1.295900 2.525848
v -3.370560 1.350614 3.214798
v -3.589626 0.180626 3.353394
v -3.307213 1.351811 3.354141
v -3.531261 0.179748 3.488800
v -3.342663 -1.147500 3.596298
v -3.096935 1.331775 3.446579
v -3.360836 0.156223 3.591858
v -3.108097 -1.080901 3.706604
v -3.202625 0.143556 3.913483
v -2.466869 -2.107997 4.097397
v -3.002628 -1.013509 4.023819
v -1.518925 -2.852212 4.079834
v -1.993526 -1.700676 4.419250
v -0.382736 -3.336462 4.077454
v -1.211918 -2.366672 4.433823
v 0.886787 -3.290107 3.960541
v -0.251019 -2.727767 4.402588
v 2.007038 -2.871007 3.867844
v 0.773262 -2.740405 4.329269
v 2.881527 -2.155086 3.720947
v 1.741966 -2.316924 4.241562
v 3.492977 -1.130882 3.573303
v 2.494362 -1.747487 4.118561
v 1.427040 -1.853644 4.161423
v 3.692146 0.067322 3.451935
v 2.995903 -0.856200 3.982132
v 2.031933 -1.346242 4.027557
v 3.213730 0.150491 3.854294
v 3.469357 1.256143 3.313507
v 2.436039 -0.658986 3.924255
v 2.906342 2.291326 3.264099
v 3.019196 1.115253 3.780014
v 1.925426 3.061108 3.267654
v 2.488068 2.000951 3.718475
v 0.864735 3.450957 3.276047
v 1.708866 2.669106 3.706879
v -0.262726 3.448857 3.381592
v 0.828476 2.993082 3.738541
v -1.419243 3.080576 3.460281
v -0.224255 3.062937 3.778473
v 0.681576 2.416437 3.721725
v -2.367065 2.382707 3.618073
v 1.433765 2.133774 3.697266
v -0.120228 2.426329 3.779114
v 1.373085 2.025195 4.044510
v 0.675468 2.287351 4.067184
v 2.075016 1.643229 3.748550
v 1.940540 1.541676 4.055099
v 2.481697 0.927033 3.773087
v 2.309387 0.895109 4.097672
v 2.578899 0.126426 3.829468
v 2.435146 0.163486 4.167114
v 2.302643 -0.564949 4.255035
v 2.102070 0.174386 4.253998
v 1.927849 -1.202345 4.350830
v 1.990459 -0.439185 4.328049
v 1.674801 -0.976022 4.409180
v 1.355995 -1.671809 4.442963
v 1.946552 -0.396292 4.525681
v 1.193489 -1.370909 4.491867
v 0.656029 -1.916729 4.520309
v 0.660618 -2.116511 4.210281
v -0.141190 -2.106619 4.267670
v -0.087597 -1.907547 4.573517
v -0.893379 -1.823955 4.292130
v -0.785213 -1.645394 4.596222
v 0.603939 -1.577157 4.557465
v -0.022831 -1.570018 4.596771
v -1.352669 -1.161873 4.585632
v -1.505222 -1.302609 4.280716
v -2.501583 -0.810080 4.360596
v -1.902916 -0.605462 4.234802
v -2.674801 0.197665 4.264938
v -2.038517 0.183388 4.159943
v -1.721519 -0.515309 4.543060
v -2.979496 1.355384 3.768814
v -2.492279 1.201007 4.143845
v -1.895634 0.968816 4.065125
v -1.976055 2.078944 4.011902
v -1.491543 1.656062 3.961838
v -1.188370 2.725592 3.884995
v -0.874947 2.162251 3.862503
v -1.714764 0.944754 4.385681
v -0.068157 2.296528 4.120422
v -1.339985 1.582143 4.289886
v -0.768124 2.051606 4.197769
v -0.006496 1.971071 4.214661
v -1.077724 1.369390 4.357864
v -0.596081 1.764774 4.279800
v 0.619904 1.963387 4.170273
v 1.207890 1.743122 4.156235
v 0.623184 1.923759 4.374161
v 0.018261 1.931089 4.416183
v 1.685898 1.335896 4.165604
v 1.191643 1.712088 4.370163
v 1.996178 0.790690 4.195969
v 1.653275 1.318954 4.380005
v 1.952141 0.791395 4.399033
v 0.800117 1.146483 4.853897
v 2.054321 0.196181 4.454163
v 1.149269 0.851547 4.860046
v 1.317032 0.249058 4.913086
v 1.259556 0.583576 4.881668
v 0.726238 0.999999 4.894730
v 1.256695 -0.082576 4.953125
v 1.015190 0.755939 4.899887
v 0.499111 1.055733 4.905289
v 0.517281 1.215972 4.867813
v 1.103321 0.541613 4.916489
v 1.152905 0.253127 4.943878
v 1.102829 -0.022188 4.977097
v 0.955475 -0.272782 5.014771
v 1.085430 -0.373855 4.997223
v 1.641811 -0.914576 4.604858
v 0.885536 -0.583005 5.033493
v 1.177742 -1.294865 4.694244
v 0.608528 -1.493929 4.758392
v 0.457081 -0.735034 5.080978
v 0.795021 -0.440649 5.044510
v 0.002548 -1.488149 4.786087
v 0.440468 -0.566447 5.083862
v 0.169903 -0.694264 5.098404
v -0.564953 -1.275067 4.803177
v 0.210804 -0.533929 5.097107
v -0.610470 -1.349250 4.615417
v -0.149059 -0.574446 5.108429
v -1.026485 -0.881793 4.794571
v -1.088451 -0.941978 4.606506
v -1.399101 -0.397320 4.571075
v -0.064274 -0.430562 5.106064
v -0.407394 -0.354322 5.103622
v -1.326401 -0.355778 4.761200
v -0.278740 -0.247804 5.102051
v -0.575951 -0.058777 5.084473
v -0.423763 0.006391 5.085312
v -0.424835 0.599844 5.021637
v -0.490440 0.229985 5.066147
v -0.659054 0.219619 5.059845
v -0.057804 0.966774 4.955444
v -1.427631 0.240837 4.719162
v 0.206753 1.059340 4.926224
v -0.579788 0.666546 5.005966
v 0.177380 1.220130 4.891815
v -0.141277 1.108631 4.927032
v -0.551048 1.731887 4.479095
v -0.283298 0.781654 4.991791
v -0.402699 0.894034 4.969482
v -1.016071 1.350191 4.555374
v -1.319759 0.833449 4.648895
v -1.393009 0.833100 4.444077
v -1.504658 0.219481 4.517685
v -1.847271 0.216317 4.473602
v -3.748528 -0.601240 -2.814545
v -3.519890 -1.712685 -2.713196
v -3.507118 -1.798035 -3.032761
v -3.694366 -0.601571 -3.178375
v -3.500057 0.529243 -3.307312
v -2.917999 -2.827732 -2.959564
v -2.871609 1.586706 -3.480972
v -1.961613 -3.627017 -2.952286
v -2.553436 -2.553034 -3.408310
v -0.856068 -4.019896 -3.007629
v -1.723610 -3.217593 -3.411575
v 0.325989 -4.019043 -3.108826
v -0.791157 -3.543513 -3.478714
v 1.449097 -3.602670 -3.258896
v 0.127907 -3.542999 -3.548218
v -0.673306 -2.955217 -3.527084
v 0.128555 -2.965021 -3.583679
v 1.174500 -3.186142 -3.643967
v -1.425533 -2.672611 -3.503189
v 0.883335 -2.700849 -3.666107
v 1.958015 -2.569982 -3.754120
v 2.376453 -2.855102 -3.382828
v 3.013210 -1.798683 -3.505081
v 2.464367 -1.713653 -3.880402
v 1.500000 -2.194553 -3.764465
v 2.660172 -0.731272 -3.991653
v 3.155418 -0.680178 -3.687485
v 1.904171 -1.507205 -3.866882
v 2.960327 0.490727 -3.791946
v 2.530304 0.302714 -4.066681
v 2.406708 1.541078 -3.826324
v 2.047089 -0.721713 -3.960983
v 1.508587 2.276555 -3.868744
v 1.939220 1.193756 -4.155975
v 0.367302 2.746454 -3.807617
v -0.853054 2.749970 -3.729614
v 0.226761 2.189885 -4.135773
v -1.932236 2.378771 -3.608521
v -0.787823 2.178063 -4.070129
v 1.181644 1.826286 -4.170090
v -1.744328 1.852901 -3.959595
v -2.524925 1.233502 -3.826920
v -1.406902 1.313893 -3.930008
v -0.652122 1.578069 -4.012451
v -3.035397 0.348104 -3.699875
v -2.023571 0.807597 -3.831650
v -3.215122 -0.657786 -3.578979
v -2.427734 0.120251 -3.729248
v -3.003017 -1.661766 -3.483963
v -2.570660 -0.665242 -3.635132
v -2.037392 -2.151291 -3.514862
v -2.435097 -1.454143 -3.560684
v -2.300823 -1.433714 -3.903625
v -2.426556 -0.702055 -3.972672
v -1.931984 -2.080292 -3.861130
v -2.294006 0.026449 -4.059952
v -1.364513 -2.563786 -3.850296
v -1.919163 0.663928 -4.154922
v -0.666859 -2.825886 -3.872467
v -1.347229 1.133495 -4.246155
v 0.076832 -2.834981 -3.924942
v -0.647209 1.378505 -4.322617
v -1.184269 0.833226 -4.289566
v -1.666042 0.437640 -4.213181
v -1.982170 -0.099886 -4.138718
v -1.938850 -0.143796 -4.347336
v -2.093792 -0.713468 -4.064743
v -2.046574 -0.736208 -4.275070
v -1.632851 0.376344 -4.408951
v -1.254799 -0.393430 -4.762863
v -1.987518 -1.329209 -4.001480
v -1.676804 -1.873777 -3.965256
v -1.943272 -1.329761 -4.204468
v -1.198822 -2.281033 -3.956131
v -1.643188 -1.855518 -4.168625
v -0.611217 -2.501854 -3.975281
v -1.181629 -2.248765 -4.159836
v 0.014809 -2.510104 -4.024994
v -0.614296 -2.462090 -4.179214
v -0.824177 -1.634598 -4.661865
v -0.505245 -1.754462 -4.672333
v -0.010540 -2.471153 -4.237503
v 0.776855 -2.589969 -4.001404
v 0.604473 -2.303682 -4.088943
v 1.348774 -2.120412 -4.092621
v 1.086575 -1.907624 -4.160675
v 1.723621 -1.482930 -4.187607
v 1.856174 -0.754424 -4.274887
v 1.402344 -1.370621 -4.240250
v 1.025124 -1.888282 -4.358185
v 1.330093 -1.369658 -4.434174
v 1.513988 -0.756994 -4.313766
v 1.437908 -0.777126 -4.505157
v 0.581711 -1.142535 -4.815430
v 0.558914 -2.271742 -4.298447
v 0.410362 -1.433927 -4.772324
v -0.217915 -1.795012 -4.687790
v 0.210560 -1.642949 -4.734894
v 0.117245 -1.504739 -4.762650
v -0.237347 -1.630591 -4.723724
v 0.277710 -1.336852 -4.792084
v -0.467026 -1.598093 -4.710693
v -0.742115 -1.494748 -4.701950
v -1.082523 -1.414486 -4.666794
v -0.956593 -1.312001 -4.706039
v -1.251118 -1.119003 -4.686539
v -1.101612 -1.057806 -4.722748
v -1.334106 -0.840437 -4.709534
v -1.168289 -0.834203 -4.741821
v -1.102654 -0.464304 -4.786011
v -0.178627 -0.008286 -4.901093
v -0.961102 -0.282469 -4.815598
v -1.077808 -0.166107 -4.800705
v -0.735588 -0.097319 -4.851562
v -1.167576 0.758411 -4.481796
v -0.816315 0.048603 -4.842072
v -0.497623 0.160146 -4.876892
v -0.598217 0.957685 -4.543976
v -0.594627 1.039602 -4.353973
v 0.006569 0.950156 -4.587936
v -0.471004 -0.004711 -4.880463
v -0.157745 0.155955 -4.901184
v 0.096478 1.369409 -4.375092
v 0.031754 1.031893 -4.398605
v 0.572960 0.735431 -4.620407
v 0.149742 1.568264 -4.069031
v 0.794125 1.107306 -4.397263
v 0.901970 1.285659 -4.092941
v 0.619026 0.810578 -4.422379
v 1.361599 0.623808 -4.386429
v 1.513828 0.764340 -4.081268
v 1.911526 0.067187 -4.035446
v 1.730442 -0.022761 -4.343933
v 1.408058 -0.140752 -4.372406
v 1.096981 0.403276 -4.413712
v 1.335552 -0.182173 -4.562683
v 1.034424 0.342049 -4.612854
v 0.125210 0.086655 -4.913361
v 0.474396 -0.208243 -4.906891
v 0.048523 -0.063997 -4.911469
v 0.337479 -0.308049 -4.906189
v 0.425606 -0.522380 -4.889648
v 0.475178 -0.810880 -4.862411
v 0.584553 -0.476412 -4.887054
v 0.425083 -1.086226 -4.829437
v 0.642052 -0.810881 -4.855148
v 22.937164 1.387342 -3.390076
v 22.765427 3.193408 -2.823868
v 19.567711 1.540800 -3.602875
v 22.585907 4.247178 -1.788071
v 19.740364 3.366179 -3.038010
v 16.567162 1.565935 -4.171860
v 19.793457 4.516270 -1.990311
v 16.448296 3.545314 -3.568024
v 11.633896 2.273705 -5.270599
v 11.535824 4.248455 -4.459579
v 9.465862 2.409264 -5.471191
v 15.885086 5.467084 -2.508789
v 9.226269 4.404811 -4.672775
v 7.658279 2.522280 -5.638458
v 11.461483 6.046098 -2.917908
v 6.468765 4.591488 -4.927292
v 6.196293 2.548106 -5.637299
v 9.098785 6.141859 -3.125259
v 5.340038 3.575325 -5.268234
v 5.363968 2.213562 -5.431152
v 6.281261 6.256051 -3.372513
v 4.429749 3.437094 -5.198990
v 5.241032 2.197341 -5.297485
v 4.568512 4.655507 -4.919067
v 4.311150 3.384007 -5.131042
v 3.349995 4.731682 -4.830475
v 3.256168 4.683336 -4.796646
v 3.135433 5.539205 -4.284851
v 3.021641 5.484914 -4.199295
v 3.125626 5.861549 -4.030212
v 3.028854 5.785653 -3.933304
v 3.124550 5.856467 -3.833771
v 4.295868 5.881332 -3.964844
v 3.196419 5.930287 -3.940781
v 5.225456 6.629745 -2.767807
v 4.630638 6.720956 -2.737366
v 4.537868 6.684539 -2.628494
v 5.801315 6.940415 -1.906860
v 4.959686 6.912873 -2.335709
v 4.786671 6.870536 -2.305084
v 6.393639 6.932347 -1.916656
v 5.042755 7.025546 -1.512802
v 8.995056 6.738381 -1.777908
v 4.915798 6.934012 -1.494507
v 11.648556 6.540521 -1.636353
v 6.481380 7.068503 -0.210419
v 15.607372 5.981912 -1.270111
v 9.059765 6.778237 -0.071396
v 11.659126 6.485606 0.068787
v 19.917259 5.036994 -0.827713
v 15.442741 5.953419 0.243607
v 22.585724 4.710114 -0.549683
v 20.028732 5.052038 0.246689
v 22.627388 4.591689 0.380753
v 20.088928 4.657757 1.331726
v 22.973511 4.318443 1.300201
v 23.524590 3.827579 2.125046
v 26.619926 1.373451 2.998398
v 26.645355 -0.002015 2.883240
v 25.424400 1.470812 3.017654
v 24.841484 2.611556 2.796066
v 25.199913 2.079568 2.964951
v 20.369904 2.848966 2.816330
v 25.554283 0.047749 2.856461
v 20.302132 1.324622 3.051453
v 20.352890 4.251850 2.082474
v 15.065857 2.016022 3.309265
v 15.301716 5.590072 1.416443
v 15.204861 3.623769 3.227264
v 15.325840 5.023591 2.433243
v 11.591293 6.188728 1.332657
v 11.693027 4.217712 3.105667
v 11.672997 5.708320 2.473221
v 9.095936 6.566442 1.140503
v 9.311398 6.089567 2.094009
v 9.150951 5.415239 2.658875
v 6.643845 6.937600 0.951706
v 6.771858 6.544227 1.680725
v 6.691425 6.267505 1.915421
v 6.049507 7.090285 -0.263763
v 6.098381 7.007016 1.156570
v 6.023426 6.637143 1.677628
v 5.254395 6.990685 1.193893
v 5.173321 7.105042 -0.359680
v 5.021294 6.675683 1.815750
v 5.163479 6.902446 1.146835
v 5.978245 6.458638 1.936447
v 4.956776 6.624438 1.700180
v 6.578728 6.169289 2.073746
v 5.070934 6.977183 -0.333481
v 9.075954 5.194874 2.785263
v 4.955185 6.410295 0.962601
v 4.912617 6.427922 -0.226715
v 4.781612 6.226583 1.492355
v 4.717297 6.357257 -1.589737
v 3.987381 6.050551 1.921906
v 4.094791 6.511910 2.165070
v 4.136345 6.608661 2.266678
v 4.885464 6.426044 2.741409
v 3.667202 6.572999 2.544647
v 6.232101 6.152676 2.954895
v 4.657761 6.196133 3.126831
v 6.059418 5.988741 3.392685
v 3.602058 6.467925 2.452515
v 3.496681 6.411290 2.840088
v 3.399002 6.316228 2.738083
v 3.401630 6.072313 3.050735
v 3.542469 6.154887 3.130966
v 3.753483 5.431475 3.456802
v 4.047440 4.872778 3.802963
v 3.833012 5.557901 3.511566
v 4.154259 4.974782 3.871582
v 4.790455 5.616984 3.630157
v 4.814201 3.682674 4.188278
v 5.203217 4.994035 4.128433
v 5.001945 3.770914 4.336075
v 5.477669 2.171030 4.449753
v 6.403870 5.341550 3.911652
v 6.013874 3.766212 4.626953
v 8.682930 4.948723 3.912918
v 6.899513 4.371664 4.468765
v 8.851631 4.282678 4.302414
v 8.825832 5.126549 3.535568
v 11.369129 3.605533 4.233231
v 11.482258 3.797235 3.916351
v 11.635872 3.917271 3.296921
v 14.695854 1.545311 4.095016
v 14.887886 1.833593 3.508438
v 20.168777 0.375061 3.013870
v 20.203545 -0.002801 3.195633
v 20.204094 0.618730 2.974426
v 25.276512 -0.666512 2.594910
v 26.401886 -0.939734 2.570526
v 26.013893 -1.407916 2.300385
v 26.098900 -1.334633 2.253113
v 24.936996 -1.176335 2.210220
v 25.255577 -1.838978 1.619263
v 5.915092 0.447267 -5.303314
v 6.051025 0.467486 -5.409683
v 6.176811 -0.890933 -4.922943
v 6.941811 0.497542 -5.537125
v 6.337460 -0.926576 -4.996490
v 6.217480 -1.974371 -4.408203
v 8.443935 0.424574 -5.544571
v 7.094891 -0.844060 -5.080933
v 9.671173 0.334833 -5.553497
v 8.352905 -1.913218 -4.491562
v 11.607872 0.312694 -5.281769
v 9.513657 -1.837946 -4.553375
v 16.368965 -0.076286 -3.944519
v 11.458202 -1.758254 -4.341797
v 19.487907 0.045161 -3.225800
v 15.976257 -1.527148 -3.151199
v 22.963997 0.362693 -3.238007
v 19.347389 -1.350639 -2.476913
v 23.037392 -0.508024 -2.889053
v 23.770973 -1.410378 -2.341232
v 23.133553 -1.207660 -2.344406
v 23.709564 -1.889926 -1.308350
v 23.062401 -1.857577 -1.300659
v 19.343948 -2.078973 -1.517548
v 23.246910 -2.110868 -0.300858
v 15.545769 -2.585360 -1.992157
v 19.579926 -2.373944 -0.193344
v 11.331135 -3.281503 -2.592758
v 15.347919 -3.117705 0.111404
v 9.191917 -3.486516 -2.620987
v 11.142773 -3.797653 0.536362
v 15.291634 -2.815462 1.680450
v 11.532234 -3.434866 2.120468
v 19.779686 -2.169664 1.199524
v 11.630577 -2.485923 3.346115
v 15.193508 -1.901625 2.963806
v 23.958710 -2.000829 1.015213
v 20.084007 -1.416519 2.182541
v 23.939102 -2.202989 -0.272873
v 24.603806 -2.136830 0.909912
v 24.417694 -1.715569 1.643967
v 20.036179 -0.607634 2.901627
v 20.041565 -0.338536 3.082077
v 14.937191 -0.370029 3.994263
v 11.654587 -0.768977 4.478256
v 14.696819 0.419434 4.316071
v 14.660229 1.152101 4.381577
v 11.555115 0.294117 4.850143
v 9.990738 -0.949143 4.577209
v 11.293167 3.048483 4.493240
v 11.437813 1.487955 4.998001
v 9.027649 3.587801 4.708771
v 11.218479 2.500754 4.748886
v 7.718822 3.038148 4.874069
v 9.452278 2.791458 4.969894
v 9.761070 1.357862 5.115158
v 9.866955 0.213749 4.900970
v 8.265526 1.201371 5.067993
v 8.391750 0.058465 4.913406
v 8.376984 -1.165339 4.601410
v 9.848988 -2.684765 3.496902
v 7.160629 -1.218593 4.534119
v 9.697544 -3.610974 2.375000
v 7.889973 -2.876560 3.589859
v 9.342918 -3.959350 0.682983
v 7.957417 -3.778002 2.616409
v 8.517307 -4.031140 1.539200
v 6.847912 -3.008940 3.564514
v 6.741112 -3.979249 2.658356
v 8.534035 -4.006488 0.526672
v 8.630672 -3.679208 -2.246994
v 8.072987 -4.038014 0.857010
v 8.218605 -3.301381 -3.086258
v 8.250359 -3.905385 0.378815
v 7.121895 -2.044361 -4.454025
v 6.352669 -2.089706 -4.423492
v 6.738644 -2.958474 -3.677536
v 6.095207 -3.070309 -3.672348
v 5.922245 -3.045653 -3.580063
v 6.180626 -3.279518 -3.483261
v 8.120121 -3.604988 -2.714661
v 6.387508 -3.402922 -3.329407
v 5.981613 -3.317310 -3.305923
v 8.354340 -3.679469 -2.150055
v 7.960747 -3.586964 -2.537445
v 6.256413 -3.458671 -3.167786
v 5.954437 -3.185005 -2.734253
v 7.805401 -2.939156 -2.050674
v 8.117378 -3.055625 -1.617111
v 7.968197 -3.448490 0.426529
v 7.929600 -3.927038 0.737335
v 6.318142 -4.167669 2.203247
v 7.726559 -3.463589 0.613327
v 6.121723 -4.112626 2.114639
v 5.939026 -3.664241 1.882797
v 5.794838 -3.992987 2.602783
v 5.639206 -3.939920 2.522690
v 5.759876 -3.777374 2.913879
v 5.576283 -3.731174 2.848267
v 5.905449 -3.079020 3.477631
v 5.396523 -3.576683 2.253143
v 6.249634 -1.320763 4.413971
v 5.729038 -2.965815 3.473297
v 6.031441 -1.303098 4.304031
v 6.209690 -0.269117 4.612015
v 6.030563 -0.283704 4.520187
v 7.106464 -0.103800 4.804245
v 6.126766 0.754608 4.673965
v 6.995682 0.976966 4.885498
v 6.545731 2.485419 4.836807
v 5.642952 2.279689 4.571121
v 5.922585 0.749607 4.569885
vt 0.951496 0.421753
vt 0.940846 0.421710
vt 0.950215 0.419457
vt 0.940911 0.427772
vt 0.953155 0.424245
vt 0.934189 0.424245
vt 0.941804 0.431007
vt 0.955395 0.431421
vt 0.932683 0.431081
vt 0.926845 0.427570
vt 0.943998 0.437527
vt 0.963560 0.452360
vt 0.925342 0.433311
vt 0.921863 0.428404
vt 0.933002 0.435312
vt 0.935078 0.442181
vt 0.951022 0.456544
vt 0.973215 0.470357
vt 0.940694 0.459991
vt 0.960635 0.476709
vt 0.984833 0.503477
vt 0.971288 0.508676
vt 0.988924 0.518735
vt 0.948441 0.485480
vt 0.975028 0.523742
vt 0.991356 0.532099
vt 0.955957 0.513318
vt 0.977623 0.541785
vt 0.992118 0.543536
vt 0.959616 0.527601
vt 0.984642 0.549681
vt 0.993512 0.551363
vt 0.962656 0.544476
vt 0.984168 0.556502
vt 0.993432 0.552915
vt 0.976977 0.553542
vt 0.984181 0.557586
vt 0.993577 0.556794
vt 0.974938 0.560560
vt 0.984216 0.561753
vt 0.992338 0.562075
vt 0.974939 0.561222
vt 0.969633 0.561811
vt 0.983144 0.564750
vt 0.991981 0.563280
vt 0.975019 0.564622
vt 0.969182 0.565698
vt 0.974687 0.565879
vt 0.982773 0.565658
vt 0.969485 0.562667
vt 0.968803 0.566680
vt 0.966269 0.565828
vt 0.967560 0.561950
vt 0.974514 0.566473
vt 0.967414 0.562722
vt 0.966666 0.562504
vt 0.967162 0.555442
vt 0.967009 0.561681
vt 0.958474 0.551589
vt 0.958291 0.555203
vt 0.957797 0.556006
vt 0.952615 0.549499
vt 0.955463 0.553952
vt 0.955464 0.555019
vt 0.952387 0.545966
vt 0.950594 0.554690
vt 0.949976 0.530448
vt 0.950609 0.555634
vt 0.946736 0.514344
vt 0.941736 0.548323
vt 0.940163 0.489600
vt 0.938869 0.532770
vt 0.935665 0.516762
vt 0.931892 0.461737
vt 0.930493 0.492786
vt 0.926583 0.444677
vt 0.924410 0.462701
vt 0.925098 0.438240
vt 0.920422 0.445650
vt 0.916419 0.463695
vt 0.920625 0.433898
vt 0.914984 0.428672
vt 0.919605 0.438575
vt 0.913893 0.444528
vt 0.913177 0.436793
vt 0.915080 0.432532
vt 0.908152 0.427701
vt 0.907361 0.441868
vt 0.907551 0.428879
vt 0.900146 0.422119
vt 0.906711 0.433059
vt 0.899256 0.422741
vt 0.896420 0.419872
vt 0.896710 0.424308
vt 0.895947 0.420815
vt 0.892397 0.418658
vt 0.892098 0.419595
vt 0.881707 0.418463
vt 0.893829 0.422766
vt 0.890731 0.421753
vt 0.881846 0.421210
vt 0.876791 0.418349
vt 0.890741 0.422215
vt 0.881919 0.421807
vt 0.893839 0.423234
vt 0.896660 0.424825
vt 0.890802 0.430172
vt 0.898336 0.433728
vt 0.894741 0.431518
vt 0.899358 0.463759
vt 0.881605 0.429194
vt 0.888735 0.464803
vt 0.910339 0.462918
vt 0.894657 0.500286
vt 0.922649 0.495231
vt 0.904852 0.498425
vt 0.915133 0.496405
vt 0.927465 0.519083
vt 0.909638 0.521763
vt 0.919674 0.520291
vt 0.931014 0.534577
vt 0.924225 0.534880
vt 0.918901 0.537241
vt 0.934446 0.549519
vt 0.929142 0.550128
vt 0.927300 0.551109
vt 0.942400 0.550832
vt 0.933905 0.553293
vt 0.930327 0.554835
vt 0.934729 0.558568
vt 0.943697 0.555924
vt 0.931035 0.561520
vt 0.935080 0.559295
vt 0.928600 0.555644
vt 0.931795 0.561997
vt 0.926379 0.552108
vt 0.943668 0.556967
vt 0.917413 0.538117
vt 0.936525 0.562427
vt 0.943422 0.560634
vt 0.933669 0.564405
vt 0.951492 0.559069
vt 0.937502 0.566207
vt 0.943506 0.564745
vt 0.954480 0.558540
vt 0.952492 0.562487
vt 0.956585 0.559203
vt 0.956187 0.561917
vt 0.965364 0.565431
vt 0.957461 0.562046
vt 0.952407 0.563209
vt 0.956387 0.562517
vt 0.964845 0.566543
vt 0.957375 0.562852
vt 0.965945 0.566772
vt 0.965722 0.567443
vt 0.968612 0.567245
vt 0.964523 0.567180
vt 0.965063 0.568985
vt 0.968418 0.569185
vt 0.957266 0.565962
vt 0.963810 0.568890
vt 0.956106 0.565802
vt 0.959531 0.570175
vt 0.964358 0.570065
vt 0.959818 0.570947
vt 0.954040 0.571492
vt 0.954097 0.572479
vt 0.952400 0.566212
vt 0.960586 0.572936
vt 0.943670 0.565540
vt 0.944136 0.567911
vt 0.937763 0.567168
vt 0.945464 0.573208
vt 0.935439 0.568055
vt 0.945710 0.574359
vt 0.938849 0.575209
vt 0.938730 0.570005
vt 0.935845 0.568945
vt 0.937039 0.571362
vt 0.935067 0.575158
vt 0.938574 0.576373
vt 0.933300 0.573029
vt 0.932861 0.572416
vt 0.931726 0.570125
vt 0.931388 0.574509
vt 0.929621 0.567948
vt 0.930072 0.573130
vt 0.931761 0.575055
vt 0.928932 0.567491
vt 0.933509 0.577532
vt 0.925561 0.563751
vt 0.927804 0.570232
vt 0.922164 0.556430
vt 0.923188 0.565843
vt 0.919739 0.558516
vt 0.928334 0.570869
vt 0.926255 0.571446
vt 0.926681 0.572141
vt 0.927492 0.575033
vt 0.924793 0.572906
vt 0.924379 0.572007
vt 0.929077 0.576478
vt 0.925559 0.576073
vt 0.926660 0.577431
vt 0.929343 0.576942
vt 0.927229 0.577980
vt 0.930487 0.578908
vt 0.928600 0.579971
vt 0.923510 0.579515
vt 0.931147 0.582105
vt 0.924712 0.581584
vt 0.921419 0.577339
vt 0.933405 0.580070
vt 0.919151 0.581467
vt 0.938888 0.578506
vt 0.933326 0.582705
vt 0.924885 0.586327
vt 0.945539 0.576516
vt 0.919363 0.584334
vt 0.954374 0.574402
vt 0.945733 0.578793
vt 0.955302 0.577232
vt 0.939711 0.580330
vt 0.940595 0.585062
vt 0.956879 0.581978
vt 0.961227 0.576267
vt 0.969027 0.572376
vt 0.960992 0.582149
vt 0.968925 0.570673
vt 0.968368 0.576373
vt 0.974487 0.568573
vt 0.977546 0.569347
vt 0.982339 0.568452
vt 0.992031 0.565962
vt 0.990406 0.570120
vt 0.977492 0.571293
vt 0.981853 0.571938
vt 0.989115 0.572684
vt 0.981425 0.573396
vt 0.986994 0.579659
vt 0.976282 0.576109
vt 0.969282 0.581408
vt 0.981679 0.580561
vt 0.981524 0.584367
vt 0.974327 0.580968
vt 0.980077 0.580059
vt 0.980302 0.584198
vt 0.969763 0.582747
vt 0.982333 0.590696
vt 0.983275 0.590285
vt 0.979055 0.584146
vt 0.985849 0.597160
vt 0.986607 0.596630
vt 0.981319 0.591954
vt 0.990043 0.603234
vt 0.991070 0.603092
vt 0.995899 0.610198
vt 0.996646 0.609215
vt 0.989112 0.604140
vt 0.995083 0.611258
vt 0.985097 0.597887
vt 0.984811 0.607327
vt 0.991060 0.614913
vt 0.987597 0.616438
vt 0.980399 0.601041
vt 0.981343 0.608585
vt 0.976381 0.594275
vt 0.976122 0.601717
vt 0.978436 0.610837
vt 0.985427 0.618720
vt 0.981850 0.620936
vt 0.973801 0.603873
vt 0.974972 0.612828
vt 0.980641 0.621819
vt 0.968989 0.596753
vt 0.974013 0.613737
vt 0.969421 0.605348
vt 0.967738 0.606473
vt 0.963174 0.620642
vt 0.969858 0.628174
vt 0.967581 0.629211
vt 0.956771 0.613357
vt 0.962860 0.598561
vt 0.960994 0.621315
vt 0.963952 0.597957
vt 0.958669 0.623074
vt 0.965075 0.630234
vt 0.962181 0.631451
vt 0.952423 0.616336
vt 0.955172 0.624435
vt 0.954922 0.614442
vt 0.948064 0.617331
vt 0.946244 0.608355
vt 0.948668 0.606196
vt 0.950549 0.604494
vt 0.939024 0.599962
vt 0.960360 0.592660
vt 0.943231 0.598953
vt 0.945344 0.597626
vt 0.940527 0.593627
vt 0.943447 0.591391
vt 0.961484 0.592427
vt 0.966497 0.590302
vt 0.964535 0.588338
vt 0.971732 0.594240
vt 0.969631 0.587589
vt 0.973153 0.586059
vt 0.968629 0.586059
vt 0.974576 0.582408
vt 0.965488 0.583454
vt 0.965716 0.584604
vt 0.965401 0.582757
vt 0.964082 0.583384
vt 0.960756 0.582707
vt 0.963853 0.584632
vt 0.957057 0.582437
vt 0.960684 0.584670
vt 0.959866 0.588999
vt 0.957583 0.584638
vt 0.940822 0.585699
vt 0.941774 0.587329
vt 0.939197 0.588970
vt 0.938035 0.587648
vt 0.937520 0.586800
vt 0.935362 0.590624
vt 0.936202 0.590857
vt 0.937062 0.591632
vt 0.935909 0.591368
vt 0.926003 0.588481
vt 0.929991 0.593868
vt 0.936549 0.592019
vt 0.935520 0.596466
vt 0.934850 0.596479
vt 0.932493 0.595959
vt 0.929971 0.599498
vt 0.926632 0.595852
vt 0.921331 0.589929
vt 0.942601 0.610239
vt 0.920865 0.587395
vt 0.939401 0.613777
vt 0.946047 0.620724
vt 0.952890 0.627259
vt 0.960999 0.633749
vt 0.943047 0.623914
vt 0.950868 0.630917
vt 0.958226 0.637231
vt 0.957650 0.638022
vt 0.950040 0.632033
vt 0.956890 0.638798
vt 0.948964 0.633557
vt 0.941201 0.625981
vt 0.942293 0.624397
vt 0.932630 0.616846
vt 0.935173 0.615198
vt 0.934324 0.616082
vt 0.925969 0.605406
vt 0.925035 0.606980
vt 0.927576 0.604380
vt 0.919548 0.600130
vt 0.912743 0.598738
vt 0.920935 0.598168
vt 0.915278 0.589342
vt 0.895240 0.594306
vt 0.895699 0.586734
vt 0.879590 0.593183
vt 0.913223 0.586074
vt 0.895804 0.583753
vt 0.912340 0.582804
vt 0.896405 0.579706
vt 0.917767 0.578749
vt 0.910830 0.579135
vt 0.920483 0.573759
vt 0.916659 0.574385
vt 0.920580 0.572766
vt 0.916637 0.573256
vt 0.918861 0.567090
vt 0.908242 0.573804
vt 0.914013 0.566625
vt 0.896684 0.576837
vt 0.908002 0.571834
vt 0.896614 0.572045
vt 0.914733 0.558030
vt 0.905332 0.564731
vt 0.911317 0.543640
vt 0.907916 0.557121
vt 0.906712 0.543704
vt 0.913560 0.541786
vt 0.902322 0.526984
vt 0.904320 0.525466
vt 0.907496 0.522597
vt 0.889578 0.504561
vt 0.893168 0.501860
vt 0.882148 0.465985
vt 0.879248 0.466030
vt 0.883844 0.465656
vt 0.876594 0.430971
vt 0.875939 0.423042
vt 0.875828 0.422384
vt 0.872604 0.425670
vt 0.872708 0.424880
vt 0.871481 0.421848
vt 0.872263 0.433005
vt 0.867023 0.430085
vt 0.865737 0.425543
vt 0.870317 0.419592
vt 0.866177 0.422690
vt 0.874922 0.415992
vt 0.878538 0.412275
vt 0.869161 0.419415
vt 0.875839 0.412556
vt 0.875952 0.400638
vt 0.874426 0.415732
vt 0.875286 0.412521
vt 0.872708 0.412868
vt 0.873550 0.401701
vt 0.873448 0.396936
vt 0.873043 0.402260
vt 0.871180 0.398641
vt 0.869375 0.394344
vt 0.870571 0.399432
vt 0.868010 0.396988
vt 0.859129 0.394537
vt 0.859203 0.392070
vt 0.867366 0.397561
vt 0.869080 0.401592
vt 0.870816 0.405018
vt 0.866365 0.399141
vt 0.871008 0.412625
vt 0.868092 0.402723
vt 0.869625 0.405536
vt 0.865609 0.400593
vt 0.851305 0.409208
vt 0.851414 0.413492
vt 0.867709 0.418383
vt 0.865676 0.422041
vt 0.864453 0.420634
vt 0.859985 0.425645
vt 0.859821 0.424797
vt 0.859786 0.423097
vt 0.849292 0.417137
vt 0.852884 0.425500
vt 0.846043 0.411702
vt 0.845073 0.417884
vt 0.852688 0.426860
vt 0.846642 0.426080
vt 0.840851 0.425186
vt 0.852692 0.427743
vt 0.837682 0.422973
vt 0.860739 0.428075
vt 0.841291 0.415280
vt 0.860095 0.429923
vt 0.851594 0.430392
vt 0.846768 0.428086
vt 0.852152 0.432961
vt 0.845810 0.427313
vt 0.846554 0.430345
vt 0.840789 0.426416
vt 0.840408 0.426776
vt 0.840085 0.429030
vt 0.837088 0.424157
vt 0.845467 0.433250
vt 0.836764 0.424618
vt 0.839361 0.431558
vt 0.832842 0.417310
vt 0.835809 0.426476
vt 0.840212 0.410790
vt 0.831294 0.419850
vt 0.831786 0.419159
vt 0.829222 0.412483
vt 0.831225 0.412671
vt 0.832431 0.407384
vt 0.831114 0.405019
vt 0.836101 0.402336
vt 0.843392 0.406162
vt 0.828179 0.412246
vt 0.848586 0.405842
vt 0.826219 0.411953
vt 0.829896 0.422780
vt 0.828482 0.401231
vt 0.834358 0.428950
vt 0.830475 0.402749
vt 0.835303 0.398026
vt 0.833866 0.395999
vt 0.835076 0.400856
vt 0.841433 0.395532
vt 0.841172 0.392898
vt 0.840548 0.399351
vt 0.841047 0.397226
vt 0.844511 0.398217
vt 0.845214 0.396258
vt 0.845807 0.394697
vt 0.845942 0.391973
vt 0.850884 0.397857
vt 0.857602 0.398997
vt 0.851057 0.396214
vt 0.858059 0.397304
vt 0.851892 0.395041
vt 0.858587 0.395261
vt 0.852037 0.394120
vt 0.852718 0.392047
vt 0.774242 0.561412
vt 0.780960 0.569021
vt 0.771168 0.567797
vt 0.782199 0.563024
vt 0.774969 0.559478
vt 0.790612 0.564341
vt 0.790616 0.571880
vt 0.783310 0.559966
vt 0.774868 0.556209
vt 0.795474 0.571795
vt 0.784324 0.556416
vt 0.799103 0.576615
vt 0.773780 0.554141
vt 0.790802 0.562091
vt 0.785044 0.554082
vt 0.773779 0.553244
vt 0.791436 0.558330
vt 0.785322 0.552908
vt 0.773834 0.549321
vt 0.792465 0.555705
vt 0.796334 0.560023
vt 0.786188 0.548778
vt 0.773285 0.546324
vt 0.792431 0.554237
vt 0.785520 0.545588
vt 0.773204 0.545116
vt 0.793544 0.549568
vt 0.785449 0.544407
vt 0.772039 0.538902
vt 0.794545 0.547173
vt 0.800878 0.552220
vt 0.786376 0.538500
vt 0.774513 0.529446
vt 0.794844 0.545988
vt 0.801988 0.549354
vt 0.789189 0.528973
vt 0.778449 0.517716
vt 0.795377 0.540749
vt 0.791845 0.521268
vt 0.784144 0.503686
vt 0.804941 0.535211
vt 0.796233 0.509021
vt 0.802428 0.474113
vt 0.806284 0.527582
vt 0.812312 0.479806
vt 0.810832 0.455495
vt 0.809945 0.515157
vt 0.820604 0.459626
vt 0.818089 0.433949
vt 0.822072 0.486021
vt 0.824783 0.435953
vt 0.820644 0.426541
vt 0.830795 0.463965
vt 0.830914 0.437515
vt 0.827434 0.428846
vt 0.821930 0.423940
vt 0.828761 0.425515
vt 0.822119 0.421241
vt 0.832969 0.431681
vt 0.838608 0.434663
vt 0.836829 0.438727
vt 0.845767 0.436766
vt 0.844896 0.441246
vt 0.838871 0.466206
vt 0.852028 0.441491
vt 0.831299 0.491990
vt 0.848418 0.466671
vt 0.823964 0.520446
vt 0.844935 0.496617
vt 0.821483 0.534784
vt 0.843188 0.526471
vt 0.855065 0.498866
vt 0.853401 0.525703
vt 0.858292 0.467009
vt 0.862848 0.526125
vt 0.865031 0.500736
vt 0.861655 0.438328
vt 0.867095 0.465905
vt 0.853049 0.436662
vt 0.861492 0.433664
vt 0.866676 0.435881
vt 0.874494 0.466912
vt 0.876726 0.467037
vt 0.876652 0.503248
vt 0.875178 0.526805
vt 0.881956 0.505147
vt 0.886585 0.505385
vt 0.881841 0.527628
vt 0.874545 0.538683
vt 0.898699 0.528060
vt 0.888934 0.528239
vt 0.901940 0.543624
vt 0.895165 0.529112
vt 0.899261 0.553653
vt 0.896942 0.541476
vt 0.888499 0.540185
vt 0.881673 0.539682
vt 0.888077 0.551153
vt 0.881240 0.550457
vt 0.873725 0.550243
vt 0.862297 0.538707
vt 0.873445 0.558990
vt 0.853383 0.538654
vt 0.861719 0.552314
vt 0.842493 0.539101
vt 0.853648 0.550790
vt 0.847151 0.545859
vt 0.860797 0.559335
vt 0.852979 0.559003
vt 0.840880 0.544428
vt 0.823337 0.539263
vt 0.842812 0.548171
vt 0.816851 0.540173
vt 0.839626 0.546171
vt 0.803635 0.543416
vt 0.802770 0.548538
vt 0.810208 0.548221
vt 0.809795 0.552552
vt 0.809827 0.553890
vt 0.811436 0.552556
vt 0.819590 0.541822
vt 0.812780 0.551693
vt 0.812112 0.554180
vt 0.823633 0.541233
vt 0.820347 0.543237
vt 0.813475 0.552933
vt 0.815098 0.556725
vt 0.823453 0.547511
vt 0.826171 0.546346
vt 0.823837 0.551002
vt 0.826668 0.550063
vt 0.838702 0.549676
vt 0.841906 0.549165
vt 0.850073 0.561637
vt 0.839840 0.551634
vt 0.849525 0.563022
vt 0.837001 0.552023
vt 0.847272 0.565421
vt 0.852204 0.565137
vt 0.851798 0.566227
vt 0.854257 0.565597
vt 0.853921 0.566828
vt 0.859661 0.565674
vt 0.850744 0.569313
vt 0.872408 0.565423
vt 0.860015 0.567024
vt 0.853908 0.570749
vt 0.872164 0.567130
vt 0.861422 0.571273
vt 0.879400 0.566762
vt 0.879190 0.568250
vt 0.880562 0.560004
vt 0.886262 0.567727
vt 0.887319 0.560922
vt 0.897007 0.562896
vt 0.896966 0.570353
vt 0.886308 0.569509
vt 0.879556 0.573334
vt 0.886071 0.574582
vt 0.886092 0.576781
vt 0.871410 0.571709
vt 0.884781 0.580332
vt 0.878208 0.576133
vt 0.883420 0.583602
vt 0.877905 0.579550
vt 0.876898 0.582458
vt 0.870827 0.573548
vt 0.870804 0.578125
vt 0.871280 0.576108
vt 0.860656 0.573106
vt 0.860563 0.575966
vt 0.860231 0.573770
vt 0.853034 0.572202
vt 0.851905 0.575603
vt 0.852445 0.573062
vt 0.849319 0.570570
vt 0.846610 0.568348
vt 0.849104 0.571474
vt 0.844060 0.563978
vt 0.848442 0.571108
vt 0.848141 0.573999
vt 0.846564 0.572896
vt 0.844301 0.569277
vt 0.838392 0.553982
vt 0.841098 0.563016
vt 0.837162 0.555254
vt 0.835887 0.554079
vt 0.836666 0.561022
vt 0.827513 0.552425
vt 0.825076 0.553401
vt 0.825102 0.558888
vt 0.838260 0.568473
vt 0.825315 0.566251
vt 0.818435 0.561750
vt 0.821678 0.564752
vt 0.816402 0.560038
vt 0.814871 0.565390
vt 0.820408 0.568243
vt 0.812996 0.557480
vt 0.813092 0.563367
vt 0.810091 0.556448
vt 0.809716 0.561698
vt 0.800375 0.557598
vt 0.800101 0.558655
vt 0.812724 0.564164
vt 0.809676 0.562832
vt 0.802794 0.562703
vt 0.813132 0.566414
vt 0.796350 0.564032
vt 0.807695 0.564677
vt 0.802144 0.565562
vt 0.796117 0.565793
vt 0.807841 0.567124
vt 0.802409 0.567335
vt 0.798330 0.570114
vt 0.814227 0.568640
vt 0.808166 0.568715
vt 0.801450 0.570695
vt 0.809034 0.572246
vt 0.813961 0.570660
vt 0.799094 0.571579
vt 0.802042 0.571872
vt 0.800845 0.576233
vt 0.806995 0.575711
vt 0.803153 0.582763
vt 0.801404 0.582970
vt 0.801625 0.575983
vt 0.803658 0.582780
vt 0.802421 0.590105
vt 0.801009 0.589715
vt 0.799435 0.596056
vt 0.803357 0.590250
vt 0.800698 0.596205
vt 0.797020 0.603186
vt 0.795870 0.602747
vt 0.801742 0.596564
vt 0.791688 0.610824
vt 0.790336 0.610108
vt 0.798049 0.603807
vt 0.784927 0.618268
vt 0.782921 0.618071
vt 0.792400 0.611597
vt 0.803239 0.605756
vt 0.797790 0.613895
vt 0.787135 0.618679
vt 0.806918 0.597685
vt 0.800640 0.615032
vt 0.808465 0.591066
vt 0.805697 0.607084
vt 0.810068 0.598909
vt 0.809108 0.582759
vt 0.812242 0.591369
vt 0.812966 0.599406
vt 0.815794 0.592086
vt 0.812908 0.582042
vt 0.812619 0.577779
vt 0.808780 0.573319
vt 0.813609 0.575632
vt 0.815607 0.579040
vt 0.815074 0.573916
vt 0.816905 0.577489
vt 0.817630 0.582197
vt 0.820105 0.580570
vt 0.817959 0.575023
vt 0.820596 0.583067
vt 0.818734 0.573105
vt 0.824760 0.578729
vt 0.823841 0.581118
vt 0.819132 0.571481
vt 0.819727 0.592132
vt 0.819786 0.570206
vt 0.816372 0.600500
vt 0.824982 0.569895
vt 0.825575 0.572208
vt 0.838778 0.572325
vt 0.839154 0.574416
vt 0.825455 0.574111
vt 0.840108 0.577019
vt 0.825888 0.576758
vt 0.848817 0.576388
vt 0.840572 0.579683
vt 0.840616 0.581905
vt 0.850725 0.576916
vt 0.850171 0.579759
vt 0.848760 0.582120
vt 0.859970 0.578435
vt 0.859369 0.580870
vt 0.870532 0.582713
vt 0.853182 0.583954
vt 0.862562 0.588958
vt 0.869744 0.590273
vt 0.870896 0.592036
vt 0.865887 0.595686
vt 0.863920 0.593246
vt 0.864531 0.594585
vt 0.857177 0.601177
vt 0.855357 0.598757
vt 0.856319 0.600152
vt 0.850674 0.607813
vt 0.851626 0.608562
vt 0.849493 0.607332
vt 0.846943 0.615767
vt 0.847655 0.617239
vt 0.842625 0.625492
vt 0.843718 0.625967
vt 0.845651 0.614808
vt 0.838797 0.635507
vt 0.840198 0.635669
vt 0.841435 0.624920
vt 0.836857 0.648635
vt 0.840768 0.612049
vt 0.837267 0.634852
vt 0.845613 0.603242
vt 0.836866 0.621512
vt 0.851707 0.595111
vt 0.856666 0.588866
vt 0.849286 0.592762
vt 0.849466 0.585936
vt 0.848341 0.588157
vt 0.843044 0.602220
vt 0.840181 0.585462
vt 0.843199 0.587179
vt 0.838768 0.587991
vt 0.840820 0.589545
vt 0.823297 0.583676
vt 0.834501 0.596684
vt 0.821554 0.592428
vt 0.844314 0.592346
vt 0.836432 0.597724
vt 0.839551 0.600439
vt 0.831827 0.607482
vt 0.838248 0.610459
vt 0.835323 0.608782
vt 0.833235 0.620603
vt 0.830447 0.618791
vt 0.829581 0.606461
vt 0.827161 0.617532
vt 0.826865 0.627552
vt 0.818017 0.601065
vt 0.825180 0.616835
vt 0.823863 0.625879
vt 0.810974 0.609744
vt 0.812824 0.610394
vt 0.821504 0.624687
vt 0.808819 0.618120
vt 0.807697 0.608348
vt 0.806802 0.617864
vt 0.803369 0.616460
vt 0.796261 0.621627
vt 0.803203 0.624458
vt 0.793152 0.620314
vt 0.799479 0.622918
vt 0.785807 0.627316
vt 0.790783 0.628699
vt 0.794135 0.629599
vt 0.796965 0.631437
vt 0.791631 0.638134
vt 0.789122 0.637578
vt 0.784684 0.627136
vt 0.785147 0.635791
vt 0.787224 0.644425
vt 0.784257 0.635633
vt 0.784002 0.642505
vt 0.789019 0.645753
vt 0.783581 0.653558
vt 0.781903 0.649278
vt 0.785931 0.654743
vt 0.783253 0.642384
vt 0.781693 0.648686
vt 0.791155 0.646842
vt 0.787643 0.656082
vt 0.789855 0.658158
vt 0.782447 0.642705
vt 0.781688 0.648324
vt 0.794527 0.639264
vt 0.793898 0.648383
vt 0.797215 0.640095
vt 0.794887 0.648923
vt 0.790493 0.659165
vt 0.798917 0.662809
vt 0.798304 0.640900
vt 0.803919 0.653899
vt 0.805508 0.654489
vt 0.800708 0.663057
vt 0.802245 0.663921
vt 0.808722 0.647291
vt 0.801583 0.633353
vt 0.800157 0.632485
vt 0.804793 0.625343
vt 0.818086 0.631596
vt 0.813611 0.639657
vt 0.810569 0.647924
vt 0.815276 0.640799
vt 0.820168 0.632666
vt 0.818601 0.642429
vt 0.823916 0.634726
vt 0.812719 0.649833
vt 0.829531 0.630270
vt 0.826700 0.637379
vt 0.832530 0.631920
vt 0.820959 0.644507
vt 0.830132 0.640231
vt 0.834624 0.645527
vt 0.823593 0.646720
vt 0.835614 0.647122
vt 0.827028 0.650475
vt 0.816509 0.652815
vt 0.814777 0.651214
vt 0.807199 0.655579
vt 0.809708 0.656881
vt 0.804451 0.664136
vt 0.805636 0.665368
vt 0.811940 0.658812
vt 0.807779 0.667443
vt 0.814166 0.661349
vt 0.819682 0.655891
vt 0.814618 0.661934
vt 0.808222 0.667878
vt 0.820288 0.656510
vt 0.827309 0.651286
vt 0.815099 0.662944
vt 0.808629 0.668392
vt 0.821140 0.657299
vt 0.828388 0.652697
vt 0.822450 0.658849
vt 0.837354 0.651916
vt 0.848781 0.658648
vt 0.829257 0.654845
vt 0.847064 0.659782
vt 0.854778 0.669117
vt 0.837246 0.658167
vt 0.852687 0.669590
vt 0.856372 0.679863
vt 0.844015 0.663465
vt 0.854289 0.680047
vt 0.854672 0.689969
vt 0.848347 0.671071
vt 0.852456 0.689310
vt 0.849909 0.679314
vt 0.848394 0.696928
vt 0.849924 0.698667
vt 0.848146 0.687360
vt 0.841873 0.702826
vt 0.842751 0.705044
vt 0.845065 0.693821
vt 0.844907 0.685706
vt 0.833789 0.706025
vt 0.834186 0.708780
vt 0.839525 0.698824
vt 0.842082 0.691275
vt 0.832860 0.701935
vt 0.825207 0.706480
vt 0.824741 0.708881
vt 0.837724 0.695440
vt 0.817304 0.704150
vt 0.815025 0.705807
vt 0.808914 0.700756
vt 0.826040 0.702083
vt 0.810474 0.698958
vt 0.804208 0.693637
vt 0.819266 0.699983
vt 0.805990 0.692470
vt 0.801950 0.684654
vt 0.813530 0.696027
vt 0.804398 0.684636
vt 0.810026 0.690734
vt 0.805380 0.676137
vt 0.803557 0.675578
vt 0.808084 0.683888
vt 0.813497 0.688844
vt 0.810034 0.669645
vt 0.816531 0.693431
vt 0.812303 0.683475
vt 0.818346 0.691795
vt 0.815733 0.687811
vt 0.821044 0.696787
vt 0.822178 0.694757
vt 0.826647 0.698375
vt 0.826961 0.695988
vt 0.832387 0.697789
vt 0.831946 0.695457
vt 0.836584 0.693349
vt 0.831560 0.693301
vt 0.840360 0.689708
vt 0.835527 0.691454
vt 0.838749 0.688316
vt 0.842895 0.684912
vt 0.834920 0.690368
vt 0.840868 0.684206
vt 0.843579 0.679365
vt 0.845858 0.679244
vt 0.844597 0.672746
vt 0.842490 0.673826
vt 0.841283 0.666975
vt 0.839715 0.669064
vt 0.841479 0.679519
vt 0.840559 0.674881
vt 0.835596 0.666125
vt 0.836307 0.663373
vt 0.830391 0.659040
vt 0.830823 0.663379
vt 0.824050 0.662114
vt 0.825437 0.665476
vt 0.830858 0.665880
vt 0.816061 0.664314
vt 0.818354 0.666502
vt 0.820513 0.668923
vt 0.813123 0.671394
vt 0.816226 0.673135
vt 0.809233 0.677115
vt 0.813257 0.678020
vt 0.821756 0.670413
vt 0.814727 0.683181
vt 0.818054 0.674127
vt 0.815536 0.678454
vt 0.816945 0.682900
vt 0.819740 0.675058
vt 0.817625 0.678831
vt 0.817786 0.686857
vt 0.820003 0.690255
vt 0.818975 0.686306
vt 0.818217 0.682732
vt 0.823274 0.692725
vt 0.821005 0.689325
vt 0.827314 0.693756
vt 0.823945 0.691480
vt 0.827519 0.692488
vt 0.824611 0.685403
vt 0.831346 0.692055
vt 0.826704 0.686920
vt 0.830423 0.686849
vt 0.828396 0.687110
vt 0.825418 0.684706
vt 0.832309 0.685893
vt 0.827152 0.685958
vt 0.824861 0.683491
vt 0.823905 0.683900
vt 0.828500 0.686088
vt 0.830244 0.685854
vt 0.831808 0.685048
vt 0.833126 0.683698
vt 0.833844 0.684341
vt 0.837815 0.687521
vt 0.834857 0.682759
vt 0.839657 0.683804
vt 0.840182 0.679633
vt 0.835291 0.679862
vt 0.833938 0.682433
vt 0.839466 0.675495
vt 0.834303 0.680051
vt 0.834760 0.678154
vt 0.837393 0.672050
vt 0.833875 0.678717
vt 0.838251 0.670972
vt 0.833707 0.676430
vt 0.834345 0.669912
vt 0.834826 0.668557
vt 0.830796 0.668180
vt 0.832987 0.677253
vt 0.832119 0.675340
vt 0.830715 0.669503
vt 0.831669 0.676357
vt 0.830211 0.675007
vt 0.830025 0.676045
vt 0.826550 0.677280
vt 0.828644 0.676132
vt 0.828500 0.675155
vt 0.824780 0.680125
vt 0.827008 0.670603
vt 0.824520 0.681819
vt 0.825976 0.676573
vt 0.823515 0.681967
vt 0.823831 0.679947
vt 0.818826 0.679041
vt 0.825628 0.678463
vt 0.824816 0.678039
vt 0.820706 0.675599
vt 0.823602 0.672759
vt 0.822896 0.671837
vt 0.826694 0.669422
vt 0.826121 0.667504
vt 0.783411 0.635086
vt 0.783583 0.627417
vt 0.781461 0.627271
vt 0.781319 0.635315
vt 0.780355 0.642830
vt 0.780558 0.652086
vt 0.780042 0.619128
vt 0.770526 0.612172
vt 0.778492 0.651254
vt 0.773030 0.660695
vt 0.768946 0.613785
vt 0.757976 0.610771
vt 0.775141 0.621698
vt 0.758233 0.612696
vt 0.767060 0.617867
vt 0.748675 0.615210
vt 0.747250 0.613169
vt 0.739286 0.618545
vt 0.758667 0.617102
vt 0.740869 0.620418
vt 0.733045 0.626444
vt 0.751352 0.618842
vt 0.758660 0.620948
vt 0.752148 0.622387
vt 0.743900 0.623257
vt 0.765322 0.621699
vt 0.746579 0.625701
vt 0.738960 0.628939
vt 0.735066 0.627324
vt 0.731794 0.635767
vt 0.729853 0.635183
vt 0.736405 0.635719
vt 0.742517 0.630454
vt 0.736192 0.642826
vt 0.732352 0.643869
vt 0.729657 0.644073
vt 0.732208 0.652336
vt 0.740318 0.636085
vt 0.735071 0.651714
vt 0.737973 0.660164
vt 0.738229 0.649768
vt 0.739884 0.658447
vt 0.745968 0.664735
vt 0.740214 0.641936
vt 0.746826 0.662610
vt 0.754838 0.666724
vt 0.743159 0.655226
vt 0.755238 0.664722
vt 0.764118 0.665451
vt 0.764040 0.663304
vt 0.755907 0.660147
vt 0.771892 0.659096
vt 0.763112 0.658797
vt 0.748942 0.658735
vt 0.769786 0.655148
vt 0.774847 0.649423
vt 0.767263 0.651862
vt 0.761934 0.654907
vt 0.776787 0.642383
vt 0.771218 0.647253
vt 0.777662 0.635277
vt 0.773229 0.641537
vt 0.777022 0.628232
vt 0.773938 0.635541
vt 0.770774 0.624729
vt 0.773250 0.629719
vt 0.771002 0.630754
vt 0.771746 0.635787
vt 0.768639 0.626520
vt 0.771152 0.641024
vt 0.764139 0.623965
vt 0.769287 0.645952
vt 0.758589 0.623312
vt 0.765887 0.649924
vt 0.753033 0.624519
vt 0.761357 0.652520
vt 0.764628 0.648147
vt 0.767537 0.644755
vt 0.769219 0.640552
vt 0.767999 0.640265
vt 0.769699 0.636058
vt 0.768449 0.636254
vt 0.766555 0.644067
vt 0.763246 0.639579
vt 0.768949 0.631771
vt 0.766790 0.628224
vt 0.767774 0.632392
vt 0.763059 0.626068
vt 0.765771 0.629218
vt 0.758464 0.625506
vt 0.762454 0.627286
vt 0.753789 0.626504
vt 0.758374 0.626753
vt 0.760007 0.632411
vt 0.757935 0.632121
vt 0.754235 0.627736
vt 0.748222 0.627370
vt 0.749696 0.628928
vt 0.744685 0.631470
vt 0.746658 0.632421
vt 0.742754 0.636331
vt 0.742612 0.641398
vt 0.744986 0.636569
vt 0.747796 0.632971
vt 0.746270 0.636706
vt 0.744834 0.640902
vt 0.746116 0.640615
vt 0.751621 0.637366
vt 0.750571 0.629868
vt 0.752463 0.635366
vt 0.756102 0.632302
vt 0.753543 0.633828
vt 0.754236 0.634539
vt 0.756342 0.633278
vt 0.753375 0.635772
vt 0.757786 0.633153
vt 0.759553 0.633398
vt 0.761720 0.633439
vt 0.760966 0.634257
vt 0.762870 0.635065
vt 0.761974 0.635646
vt 0.763486 0.636699
vt 0.762493 0.636950
vt 0.762311 0.639325
vt 0.757043 0.643277
vt 0.761569 0.640630
vt 0.762339 0.641216
vt 0.760330 0.642051
vt 0.763911 0.647123
vt 0.760910 0.642857
vt 0.759074 0.643928
vt 0.760460 0.649110
vt 0.760794 0.650351
vt 0.756617 0.649791
vt 0.758801 0.642945
vt 0.757029 0.644314
vt 0.756323 0.653392
vt 0.756522 0.651108
vt 0.752879 0.649070
vt 0.756079 0.655890
vt 0.751420 0.652496
vt 0.750405 0.654816
vt 0.752342 0.650358
vt 0.747206 0.649967
vt 0.745542 0.651857
vt 0.742005 0.647397
vt 0.744165 0.646113
vt 0.746145 0.644930
vt 0.748737 0.648219
vt 0.747274 0.644258
vt 0.749671 0.647141
vt 0.755279 0.644239
vt 0.752959 0.642891
vt 0.755631 0.643230
vt 0.753706 0.642116
vt 0.753018 0.640929
vt 0.752516 0.639240
vt 0.752081 0.641412
vt 0.752635 0.637499
vt 0.751489 0.639458
vn 0.2694 0.3733 -0.8877
vn -0.1304 0.4892 -0.8624
vn 0.0202 0.2725 -0.9619
vn 0.3064 0.6034 -0.7363
vn 0.1064 0.3623 -0.9260
vn -0.0222 0.8617 -0.5069
vn 0.2166 0.5065 -0.8346
vn 0.0333 0.3099 -0.9502
vn 0.5178 0.7885 -0.3318
vn 0.1138 0.9741 -0.1954
vn 0.0694 0.4719 -0.8789
vn 0.1333 0.2844 -0.9494
vn 0.6276 0.7753 -0.0714
vn 0.2192 0.9699 0.1065
vn 0.4159 0.7920 -0.4470
vn 0.1217 0.8257 -0.5508
vn 0.1305 0.4712 -0.8723
vn 0.2171 0.2941 -0.9308
vn 0.1783 0.7689 -0.6140
vn 0.2205 0.4234 -0.8787
vn 0.1924 0.3671 -0.9101
vn 0.1674 0.5145 -0.8410
vn 0.1093 0.3810 -0.9181
vn 0.2264 0.7089 -0.6680
vn 0.1099 0.5452 -0.8311
vn 0.0847 0.3676 -0.9261
vn 0.1323 0.7692 -0.6252
vn 0.0830 0.5547 -0.8279
vn -0.0523 0.2901 -0.9556
vn 0.0915 0.7747 -0.6257
vn -0.0536 0.2607 -0.9639
vn -0.2722 0.0596 -0.9604
vn 0.0834 0.7730 -0.6289
vn -0.1424 0.1426 -0.9795
vn -0.7202 -0.4774 -0.5034
vn -0.0070 0.4764 -0.8792
vn -0.6995 -0.4494 -0.5556
vn -0.6333 -0.3791 -0.6748
vn -0.0850 0.4063 -0.9098
vn -0.6462 -0.3687 -0.6682
vn -0.3132 -0.0389 -0.9489
vn -0.7901 -0.2466 -0.5612
vn -0.0457 0.5942 -0.8030
vn -0.4370 -0.1159 -0.8920
vn -0.7350 -0.3241 -0.5956
vn -0.7861 -0.2353 -0.5716
vn -0.8992 0.1205 -0.4206
vn -0.6744 -0.0291 -0.7378
vn -0.7622 -0.3614 -0.5371
vn -0.9343 0.0738 -0.3488
vn -0.4645 0.4541 -0.7603
vn -0.9000 0.4071 -0.1556
vn -0.0743 0.6616 -0.7461
vn -0.8766 -0.2999 -0.3765
vn -0.9247 0.3591 -0.1265
vn -0.6489 0.6823 0.3366
vn 0.0442 0.7150 -0.6978
vn -0.1401 0.8868 -0.4404
vn 0.0605 0.8690 -0.4912
vn -0.0117 0.8626 -0.5058
vn -0.6973 0.6258 0.3494
vn 0.0483 0.9697 -0.2396
vn 0.0673 0.9462 -0.3166
vn -0.7904 0.5977 0.1345
vn 0.0675 0.9630 -0.2608
vn -0.0427 0.9954 -0.0855
vn 0.0880 0.9754 -0.2022
vn -0.8986 0.4275 0.0989
vn 0.1291 0.9774 -0.1671
vn 0.0900 0.9959 -0.0043
vn 0.1931 0.9710 -0.1408
vn 0.1064 0.9928 0.0556
vn 0.1305 0.9844 0.1178
vn 0.1866 0.9559 -0.2266
vn 0.1672 0.9720 0.1653
vn 0.1671 0.9741 -0.1525
vn 0.1729 0.9712 0.1641
vn 0.4856 0.8703 -0.0824
vn 0.1589 0.9678 0.1953
vn 0.1648 0.9149 0.3684
vn 0.6345 0.7727 -0.0173
vn 0.2154 0.9543 0.2074
vn 0.4895 0.8698 0.0618
vn 0.1428 0.9247 0.3529
vn 0.4576 0.8832 0.1026
vn 0.6086 0.7839 -0.1228
vn 0.3428 0.9184 0.1976
vn 0.0746 0.6304 0.7727
vn 0.6430 0.7485 -0.1622
vn 0.1318 0.6875 0.7141
vn 0.3822 0.8058 0.4523
vn 0.5951 0.7877 0.1596
vn 0.0548 0.3076 0.9500
vn 0.7208 0.6930 -0.0109
vn 0.7946 0.5286 0.2988
vn 0.2424 0.0350 0.9695
vn 0.9079 0.1650 0.3853
vn 0.9497 -0.1383 0.2808
vn 0.9009 0.4197 0.1108
vn 0.9727 0.1107 0.2041
vn 0.9053 -0.1530 0.3962
vn 0.8441 -0.5360 0.0154
vn 0.0383 -0.0677 0.9970
vn 0.0142 -0.1768 0.9841
vn 0.0554 0.1350 0.9893
vn 0.1174 0.5038 0.8558
vn 0.0044 -0.0452 0.9990
vn 0.0486 0.4657 0.8836
vn -0.0039 0.1618 0.9868
vn 0.0684 0.2935 0.9535
vn -0.0058 -0.1945 0.9809
vn 0.0304 0.0563 0.9979
vn 0.1259 0.6312 0.7654
vn 0.0932 0.1636 0.9821
vn 0.1548 0.9083 0.3886
vn 0.0719 0.2684 0.9606
vn 0.1299 0.6656 0.7350
vn 0.1381 0.9406 0.3101
vn 0.0698 0.3873 0.9193
vn 0.1015 0.6752 0.7306
vn 0.1109 0.9496 0.2933
vn 0.0474 0.8051 0.5912
vn 0.0002 0.5590 0.8292
vn 0.1255 0.9671 0.2212
vn 0.0813 0.8277 0.5552
vn 0.0458 0.7023 0.7104
vn 0.0301 0.9995 -0.0117
vn 0.0674 0.9681 0.2412
vn 0.0946 0.8135 0.5738
vn -0.0558 0.9711 0.2320
vn -0.0845 0.9964 -0.0045
vn 0.0823 0.9505 0.2997
vn -0.8803 0.4734 0.0320
vn 0.2054 0.9245 0.3212
vn -0.6683 0.6342 -0.3888
vn 0.3053 0.9229 0.2346
vn -0.9161 0.3916 0.0855
vn 0.3051 0.8681 0.3915
vn -0.6163 0.7839 0.0752
vn -0.5654 0.8245 0.0218
vn -0.4177 0.9001 -0.1240
vn -0.5005 0.8646 0.0446
vn -0.0033 0.9967 0.0810
vn -0.1067 0.9939 -0.0267
vn -0.6337 0.7660 0.1081
vn -0.0417 0.9982 -0.0437
vn -0.6266 0.7311 0.2699
vn -0.0926 0.9740 -0.2068
vn -0.5763 0.7931 0.1973
vn -0.0379 0.8358 -0.5478
vn -0.9480 0.2944 0.1210
vn -0.9372 0.2785 0.2098
vn -0.4222 0.8709 -0.2516
vn -0.7612 0.4222 0.4923
vn -0.7252 0.5865 -0.3608
vn -0.9109 0.4111 -0.0358
vn -0.9512 0.0741 -0.2994
vn -0.7004 0.5560 0.4475
vn -0.9544 0.2346 0.1847
vn -0.9606 -0.2490 0.1235
vn -0.6641 0.6259 0.4089
vn -0.4779 0.8772 -0.0461
vn -0.2712 0.9412 -0.2015
vn 0.0517 0.8751 -0.4811
vn -0.9412 0.1552 -0.3000
vn -0.7839 0.5609 -0.2664
vn 0.1293 0.9685 -0.2129
vn -0.6446 0.7615 -0.0681
vn -0.3163 0.9447 -0.0868
vn -0.9988 -0.0498 0.0006
vn -0.9778 0.1817 0.1042
vn -0.2488 0.9684 0.0160
vn -0.9674 0.2522 -0.0252
vn 0.1622 0.9857 -0.0461
vn -0.0236 0.9464 0.3220
vn -0.5804 0.8090 0.0935
vn 0.1510 0.9733 0.1729
vn -0.4195 0.8976 0.1355
vn -0.7576 0.1810 -0.6272
vn -0.3852 0.8859 -0.2583
vn -0.2655 0.9550 -0.1322
vn -0.5883 0.7428 0.3196
vn -0.6160 0.5286 -0.5841
vn -0.0438 0.9510 0.3062
vn -0.2846 0.9254 -0.2502
vn -0.2581 0.9384 0.2298
vn -0.4495 0.5545 -0.7003
vn -0.5664 0.7910 -0.2315
vn -0.6815 0.4944 -0.5395
vn 0.0145 0.9763 0.2159
vn -0.8163 0.4846 -0.3142
vn 0.0759 0.9288 0.3628
vn -0.0067 0.9440 0.3298
vn 0.2609 0.9267 0.2705
vn -0.0134 0.7520 0.6590
vn 0.1063 0.7703 0.6287
vn -0.6371 0.5255 -0.5638
vn -0.1175 0.8314 0.5431
vn -0.9457 0.2995 -0.1265
vn -0.7834 0.5851 0.2096
vn -0.8828 0.0600 0.4660
vn -0.1568 0.6110 0.7759
vn -0.2897 0.7996 0.5260
vn -0.7278 0.3064 0.6135
vn -0.3101 0.6483 0.6954
vn -0.8565 0.4409 -0.2683
vn -0.9742 0.1789 0.1378
vn -0.8138 0.1126 -0.5701
vn -0.9228 -0.2252 -0.3125
vn -0.6920 0.0966 0.7154
vn -0.8659 -0.4022 -0.2975
vn -0.8616 -0.4736 -0.1826
vn -0.5307 0.1837 0.8274
vn -0.9412 0.1315 0.3113
vn -0.6233 -0.1718 0.7629
vn -0.8857 0.3650 0.2871
vn -0.0606 0.6073 0.7922
vn -0.7810 -0.5277 -0.3342
vn -0.9621 0.2003 0.1852
vn -0.8212 -0.5703 0.0204
vn -0.9813 0.1592 0.1084
vn -0.3007 0.9462 -0.1198
vn -0.6481 0.7510 -0.1260
vn -0.1409 0.9696 0.2001
vn 0.0194 0.9987 0.0466
vn -0.0618 0.9409 -0.3331
vn -0.7020 0.4485 -0.5532
vn -0.9687 -0.2010 -0.1455
vn -0.0607 0.6693 -0.7405
vn -0.9614 -0.2742 -0.0239
vn -0.6941 0.2022 -0.6909
vn -0.8523 -0.5182 0.0709
vn -0.9409 -0.2900 -0.1750
vn -0.7734 -0.3143 -0.5505
vn -0.7244 -0.3098 -0.6158
vn -0.6890 -0.2342 -0.6859
vn -0.9440 -0.2325 -0.2340
vn -0.7557 -0.2216 -0.6162
vn -0.4162 -0.1620 -0.8947
vn -0.4818 0.1850 -0.8565
vn -0.0634 -0.0241 -0.9977
vn -0.8106 0.2677 -0.5208
vn -0.0913 0.2552 -0.9626
vn -0.0180 0.0428 -0.9989
vn 0.1015 0.2919 -0.9511
vn -0.3188 0.5802 -0.7495
vn -0.1577 0.7632 -0.6266
vn 0.1412 0.5253 -0.8391
vn -0.6335 -0.4761 -0.6099
vn 0.0911 0.6232 -0.7767
vn 0.0711 0.6184 -0.7826
vn 0.2178 0.8874 -0.4063
vn -0.1552 0.6087 -0.7781
vn -0.1571 0.6251 -0.7645
vn 0.1166 0.9097 -0.3985
vn -0.3641 0.5435 -0.7563
vn -0.3855 0.4505 -0.8052
vn -0.5013 0.4931 -0.7110
vn -0.3776 0.2910 -0.8791
vn -0.4833 0.8025 -0.3500
vn -0.6165 0.7303 -0.2944
vn -0.1976 0.9017 -0.3847
vn -0.4909 0.8712 0.0065
vn -0.6055 0.7947 0.0431
vn -0.6011 0.7605 -0.2457
vn -0.1939 0.9807 -0.0262
vn -0.4921 0.8296 -0.2639
vn 0.1444 0.9895 -0.0073
vn -0.1248 0.9164 -0.3803
vn -0.4910 0.7436 -0.4539
vn -0.5737 0.6503 -0.4979
vn -0.6111 0.6990 -0.3714
vn -0.1814 0.8223 -0.5394
vn -0.4582 0.7848 -0.4173
vn -0.6115 0.7802 -0.1317
vn 0.0399 0.7351 -0.6768
vn -0.4851 0.8664 -0.1182
vn -0.1609 0.8604 -0.4836
vn -0.1711 0.9741 -0.1480
vn -0.4669 0.8814 0.0711
vn -0.6030 0.7933 0.0846
vn -0.5518 0.7651 0.3318
vn -0.1636 0.9849 0.0567
vn 0.1390 0.9804 -0.1397
vn -0.4022 0.8496 0.3411
vn 0.0866 0.8614 -0.5005
vn -0.3656 0.8013 0.4735
vn -0.5209 0.7573 0.3940
vn -0.5750 0.8131 0.0912
vn -0.1114 0.8319 0.5436
vn -0.3848 0.9032 0.1903
vn -0.1188 0.9505 0.2871
vn -0.0854 0.9713 0.2218
vn 0.0613 0.8882 0.4553
vn 0.1847 0.9349 0.3031
vn 0.1602 0.9859 0.0487
vn -0.0862 0.9955 0.0383
vn -0.4099 0.9090 -0.0761
vn -0.2119 0.9594 0.1859
vn -0.6074 0.7706 0.1929
vn -0.8760 -0.3272 -0.3542
vn -0.8510 -0.4954 0.1746
vn -0.0250 0.9251 -0.3789
vn -0.1071 0.7843 -0.6110
vn -0.7051 -0.2589 0.6602
vn 0.2001 0.8908 -0.4079
vn -0.2363 0.8757 -0.4211
vn 0.1759 0.9453 -0.2747
vn -0.9018 -0.4194 0.1039
vn -0.3217 0.8143 -0.4831
vn -0.5262 -0.4334 -0.7316
vn -0.5524 -0.7565 0.3501
vn -0.0571 0.4784 -0.8763
vn -0.7692 0.5685 -0.2917
vn -0.9167 0.3990 -0.0215
vn -0.5423 -0.3349 0.7705
vn -0.9415 0.3371 0.0012
vn -0.6053 -0.3914 0.6931
vn -0.9188 -0.3052 0.2503
vn -0.7622 -0.5878 0.2713
vn -0.8663 0.4960 0.0593
vn -0.8345 -0.5373 0.1220
vn -0.7492 -0.3894 -0.5358
vn -0.7594 0.5504 0.3470
vn 0.1144 0.7072 0.6977
vn 0.1117 0.4834 0.8683
vn -0.8167 0.5602 0.1385
vn -0.6046 -0.3454 -0.7178
vn -0.2587 -0.1929 0.9465
vn -0.2175 0.3972 0.8916
vn -0.1294 0.0633 0.9896
vn -0.5586 -0.7084 0.4314
vn -0.9746 -0.2101 -0.0780
vn -0.9987 -0.0500 0.0082
vn -0.7407 -0.5246 0.4197
vn 0.0329 0.9819 0.1866
vn -0.3488 0.6439 0.6810
vn -0.5462 0.5021 0.6705
vn 0.0217 0.9812 0.1918
vn -0.8781 -0.4462 -0.1727
vn 0.1143 0.9517 -0.2849
vn -0.1945 0.9299 -0.3121
vn -0.4815 0.8627 -0.1547
vn -0.5820 0.8024 -0.1318
vn -0.1754 0.9736 0.1463
vn -0.4965 0.8623 0.0999
vn -0.5332 0.8262 0.1819
vn -0.3270 0.6377 0.6974
vn -0.4006 0.8050 0.4376
vn -0.1652 0.4049 0.8993
vn -0.1718 0.5290 0.8311
vn -0.0310 0.7169 0.6965
vn -0.0386 0.7638 0.6443
vn 0.1063 0.5368 0.8370
vn 0.1789 0.9741 0.1381
vn 0.1209 0.7767 0.6181
vn 0.2711 0.7187 0.6403
vn 0.1520 0.3319 0.9310
vn 0.2769 0.9438 0.1805
vn 0.0723 0.2935 0.9532
vn 0.0921 0.1146 0.9891
vn -0.1074 0.8547 0.5079
vn -0.3942 0.1054 0.9130
vn 0.0398 0.0982 0.9944
vn -0.2322 -0.0420 0.9718
vn 0.1069 0.0705 0.9918
vn -0.8647 -0.4353 0.2508
vn -0.8539 -0.3814 0.3542
vn -0.6161 -0.1994 0.7620
vn -0.6578 -0.2450 0.7122
vn -0.5901 -0.0666 0.8046
vn -0.6145 -0.1822 0.7676
vn -0.7873 -0.0261 0.6160
vn -0.7228 -0.1744 0.6687
vn -0.2251 0.4345 0.8721
vn -0.2712 0.3077 0.9120
vn -0.0832 0.5925 0.8012
vn -0.7279 -0.2466 0.6398
vn -0.1319 0.4061 0.9043
vn -0.6984 -0.1958 0.6884
vn -0.3324 0.0919 0.9387
vn -0.7881 -0.2228 0.5738
vn 0.0583 0.5875 0.8071
vn -0.1516 0.1931 0.9694
vn 0.1930 0.6772 0.7100
vn 0.0275 0.4192 0.9075
vn 0.1358 0.5227 0.8416
vn 0.3396 0.8863 0.3148
vn 0.2815 0.5566 0.7816
vn 0.4467 0.8044 0.3916
vn 0.4026 0.7576 0.5138
vn 0.3553 0.6821 0.6391
vn 0.3411 0.7354 0.5855
vn 0.1602 0.3389 0.9271
vn 0.1753 0.0578 0.9828
vn 0.0422 -0.0553 0.9976
vn -0.0208 -0.4306 0.9023
vn 0.0073 -0.3883 0.9215
vn 0.8693 -0.4841 -0.0997
vn -0.0716 -0.6338 0.7702
vn 0.7282 -0.5711 -0.3790
vn 0.6954 -0.6416 -0.3237
vn -0.0193 -0.6581 0.7527
vn 0.3197 -0.9272 0.1955
vn 0.6576 -0.6228 -0.4239
vn 0.6686 -0.6272 -0.3996
vn 0.6597 -0.6442 -0.3871
vn 0.7905 -0.6099 0.0565
vn 0.9288 -0.1174 0.3515
vn 0.6676 -0.1094 -0.7365
vn 0.9657 -0.1032 0.2383
vn 0.9120 0.0895 0.4004
vn 0.4297 0.1834 -0.8841
vn 0.4264 0.0842 -0.9006
vn 0.7086 0.0088 -0.7056
vn 0.9509 0.1079 0.2900
vn 0.7435 0.5349 0.4013
vn 0.5392 0.0555 -0.8403
vn 0.8176 0.5525 0.1619
vn 0.5126 0.8432 0.1618
vn 0.5349 -0.0143 -0.8448
vn 0.5560 0.8311 -0.0092
vn 0.6334 0.7440 -0.2128
vn 0.6131 0.7836 -0.1004
vn 0.4781 -0.0856 -0.8741
vn 0.6797 0.0857 -0.7284
vn 0.5659 0.0642 -0.8219
vn 0.6490 0.2495 -0.7187
vn 0.5155 0.1141 -0.8492
vn 0.4982 -0.1019 -0.8610
vn 0.4772 0.0759 -0.8755
vn 0.5164 -0.0779 -0.8528
vn 0.6103 -0.1363 -0.7804
vn 0.6218 0.2123 -0.7538
vn 0.4866 0.1310 -0.8638
vn 0.7140 -0.3004 -0.6325
vn 0.5256 0.2098 -0.8244
vn 0.7467 -0.5254 -0.4079
vn 0.7743 0.1238 -0.6206
vn 0.5834 0.3701 -0.7230
vn 0.8053 0.5154 -0.2929
vn 0.7512 0.5622 -0.3459
vn 0.9970 -0.0755 -0.0194
vn 0.8550 0.4813 0.1931
vn 0.8727 0.3808 -0.3056
vn 0.8177 0.5684 0.0904
vn 0.8383 0.3675 0.4027
vn 0.7976 -0.4955 -0.3440
vn 0.8007 0.2685 0.5356
vn 0.5643 -0.7935 -0.2279
vn 0.8144 0.2171 0.5381
vn 0.7256 -0.5550 -0.4068
vn 0.6058 -0.7543 -0.2529
vn 0.8129 -0.5203 -0.2619
vn 0.7403 -0.5770 -0.3450
vn 0.9987 0.0494 0.0156
vn 0.4950 -0.7910 -0.3595
vn 0.9947 -0.0646 0.0802
vn 0.6116 -0.6975 -0.3735
vn 0.4927 -0.7517 -0.4384
vn 0.9921 -0.1078 -0.0647
vn 0.6977 -0.6467 -0.3082
vn 0.9234 -0.3220 -0.2090
vn 0.7652 -0.5489 -0.3366
vn 0.8092 0.1339 0.5721
vn 0.4212 -0.6647 -0.6171
vn 0.8026 -0.2620 0.5359
vn 0.9837 -0.1088 -0.1435
vn 0.9941 -0.0923 -0.0575
vn 0.9977 -0.0514 0.0446
vn 0.8245 -0.0810 0.5601
vn 0.8179 -0.3301 0.4712
vn 0.9865 -0.0806 0.1425
vn 0.7867 -0.4592 0.4126
vn 0.7955 -0.5710 0.2029
vn 0.9555 -0.0742 -0.2855
vn 0.7391 -0.5605 -0.3736
vn 0.9080 -0.0484 -0.4162
vn 0.5835 -0.3606 -0.7277
vn 0.9679 0.0996 -0.2307
vn 0.5985 -0.5723 -0.5605
vn 0.9976 -0.0178 -0.0662
vn 0.9977 0.0382 0.0566
vn 0.9592 0.2756 -0.0630
vn 0.9816 -0.1361 0.1337
vn 0.9816 0.1886 0.0283
vn 0.9305 0.3661 -0.0089
vn 0.7972 -0.5428 0.2644
vn 0.9923 -0.0465 0.1150
vn 0.7799 -0.6222 -0.0682
vn 0.9733 -0.1899 -0.1292
vn 0.9896 0.0875 -0.1138
vn 0.8849 0.4630 -0.0500
vn 0.6834 -0.5615 -0.4665
vn 0.5305 -0.2119 -0.8208
vn 0.9223 0.2522 -0.2928
vn 0.7371 0.2456 -0.6296
vn 0.9190 -0.0574 -0.3899
vn 0.6742 -0.0206 -0.7383
vn 0.9046 0.3722 -0.2079
vn 0.8281 0.5400 -0.1505
vn -0.2891 -0.1785 -0.9405
vn -0.0972 -0.1138 -0.9887
vn -0.0841 -0.1118 -0.9902
vn -0.4436 -0.2158 -0.8699
vn -0.7461 -0.2960 -0.5964
vn -0.3469 -0.1867 -0.9191
vn -0.0817 -0.1047 -0.9911
vn -0.7251 -0.2776 -0.6302
vn -0.7290 -0.2800 -0.6247
vn 0.1042 -0.2521 -0.9621
vn -0.6765 -0.3067 -0.6696
vn 0.4051 -0.3592 -0.8407
vn -0.7215 -0.2973 -0.6253
vn -0.6705 -0.3227 -0.6680
vn -0.6460 -0.2821 -0.7093
vn -0.2798 -0.1421 -0.9495
vn -0.7034 -0.3147 -0.6373
vn -0.3017 -0.1893 -0.9344
vn -0.5541 -0.2487 -0.7944
vn -0.6796 -0.2831 -0.6767
vn -0.7694 -0.2758 -0.5761
vn -0.6648 -0.2788 -0.6930
vn -0.8144 -0.3344 -0.4742
vn -0.2780 -0.3312 -0.9017
vn -0.8233 -0.3104 -0.4752
vn -0.2969 -0.1257 -0.9466
vn -0.6404 -0.3358 -0.6907
vn -0.2003 -0.1876 -0.9616
vn -0.0807 -0.0689 -0.9944
vn -0.7571 -0.3070 -0.5767
vn -0.5076 -0.3812 -0.7727
vn -0.0483 -0.1598 -0.9860
vn 0.0363 -0.0326 -0.9988
vn -0.1276 -0.3871 -0.9132
vn -0.7800 -0.2563 -0.5709
vn 0.0137 -0.1978 -0.9802
vn 0.0819 0.0267 -0.9963
vn 0.0162 -0.3986 -0.9170
vn 0.0687 -0.2141 -0.9744
vn 0.1850 0.0111 -0.9827
vn 0.0337 -0.5853 -0.8102
vn 0.2057 -0.2298 -0.9513
vn 0.2220 -0.1329 -0.9659
vn 0.0631 -0.6043 -0.7943
vn 0.2173 -0.3536 -0.9098
vn 0.1305 -0.2348 -0.9632
vn 0.1979 -0.5853 -0.7863
vn 0.1233 -0.3689 -0.9213
vn -0.0085 -0.1745 -0.9846
vn 0.2017 -0.6282 -0.7515
vn -0.0107 -0.2545 -0.9670
vn 0.0602 -0.1783 -0.9821
vn 0.1192 -0.6464 -0.7536
vn 0.0083 -0.4937 -0.8696
vn 0.1206 -0.2999 -0.9463
vn 0.4239 -0.1922 -0.8851
vn 0.4485 -0.3515 -0.8218
vn 0.1063 -0.2190 -0.9699
vn 0.2719 -0.5381 -0.7978
vn 0.1785 -0.7925 -0.5831
vn 0.0132 -0.7601 -0.6497
vn 0.2926 -0.8726 -0.3911
vn 0.0469 -0.9142 -0.4026
vn 0.1260 -0.8995 -0.4184
vn 0.0336 -0.9986 -0.0404
vn 0.1881 -0.8893 -0.4169
vn 0.1233 -0.9912 -0.0477
vn 0.1548 -0.9069 -0.3918
vn 0.1727 -0.9836 -0.0521
vn 0.1043 -0.9111 -0.3987
vn 0.1335 -0.9903 -0.0379
vn 0.1861 -0.9002 0.3937
vn 0.1745 -0.9088 0.3790
vn 0.1251 -0.9244 0.3602
vn 0.1700 -0.6620 0.7299
vn 0.1767 -0.6610 0.7293
vn -0.0026 -0.9603 0.2789
vn 0.1148 -0.7400 0.6627
vn 0.2742 -0.9473 -0.1658
vn 0.3661 -0.9300 -0.0313
vn -0.0073 -0.7902 0.6128
vn 0.1204 -0.6182 0.7767
vn 0.1257 -0.4489 0.8847
vn 0.1704 -0.4617 0.8705
vn 0.1539 -0.4688 0.8698
vn 0.1801 -0.2026 0.9626
vn 0.2428 0.1837 0.9525
vn 0.1317 -0.2042 0.9700
vn 0.0862 -0.4432 0.8923
vn 0.2122 0.3957 0.8935
vn 0.1488 0.0804 0.9856
vn 0.1053 0.4285 0.8974
vn 0.1827 0.3024 0.9355
vn -0.0450 0.1663 0.9850
vn 0.0608 0.1989 0.9781
vn 0.0468 -0.0042 0.9989
vn 0.0447 -0.2140 0.9758
vn -0.0754 0.0010 0.9971
vn -0.0144 -0.1978 0.9801
vn 0.0353 -0.4316 0.9014
vn 0.1187 -0.6458 0.7542
vn -0.0501 -0.3908 0.9191
vn 0.1428 -0.8893 0.4345
vn 0.0812 -0.6092 0.7889
vn 0.1017 -0.9943 -0.0330
vn 0.1511 -0.8298 0.5372
vn 0.1149 -0.9821 0.1491
vn 0.0184 -0.5722 0.8199
vn 0.1228 -0.8612 0.4933
vn 0.0170 -0.9949 -0.0991
vn 0.1482 -0.9712 -0.1865
vn -0.0379 -0.9966 -0.0737
vn 0.1365 -0.7320 -0.6675
vn -0.6410 -0.7446 -0.1863
vn 0.0429 -0.5970 -0.8011
vn -0.0651 -0.5403 -0.8390
vn 0.1260 -0.6712 -0.7304
vn -0.0825 -0.6078 -0.7898
vn -0.7895 -0.2875 -0.5422
vn -0.0412 -0.7286 -0.6837
vn 0.1126 -0.8705 -0.4791
vn 0.1152 -0.7912 -0.6006
vn -0.6193 -0.7658 -0.1732
vn -0.6438 -0.7648 0.0259
vn -0.2770 -0.7889 0.5486
vn -0.2111 -0.9474 0.2404
vn -0.0665 -0.9714 0.2281
vn -0.2549 -0.7973 0.5472
vn -0.8028 -0.5929 -0.0632
vn -0.0064 -0.9513 0.3081
vn -0.5407 -0.8409 -0.0206
vn -0.7931 -0.5655 -0.2264
vn -0.4528 -0.5993 -0.6602
vn 0.0771 -0.9911 0.1083
vn -0.4624 -0.4596 -0.7582
vn -0.4508 -0.6850 -0.5723
vn -0.9336 -0.3549 -0.0499
vn -0.3898 -0.7208 -0.5732
vn -0.1181 -0.8985 0.4228
vn -0.6703 -0.7068 -0.2259
vn -0.0278 -0.6755 0.7368
vn -0.8372 -0.3318 0.4347
vn -0.0695 -0.5495 0.8326
vn -0.4482 -0.8805 0.1545
vn -0.1358 -0.3730 0.9178
vn -0.7559 -0.2394 0.6093
vn -0.7364 -0.3605 0.5725
vn -0.7760 -0.1580 0.6106
vn -0.7207 -0.2183 0.6579
vn -0.2125 -0.1536 0.9650
vn -0.7694 -0.1222 0.6269
vn -0.1176 -0.1712 0.9782
vn -0.2671 -0.0598 0.9618
vn -0.1579 -0.0240 0.9872
vn -0.1496 0.0395 0.9880
vn -0.3316 -0.0128 0.9433
vn -0.7639 -0.1489 0.6279
vn -0.8415 -0.1349 0.5231
vn -0.8125 -0.1542 0.5622
vn -0.8037 -0.2296 0.5489
vn -0.8550 -0.0893 0.5109
vn -0.8953 -0.3154 0.3145
vn -0.9148 -0.1433 0.3776
vn -0.1769 -0.0846 0.9806
vn -0.9699 -0.1277 0.2074
vn -0.1727 -0.3599 0.9169
vn -0.7735 -0.0424 0.6324
vn -0.9788 0.1022 0.1775
vn -0.9552 0.1105 0.2745
vn -0.0635 -0.4322 0.8995
vn -0.9725 0.2079 0.1046
vn -0.8575 -0.0906 0.5065
vn -0.1872 -0.6104 0.7697
vn -0.8976 -0.2791 0.3412
vn -0.9051 -0.2767 0.3228
vn 0.1584 -0.8852 0.4374
vn -0.1406 -0.8609 -0.4890
vn -0.8761 -0.4336 0.2107
vn -0.2535 -0.7513 -0.6093
vn -0.3905 -0.7083 -0.5881
vn -0.7361 -0.6371 0.2284
vn -0.0593 -0.9880 -0.1428
vn 0.1001 -0.9551 -0.2788
vn -0.4466 -0.3456 -0.8253
vn -0.0101 -0.8240 -0.5665
vn -0.2613 -0.6372 -0.7250
vn -0.2966 -0.9498 -0.0993
vn 0.2921 -0.9470 -0.1335
vn -0.1865 -0.9821 0.0260
vn -0.1223 -0.8064 0.5785
vn 0.3147 -0.9488 -0.0250
vn 0.4126 -0.9107 -0.0171
vn 0.5086 -0.8575 -0.0775
vn 0.1560 -0.9387 0.3074
vn 0.4920 -0.8226 -0.2851
vn 0.0186 -0.9338 0.3573
vn -0.0278 -0.9977 -0.0615
vn 0.3136 -0.8609 -0.4007
vn -0.0974 -0.9047 -0.4148
vn -0.0572 -0.9562 -0.2869
vn -0.3909 -0.5381 -0.7467
vn -0.1527 -0.5604 -0.8140
vn -0.2356 -0.4462 -0.8633
vn -0.9042 -0.1231 -0.4090
vn -0.9078 -0.3686 -0.2002
vn -0.9002 -0.0853 -0.4270
vn -0.8233 -0.1580 -0.5451
vn -0.7082 -0.4202 -0.5674
vn -0.5536 -0.3695 -0.7463
vn -0.7862 -0.2113 -0.5807
vn -0.5907 -0.3696 -0.7173
vn -0.2954 -0.3630 -0.8837
vn -0.5597 -0.3950 -0.7285
vn -0.4152 -0.3546 -0.8378
vn 0.0138 -0.6422 -0.7664
vn -0.4858 -0.6117 -0.6244
vn -0.1441 -0.5099 -0.8481
vn 0.0404 -0.2779 -0.9598
vn -0.0376 -0.5358 -0.8435
vn -0.0606 -0.6521 -0.7557
vn 0.5933 -0.5136 -0.6199
vn -0.6830 -0.2082 -0.7001
vn 0.6114 -0.4619 -0.6425
vn 0.4668 -0.7269 -0.5037
vn 0.3136 -0.4430 -0.8399
vn 0.2373 -0.3956 -0.8872
vn 0.8121 -0.5476 -0.2015
vn 0.6947 -0.6757 -0.2466
vn 0.1945 -0.5441 -0.8162
vn 0.0857 -0.3843 -0.9192
vn -0.0116 -0.3390 -0.9407
vn 0.4701 -0.8510 -0.2339
vn 0.0461 -0.6078 -0.7927
vn -0.1539 -0.6554 -0.7394
vn -0.1292 -0.3711 -0.9196
vn 0.1338 -0.9718 -0.1943
vn -0.3331 -0.5565 -0.7612
vn -0.2421 -0.3630 -0.8998
vn -0.1977 -0.9671 -0.1601
vn -0.5318 -0.4642 -0.7083
vn -0.6887 -0.5788 -0.4367
vn -0.5013 -0.8515 -0.1536
vn -0.1685 -0.9820 0.0852
vn -0.4887 -0.8590 0.1525
vn -0.7726 -0.6238 -0.1181
vn 0.1960 -0.9717 0.1317
vn -0.5021 -0.8647 0.0143
vn 0.5274 -0.8317 0.1737
vn -0.1865 -0.9803 -0.0645
vn 0.1951 -0.9784 -0.0684
vn 0.6979 -0.7160 0.0195
vn 0.5185 -0.8362 -0.1788
vn 0.1026 -0.9462 -0.3070
vn 0.3383 -0.7622 -0.5519
vn 0.5320 -0.8250 -0.1908
vn 0.0924 -0.8137 -0.5739
vn -0.8325 -0.3158 -0.4551
vn -0.8902 -0.2981 -0.3446
vn -0.2363 -0.8434 -0.4825
vn -0.1651 -0.7436 -0.6479
vn -0.8561 -0.5119 -0.0704
vn 0.4600 -0.6544 -0.6002
vn -0.1760 -0.9118 -0.3709
vn -0.4159 -0.9080 -0.0509
vn 0.5375 -0.7442 -0.3965
vn -0.2644 -0.9360 -0.2324
vn -0.2859 -0.9536 0.0947
vn -0.1529 -0.9882 0.0114
vn -0.6382 -0.7025 -0.3148
vn 0.4245 -0.8445 -0.3266
vn -0.0777 -0.8994 -0.4301
vn 0.0953 -0.9457 -0.3106
vn 0.4010 -0.9145 -0.0537
vn -0.0426 -0.9991 0.0082
vn 0.3808 -0.9238 0.0402
vn -0.1567 -0.9782 0.1361
vn -0.7626 -0.6424 0.0759
vn -0.7537 -0.6249 0.2035
vn -0.5548 -0.8237 0.1171
vn -0.6898 -0.6051 0.3976
vn -0.5248 -0.8288 0.1943
vn -0.4327 -0.8870 0.1614
vn -0.7186 -0.1798 0.6718
vn -0.1534 -0.6706 0.7258
vn -0.3133 -0.8367 0.4492
vn -0.9548 0.2612 0.1421
vn -0.0983 -0.0618 0.9932
vn -0.2388 -0.4189 0.8761
vn -0.0068 -0.3440 0.9389
vn 0.5202 -0.3650 0.7721
vn 0.5476 -0.6602 0.5140
vn 0.2488 -0.0216 0.9683
vn 0.1709 0.0512 0.9839
vn 0.8214 -0.4451 0.3566
vn 0.5004 -0.1805 0.8467
vn 0.2825 -0.0997 0.9541
vn 0.6987 -0.6274 0.3438
vn 0.4999 -0.3439 0.7949
vn 0.4064 -0.4540 0.7930
vn 0.2305 -0.1287 0.9645
vn 0.4852 -0.8276 0.2823
vn 0.1403 -0.3976 0.9068
vn 0.0496 0.0633 0.9968
vn -0.0832 -0.5745 0.8143
vn 0.0011 -0.2131 0.9770
vn 0.1799 -0.9516 0.2491
vn -0.3336 -0.5739 0.7479
vn -0.1312 -0.2532 0.9585
vn -0.1433 -0.9093 0.3907
vn -0.6528 -0.5155 0.5551
vn 0.1678 -0.9858 -0.0033
vn -0.4877 -0.8109 0.3233
vn 0.5065 -0.8595 0.0680
vn -0.1108 -0.9929 0.0433
vn 0.6962 -0.7172 0.0311
vn 0.3907 -0.6418 0.6599
vn 0.6735 -0.7077 0.2135
vn -0.8056 -0.3631 0.4682
vn 0.2359 -0.7817 0.5773
vn 0.4909 -0.8297 0.2658
vn -0.3278 -0.8969 0.2968
vn -0.0110 -0.8856 0.4642
vn 0.6537 -0.7427 0.1454
vn 0.6770 -0.6525 0.3405
vn 0.5972 -0.7998 -0.0600
vn 0.4781 -0.8649 0.1531
vn 0.4626 -0.8862 -0.0253
vn 0.6367 -0.6513 0.4127
vn 0.4570 -0.7988 0.3913
vn 0.4383 -0.8127 0.3839
vn 0.1861 -0.8784 0.4403
vn 0.1519 -0.9307 0.3328
vn 0.1803 -0.8970 0.4037
vn -0.1611 -0.9442 0.2873
vn -0.0841 -0.8296 0.5520
vn 0.1641 -0.9667 0.1963
vn -0.1109 -0.8839 0.4543
vn -0.4026 -0.7277 0.5553
vn 0.1480 -0.9889 -0.0154
vn -0.1778 -0.9673 0.1807
vn -0.4753 -0.7631 0.4378
vn -0.1714 -0.9296 -0.3264
vn -0.1639 -0.9860 -0.0311
vn -0.5104 -0.8371 0.1968
vn -0.5130 -0.8584 -0.0073
vn -0.1844 -0.9773 -0.1048
vn -0.4961 -0.7988 -0.3402
vn -0.5188 -0.8394 -0.1620
vn -0.7893 -0.6140 0.0010
vn -0.7384 -0.5978 -0.3121
vn -0.7704 -0.6199 0.1490
vn -0.7713 -0.6144 -0.1662
vn -0.9081 -0.3581 -0.2169
vn -0.9295 -0.3396 0.1438
vn -0.9298 -0.3675 -0.0228
vn -0.8962 -0.3526 -0.2693
vn -0.9999 -0.0145 -0.0090
vn -0.9945 0.0247 0.1017
vn -0.5042 -0.2471 -0.8275
vn -0.9687 -0.0351 -0.2457
vn -0.9343 0.3532 0.0483
vn -0.6115 -0.0890 -0.7863
vn -0.9157 0.2905 -0.2776
vn -0.9247 0.3718 -0.0819
vn -0.8699 0.4830 0.0996
vn -0.8672 0.4187 -0.2697
vn -0.8582 0.4557 -0.2364
vn -0.5311 0.0802 -0.8435
vn -0.6718 0.2241 -0.7060
vn -0.9048 0.3032 -0.2991
vn -0.8266 0.3942 -0.4016
vn -0.8284 0.4056 -0.3863
vn -0.8396 0.2146 -0.4991
vn -0.5209 0.1038 -0.8473
vn -0.9739 -0.0192 -0.2260
vn -0.8924 0.2951 -0.3413
vn -0.9274 -0.0438 -0.3714
vn -0.9438 0.3275 -0.0434
vn -0.8754 0.4805 -0.0532
vn -0.8605 0.4975 0.1097
vn -0.9999 -0.0075 -0.0145
vn -0.9219 0.3617 0.1389
vn -0.8426 0.3651 0.3959
vn -0.7912 0.4936 0.3610
vn -0.7553 0.4329 0.4920
vn -0.9858 0.0327 0.1648
vn -0.9422 -0.3351 -0.0022
vn -0.8721 -0.3607 -0.3307
vn -0.7803 -0.6253 0.0099
vn -0.7601 -0.6157 0.2079
vn -0.9287 -0.3219 0.1842
vn -0.9084 0.0121 0.4179
vn -0.8430 -0.2848 0.4564
vn -0.6885 -0.5552 0.4667
vn -0.8257 -0.3096 0.4716
vn -0.6637 -0.5320 0.5257
vn -0.9265 0.0389 0.3743
vn -0.4848 -0.8066 0.3381
vn -0.7403 -0.5717 0.3536
vn -0.5227 -0.8522 0.0217
vn -0.9178 -0.3400 0.2051
vn -0.7591 -0.6510 -0.0046
vn -0.7335 -0.6044 0.3110
vn -0.9449 -0.3274 0.0058
vn -0.4912 -0.3466 0.7991
vn -0.9104 -0.2719 0.3119
vn -0.9989 0.0040 0.0476
vn -0.9522 0.0280 0.3042
vn -0.7191 0.3843 0.5790
vn -0.8435 0.4428 0.3041
vn -0.8835 0.4310 0.1833
vn -0.8812 0.4547 -0.1296
vn -0.9272 0.3431 -0.1501
vn -0.8421 0.4899 0.2253
vn -0.9156 0.3685 0.1606
vn -0.9822 0.0222 0.1865
vn -0.6218 0.3196 0.7150
vn -0.4803 0.3977 0.7818
vn -0.7235 0.0843 0.6852
vn -0.6364 -0.1472 0.7572
vn -0.7194 0.3460 0.6023
vn -0.6522 0.6285 0.4239
vn -0.7638 0.0900 0.6391
vn -0.7227 -0.2004 0.6614
vn -0.7136 0.0804 0.6959
vn -0.5576 -0.4323 0.7087
vn -0.4567 -0.8271 0.3276
vn -0.6982 -0.1819 0.6924
vn -0.3443 -0.6075 0.7158
vn -0.1934 -0.9670 0.1659
vn -0.1889 -0.1150 0.9753
vn -0.1016 -0.6981 0.7087
vn 0.1817 -0.9415 0.2838
vn -0.1066 -0.1994 0.9741
vn 0.2012 -0.7033 0.6818
vn 0.4895 -0.8325 0.2597
vn 0.0073 -0.2363 0.9717
vn 0.4344 -0.6069 0.6655
vn 0.1241 -0.2557 0.9588
vn 0.6389 -0.4465 0.6264
vn 0.7628 -0.6136 0.2041
vn 0.2212 -0.1789 0.9587
vn 0.7751 -0.2085 0.5964
vn 0.9318 -0.3096 0.1896
vn 0.3342 -0.1211 0.9347
vn 0.1681 -0.0808 0.9824
vn 0.7980 0.0585 0.5998
vn 0.9332 0.0146 0.3590
vn 0.3685 -0.0037 0.9296
vn 0.2520 -0.0260 0.9674
vn 0.4007 0.1012 0.9106
vn 0.7602 0.3221 0.5643
vn 0.8907 0.3470 0.2936
vn 0.2874 0.0215 0.9576
vn 0.6221 0.5203 0.5851
vn 0.6498 0.6709 0.3572
vn 0.4908 0.8568 0.1582
vn 0.3942 0.2197 0.8924
vn 0.4215 0.7440 0.5185
vn 0.1952 0.9753 0.1030
vn 0.3456 0.3321 0.8777
vn 0.1675 0.8464 0.5055
vn -0.1505 0.9743 0.1678
vn 0.2265 0.3799 0.8969
vn -0.0873 0.8581 0.5061
vn 0.1225 0.4228 0.8979
vn -0.3384 0.7713 0.5391
vn -0.4303 0.8804 0.1992
vn -0.0045 0.4369 0.8995
vn 0.1106 0.3300 0.9375
vn -0.5365 0.6027 0.5907
vn 0.1747 0.3043 0.9364
vn 0.0159 0.3324 0.9430
vn 0.3843 0.6469 0.6587
vn 0.1694 0.7237 0.6690
vn 0.2569 0.2866 0.9230
vn 0.5028 0.4760 0.7215
vn 0.2952 0.1574 0.9424
vn 0.6494 0.2710 0.7105
vn 0.3076 0.0872 0.9475
vn 0.7107 0.0702 0.7000
vn 0.6695 -0.1529 0.7269
vn 0.5577 0.0870 0.8255
vn 0.5577 -0.3368 0.7586
vn 0.5272 -0.0809 0.8459
vn 0.4440 -0.2266 0.8669
vn 0.3562 -0.4404 0.8241
vn 0.6291 -0.1262 0.7670
vn 0.3117 -0.3416 0.8867
vn 0.1595 -0.5669 0.8082
vn 0.0919 -0.1340 0.9867
vn 0.0299 -0.1324 0.9907
vn -0.0618 -0.5640 0.8235
vn -0.0487 -0.1038 0.9934
vn -0.2747 -0.4833 0.8312
vn 0.1473 -0.4186 0.8961
vn -0.0303 -0.3925 0.9193
vn -0.4627 -0.3451 0.8166
vn -0.1192 -0.0535 0.9914
vn -0.2519 -0.0120 0.9677
vn -0.1785 0.0175 0.9838
vn -0.2821 0.1071 0.9534
vn -0.1701 0.1089 0.9794
vn -0.5647 -0.1354 0.8141
vn -0.6935 0.3507 0.6294
vn -0.2479 0.2222 0.9430
vn -0.1543 0.1905 0.9695
vn -0.1807 0.3283 0.9271
vn -0.1115 0.2615 0.9587
vn -0.1010 0.3936 0.9137
vn -0.0352 0.2896 0.9565
vn -0.5641 0.3152 0.7632
vn -0.0570 0.7167 0.6950
vn -0.4368 0.5037 0.7453
vn -0.2740 0.6550 0.7042
vn -0.0190 0.5668 0.8236
vn -0.3058 0.4105 0.8591
vn -0.1886 0.5324 0.8252
vn 0.1519 0.5822 0.7987
vn 0.3192 0.5333 0.7833
vn 0.1516 0.6904 0.7074
vn -0.0506 0.6818 0.7298
vn 0.4612 0.4163 0.7836
vn 0.3580 0.6099 0.7070
vn 0.5472 0.2565 0.7967
vn 0.5358 0.4660 0.7041
vn 0.6480 0.2767 0.7096
vn 0.2707 0.4687 0.8408
vn 0.6654 0.0793 0.7423
vn 0.4052 0.3515 0.8440
vn 0.4951 0.0998 0.8631
vn 0.4748 0.2058 0.8557
vn 0.1109 0.1706 0.9791
vn 0.4718 -0.0461 0.8805
vn 0.0848 0.1165 0.9896
vn 0.0732 0.1137 0.9908
vn 0.1052 0.5214 0.8468
vn 0.1561 0.1284 0.9794
vn 0.1045 0.1064 0.9888
vn 0.1465 0.0790 0.9861
vn 0.0780 0.1025 0.9917
vn 0.4153 -0.1537 0.8966
vn 0.5358 -0.3048 0.7874
vn 0.2919 -0.2636 0.9194
vn 0.3703 -0.4449 0.8154
vn 0.1551 -0.5177 0.8414
vn 0.1251 -0.3275 0.9365
vn 0.1100 0.0394 0.9931
vn -0.0682 -0.5162 0.8538
vn 0.0771 0.0760 0.9941
vn -0.0489 -0.3150 0.9478
vn -0.2527 -0.4347 0.8644
vn 0.0486 0.0211 0.9986
vn -0.1875 -0.3310 0.9248
vn -0.1598 -0.2671 0.9503
vn -0.4164 -0.3057 0.8562
vn -0.3319 -0.2324 0.9142
vn -0.4025 -0.0750 0.9123
vn 0.0684 0.1000 0.9926
vn -0.2627 -0.1735 0.9491
vn -0.5170 -0.1326 0.8457
vn 0.0125 0.0577 0.9983
vn -0.3244 -0.0794 0.9426
vn 0.0493 0.0962 0.9941
vn 0.0625 0.1101 0.9920
vn -0.0021 0.1060 0.9944
vn -0.3616 0.0829 0.9286
vn 0.0568 0.1335 0.9894
vn -0.5588 0.0819 0.8253
vn 0.0583 0.1850 0.9810
vn -0.3315 0.2586 0.9073
vn -0.0167 0.5158 0.8565
vn -0.1462 0.4676 0.8718
vn -0.2462 0.6173 0.7472
vn 0.0072 0.1695 0.9855
vn -0.2342 0.4016 0.8854
vn -0.4008 0.4967 0.7699
vn -0.5132 0.3049 0.8023
vn -0.4254 0.2772 0.8615
vn -0.4541 0.0953 0.8858
vn -0.6064 0.0898 0.7901
vn -0.8763 -0.0643 -0.4774
vn -0.8436 -0.3397 -0.4159
vn -0.8018 -0.3439 -0.4887
vn -0.8332 -0.0605 -0.5496
vn -0.7874 0.2097 -0.5797
vn -0.7408 0.5606 -0.3700
vn -0.6652 -0.5737 -0.4780
vn -0.5440 -0.8369 0.0608
vn -0.6120 0.4147 -0.6735
vn -0.5004 0.7652 -0.4052
vn -0.4394 -0.7642 -0.4722
vn -0.1764 -0.9819 -0.0696
vn -0.3696 -0.3499 -0.8608
vn -0.1755 -0.8289 -0.5312
vn -0.2585 -0.4213 -0.8693
vn 0.1034 -0.8438 -0.5266
vn 0.1677 -0.9807 -0.1006
vn 0.4673 -0.8752 -0.1248
vn -0.1401 -0.4639 -0.8747
vn 0.3587 -0.7528 -0.5519
vn 0.7261 -0.6697 -0.1561
vn -0.0004 -0.4556 -0.8902
vn -0.1321 -0.3984 -0.9077
vn -0.0138 -0.4125 -0.9108
vn 0.1032 -0.3885 -0.9156
vn -0.2337 -0.3761 -0.8966
vn 0.0856 -0.3514 -0.9323
vn 0.2132 -0.3379 -0.9167
vn 0.5677 -0.5795 -0.5847
vn 0.6262 -0.3311 -0.7058
vn 0.7623 -0.4100 -0.5007
vn 0.2945 -0.2361 -0.9260
vn 0.1867 -0.3174 -0.9297
vn 0.2901 -0.1052 -0.9512
vn 0.7134 -0.0782 -0.6964
vn 0.8968 -0.0705 -0.4367
vn 0.8170 0.1997 -0.5410
vn 0.2454 -0.2161 -0.9450
vn 0.6542 0.1863 -0.7331
vn 0.6473 0.4878 -0.5857
vn 0.2878 0.0252 -0.9574
vn 0.5061 0.3910 -0.7687
vn 0.4097 0.7174 -0.5635
vn 0.2657 -0.0969 -0.9592
vn 0.3177 0.5476 -0.7741
vn 0.1508 0.8534 -0.4989
vn 0.2257 0.1429 -0.9637
vn 0.0820 0.6407 -0.7634
vn -0.1734 0.8720 -0.4578
vn -0.1807 0.6490 -0.7390
vn 0.0006 0.2806 -0.9598
vn -0.4107 0.5782 -0.7050
vn -0.1313 0.2575 -0.9573
vn 0.1057 0.2063 -0.9728
vn -0.2454 0.2023 -0.9481
vn -0.3379 0.1407 -0.9306
vn -0.2185 0.1515 -0.9640
vn -0.1194 0.2092 -0.9705
vn -0.4110 0.0327 -0.9110
vn -0.3088 0.1085 -0.9449
vn -0.4303 -0.1062 -0.8964
vn -0.3648 0.0124 -0.9310
vn -0.4091 -0.2214 -0.8852
vn -0.3888 -0.0963 -0.9163
vn -0.3212 -0.3144 -0.8933
vn -0.4083 -0.2182 -0.8864
vn -0.6849 -0.3009 -0.6636
vn -0.7140 -0.0694 -0.6967
vn -0.5572 -0.4956 -0.6662
vn -0.6717 0.1560 -0.7242
vn -0.3829 -0.6433 -0.6630
vn -0.5534 0.3488 -0.7564
vn -0.1699 -0.7238 -0.6688
vn -0.3727 0.4765 -0.7963
vn 0.0588 -0.7205 -0.6909
vn -0.1666 0.5658 -0.8076
vn -0.2998 0.3232 -0.8976
vn -0.4419 0.2337 -0.8661
vn -0.5480 0.0957 -0.8310
vn -0.6268 0.1368 -0.7671
vn -0.5770 -0.0868 -0.8121
vn -0.6718 -0.0853 -0.7358
vn -0.5138 0.3295 -0.7921
vn -0.4612 0.0667 -0.8848
vn -0.5434 -0.2638 -0.7969
vn -0.4429 -0.4040 -0.8004
vn -0.6386 -0.2992 -0.7090
vn -0.3122 -0.5155 -0.7980
vn -0.5257 -0.4660 -0.7117
vn -0.1549 -0.5768 -0.8021
vn -0.3665 -0.6031 -0.7085
vn 0.0232 -0.5874 -0.8089
vn -0.1744 -0.6741 -0.7178
vn -0.2894 -0.4588 -0.8401
vn -0.1638 -0.5179 -0.8396
vn 0.0439 -0.6861 -0.7261
vn 0.2776 -0.6566 -0.7013
vn 0.2058 -0.5475 -0.8111
vn 0.4376 -0.5032 -0.7452
vn 0.3069 -0.4067 -0.8605
vn 0.5615 -0.3128 -0.7661
vn 0.6027 -0.0897 -0.7929
vn 0.4026 -0.2653 -0.8761
vn 0.4129 -0.4760 -0.7765
vn 0.5082 -0.2964 -0.8086
vn 0.4331 -0.0973 -0.8961
vn 0.5516 -0.0890 -0.8293
vn 0.3426 -0.2477 -0.9063
vn 0.2561 -0.6145 -0.7462
vn 0.2736 -0.3663 -0.8894
vn 0.0045 -0.5139 -0.8578
vn 0.1546 -0.4605 -0.8741
vn -0.0333 -0.1695 -0.9850
vn -0.0655 -0.1383 -0.9882
vn -0.0656 -0.1099 -0.9918
vn -0.0943 -0.1905 -0.9772
vn -0.0751 -0.1124 -0.9908
vn -0.4006 -0.3600 -0.8426
vn -0.1319 -0.1545 -0.9791
vn -0.4532 -0.2637 -0.8515
vn -0.0932 -0.1154 -0.9889
vn -0.4914 -0.1091 -0.8641
vn -0.1454 -0.1058 -0.9837
vn -0.0810 -0.1023 -0.9914
vn -0.0704 -0.0986 -0.9926
vn -0.1353 -0.0437 -0.9898
vn -0.3653 0.2109 -0.9067
vn -0.0880 -0.0764 -0.9932
vn -0.3595 0.4498 -0.8176
vn -0.2741 0.2720 -0.9224
vn -0.1380 0.3314 -0.9334
vn -0.1600 0.5079 -0.8464
vn -0.1457 0.3950 -0.9070
vn 0.0447 0.5145 -0.8563
vn -0.0836 -0.0282 -0.9961
vn 0.0001 0.3297 -0.9441
vn 0.0614 0.5639 -0.8235
vn 0.0250 0.3974 -0.9173
vn 0.2476 0.4426 -0.8618
vn -0.0117 0.2119 -0.9772
vn 0.2767 0.4877 -0.8280
vn 0.0945 0.1774 -0.9796
vn 0.1982 0.3557 -0.9133
vn 0.4669 0.3473 -0.8132
vn 0.2040 0.1231 -0.9712
vn 0.2547 0.0006 -0.9670
vn 0.5652 0.1348 -0.8139
vn 0.4085 0.0718 -0.9099
vn 0.3563 0.2480 -0.9009
vn 0.5341 0.1088 -0.8384
vn 0.4235 0.2997 -0.8549
vn 0.1471 0.2713 -0.9512
vn 0.2767 0.1606 -0.9474
vn -0.0322 -0.0411 -0.9986
vn -0.0594 -0.0962 -0.9936
vn 0.0144 -0.0811 -0.9966
vn -0.0389 -0.1059 -0.9936
vn 0.3425 0.0131 -0.9394
vn 0.0032 -0.1327 -0.9912
vn 0.3656 -0.0918 -0.9262
s 1
f 1/1/1 2/2/2 3/3/3
f 1/1/1 4/4/4 2/2/2
f 5/5/5 4/4/4 1/1/1
f 4/4/4 6/6/6 2/2/2
f 4/4/4 5/5/5 7/7/7
f 921/8/8 7/7/7 5/5/5
f 6/6/6 4/4/4 8/9/9
f 7/7/7 8/9/9 4/4/4
f 9/10/10 6/6/6 8/9/9
f 921/8/8 922/11/11 7/7/7
f 923/12/12 922/11/11 921/8/8
f 8/9/9 10/13/13 9/10/10
f 9/10/10 10/13/13 11/14/14
f 8/9/9 7/7/7 12/15/15
f 12/15/15 10/13/13 8/9/9
f 924/16/16 7/7/7 922/11/11
f 7/7/7 924/16/16 12/15/15
f 923/12/12 925/17/17 922/11/11
f 926/18/18 925/17/17 923/12/12
f 927/19/19 922/11/11 925/17/17
f 922/11/11 927/19/19 924/16/16
f 926/18/18 928/20/20 925/17/17
f 928/20/20 927/19/19 925/17/17
f 929/21/21 928/20/20 926/18/18
f 930/22/22 928/20/20 929/21/21
f 931/23/23 930/22/22 929/21/21
f 932/24/24 927/19/19 928/20/20
f 930/22/22 932/24/24 928/20/20
f 933/25/25 930/22/22 931/23/23
f 934/26/26 933/25/25 931/23/23
f 932/24/24 930/22/22 935/27/27
f 934/26/26 936/28/28 933/25/25
f 934/26/26 937/29/29 936/28/28
f 938/30/30 930/22/22 933/25/25
f 930/22/22 938/30/30 935/27/27
f 937/29/29 939/31/31 936/28/28
f 940/32/32 939/31/31 937/29/29
f 941/33/33 933/25/25 936/28/28
f 933/25/25 941/33/33 938/30/30
f 940/32/32 942/34/34 939/31/31
f 942/34/34 940/32/32 943/35/35
f 936/28/28 939/31/31 944/36/36
f 939/31/31 942/34/34 944/36/36
f 943/35/35 945/37/37 942/34/34
f 13/38/38 945/37/37 943/35/35
f 942/34/34 946/39/39 944/36/36
f 945/37/37 946/39/39 942/34/34
f 13/38/38 14/40/40 945/37/37
f 15/41/41 14/40/40 13/38/38
f 945/37/37 947/42/42 946/39/39
f 14/40/40 947/42/42 945/37/37
f 948/43/43 944/36/36 946/39/39
f 948/43/43 946/39/39 947/42/42
f 15/41/41 16/44/44 14/40/40
f 16/44/44 15/41/41 17/45/45
f 947/42/42 14/40/40 18/46/46
f 18/46/46 14/40/40 16/44/44
f 19/47/47 947/42/42 18/46/46
f 16/44/44 20/48/48 18/46/46
f 19/47/47 18/46/46 20/48/48
f 17/45/45 21/49/49 16/44/44
f 20/48/48 16/44/44 21/49/49
f 947/42/42 19/47/47 949/50/50
f 947/42/42 949/50/50 948/43/43
f 20/48/48 22/51/51 19/47/47
f 23/52/52 949/50/50 19/47/47
f 22/51/51 23/52/52 19/47/47
f 949/50/50 950/53/53 948/43/43
f 24/54/54 22/51/51 20/48/48
f 21/49/49 24/54/54 20/48/48
f 950/53/53 949/50/50 951/55/55
f 949/50/50 23/52/52 951/55/55
f 952/56/56 950/53/53 951/55/55
f 23/52/52 952/56/56 951/55/55
f 948/43/43 950/53/53 953/57/57
f 944/36/36 948/43/43 953/57/57
f 953/57/57 936/28/28 944/36/36
f 936/28/28 953/57/57 941/33/33
f 953/57/57 950/53/53 954/58/58
f 950/53/53 952/56/56 954/58/58
f 941/33/33 953/57/57 955/59/59
f 954/58/58 956/60/60 953/57/57
f 955/59/59 953/57/57 956/60/60
f 957/61/61 954/58/58 952/56/56
f 954/58/58 957/61/61 956/60/60
f 958/62/62 941/33/33 955/59/59
f 956/60/60 959/63/63 955/59/59
f 958/62/62 955/59/59 959/63/63
f 960/64/64 956/60/60 957/61/61
f 956/60/60 960/64/64 959/63/63
f 941/33/33 958/62/62 961/65/65
f 938/30/30 941/33/33 961/65/65
f 959/63/63 962/66/66 958/62/62
f 938/30/30 961/65/65 963/67/67
f 963/67/67 935/27/27 938/30/30
f 959/63/63 964/68/68 962/66/66
f 964/68/68 959/63/63 960/64/64
f 935/27/27 963/67/67 965/69/69
f 932/24/24 935/27/27 965/69/69
f 966/70/70 963/67/67 961/65/65
f 965/69/69 967/71/71 932/24/24
f 967/71/71 927/19/19 932/24/24
f 965/69/69 963/67/67 968/72/72
f 963/67/67 966/70/70 968/72/72
f 967/71/71 965/69/69 969/73/73
f 969/73/73 965/69/69 968/72/72
f 927/19/19 967/71/71 970/74/74
f 970/74/74 924/16/16 927/19/19
f 969/73/73 971/75/75 967/71/71
f 971/75/75 970/74/74 967/71/71
f 970/74/74 972/76/76 924/16/16
f 924/16/16 972/76/76 12/15/15
f 970/74/74 971/75/75 973/77/77
f 972/76/76 970/74/74 973/77/77
f 25/78/78 12/15/15 972/76/76
f 10/13/13 12/15/15 25/78/78
f 973/77/77 974/79/79 972/76/76
f 974/79/79 25/78/78 972/76/76
f 971/75/75 975/80/80 973/77/77
f 974/79/79 973/77/77 975/80/80
f 25/78/78 26/81/81 10/13/13
f 10/13/13 26/81/81 11/14/14
f 26/81/81 27/82/82 11/14/14
f 25/78/78 974/79/79 28/83/83
f 26/81/81 25/78/78 28/83/83
f 974/79/79 976/84/84 28/83/83
f 975/80/80 976/84/84 974/79/79
f 28/83/83 29/85/85 26/81/81
f 28/83/83 976/84/84 29/85/85
f 27/82/82 26/81/81 30/86/86
f 26/81/81 29/85/85 30/86/86
f 30/86/86 31/87/87 27/82/82
f 976/84/84 977/88/88 29/85/85
f 31/87/87 30/86/86 32/89/89
f 32/89/89 33/90/90 31/87/87
f 29/85/85 34/91/91 30/86/86
f 30/86/86 34/91/91 32/89/89
f 29/85/85 977/88/88 34/91/91
f 33/90/90 32/89/89 35/92/92
f 36/93/93 33/90/90 35/92/92
f 32/89/89 37/94/94 35/92/92
f 37/94/94 32/89/89 34/91/91
f 35/92/92 38/95/95 36/93/93
f 37/94/94 38/95/95 35/92/92
f 39/96/96 36/93/93 38/95/95
f 38/95/95 40/97/97 39/96/96
f 40/97/97 41/98/98 39/96/96
f 42/99/99 40/97/97 38/95/95
f 37/94/94 42/99/99 38/95/95
f 41/98/98 40/97/97 43/100/100
f 42/99/99 43/100/100 40/97/97
f 43/100/100 44/101/101 41/98/98
f 44/101/101 45/102/102 41/98/98
f 43/100/100 42/99/99 978/103/103
f 43/100/100 979/104/104 44/101/101
f 979/104/104 43/100/100 978/103/103
f 42/99/99 37/94/94 46/105/105
f 46/105/105 978/103/103 42/99/99
f 47/106/106 46/105/105 37/94/94
f 47/106/106 37/94/94 34/91/91
f 980/107/107 978/103/103 46/105/105
f 34/91/91 981/108/108 47/106/106
f 981/108/108 34/91/91 977/88/88
f 982/109/109 46/105/105 47/106/106
f 47/106/106 981/108/108 982/109/109
f 46/105/105 982/109/109 980/107/107
f 983/110/110 982/109/109 981/108/108
f 977/88/88 983/110/110 981/108/108
f 983/110/110 980/107/107 982/109/109
f 984/111/111 978/103/103 980/107/107
f 978/103/103 984/111/111 979/104/104
f 983/110/110 985/112/112 980/107/107
f 985/112/112 984/111/111 980/107/107
f 977/88/88 986/113/113 983/110/110
f 976/84/84 986/113/113 977/88/88
f 986/113/113 976/84/84 975/80/80
f 983/110/110 987/114/114 985/112/112
f 988/115/115 986/113/113 975/80/80
f 975/80/80 971/75/75 988/115/115
f 971/75/75 969/73/73 988/115/115
f 986/113/113 989/116/116 983/110/110
f 987/114/114 983/110/110 989/116/116
f 986/113/113 988/115/115 990/117/117
f 989/116/116 986/113/113 990/117/117
f 988/115/115 969/73/73 991/118/118
f 988/115/115 991/118/118 990/117/117
f 990/117/117 992/119/119 989/116/116
f 992/119/119 987/114/114 989/116/116
f 990/117/117 991/118/118 993/120/120
f 992/119/119 990/117/117 993/120/120
f 969/73/73 994/121/121 991/118/118
f 994/121/121 969/73/73 968/72/72
f 995/122/122 993/120/120 991/118/118
f 991/118/118 994/121/121 995/122/122
f 996/123/123 992/119/119 993/120/120
f 993/120/120 995/122/122 996/123/123
f 968/72/72 997/124/124 994/121/121
f 997/124/124 968/72/72 966/70/70
f 998/125/125 995/122/122 994/121/121
f 994/121/121 997/124/124 998/125/125
f 995/122/122 999/126/126 996/123/123
f 995/122/122 998/125/125 999/126/126
f 1000/127/127 997/124/124 966/70/70
f 966/70/70 961/65/65 1000/127/127
f 958/62/62 1000/127/127 961/65/65
f 1001/128/128 998/125/125 997/124/124
f 997/124/124 1000/127/127 1001/128/128
f 1001/128/128 1002/129/129 998/125/125
f 998/125/125 1002/129/129 999/126/126
f 1000/127/127 1003/130/130 1001/128/128
f 1003/130/130 1002/129/129 1001/128/128
f 958/62/62 1004/131/131 1000/127/127
f 1003/130/130 1000/127/127 1004/131/131
f 1004/131/131 958/62/62 962/66/66
f 964/68/68 1004/131/131 962/66/66
f 1002/129/129 1003/130/130 1005/132/132
f 1003/130/130 1004/131/131 1006/133/133
f 1005/132/132 1007/134/134 1002/129/129
f 999/126/126 1002/129/129 1007/134/134
f 1005/132/132 1003/130/130 1008/135/135
f 1003/130/130 1006/133/133 1008/135/135
f 999/126/126 1007/134/134 1009/136/136
f 1009/136/136 996/123/123 999/126/126
f 1010/137/137 1006/133/133 1004/131/131
f 1004/131/131 964/68/68 1010/137/137
f 996/123/123 1009/136/136 1011/138/138
f 1011/138/138 992/119/119 996/123/123
f 1006/133/133 1010/137/137 1012/139/139
f 1012/139/139 1008/135/135 1006/133/133
f 1012/139/139 1010/137/137 1013/140/140
f 964/68/68 1013/140/140 1010/137/137
f 1008/135/135 1012/139/139 1014/141/141
f 1013/140/140 964/68/68 1015/142/142
f 1012/139/139 1013/140/140 48/143/143
f 1012/139/139 48/143/143 1014/141/141
f 1015/142/142 49/144/144 1013/140/140
f 49/144/144 48/143/143 1013/140/140
f 964/68/68 50/145/145 1015/142/142
f 50/145/145 964/68/68 960/64/64
f 957/61/61 50/145/145 960/64/64
f 49/144/144 1015/142/142 51/146/146
f 50/145/145 51/146/146 1015/142/142
f 50/145/145 957/61/61 52/147/147
f 957/61/61 952/56/56 52/147/147
f 51/146/146 50/145/145 53/148/148
f 53/148/148 50/145/145 52/147/147
f 54/149/149 52/147/147 952/56/56
f 952/56/56 23/52/52 54/149/149
f 52/147/147 55/150/150 53/148/148
f 54/149/149 55/150/150 52/147/147
f 53/148/148 56/151/151 51/146/146
f 49/144/144 51/146/146 56/151/151
f 57/152/152 53/148/148 55/150/150
f 56/151/151 53/148/148 57/152/152
f 55/150/150 54/149/149 58/153/153
f 23/52/52 58/153/153 54/149/149
f 59/154/154 57/152/152 55/150/150
f 58/153/153 59/154/154 55/150/150
f 58/153/153 23/52/52 60/155/155
f 22/51/51 60/155/155 23/52/52
f 61/156/156 58/153/153 60/155/155
f 62/157/157 60/155/155 22/51/51
f 62/157/157 61/156/156 60/155/155
f 24/54/54 62/157/157 22/51/51
f 63/158/158 58/153/153 61/156/156
f 59/154/154 58/153/153 63/158/158
f 62/157/157 64/159/159 61/156/156
f 64/159/159 63/158/158 61/156/156
f 24/54/54 65/160/160 62/157/157
f 64/159/159 62/157/157 65/160/160
f 59/154/154 63/158/158 66/161/161
f 67/162/162 63/158/158 64/159/159
f 67/162/162 66/161/161 63/158/158
f 68/163/163 59/154/154 66/161/161
f 59/154/154 68/163/163 57/152/152
f 66/161/161 67/162/162 69/164/164
f 69/164/164 68/163/163 66/161/161
f 67/162/162 64/159/159 70/165/165
f 70/165/165 64/159/159 65/160/160
f 67/162/162 71/166/166 69/164/164
f 70/165/165 71/166/166 67/162/162
f 72/167/167 68/163/163 69/164/164
f 73/168/168 69/164/164 71/166/166
f 69/164/164 73/168/168 72/167/167
f 74/169/169 57/152/152 68/163/163
f 68/163/163 72/167/167 74/169/169
f 57/152/152 74/169/169 56/151/151
f 73/168/168 71/166/166 75/170/170
f 70/165/165 75/170/170 71/166/166
f 76/171/171 56/151/151 74/169/169
f 49/144/144 56/151/151 76/171/171
f 76/171/171 74/169/169 77/172/172
f 76/171/171 78/173/173 49/144/144
f 77/172/172 78/173/173 76/171/171
f 48/143/143 49/144/144 78/173/173
f 74/169/169 79/174/174 77/172/172
f 79/174/174 74/169/169 72/167/167
f 80/175/175 48/143/143 78/173/173
f 1014/141/141 48/143/143 80/175/175
f 72/167/167 81/176/176 79/174/174
f 73/168/168 81/176/176 72/167/167
f 79/174/174 82/177/177 77/172/172
f 81/176/176 82/177/177 79/174/174
f 78/173/173 77/172/172 83/178/178
f 77/172/172 82/177/177 83/178/178
f 78/173/173 83/178/178 84/179/179
f 80/175/175 78/173/173 84/179/179
f 83/178/178 82/177/177 85/180/180
f 85/180/180 84/179/179 83/178/178
f 85/180/180 82/177/177 86/181/181
f 86/181/181 84/179/179 85/180/180
f 87/182/182 86/181/181 82/177/177
f 82/177/177 81/176/176 87/182/182
f 84/179/179 86/181/181 88/183/183
f 84/179/179 89/184/184 80/175/175
f 89/184/184 84/179/179 88/183/183
f 80/175/175 1016/185/185 1014/141/141
f 1016/185/185 80/175/175 89/184/184
f 1016/185/185 1008/135/135 1014/141/141
f 88/183/183 90/186/186 89/184/184
f 1008/135/135 1016/185/185 1017/187/187
f 89/184/184 91/188/188 1016/185/185
f 91/188/188 89/184/184 90/186/186
f 1017/187/187 1016/185/185 91/188/188
f 90/186/186 88/183/183 92/189/189
f 1018/190/190 1008/135/135 1017/187/187
f 1008/135/135 1018/190/190 1005/132/132
f 93/191/191 88/183/183 86/181/181
f 88/183/183 93/191/191 92/189/189
f 86/181/181 87/182/182 93/191/191
f 1018/190/190 1019/192/192 1005/132/132
f 1005/132/132 1019/192/192 1007/134/134
f 1017/187/187 1020/193/193 1018/190/190
f 1019/192/192 1021/194/194 1007/134/134
f 1021/194/194 1009/136/136 1007/134/134
f 1021/194/194 1011/138/138 1009/136/136
f 1018/190/190 1022/195/195 1019/192/192
f 1022/195/195 1018/190/190 1020/193/193
f 1021/194/194 1019/192/192 1023/196/196
f 1022/195/195 1023/196/196 1019/192/192
f 1020/193/193 1017/187/187 1024/197/197
f 1024/197/197 1017/187/187 91/188/188
f 1020/193/193 1025/198/198 1022/195/195
f 1024/197/197 1025/198/198 1020/193/193
f 91/188/188 1026/199/199 1024/197/197
f 1025/198/198 1024/197/197 1026/199/199
f 1026/199/199 91/188/188 94/200/200
f 1027/201/201 1025/198/198 1026/199/199
f 94/200/200 1027/201/201 1026/199/199
f 1025/198/198 1028/202/202 1022/195/195
f 1025/198/198 1027/201/201 1028/202/202
f 91/188/188 95/203/203 94/200/200
f 95/203/203 91/188/188 90/186/186
f 95/203/203 90/186/186 92/189/189
f 1027/201/201 94/200/200 96/204/204
f 97/205/205 94/200/200 95/203/203
f 97/205/205 96/204/204 94/200/200
f 92/189/189 98/206/206 95/203/203
f 95/203/203 99/207/207 97/205/205
f 99/207/207 95/203/203 98/206/206
f 100/208/208 98/206/206 92/189/189
f 92/189/189 93/191/191 100/208/208
f 98/206/206 101/209/209 99/207/207
f 101/209/209 98/206/206 100/208/208
f 97/205/205 99/207/207 102/210/210
f 101/209/209 102/210/210 99/207/207
f 102/210/210 96/204/204 97/205/205
f 103/211/211 101/209/209 100/208/208
f 93/191/191 103/211/211 100/208/208
f 102/210/210 101/209/209 104/212/212
f 103/211/211 104/212/212 101/209/209
f 96/204/204 102/210/210 105/213/213
f 93/191/191 106/214/214 103/211/211
f 93/191/191 87/182/182 106/214/214
f 107/215/215 105/213/213 102/210/210
f 104/212/212 107/215/215 102/210/210
f 108/216/216 106/214/214 87/182/182
f 81/176/176 108/216/216 87/182/182
f 109/217/217 103/211/211 106/214/214
f 108/216/216 109/217/217 106/214/214
f 104/212/212 103/211/211 110/218/218
f 108/216/216 81/176/176 111/219/219
f 110/218/218 112/220/220 104/212/212
f 104/212/212 112/220/220 107/215/215
f 81/176/176 113/221/221 111/219/219
f 113/221/221 81/176/176 73/168/168
f 75/170/170 113/221/221 73/168/168
f 113/221/221 114/222/222 111/219/219
f 114/222/222 108/216/216 111/219/219
f 75/170/170 115/223/223 113/221/221
f 114/222/222 113/221/221 115/223/223
f 108/216/216 114/222/222 116/224/224
f 109/217/217 108/216/216 116/224/224
f 116/224/224 114/222/222 117/225/225
f 117/225/225 109/217/217 116/224/224
f 115/223/223 118/226/226 114/222/222
f 118/226/226 117/225/225 114/222/222
f 75/170/170 119/227/227 115/223/223
f 119/227/227 118/226/226 115/223/223
f 120/228/228 119/227/227 75/170/170
f 120/228/228 75/170/170 70/165/165
f 118/226/226 119/227/227 121/229/229
f 120/228/228 70/165/165 122/230/230
f 122/230/230 70/165/165 65/160/160
f 119/227/227 120/228/228 123/231/231
f 123/231/231 121/229/229 119/227/227
f 124/232/232 122/230/230 65/160/160
f 65/160/160 24/54/54 124/232/232
f 21/49/49 124/232/232 24/54/54
f 125/233/233 120/228/228 122/230/230
f 125/233/233 122/230/230 124/232/232
f 124/232/232 21/49/49 126/234/234
f 126/234/234 125/233/233 124/232/232
f 17/45/45 126/234/234 21/49/49
f 126/234/234 17/45/45 127/235/235
f 128/236/236 126/234/234 127/235/235
f 120/228/228 125/233/233 129/237/237
f 129/237/237 125/233/233 126/234/234
f 123/231/231 120/228/228 129/237/237
f 128/236/236 130/238/238 126/234/234
f 130/238/238 129/237/237 126/234/234
f 131/239/239 130/238/238 128/236/236
f 130/238/238 131/239/239 132/240/240
f 132/240/240 129/237/237 130/238/238
f 133/241/241 132/240/240 131/239/239
f 134/242/242 123/231/231 129/237/237
f 129/237/237 132/240/240 134/242/242
f 134/242/242 135/243/243 123/231/231
f 132/240/240 133/241/241 136/244/244
f 133/241/241 137/245/245 136/244/244
f 132/240/240 138/246/246 134/242/242
f 135/243/243 134/242/242 138/246/246
f 139/247/247 132/240/240 136/244/244
f 138/246/246 132/240/240 139/247/247
f 140/248/248 136/244/244 137/245/245
f 135/243/243 138/246/246 141/249/249
f 142/250/250 140/248/248 137/245/245
f 142/250/250 137/245/245 143/251/251
f 144/252/252 136/244/244 140/248/248
f 142/250/250 144/252/252 140/248/248
f 136/244/244 144/252/252 139/247/247
f 143/251/251 145/253/253 142/250/250
f 145/253/253 143/251/251 146/254/254
f 147/255/255 144/252/252 142/250/250
f 145/253/253 147/255/255 142/250/250
f 146/254/254 148/256/256 145/253/253
f 148/256/256 146/254/254 149/257/257
f 150/258/258 149/257/257 151/259/259
f 149/257/257 150/258/258 148/256/256
f 150/258/258 152/260/260 148/256/256
f 152/260/260 145/253/253 148/256/256
f 152/260/260 150/258/258 153/261/261
f 145/253/253 152/260/260 154/262/262
f 147/255/255 145/253/253 154/262/262
f 153/261/261 155/263/263 152/260/260
f 155/263/263 154/262/262 152/260/260
f 155/263/263 153/261/261 156/264/264
f 157/265/265 155/263/263 156/264/264
f 158/266/266 147/255/255 154/262/262
f 154/262/262 155/263/263 158/266/266
f 155/263/263 157/265/265 159/267/267
f 159/267/267 158/266/266 155/263/263
f 147/255/255 158/266/266 160/268/268
f 160/268/268 144/252/252 147/255/255
f 158/266/266 159/267/267 161/269/269
f 161/269/269 160/268/268 158/266/266
f 157/265/265 162/270/270 159/267/267
f 162/270/270 157/265/265 163/271/271
f 164/272/272 162/270/270 163/271/271
f 165/273/273 159/267/267 162/270/270
f 159/267/267 165/273/273 161/269/269
f 162/270/270 164/272/272 166/274/274
f 166/274/274 165/273/273 162/270/270
f 167/275/275 166/274/274 164/272/272
f 165/273/273 168/276/276 161/269/269
f 166/274/274 167/275/275 169/277/277
f 165/273/273 166/274/274 170/278/278
f 168/276/276 165/273/273 170/278/278
f 169/277/277 171/279/279 166/274/274
f 166/274/274 171/279/279 170/278/278
f 172/280/280 169/277/277 167/275/275
f 167/275/275 173/281/281 172/280/280
f 174/282/282 172/280/280 173/281/281
f 175/283/283 171/279/279 169/277/277
f 169/277/277 172/280/280 175/283/283
f 171/279/279 176/284/284 170/278/278
f 175/283/283 176/284/284 171/279/279
f 172/280/280 174/282/282 177/285/285
f 177/285/285 175/283/283 172/280/280
f 170/278/278 176/284/284 178/286/286
f 168/276/276 170/278/278 178/286/286
f 177/285/285 174/282/282 179/287/287
f 180/288/288 179/287/287 174/282/282
f 181/289/289 179/287/287 180/288/288
f 177/285/285 179/287/287 182/290/290
f 179/287/287 181/289/289 183/291/291
f 184/292/292 177/285/285 182/290/290
f 175/283/283 177/285/285 184/292/292
f 182/290/290 179/287/287 185/293/293
f 183/291/291 185/293/293 179/287/287
f 184/292/292 182/290/290 186/294/294
f 185/293/293 186/294/294 182/290/290
f 175/283/283 184/292/292 187/295/295
f 187/295/295 184/292/292 186/294/294
f 188/296/296 175/283/283 187/295/295
f 176/284/284 175/283/283 188/296/296
f 187/295/295 186/294/294 189/297/297
f 188/296/296 190/298/298 176/284/284
f 176/284/284 190/298/298 178/286/286
f 191/299/299 188/296/296 187/295/295
f 191/299/299 187/295/295 189/297/297
f 188/296/296 191/299/299 192/300/300
f 190/298/298 188/296/296 192/300/300
f 191/299/299 193/301/301 192/300/300
f 189/297/297 193/301/301 191/299/299
f 194/302/302 190/298/298 192/300/300
f 192/300/300 193/301/301 194/302/302
f 195/303/303 178/286/286 190/298/298
f 196/304/304 178/286/286 195/303/303
f 178/286/286 196/304/304 168/276/276
f 190/298/298 197/305/305 195/303/303
f 197/305/305 196/304/304 195/303/303
f 196/304/304 198/306/306 168/276/276
f 168/276/276 198/306/306 161/269/269
f 160/268/268 161/269/269 198/306/306
f 198/306/306 196/304/304 199/307/307
f 199/307/307 196/304/304 197/305/305
f 200/308/308 160/268/268 198/306/306
f 200/308/308 198/306/306 199/307/307
f 144/252/252 160/268/268 200/308/308
f 200/308/308 139/247/247 144/252/252
f 200/308/308 199/307/307 201/309/309
f 197/305/305 201/309/309 199/307/307
f 139/247/247 200/308/308 202/310/310
f 201/309/309 202/310/310 200/308/308
f 139/247/247 202/310/310 138/246/246
f 202/310/310 141/249/249 138/246/246
f 141/249/249 202/310/310 201/309/309
f 201/309/309 203/311/311 141/249/249
f 197/305/305 204/312/312 201/309/309
f 203/311/311 201/309/309 204/312/312
f 205/313/313 141/249/249 203/311/311
f 141/249/249 205/313/313 135/243/243
f 205/313/313 123/231/231 135/243/243
f 121/229/229 123/231/231 205/313/313
f 203/311/311 206/314/314 205/313/313
f 206/314/314 121/229/229 205/313/313
f 206/314/314 203/311/311 204/312/312
f 121/229/229 206/314/314 207/315/315
f 204/312/312 208/316/316 206/314/314
f 208/316/316 207/315/315 206/314/314
f 197/305/305 208/316/316 204/312/312
f 209/317/317 121/229/229 207/315/315
f 118/226/226 121/229/229 209/317/317
f 207/315/315 208/316/316 210/318/318
f 210/318/318 209/317/317 207/315/315
f 211/319/319 208/316/316 197/305/305
f 210/318/318 208/316/316 211/319/319
f 190/298/298 211/319/319 197/305/305
f 190/298/298 194/302/302 211/319/319
f 211/319/319 212/320/320 210/318/318
f 210/318/318 212/320/320 209/317/317
f 211/319/319 194/302/302 212/320/320
f 213/321/321 118/226/226 209/317/317
f 212/320/320 213/321/321 209/317/317
f 118/226/226 213/321/321 117/225/225
f 212/320/320 194/302/302 214/322/322
f 213/321/321 212/320/320 214/322/322
f 194/302/302 215/323/323 214/322/322
f 215/323/323 194/302/302 193/301/301
f 216/324/324 213/321/321 214/322/322
f 214/322/322 215/323/323 216/324/324
f 217/325/325 117/225/225 213/321/321
f 213/321/321 216/324/324 217/325/325
f 109/217/217 117/225/225 217/325/325
f 218/326/326 217/325/325 216/324/324
f 218/326/326 109/217/217 217/325/325
f 215/323/323 219/327/327 216/324/324
f 218/326/326 216/324/324 219/327/327
f 219/327/327 215/323/323 220/328/328
f 193/301/301 220/328/328 215/323/323
f 219/327/327 221/329/329 218/326/326
f 220/328/328 221/329/329 219/327/327
f 109/217/217 218/326/326 222/330/330
f 222/330/330 103/211/211 109/217/217
f 103/211/211 222/330/330 110/218/218
f 223/331/331 218/326/326 221/329/329
f 222/330/330 218/326/326 223/331/331
f 221/329/329 220/328/328 224/332/332
f 224/332/332 223/331/331 221/329/329
f 225/333/333 220/328/328 193/301/301
f 193/301/301 189/297/297 225/333/333
f 226/334/334 220/328/328 225/333/333
f 225/333/333 189/297/297 226/334/334
f 226/334/334 224/332/332 220/328/328
f 227/335/335 224/332/332 226/334/334
f 223/331/331 224/332/332 227/335/335
f 228/336/336 226/334/334 189/297/297
f 227/335/335 226/334/334 228/336/336
f 186/294/294 228/336/336 189/297/297
f 227/335/335 229/337/337 223/331/331
f 229/337/337 227/335/335 228/336/336
f 230/338/338 223/331/331 229/337/337
f 223/331/331 230/338/338 222/330/330
f 231/339/339 228/336/336 186/294/294
f 186/294/294 185/293/293 231/339/339
f 222/330/330 230/338/338 232/340/340
f 222/330/330 232/340/340 110/218/218
f 112/220/220 110/218/218 232/340/340
f 185/293/293 233/341/341 231/339/339
f 231/339/339 233/341/341 228/336/336
f 233/341/341 185/293/293 234/342/342
f 183/291/291 234/342/342 185/293/293
f 234/342/342 183/291/291 235/343/343
f 181/289/289 235/343/343 183/291/291
f 235/343/343 181/289/289 236/344/344
f 235/343/343 237/345/345 234/342/342
f 237/345/345 233/341/341 234/342/342
f 235/343/343 236/344/344 238/346/346
f 237/345/345 235/343/343 238/346/346
f 236/344/344 239/347/347 238/346/346
f 240/348/348 238/346/346 239/347/347
f 238/346/346 240/348/348 241/349/349
f 237/345/345 238/346/346 241/349/349
f 242/350/350 241/349/349 240/348/348
f 241/349/349 242/350/350 243/351/351
f 244/352/352 241/349/349 243/351/351
f 245/353/353 241/349/349 244/352/352
f 237/345/345 241/349/349 245/353/353
f 246/354/354 245/353/353 244/352/352
f 245/353/353 247/355/355 237/345/345
f 233/341/341 237/345/345 247/355/355
f 245/353/353 246/354/354 248/356/356
f 247/355/355 245/353/353 248/356/356
f 246/354/354 249/357/357 248/356/356
f 249/357/357 247/355/355 248/356/356
f 249/357/357 246/354/354 250/358/358
f 251/359/359 233/341/341 247/355/355
f 247/355/355 249/357/357 251/359/359
f 233/341/341 251/359/359 228/336/336
f 252/360/360 249/357/357 250/358/358
f 249/357/357 252/360/360 251/359/359
f 250/358/358 253/361/361 252/360/360
f 254/362/362 228/336/336 251/359/359
f 254/362/362 251/359/359 252/360/360
f 228/336/336 254/362/362 229/337/337
f 252/360/360 253/361/361 255/363/363
f 254/362/362 252/360/360 255/363/363
f 255/363/363 229/337/337 254/362/362
f 229/337/337 255/363/363 230/338/338
f 256/364/364 255/363/363 253/361/361
f 230/338/338 255/363/363 232/340/340
f 255/363/363 256/364/364 257/365/365
f 256/364/364 258/366/366 257/365/365
f 259/367/367 232/340/340 255/363/363
f 232/340/340 259/367/367 112/220/220
f 255/363/363 257/365/365 260/368/368
f 260/368/368 259/367/367 255/363/363
f 112/220/220 259/367/367 261/369/369
f 112/220/220 261/369/369 107/215/215
f 262/370/370 259/367/367 260/368/368
f 259/367/367 262/370/370 261/369/369
f 107/215/215 261/369/369 263/371/371
f 105/213/213 107/215/215 263/371/371
f 262/370/370 264/372/372 261/369/369
f 261/369/369 264/372/372 263/371/371
f 263/371/371 1029/373/373 105/213/213
f 1029/373/373 96/204/204 105/213/213
f 96/204/204 1029/373/373 1027/201/201
f 1029/373/373 1028/202/202 1027/201/201
f 263/371/371 264/372/372 1030/374/374
f 1029/373/373 263/371/371 1030/374/374
f 1028/202/202 1029/373/373 1031/375/375
f 1029/373/373 1030/374/374 1032/376/376
f 1029/373/373 1032/376/376 1031/375/375
f 1033/377/377 1028/202/202 1031/375/375
f 1032/376/376 1033/377/377 1031/375/375
f 1022/195/195 1028/202/202 1033/377/377
f 1033/377/377 1023/196/196 1022/195/195
f 1034/378/378 1032/376/376 1030/374/374
f 264/372/372 1034/378/378 1030/374/374
f 1033/377/377 1032/376/376 1035/379/379
f 264/372/372 265/380/380 1034/378/378
f 264/372/372 262/370/370 265/380/380
f 1032/376/376 1034/378/378 1036/381/381
f 1036/381/381 1035/379/379 1032/376/376
f 1034/378/378 1037/382/382 1036/381/381
f 1034/378/378 265/380/380 1037/382/382
f 1038/383/383 1033/377/377 1035/379/379
f 1023/196/196 1033/377/377 1038/383/383
f 1035/379/379 1036/381/381 1039/384/384
f 1040/385/385 1023/196/196 1038/383/383
f 1023/196/196 1040/385/385 1021/194/194
f 1041/386/386 1038/383/383 1035/379/379
f 1041/386/386 1035/379/379 1039/384/384
f 1040/385/385 1038/383/383 1042/387/387
f 1042/387/387 1038/383/383 1041/386/386
f 1043/388/388 1021/194/194 1040/385/385
f 1011/138/138 1021/194/194 1043/388/388
f 1044/389/389 1040/385/385 1042/387/387
f 1044/389/389 1043/388/388 1040/385/385
f 1045/390/390 1011/138/138 1043/388/388
f 1043/388/388 1044/389/389 1045/390/390
f 1011/138/138 1045/390/390 1046/391/391
f 992/119/119 1011/138/138 1046/391/391
f 987/114/114 992/119/119 1046/391/391
f 1047/392/392 1046/391/391 1045/390/390
f 1044/389/389 1047/392/392 1045/390/390
f 1046/391/391 1048/393/393 987/114/114
f 1048/393/393 1046/391/391 1047/392/392
f 1049/394/394 987/114/114 1048/393/393
f 1047/392/392 1050/395/395 1048/393/393
f 1048/393/393 1050/395/395 1049/394/394
f 987/114/114 1049/394/394 1051/396/396
f 985/112/112 987/114/114 1051/396/396
f 1051/396/396 984/111/111 985/112/112
f 1051/396/396 1049/394/394 1052/397/397
f 984/111/111 1051/396/396 1052/397/397
f 1052/397/397 1049/394/394 1050/395/395
f 1053/398/398 984/111/111 1052/397/397
f 984/111/111 1053/398/398 979/104/104
f 1053/398/398 44/101/101 979/104/104
f 44/101/101 1053/398/398 266/399/399
f 45/102/102 44/101/101 266/399/399
f 1052/397/397 1054/400/400 1053/398/398
f 1055/401/401 266/399/399 1053/398/398
f 1053/398/398 1054/400/400 1055/401/401
f 266/399/399 267/402/402 45/102/102
f 267/402/402 266/399/399 1055/401/401
f 1054/400/400 1052/397/397 1056/403/403
f 1050/395/395 1056/403/403 1052/397/397
f 1054/400/400 1057/404/404 1055/401/401
f 1057/404/404 1054/400/400 1056/403/403
f 1055/401/401 268/405/405 267/402/402
f 268/405/405 1055/401/401 1057/404/404
f 269/406/406 45/102/102 267/402/402
f 267/402/402 268/405/405 270/407/407
f 267/402/402 270/407/407 269/406/406
f 45/102/102 269/406/406 271/408/408
f 45/102/102 271/408/408 41/409/409
f 269/406/406 270/407/407 272/410/410
f 41/409/409 271/408/408 273/411/411
f 39/412/412 41/409/409 273/411/411
f 271/408/408 269/406/406 274/413/413
f 272/410/410 274/413/413 269/406/406
f 275/414/414 271/408/408 274/413/413
f 271/408/408 275/414/414 273/411/411
f 272/410/410 276/415/415 274/413/413
f 274/413/413 276/415/415 275/414/414
f 273/411/411 277/416/416 39/412/412
f 277/416/416 36/417/417 39/412/412
f 278/418/418 273/411/411 275/414/414
f 273/411/411 278/418/418 277/416/416
f 36/417/417 277/416/416 279/419/419
f 279/419/419 33/420/420 36/417/417
f 277/416/416 280/421/421 279/419/419
f 280/421/421 277/416/416 278/418/418
f 33/420/420 279/419/419 281/422/422
f 281/422/422 279/419/419 280/421/421
f 282/423/423 33/420/420 281/422/422
f 33/420/420 282/423/423 31/424/424
f 281/422/422 280/421/421 283/425/425
f 282/423/423 281/422/422 283/425/425
f 278/418/418 284/426/426 280/421/421
f 284/426/426 283/425/425 280/421/421
f 275/414/414 285/427/427 278/418/418
f 285/427/427 284/426/426 278/418/418
f 285/427/427 275/414/414 276/415/415
f 283/425/425 284/426/426 286/428/428
f 287/429/429 285/427/427 276/415/415
f 276/415/415 272/410/410 287/429/429
f 285/427/427 288/430/430 284/426/426
f 285/427/427 287/429/429 289/431/431
f 288/430/430 285/427/427 289/431/431
f 288/430/430 290/432/432 284/426/426
f 286/428/428 284/426/426 290/432/432
f 291/433/433 288/430/430 289/431/431
f 291/433/433 290/432/432 288/430/430
f 292/434/434 289/431/431 287/429/429
f 289/431/431 292/434/434 291/433/433
f 272/410/410 293/435/435 287/429/429
f 292/434/434 287/429/429 293/435/435
f 272/410/410 294/436/436 293/435/435
f 272/410/410 270/407/407 294/436/436
f 292/434/434 293/435/435 295/437/437
f 294/436/436 295/437/437 293/435/435
f 296/438/438 294/436/436 270/407/407
f 268/405/405 296/438/438 270/407/407
f 297/439/439 295/437/437 294/436/436
f 294/436/436 296/438/438 297/439/439
f 292/434/434 295/437/437 298/440/440
f 295/437/437 297/439/439 298/440/440
f 292/434/434 298/440/440 299/441/441
f 297/439/439 300/442/442 298/440/440
f 299/441/441 298/440/440 300/442/442
f 301/443/443 292/434/434 299/441/441
f 301/443/443 291/433/433 292/434/434
f 300/442/442 302/444/444 299/441/441
f 301/443/443 299/441/441 302/444/444
f 300/442/442 297/439/439 303/445/445
f 296/438/438 303/445/445 297/439/439
f 302/444/444 300/442/442 304/446/446
f 303/445/445 304/446/446 300/442/442
f 302/444/444 304/446/446 305/447/447
f 303/445/445 296/438/438 306/448/448
f 307/449/449 302/444/444 305/447/447
f 308/450/450 306/448/448 296/438/438
f 296/438/438 268/405/405 308/450/450
f 302/444/444 307/449/449 309/451/451
f 301/443/443 302/444/444 309/451/451
f 310/452/452 308/450/450 268/405/405
f 1057/404/404 310/452/452 268/405/405
f 306/448/448 308/450/450 311/453/453
f 311/453/453 308/450/450 310/452/452
f 312/454/454 306/448/448 311/453/453
f 312/454/454 303/445/445 306/448/448
f 311/453/453 310/452/452 313/455/455
f 303/445/445 312/454/454 314/456/456
f 304/446/446 303/445/445 314/456/456
f 312/454/454 311/453/453 315/457/457
f 313/455/455 315/457/457 311/453/453
f 314/456/456 316/458/458 304/446/446
f 316/458/458 305/447/447 304/446/446
f 316/458/458 307/449/449 305/447/447
f 317/459/459 314/456/456 312/454/454
f 314/456/456 317/459/459 316/458/458
f 315/457/457 318/460/460 312/454/454
f 317/459/459 312/454/454 318/460/460
f 307/449/449 316/458/458 319/461/461
f 317/459/459 319/461/461 316/458/458
f 320/462/462 318/460/460 315/457/457
f 313/455/455 320/462/462 315/457/457
f 318/460/460 321/463/463 317/459/459
f 319/461/461 317/459/459 321/463/463
f 318/460/460 320/462/462 322/464/464
f 319/461/461 323/465/465 307/449/449
f 309/451/451 307/449/449 323/465/465
f 321/463/463 318/460/460 324/466/466
f 323/465/465 325/467/467 309/451/451
f 301/443/443 309/451/451 325/467/467
f 326/468/468 319/461/461 321/463/463
f 326/468/468 321/463/463 324/466/466
f 323/465/465 319/461/461 327/469/469
f 319/461/461 326/468/468 327/469/469
f 327/469/469 328/470/470 323/465/465
f 326/468/468 328/470/470 327/469/469
f 323/465/465 328/470/470 329/471/471
f 325/467/467 323/465/465 329/471/471
f 328/470/470 330/472/472 329/471/471
f 325/467/467 329/471/471 330/472/472
f 330/472/472 328/470/470 331/473/473
f 325/467/467 330/472/472 332/474/474
f 331/473/473 332/474/474 330/472/472
f 325/467/467 332/474/474 333/475/475
f 301/443/443 325/467/467 333/475/475
f 331/473/473 328/470/470 334/476/476
f 328/470/470 326/468/468 334/476/476
f 301/443/443 333/475/475 335/477/477
f 301/443/443 335/477/477 291/433/433
f 326/468/468 3/478/478 334/476/476
f 3/478/478 326/468/468 336/479/479
f 324/466/466 336/479/479 326/468/468
f 2/480/480 334/476/476 3/478/478
f 336/479/479 324/466/466 337/481/481
f 324/466/466 318/460/460 337/481/481
f 322/464/464 337/481/481 318/460/460
f 334/476/476 2/480/480 338/482/482
f 334/476/476 338/482/482 331/473/473
f 2/480/480 339/483/483 338/482/482
f 339/483/483 2/480/480 6/484/484
f 340/485/485 331/473/473 338/482/482
f 338/482/482 339/483/483 340/485/485
f 332/474/474 331/473/473 340/485/485
f 6/484/484 341/486/486 339/483/483
f 6/484/484 9/487/487 341/486/486
f 340/485/485 342/488/488 332/474/474
f 333/475/475 332/474/474 342/488/488
f 339/483/483 343/489/489 340/485/485
f 340/485/485 343/489/489 342/488/488
f 339/483/483 341/486/486 343/489/489
f 333/475/475 342/488/488 344/490/490
f 344/490/490 342/488/488 343/489/489
f 344/490/490 335/477/477 333/475/475
f 341/486/486 345/491/491 343/489/489
f 343/489/489 345/491/491 344/490/490
f 9/487/487 346/492/492 341/486/486
f 341/486/486 346/492/492 345/491/491
f 346/492/492 9/487/487 11/493/493
f 335/477/477 344/490/490 347/494/494
f 345/491/491 347/494/494 344/490/490
f 335/477/477 347/494/494 348/495/495
f 348/495/495 291/433/433 335/477/477
f 291/433/433 348/495/495 290/432/432
f 347/494/494 345/491/491 349/496/496
f 349/496/496 348/495/495 347/494/494
f 350/497/497 290/432/432 348/495/495
f 348/495/495 349/496/496 350/497/497
f 290/432/432 350/497/497 286/428/428
f 349/496/496 345/491/491 351/498/498
f 350/497/497 349/496/496 351/498/498
f 351/498/498 345/491/491 346/492/492
f 286/428/428 350/497/497 352/499/499
f 351/498/498 352/499/499 350/497/497
f 352/499/499 283/425/425 286/428/428
f 283/425/425 352/499/499 282/423/423
f 346/492/492 353/500/500 351/498/498
f 352/499/499 351/498/498 353/500/500
f 353/500/500 282/423/423 352/499/499
f 11/493/493 353/500/500 346/492/492
f 353/500/500 31/424/424 282/423/423
f 353/500/500 11/493/493 27/501/501
f 31/424/424 353/500/500 27/501/501
f 131/502/502 354/503/503 133/504/504
f 354/503/503 131/502/502 355/505/505
f 128/506/506 355/505/505 131/502/502
f 356/507/507 354/503/503 355/505/505
f 354/503/503 356/507/507 357/508/508
f 355/505/505 128/506/506 358/509/509
f 358/509/509 356/507/507 355/505/505
f 127/510/510 358/509/509 128/506/506
f 356/507/507 359/511/511 357/508/508
f 358/509/509 127/510/510 360/512/512
f 361/513/513 357/508/508 359/511/511
f 17/514/514 360/512/512 127/510/510
f 356/507/507 358/509/509 362/515/515
f 360/512/512 362/515/515 358/509/509
f 360/512/512 17/514/514 363/516/516
f 363/516/516 17/514/514 15/517/517
f 362/515/515 360/512/512 364/518/518
f 364/518/518 360/512/512 363/516/516
f 15/517/517 365/519/519 363/516/516
f 365/519/519 15/517/517 13/520/520
f 363/516/516 366/521/521 364/518/518
f 365/519/519 366/521/521 363/516/516
f 367/522/522 362/515/515 364/518/518
f 366/521/521 367/522/522 364/518/518
f 13/520/520 368/523/523 365/519/519
f 943/524/524 368/523/523 13/520/520
f 366/521/521 365/519/519 369/525/525
f 369/525/525 365/519/519 368/523/523
f 368/523/523 943/524/524 1058/526/526
f 940/527/527 1058/526/526 943/524/524
f 368/523/523 370/528/528 369/525/525
f 1058/526/526 370/528/528 368/523/523
f 1058/526/526 940/527/527 1059/529/529
f 937/530/530 1059/529/529 940/527/527
f 1058/526/526 1060/531/531 370/528/528
f 1059/529/529 1060/531/531 1058/526/526
f 371/532/532 369/525/525 370/528/528
f 1060/531/531 371/532/532 370/528/528
f 1059/529/529 937/530/530 1061/533/533
f 1061/533/533 937/530/530 934/534/534
f 1060/531/531 1059/529/529 1062/535/535
f 1061/533/533 1062/535/535 1059/529/529
f 1060/531/531 1063/536/536 371/532/532
f 1062/535/535 1063/536/536 1060/531/531
f 1064/537/537 1061/533/533 934/534/534
f 1064/537/537 934/534/534 931/538/538
f 1062/535/535 1061/533/533 1065/539/539
f 1064/537/537 1065/539/539 1061/533/533
f 1064/537/537 931/538/538 1066/540/540
f 931/538/538 929/541/541 1066/540/540
f 1064/537/537 1067/542/542 1065/539/539
f 1066/540/540 929/541/541 1068/543/543
f 929/541/541 926/544/544 1068/543/543
f 1069/545/545 1064/537/537 1066/540/540
f 1068/543/543 1069/545/545 1066/540/540
f 1064/537/537 1069/545/545 1067/542/542
f 1068/543/543 926/544/544 1070/546/546
f 1070/546/546 926/544/544 923/547/547
f 1069/545/545 1068/543/543 1071/548/548
f 1070/546/546 923/547/547 1072/549/549
f 923/547/547 921/550/550 1072/549/549
f 1073/551/551 1068/543/543 1070/546/546
f 1073/551/551 1071/548/548 1068/543/543
f 1072/549/549 921/550/550 1074/552/552
f 5/553/553 1074/552/552 921/550/550
f 1075/554/554 1070/546/546 1072/549/549
f 1070/546/546 1075/554/554 1073/551/551
f 1074/552/552 1076/555/555 1072/549/549
f 1076/555/555 1075/554/554 1072/549/549
f 1074/552/552 5/553/553 372/556/556
f 372/556/556 1076/555/555 1074/552/552
f 1/557/557 372/556/556 5/553/553
f 372/556/556 1/557/557 373/558/558
f 3/559/559 373/558/558 1/557/557
f 373/558/558 3/559/559 336/479/479
f 336/479/479 337/481/481 373/558/558
f 373/558/558 374/560/560 372/556/556
f 374/560/560 373/558/558 337/481/481
f 1076/555/555 372/556/556 374/560/560
f 337/481/481 1077/561/561 374/560/560
f 1077/561/561 337/481/481 322/464/464
f 374/560/560 1078/562/562 1076/555/555
f 374/560/560 1077/561/561 1078/562/562
f 1075/554/554 1076/555/555 1078/562/562
f 322/464/464 1079/563/563 1077/561/561
f 1079/563/563 1078/562/562 1077/561/561
f 1079/563/563 322/464/464 320/462/462
f 320/462/462 313/455/455 1079/563/563
f 1075/554/554 1078/562/562 1080/564/564
f 1078/562/562 1079/563/563 1080/564/564
f 1080/564/564 1081/565/565 1075/554/554
f 1081/565/565 1073/551/551 1075/554/554
f 1079/563/563 1082/566/566 1080/564/564
f 1073/551/551 1081/565/565 1083/567/567
f 1083/567/567 1071/548/548 1073/551/551
f 1080/564/564 1084/568/568 1081/565/565
f 1084/568/568 1083/567/567 1081/565/565
f 1082/566/566 1084/568/568 1080/564/564
f 1071/548/548 1083/567/567 1085/569/569
f 1085/569/569 1069/545/545 1071/548/548
f 1083/567/567 1084/568/568 1086/570/570
f 1086/570/570 1085/569/569 1083/567/567
f 1069/545/545 1085/569/569 1087/571/571
f 1069/545/545 1087/571/571 1067/542/542
f 1085/569/569 1086/570/570 1088/572/572
f 1088/572/572 1087/571/571 1085/569/569
f 1084/568/568 1089/573/573 1086/570/570
f 1086/570/570 1090/574/574 1088/572/572
f 1090/574/574 1086/570/570 1089/573/573
f 1091/575/575 1089/573/573 1084/568/568
f 1084/568/568 1082/566/566 1091/575/575
f 1089/573/573 1092/576/576 1090/574/574
f 1089/573/573 1091/575/575 1093/577/577
f 1092/576/576 1089/573/573 1093/577/577
f 1094/578/578 1091/575/575 1082/566/566
f 1095/579/579 1093/577/577 1091/575/575
f 1091/575/575 1094/578/578 1095/579/579
f 1096/580/580 1094/578/578 1082/566/566
f 1079/563/563 1096/580/580 1082/566/566
f 313/455/455 1096/580/580 1079/563/563
f 313/455/455 1097/581/581 1096/580/580
f 1094/578/578 1096/580/580 1097/581/581
f 1097/581/581 313/455/455 310/452/452
f 310/452/452 1057/404/404 1097/581/581
f 1097/581/581 1098/582/582 1094/578/578
f 1098/582/582 1097/581/581 1057/404/404
f 1098/582/582 1095/579/579 1094/578/578
f 1098/582/582 1057/404/404 1056/403/403
f 1098/582/582 1099/583/583 1095/579/579
f 1099/583/583 1098/582/582 1056/403/403
f 1099/583/583 1093/577/577 1095/579/579
f 1056/403/403 1100/584/584 1099/583/583
f 1050/395/395 1100/584/584 1056/403/403
f 1093/577/577 1099/583/583 1101/585/585
f 1100/584/584 1101/585/585 1099/583/583
f 1102/586/586 1093/577/577 1101/585/585
f 1093/577/577 1102/586/586 1092/576/576
f 1101/585/585 1100/584/584 1103/587/587
f 1050/395/395 1103/587/587 1100/584/584
f 1102/586/586 1101/585/585 1103/587/587
f 1103/587/587 1050/395/395 1104/588/588
f 1050/395/395 1047/392/392 1104/588/588
f 1047/392/392 1044/389/389 1104/588/588
f 1103/587/587 1105/589/589 1102/586/586
f 1104/588/588 1105/589/589 1103/587/587
f 1092/576/576 1102/586/586 1106/590/590
f 1102/586/586 1105/589/589 1106/590/590
f 1104/588/588 1044/389/389 1107/591/591
f 1044/389/389 1042/387/387 1107/591/591
f 1105/589/589 1104/588/588 1108/592/592
f 1107/591/591 1042/387/387 1109/593/593
f 1041/386/386 1109/593/593 1042/387/387
f 1107/591/591 1110/594/594 1104/588/588
f 1109/593/593 1110/594/594 1107/591/591
f 1104/588/588 1110/594/594 1108/592/592
f 1109/593/593 1041/386/386 1111/595/595
f 1039/384/384 1111/595/595 1041/386/386
f 1110/594/594 1109/593/593 1112/596/596
f 1111/595/595 1112/596/596 1109/593/593
f 1110/594/594 1113/597/597 1108/592/592
f 1113/597/597 1110/594/594 1112/596/596
f 1108/592/592 1114/598/598 1105/589/589
f 1114/598/598 1108/592/592 1113/597/597
f 1105/589/589 1114/598/598 1106/590/590
f 1112/596/596 1115/599/599 1113/597/597
f 1112/596/596 1111/595/595 1115/599/599
f 1113/597/597 1116/600/600 1114/598/598
f 1116/600/600 1113/597/597 1115/599/599
f 1114/598/598 1117/601/601 1106/590/590
f 1117/601/601 1114/598/598 1116/600/600
f 1118/602/602 1106/590/590 1117/601/601
f 1092/576/576 1106/590/590 1118/602/602
f 1090/574/574 1092/576/576 1118/602/602
f 1116/600/600 1119/603/603 1117/601/601
f 1090/574/574 1118/602/602 1120/604/604
f 1120/604/604 1088/572/572 1090/574/574
f 1118/602/602 1117/601/601 1121/605/605
f 1118/602/602 1121/605/605 1120/604/604
f 1121/605/605 1117/601/601 1119/603/603
f 1088/572/572 1120/604/604 1122/606/606
f 1087/571/571 1088/572/572 1122/606/606
f 1120/604/604 1121/605/605 1123/607/607
f 1122/606/606 1120/604/604 1124/608/608
f 1120/604/604 1123/607/607 1124/608/608
f 1123/607/607 1121/605/605 1125/609/609
f 1121/605/605 1119/603/603 1125/609/609
f 1124/608/608 1123/607/607 1126/610/610
f 1123/607/607 1125/609/609 1126/610/610
f 1124/608/608 1127/611/611 1122/606/606
f 1087/571/571 1122/606/606 1128/612/612
f 1128/612/612 1122/606/606 1127/611/611
f 1124/608/608 1129/613/613 1127/611/611
f 1129/613/613 1124/608/608 1126/610/610
f 1128/612/612 1130/614/614 1087/571/571
f 1130/614/614 1067/542/542 1087/571/571
f 1131/615/615 1128/612/612 1127/611/611
f 1130/614/614 1132/616/616 1067/542/542
f 1067/542/542 1132/616/616 1065/539/539
f 1065/539/539 1132/616/616 1062/535/535
f 1132/616/616 1133/617/617 1062/535/535
f 1063/536/536 1062/535/535 1133/617/617
f 1132/616/616 1130/614/614 1134/618/618
f 1132/616/616 1134/618/618 1133/617/617
f 1135/619/619 1063/536/536 1133/617/617
f 1135/619/619 1133/617/617 1134/618/618
f 1136/620/620 1063/536/536 1135/619/619
f 1063/536/536 1136/620/620 371/532/532
f 1134/618/618 1137/621/621 1135/619/619
f 1135/619/619 1137/621/621 1136/620/620
f 1138/622/622 1134/618/618 1130/614/614
f 1130/614/614 1128/612/612 1138/622/622
f 1134/618/618 1139/623/623 1137/621/621
f 1138/622/622 1139/623/623 1134/618/618
f 1137/621/621 1140/624/624 1136/620/620
f 1139/623/623 1140/624/624 1137/621/621
f 1141/625/625 1138/622/622 1128/612/612
f 1128/612/612 1131/615/615 1141/625/625
f 1142/626/626 1139/623/623 1138/622/622
f 1138/622/622 1141/625/625 1142/626/626
f 1139/623/623 1142/626/626 1143/627/627
f 1140/624/624 1139/623/623 1143/627/627
f 1142/626/626 1144/628/628 1143/627/627
f 1143/627/627 1144/628/628 1140/624/624
f 1141/625/625 1145/629/629 1142/626/626
f 1144/628/628 1142/626/626 1145/629/629
f 1145/629/629 1141/625/625 1146/630/630
f 1146/630/630 1141/625/625 1131/615/615
f 1144/628/628 1145/629/629 375/631/631
f 376/632/632 1145/629/629 1146/630/630
f 1145/629/629 376/632/632 375/631/631
f 1147/633/633 1146/630/630 1131/615/615
f 1146/630/630 1147/633/633 376/632/632
f 1148/634/634 1147/633/633 1131/615/615
f 1127/611/611 1148/634/634 1131/615/615
f 1148/634/634 1127/611/611 1129/613/613
f 1129/613/613 1149/635/635 1148/634/634
f 1149/635/635 1129/613/613 1126/610/610
f 1147/633/633 1148/634/634 1150/636/636
f 1151/637/637 1148/634/634 1149/635/635
f 1150/636/636 377/638/638 1147/633/633
f 376/632/632 1147/633/633 377/638/638
f 1148/634/634 1152/639/639 1150/636/636
f 1152/639/639 1148/634/634 1151/637/637
f 1153/640/640 1151/637/637 1149/635/635
f 1153/640/640 1149/635/635 1126/610/610
f 1154/641/641 1152/639/639 1151/637/637
f 1154/641/641 1151/637/637 1153/640/640
f 1126/610/610 1155/642/642 1153/640/640
f 1153/640/640 1156/643/643 1154/641/641
f 1156/643/643 1153/640/640 1155/642/642
f 1126/610/610 1157/644/644 1155/642/642
f 1155/642/642 1157/644/644 1156/643/643
f 1126/610/610 1125/609/609 1157/644/644
f 1158/645/645 1154/641/641 1156/643/643
f 1152/639/639 1154/641/641 1158/645/645
f 1125/609/609 1159/646/646 1157/644/644
f 1159/646/646 1125/609/609 1119/603/603
f 1160/647/647 1156/643/643 1157/644/644
f 1157/644/644 1159/646/646 1160/647/647
f 1156/643/643 1160/647/647 378/648/648
f 1156/643/643 378/648/648 1158/645/645
f 1161/649/649 1160/647/647 1159/646/646
f 1160/647/647 379/650/650 378/648/648
f 1160/647/647 1161/649/649 379/650/650
f 1119/603/603 1162/651/651 1159/646/646
f 1159/646/646 1163/652/652 1161/649/649
f 1163/652/652 1159/646/646 1162/651/651
f 1162/651/651 1119/603/603 1164/653/653
f 1119/603/603 1116/600/600 1164/653/653
f 1115/599/599 1164/653/653 1116/600/600
f 1164/653/653 1165/654/654 1162/651/651
f 1165/654/654 1163/652/652 1162/651/651
f 1164/653/653 1115/599/599 1166/655/655
f 1165/654/654 1164/653/653 1166/655/655
f 1111/595/595 1166/655/655 1115/599/599
f 1167/656/656 1166/655/655 1111/595/595
f 1167/656/656 1165/654/654 1166/655/655
f 1111/595/595 1039/384/384 1167/656/656
f 1039/384/384 1168/657/657 1167/656/656
f 1165/654/654 1167/656/656 1168/657/657
f 1036/381/381 1168/657/657 1039/384/384
f 1037/382/382 1168/657/657 1036/381/381
f 1165/654/654 1168/657/657 1169/658/658
f 1169/658/658 1168/657/657 1037/382/382
f 1169/658/658 1163/652/652 1165/654/654
f 265/380/380 1169/658/658 1037/382/382
f 1163/652/652 1169/658/658 380/659/659
f 380/659/659 1161/649/649 1163/652/652
f 1169/658/658 265/380/380 381/660/660
f 381/660/660 380/659/659 1169/658/658
f 265/380/380 382/661/661 381/660/660
f 382/661/661 380/659/659 381/660/660
f 382/661/661 265/380/380 262/370/370
f 260/368/368 382/661/661 262/370/370
f 1161/649/649 380/659/659 383/662/662
f 1161/649/649 383/662/662 379/650/650
f 382/661/661 260/368/368 384/663/663
f 384/663/663 260/368/368 257/365/365
f 380/659/659 382/661/661 385/664/664
f 384/663/663 385/664/664 382/661/661
f 385/664/664 383/662/662 380/659/659
f 257/365/365 386/665/665 384/663/663
f 257/365/365 258/366/366 386/665/665
f 387/666/666 384/663/663 386/665/665
f 385/664/664 384/663/663 387/666/666
f 258/366/366 388/667/667 386/665/665
f 386/665/665 388/667/667 387/666/666
f 383/662/662 385/664/664 389/668/668
f 379/650/650 383/662/662 389/668/668
f 390/669/669 385/664/664 387/666/666
f 390/669/669 387/666/666 388/667/667
f 391/670/670 389/668/668 385/664/664
f 385/664/664 390/669/669 391/670/670
f 389/668/668 392/671/671 379/650/650
f 378/648/648 379/650/650 392/671/671
f 393/672/672 389/668/668 391/670/670
f 390/669/669 393/672/672 391/670/670
f 389/668/668 394/673/673 392/671/671
f 389/668/668 393/672/672 394/673/673
f 378/648/648 392/671/671 395/674/674
f 395/674/674 392/671/671 394/673/673
f 1158/645/645 378/648/648 395/674/674
f 396/675/675 394/673/673 393/672/672
f 394/673/673 397/676/676 395/674/674
f 397/676/676 394/673/673 396/675/675
f 1158/645/645 395/674/674 398/677/677
f 398/677/677 395/674/674 397/676/676
f 398/677/677 399/678/678 1158/645/645
f 399/678/678 1152/639/639 1158/645/645
f 398/677/677 397/676/676 400/679/679
f 1152/639/639 399/678/678 401/680/680
f 1150/636/636 1152/639/639 401/680/680
f 398/677/677 400/679/679 402/681/681
f 398/677/677 402/681/681 399/678/678
f 400/679/679 397/676/676 403/682/682
f 403/682/682 402/681/681 400/679/679
f 403/682/682 397/676/676 396/675/675
f 404/683/683 399/678/678 402/681/681
f 402/681/681 403/682/682 404/683/683
f 405/684/684 399/678/678 404/683/683
f 405/684/684 401/680/680 399/678/678
f 401/680/680 406/685/685 1150/636/636
f 377/638/638 1150/636/636 406/685/685
f 405/684/684 407/686/686 401/680/680
f 406/685/685 401/680/680 407/686/686
f 408/687/687 377/638/638 406/685/685
f 407/686/686 408/687/687 406/685/685
f 377/638/638 408/687/687 409/688/688
f 409/688/688 376/632/632 377/638/638
f 410/689/689 408/687/687 407/686/686
f 410/689/689 409/688/688 408/687/687
f 376/632/632 409/688/688 411/690/690
f 410/689/689 411/690/690 409/688/688
f 412/691/691 376/632/632 411/690/690
f 376/632/632 412/691/691 375/631/631
f 411/690/690 410/689/689 413/692/692
f 411/690/690 413/692/692 412/691/691
f 407/686/686 414/693/693 410/689/689
f 414/693/693 407/686/686 405/684/684
f 413/692/692 410/689/689 415/694/694
f 410/689/689 414/693/693 415/694/694
f 416/695/695 412/691/691 413/692/692
f 416/695/695 375/631/631 412/691/691
f 417/696/696 413/692/692 415/694/694
f 416/695/695 413/692/692 417/696/696
f 375/631/631 416/695/695 418/697/697
f 375/631/631 418/697/697 1144/628/628
f 417/696/696 419/698/698 416/695/695
f 419/698/698 418/697/697 416/695/695
f 415/694/694 420/699/699 417/696/696
f 417/696/696 420/699/699 419/698/698
f 418/697/697 421/700/700 1144/628/628
f 1144/628/628 421/700/700 1140/624/624
f 421/700/700 418/697/697 422/701/701
f 418/697/697 419/698/698 422/701/701
f 423/702/702 1140/624/624 421/700/700
f 1140/624/624 423/702/702 1136/620/620
f 423/702/702 371/532/532 1136/620/620
f 421/700/700 422/701/701 424/703/703
f 424/703/703 423/702/702 421/700/700
f 423/702/702 425/704/704 371/532/532
f 425/704/704 423/702/702 424/703/703
f 369/525/525 371/532/532 425/704/704
f 425/704/704 366/521/521 369/525/525
f 366/521/521 425/704/704 426/705/705
f 424/703/703 426/705/705 425/704/704
f 366/521/521 426/705/705 367/522/522
f 424/703/703 422/701/701 427/706/706
f 422/701/701 419/698/698 427/706/706
f 426/705/705 424/703/703 428/707/707
f 424/703/703 427/706/706 428/707/707
f 429/708/708 367/522/522 426/705/705
f 426/705/705 428/707/707 429/708/708
f 427/706/706 419/698/698 430/709/709
f 428/707/707 427/706/706 430/709/709
f 429/708/708 431/710/710 367/522/522
f 362/515/515 367/522/522 431/710/710
f 431/710/710 356/507/507 362/515/515
f 429/708/708 428/707/707 432/711/711
f 430/709/709 432/711/711 428/707/707
f 431/710/710 429/708/708 433/712/712
f 432/711/711 433/712/712 429/708/708
f 356/507/507 431/710/710 434/713/713
f 433/712/712 434/713/713 431/710/710
f 359/511/511 356/507/507 434/713/713
f 433/712/712 432/711/711 435/714/714
f 430/709/709 435/714/714 432/711/711
f 434/713/713 433/712/712 436/715/715
f 433/712/712 435/714/714 436/715/715
f 359/511/511 434/713/713 437/716/716
f 436/715/715 437/716/716 434/713/713
f 435/714/714 430/709/709 438/717/717
f 430/709/709 419/698/698 438/717/717
f 420/699/699 438/717/717 419/698/698
f 436/715/715 435/714/714 439/718/718
f 438/717/717 439/718/718 435/714/714
f 437/716/716 436/715/715 440/719/719
f 441/720/720 436/715/715 439/718/718
f 436/715/715 441/720/720 440/719/719
f 439/718/718 438/717/717 442/721/721
f 442/721/721 441/720/720 439/718/718
f 443/722/722 437/716/716 440/719/719
f 359/511/511 437/716/716 443/722/722
f 441/720/720 444/723/723 440/719/719
f 444/723/723 443/722/722 440/719/719
f 443/722/722 445/724/724 359/511/511
f 361/513/513 359/511/511 445/724/724
f 446/725/725 443/722/722 444/723/723
f 447/726/726 361/513/513 445/724/724
f 361/513/513 447/726/726 448/727/727
f 445/724/724 443/722/722 449/728/728
f 443/722/722 446/725/725 449/728/728
f 450/729/729 445/724/724 449/728/728
f 445/724/724 450/729/729 447/726/726
f 450/729/729 449/728/728 446/725/725
f 447/726/726 451/730/730 448/727/727
f 452/731/731 448/727/727 451/730/730
f 451/730/730 453/732/732 452/731/731
f 451/730/730 447/726/726 454/733/733
f 450/729/729 454/733/733 447/726/726
f 453/732/732 451/730/730 455/734/734
f 454/733/733 455/734/734 451/730/730
f 455/734/734 456/735/735 453/732/732
f 457/736/736 453/732/732 456/735/735
f 455/734/734 454/733/733 458/737/737
f 458/737/737 456/735/735 455/734/734
f 459/738/738 457/736/736 456/735/735
f 457/736/736 459/738/738 460/739/739
f 456/735/735 458/737/737 461/740/740
f 461/740/740 459/738/738 456/735/735
f 462/741/741 460/739/739 459/738/738
f 460/739/739 462/741/741 463/742/742
f 461/740/740 464/743/743 459/738/738
f 464/743/743 462/741/741 459/738/738
f 458/737/737 465/744/744 461/740/740
f 461/740/740 466/745/745 464/743/743
f 466/745/745 461/740/740 465/744/744
f 462/741/741 464/743/743 467/746/746
f 466/745/745 467/746/746 464/743/743
f 465/744/744 458/737/737 468/747/747
f 454/733/733 468/747/747 458/737/737
f 466/745/745 465/744/744 469/748/748
f 470/749/749 468/747/747 454/733/733
f 450/729/729 470/749/749 454/733/733
f 468/747/747 471/750/750 465/744/744
f 471/750/750 469/748/748 465/744/744
f 470/749/749 472/751/751 468/747/747
f 471/750/750 468/747/747 472/751/751
f 473/752/752 470/749/749 450/729/729
f 446/725/725 473/752/752 450/729/729
f 474/753/753 472/751/751 470/749/749
f 470/749/749 473/752/752 474/753/753
f 475/754/754 471/750/750 472/751/751
f 476/755/755 472/751/751 474/753/753
f 472/751/751 476/755/755 475/754/754
f 477/756/756 474/753/753 473/752/752
f 476/755/755 474/753/753 477/756/756
f 478/757/757 473/752/752 446/725/725
f 473/752/752 478/757/757 477/756/756
f 479/758/758 478/757/757 446/725/725
f 444/723/723 479/758/758 446/725/725
f 444/723/723 441/720/720 479/758/758
f 478/757/757 479/758/758 480/759/759
f 441/720/720 480/759/759 479/758/758
f 481/760/760 477/756/756 478/757/757
f 480/759/759 481/760/760 478/757/757
f 441/720/720 482/761/761 480/759/759
f 441/720/720 442/721/721 482/761/761
f 481/760/760 480/759/759 483/762/762
f 483/762/762 480/759/759 482/761/761
f 477/756/756 481/760/760 484/763/763
f 484/763/763 476/755/755 477/756/756
f 483/762/762 485/764/764 481/760/760
f 484/763/763 481/760/760 485/764/764
f 486/765/765 483/762/762 482/761/761
f 485/764/764 487/766/766 484/763/763
f 482/761/761 488/767/767 486/765/765
f 488/767/767 482/761/761 442/721/721
f 489/768/768 483/762/762 486/765/765
f 488/767/767 489/768/768 486/765/765
f 483/762/762 490/769/769 485/764/764
f 490/769/769 483/762/762 489/768/768
f 487/766/766 485/764/764 490/769/769
f 442/721/721 491/770/770 488/767/767
f 491/770/770 442/721/721 438/717/717
f 492/771/771 484/763/763 487/766/766
f 484/763/763 492/771/771 476/755/755
f 438/717/717 493/772/772 491/770/770
f 438/717/717 420/699/699 493/772/772
f 494/773/773 476/755/755 492/771/771
f 476/755/755 494/773/773 475/754/754
f 495/774/774 493/772/772 420/699/699
f 420/699/699 415/694/694 495/774/774
f 415/694/694 414/693/693 495/774/774
f 493/772/772 495/774/774 496/775/775
f 496/775/775 491/770/770 493/772/772
f 414/693/693 497/776/776 495/774/774
f 497/776/776 496/775/775 495/774/774
f 414/693/693 405/684/684 497/776/776
f 405/684/684 404/683/683 497/776/776
f 497/776/776 404/683/683 498/777/777
f 496/775/775 497/776/776 498/777/777
f 404/683/683 403/682/682 498/777/777
f 491/770/770 496/775/775 499/778/778
f 499/778/778 488/767/767 491/770/770
f 496/775/775 498/777/777 500/779/779
f 500/779/779 499/778/778 496/775/775
f 488/767/767 499/778/778 501/780/780
f 500/779/779 501/780/780 499/778/778
f 489/768/768 488/767/767 501/780/780
f 502/781/781 500/779/779 498/777/777
f 498/777/777 403/682/682 502/781/781
f 501/780/780 500/779/779 503/782/782
f 502/781/781 503/782/782 500/779/779
f 501/780/780 504/783/783 489/768/768
f 504/783/783 501/780/780 503/782/782
f 403/682/682 505/784/784 502/781/781
f 403/682/682 396/675/675 505/784/784
f 393/672/672 505/784/784 396/675/675
f 503/782/782 502/781/781 506/785/785
f 505/784/784 506/785/785 502/781/781
f 503/782/782 507/786/786 504/783/783
f 507/786/786 503/782/782 506/785/785
f 505/784/784 393/672/672 508/787/787
f 393/672/672 390/669/669 508/787/787
f 505/784/784 509/788/788 506/785/785
f 505/784/784 508/787/787 509/788/788
f 508/787/787 390/669/669 510/789/789
f 508/787/787 510/789/789 509/788/788
f 390/669/669 388/667/667 510/789/789
f 511/790/790 506/785/785 509/788/788
f 506/785/785 511/790/790 507/786/786
f 512/791/791 509/788/788 510/789/789
f 509/788/788 512/791/791 511/790/790
f 513/792/792 510/789/789 388/667/667
f 512/791/791 510/789/789 513/792/792
f 514/793/793 513/792/792 388/667/667
f 258/366/366 514/793/793 388/667/667
f 515/794/794 514/793/793 258/366/366
f 516/795/795 513/792/792 514/793/793
f 512/791/791 513/792/792 516/795/795
f 514/793/793 515/794/794 517/796/796
f 514/793/793 517/796/796 516/795/795
f 518/797/797 517/796/796 515/794/794
f 519/798/798 512/791/791 516/795/795
f 517/796/796 519/798/798 516/795/795
f 517/796/796 518/797/797 520/799/799
f 519/798/798 517/796/796 520/799/799
f 521/800/800 520/799/799 518/797/797
f 518/797/797 522/801/801 521/800/800
f 523/802/802 520/799/799 521/800/800
f 523/802/802 519/798/798 520/799/799
f 524/803/803 521/800/800 522/801/801
f 524/803/803 523/802/802 521/800/800
f 522/801/801 525/804/804 524/803/803
f 526/805/805 524/803/803 525/804/804
f 525/804/804 527/806/806 526/805/805
f 523/802/802 524/803/803 528/807/807
f 524/803/803 526/805/805 528/807/807
f 527/806/806 529/808/808 526/805/805
f 529/808/808 527/806/806 530/809/809
f 528/807/807 526/805/805 531/810/810
f 529/808/808 531/810/810 526/805/805
f 532/811/811 529/808/808 530/809/809
f 528/807/807 531/810/810 533/812/812
f 523/802/802 528/807/807 533/812/812
f 531/810/810 529/808/808 534/813/813
f 533/812/812 535/814/814 523/802/802
f 519/798/798 523/802/802 535/814/814
f 533/812/812 531/810/810 536/815/815
f 531/810/810 534/813/813 536/815/815
f 535/814/814 537/816/816 519/798/798
f 538/817/817 519/798/798 537/816/816
f 519/798/798 538/817/817 512/791/791
f 538/817/817 511/790/790 512/791/791
f 535/814/814 539/818/818 537/816/816
f 537/816/816 539/818/818 538/817/817
f 540/819/819 511/790/790 538/817/817
f 507/786/786 511/790/790 540/819/819
f 539/818/818 541/820/820 538/817/817
f 540/819/819 538/817/817 541/820/820
f 539/818/818 535/814/814 542/821/821
f 533/812/812 542/821/821 535/814/814
f 543/822/822 507/786/786 540/819/819
f 507/786/786 543/822/822 504/783/783
f 543/822/822 489/768/768 504/783/783
f 489/768/768 543/822/822 490/769/769
f 543/822/822 540/819/819 544/823/823
f 544/823/823 540/819/819 541/820/820
f 545/824/824 490/769/769 543/822/822
f 546/825/825 543/822/822 544/823/823
f 546/825/825 544/823/823 541/820/820
f 543/822/822 546/825/825 545/824/824
f 490/769/769 545/824/824 547/826/826
f 490/769/769 547/826/826 487/766/766
f 547/826/826 492/771/771 487/766/766
f 547/826/826 545/824/824 548/827/827
f 546/825/825 548/827/827 545/824/824
f 492/771/771 547/826/826 549/828/828
f 547/826/826 548/827/827 549/828/828
f 549/828/828 494/773/773 492/771/771
f 541/820/820 550/829/829 546/825/825
f 541/820/820 539/818/818 550/829/829
f 551/830/830 546/825/825 550/829/829
f 548/827/827 546/825/825 551/830/830
f 539/818/818 552/831/831 550/829/829
f 550/829/829 552/831/831 551/830/830
f 552/831/831 539/818/818 542/821/821
f 553/832/832 548/827/827 551/830/830
f 552/831/831 553/832/832 551/830/830
f 542/821/821 554/833/833 552/831/831
f 542/821/821 533/812/812 554/833/833
f 552/831/831 554/833/833 555/834/834
f 553/832/832 552/831/831 555/834/834
f 533/812/812 556/835/835 554/833/833
f 554/833/833 556/835/835 555/834/834
f 556/835/835 533/812/812 536/815/815
f 555/834/834 557/836/836 553/832/832
f 555/834/834 556/835/835 557/836/836
f 548/827/827 553/832/832 558/837/837
f 558/837/837 549/828/828 548/827/827
f 559/838/838 553/832/832 557/836/836
f 553/832/832 559/838/838 558/837/837
f 556/835/835 560/839/839 557/836/836
f 557/836/836 560/839/839 559/838/838
f 549/828/828 558/837/837 561/840/840
f 494/773/773 549/828/828 561/840/840
f 562/841/841 558/837/837 559/838/838
f 562/841/841 561/840/840 558/837/837
f 563/842/842 559/838/838 560/839/839
f 559/838/838 563/842/842 562/841/841
f 561/840/840 564/843/843 494/773/773
f 564/843/843 475/754/754 494/773/773
f 561/840/840 562/841/841 565/844/844
f 564/843/843 561/840/840 565/844/844
f 566/845/845 565/844/844 562/841/841
f 566/845/845 562/841/841 563/842/842
f 565/844/844 567/846/846 564/843/843
f 565/844/844 566/845/845 567/846/846
f 475/754/754 564/843/843 568/847/847
f 471/750/750 475/754/754 568/847/847
f 568/847/847 469/748/748 471/750/750
f 569/848/848 568/847/847 564/843/843
f 567/846/846 569/848/848 564/843/843
f 469/748/748 568/847/847 570/849/849
f 568/847/847 569/848/848 570/849/849
f 570/849/849 571/850/850 469/748/748
f 571/850/850 466/745/745 469/748/748
f 572/851/851 570/849/849 569/848/848
f 466/745/745 571/850/850 573/852/852
f 467/746/746 466/745/745 573/852/852
f 571/850/850 570/849/849 574/853/853
f 570/849/849 572/851/851 574/853/853
f 573/852/852 575/854/854 467/746/746
f 575/854/854 462/741/741 467/746/746
f 571/850/850 576/855/855 573/852/852
f 575/854/854 573/852/852 576/855/855
f 574/853/853 577/856/856 571/850/850
f 576/855/855 571/850/850 577/856/856
f 577/856/856 574/853/853 578/857/857
f 572/851/851 578/857/857 574/853/853
f 579/858/858 576/855/855 577/856/856
f 578/857/857 579/858/858 577/856/856
f 580/859/859 575/854/854 576/855/855
f 580/859/859 576/855/855 579/858/858
f 462/741/741 575/854/854 581/860/860
f 581/860/860 463/742/742 462/741/741
f 575/854/854 580/859/859 582/861/861
f 582/861/861 581/860/860 575/854/854
f 583/862/862 582/861/861 580/859/859
f 579/858/858 583/862/862 580/859/859
f 581/860/860 582/861/861 584/863/863
f 585/864/864 582/861/861 583/862/862
f 584/863/863 582/861/861 585/864/864
f 583/862/862 579/858/858 586/865/865
f 156/866/866 585/864/864 583/862/862
f 586/865/865 156/866/866 583/862/862
f 585/864/864 156/866/866 153/867/867
f 156/866/866 586/865/865 157/868/868
f 153/867/867 587/869/869 585/864/864
f 587/869/869 584/863/863 585/864/864
f 587/869/869 153/867/867 150/870/870
f 588/871/871 157/868/868 586/865/865
f 579/858/858 588/871/871 586/865/865
f 157/868/868 588/871/871 163/872/872
f 588/871/871 164/873/873 163/872/872
f 587/869/869 150/870/870 589/874/874
f 151/875/875 589/874/874 150/870/870
f 589/874/874 584/863/863 587/869/869
f 588/871/871 579/858/858 590/876/876
f 579/858/858 578/857/857 590/876/876
f 590/876/876 591/877/877 588/871/871
f 164/873/873 588/871/871 591/877/877
f 578/857/857 592/878/878 590/876/876
f 591/877/877 590/876/876 592/878/878
f 593/879/879 164/873/873 591/877/877
f 164/873/873 593/879/879 167/880/880
f 173/881/881 167/880/880 593/879/879
f 591/877/877 594/882/882 593/879/879
f 594/882/882 591/877/877 592/878/878
f 593/879/879 595/883/883 173/881/881
f 595/883/883 593/879/879 594/882/882
f 596/884/884 173/881/881 595/883/883
f 173/881/881 596/884/884 174/885/885
f 174/885/885 596/884/884 180/886/886
f 595/883/883 594/882/882 597/887/887
f 597/887/887 596/884/884 595/883/883
f 592/878/878 598/888/888 594/882/882
f 598/888/888 597/887/887 594/882/882
f 592/878/878 578/857/857 599/889/889
f 598/888/888 592/878/878 599/889/889
f 578/857/857 572/851/851 599/889/889
f 600/890/890 599/889/889 572/851/851
f 599/889/889 600/890/890 598/888/888
f 572/851/851 569/848/848 600/890/890
f 567/846/846 600/890/890 569/848/848
f 567/846/846 601/891/891 600/890/890
f 601/891/891 598/888/888 600/890/890
f 601/891/891 567/846/846 566/845/845
f 597/887/887 598/888/888 602/892/892
f 598/888/888 601/891/891 602/892/892
f 597/887/887 602/892/892 603/893/893
f 596/884/884 597/887/887 603/893/893
f 602/892/892 601/891/891 604/894/894
f 603/893/893 602/892/892 604/894/894
f 601/891/891 566/845/845 605/895/895
f 601/891/891 605/895/895 604/894/894
f 563/842/842 605/895/895 566/845/845
f 605/895/895 606/896/896 604/894/894
f 606/896/896 603/893/893 604/894/894
f 563/842/842 607/897/897 605/895/895
f 606/896/896 605/895/895 607/897/897
f 607/897/897 563/842/842 560/839/839
f 603/893/893 606/896/896 608/898/898
f 609/899/899 607/897/897 560/839/839
f 560/839/839 556/835/835 609/899/899
f 609/899/899 556/835/835 536/815/815
f 610/900/900 606/896/896 607/897/897
f 607/897/897 609/899/899 610/900/900
f 536/815/815 611/901/901 609/899/899
f 611/901/901 610/900/900 609/899/899
f 611/901/901 536/815/815 534/813/813
f 606/896/896 610/900/900 612/902/902
f 612/902/902 608/898/898 606/896/896
f 611/901/901 613/903/903 610/900/900
f 613/903/903 611/901/901 534/813/813
f 613/903/903 612/902/902 610/900/900
f 613/903/903 534/813/813 614/904/904
f 614/904/904 534/813/813 529/808/808
f 612/902/902 613/903/903 615/905/905
f 614/904/904 615/905/905 613/903/903
f 614/904/904 529/808/808 616/906/906
f 529/808/808 532/811/811 616/906/906
f 615/905/905 614/904/904 617/907/907
f 616/906/906 617/907/907 614/904/904
f 618/908/908 612/902/902 615/905/905
f 617/907/907 618/908/908 615/905/905
f 608/898/898 612/902/902 619/909/909
f 612/902/902 618/908/908 619/909/909
f 619/909/909 620/910/910 608/898/898
f 608/898/898 620/910/910 603/893/893
f 596/884/884 603/893/893 620/910/910
f 620/910/910 180/886/886 596/884/884
f 621/911/911 180/886/886 620/910/910
f 620/910/910 619/909/909 621/911/911
f 180/886/886 621/911/911 181/912/912
f 621/911/911 236/913/913 181/912/912
f 619/909/909 622/914/914 621/911/911
f 236/913/913 621/911/911 622/914/914
f 622/914/914 619/909/909 618/908/908
f 236/913/913 622/914/914 239/915/915
f 618/908/908 623/916/916 622/914/914
f 622/914/914 623/916/916 239/915/915
f 623/916/916 618/908/908 624/917/917
f 618/908/908 617/907/907 624/917/917
f 625/918/918 239/915/915 623/916/916
f 239/915/915 625/918/918 240/919/919
f 626/920/920 623/916/916 624/917/917
f 623/916/916 626/920/920 625/918/918
f 627/921/921 624/917/917 617/907/907
f 624/917/917 627/921/921 626/920/920
f 617/907/907 616/906/906 627/921/921
f 240/919/919 625/918/918 628/922/922
f 626/920/920 628/922/922 625/918/918
f 628/922/922 242/923/923 240/919/919
f 626/920/920 627/921/921 629/924/924
f 628/922/922 626/920/920 629/924/924
f 616/906/906 630/925/925 627/921/921
f 629/924/924 627/921/921 630/925/925
f 630/925/925 616/906/906 532/811/811
f 628/922/922 629/924/924 631/926/926
f 630/925/925 532/811/811 632/927/927
f 530/928/928 632/927/927 532/811/811
f 629/924/924 630/925/925 633/929/929
f 632/927/927 633/929/929 630/925/925
f 633/929/929 631/926/926 629/924/924
f 632/927/927 530/928/928 634/930/930
f 527/931/931 634/930/930 530/928/928
f 635/932/932 633/929/929 632/927/927
f 634/930/930 635/932/932 632/927/927
f 634/930/930 527/931/931 636/933/933
f 525/934/934 636/933/933 527/931/931
f 635/932/932 634/930/930 637/935/935
f 636/933/933 525/934/934 638/936/936
f 522/937/937 638/936/936 525/934/934
f 639/938/938 634/930/930 636/933/933
f 638/936/936 639/938/938 636/933/933
f 634/930/930 639/938/938 637/935/935
f 638/936/936 522/937/937 640/939/939
f 638/936/936 641/940/940 639/938/938
f 641/940/940 638/936/936 640/939/939
f 522/937/937 642/941/941 640/939/939
f 642/941/941 522/937/937 518/942/942
f 643/943/943 641/940/940 640/939/939
f 518/942/942 644/944/944 642/941/941
f 644/944/944 518/942/942 515/945/945
f 645/946/946 640/939/939 642/941/941
f 640/939/939 645/946/946 643/943/943
f 644/944/944 645/946/946 642/941/941
f 646/947/947 641/940/940 643/943/943
f 646/947/947 643/943/943 645/946/946
f 515/945/945 647/948/948 644/944/944
f 647/948/948 515/945/945 258/949/949
f 645/946/946 644/944/944 648/950/950
f 647/948/948 648/950/950 644/944/944
f 649/951/951 645/946/946 648/950/950
f 645/946/946 649/951/951 646/947/947
f 648/950/950 647/948/948 650/952/952
f 258/949/949 651/953/953 647/948/948
f 650/952/952 647/948/948 651/953/953
f 651/953/953 258/949/949 256/954/954
f 650/952/952 652/955/955 648/950/950
f 648/950/950 652/955/955 649/951/951
f 653/956/956 651/953/953 256/954/954
f 256/954/954 253/957/957 653/956/956
f 250/958/958 653/956/956 253/957/957
f 654/959/959 650/952/952 651/953/953
f 653/956/956 250/958/958 655/960/960
f 246/961/961 655/960/960 250/958/958
f 656/962/962 651/953/953 653/956/956
f 653/956/956 655/960/960 656/962/962
f 651/953/953 656/962/962 654/959/959
f 655/960/960 246/961/961 657/963/963
f 244/964/964 657/963/963 246/961/961
f 656/962/962 655/960/960 658/965/965
f 655/960/960 657/963/963 658/965/965
f 657/963/963 244/964/964 659/966/966
f 658/965/965 657/963/963 660/967/967
f 657/963/963 659/966/966 660/967/967
f 661/968/968 659/966/966 244/964/964
f 244/964/964 243/969/969 661/968/968
f 660/967/967 659/966/966 662/970/970
f 659/966/966 661/968/968 662/970/970
f 663/971/971 658/965/965 660/967/967
f 243/969/969 664/972/972 661/968/968
f 243/969/969 242/923/923 664/972/972
f 658/965/965 663/971/971 665/973/973
f 665/973/973 656/962/962 658/965/965
f 660/967/967 666/974/974 663/971/971
f 666/974/974 660/967/967 662/970/970
f 667/975/975 665/973/973 663/971/971
f 663/971/971 666/974/974 668/976/976
f 667/975/975 663/971/971 668/976/976
f 656/962/962 665/973/973 669/977/977
f 670/978/978 665/973/973 667/975/975
f 665/973/973 670/978/978 669/977/977
f 671/979/979 656/962/962 669/977/977
f 656/962/962 671/979/979 654/959/959
f 669/977/977 672/980/980 671/979/979
f 672/980/980 669/977/977 670/978/978
f 671/979/979 673/981/981 654/959/959
f 672/980/980 673/981/981 671/979/979
f 650/952/952 654/959/959 673/981/981
f 652/955/955 650/952/952 673/981/981
f 674/982/982 652/955/955 673/981/981
f 673/981/981 672/980/980 674/982/982
f 652/955/955 674/982/982 675/983/983
f 675/983/983 649/951/951 652/955/955
f 672/980/980 676/984/984 674/982/982
f 649/951/951 675/983/983 677/985/985
f 677/985/985 646/947/947 649/951/951
f 675/983/983 674/982/982 678/986/986
f 676/984/984 678/986/986 674/982/982
f 677/985/985 675/983/983 679/987/987
f 678/986/986 679/987/987 675/983/983
f 646/947/947 677/985/985 680/988/988
f 681/989/989 679/987/987 678/986/986
f 680/988/988 677/985/985 682/990/990
f 677/985/985 679/987/987 682/990/990
f 680/988/988 683/991/991 646/947/947
f 682/990/990 683/991/991 680/988/988
f 684/992/992 646/947/947 683/991/991
f 641/940/940 646/947/947 684/992/992
f 684/992/992 639/938/938 641/940/940
f 639/938/938 684/992/992 685/993/993
f 685/993/993 637/935/935 639/938/938
f 683/991/991 686/994/994 684/992/992
f 685/993/993 684/992/992 686/994/994
f 637/935/935 685/993/993 687/995/995
f 687/995/995 635/932/932 637/935/935
f 686/994/994 688/996/996 685/993/993
f 687/995/995 685/993/993 688/996/996
f 689/997/997 686/994/994 683/991/991
f 683/991/991 682/990/990 689/997/997
f 690/998/998 688/996/996 686/994/994
f 686/994/994 689/997/997 690/998/998
f 687/995/995 688/996/996 691/999/999
f 635/932/932 687/995/995 692/1000/1000
f 692/1000/1000 687/995/995 691/999/999
f 692/1000/1000 693/1001/1001 635/932/932
f 633/929/929 635/932/932 693/1001/1001
f 693/1001/1001 692/1000/1000 694/1002/1002
f 691/999/999 694/1002/1002 692/1000/1000
f 695/1003/1003 633/929/929 693/1001/1001
f 631/926/926 633/929/929 695/1003/1003
f 693/1001/1001 694/1002/1002 696/1004/1004
f 695/1003/1003 693/1001/1001 696/1004/1004
f 697/1005/1005 696/1004/1004 694/1002/1002
f 694/1002/1002 691/999/999 697/1005/1005
f 695/1003/1003 698/1006/1006 631/926/926
f 631/926/926 698/1006/1006 628/922/922
f 242/923/923 628/922/922 698/1006/1006
f 242/923/923 698/1006/1006 664/972/972
f 698/1006/1006 695/1003/1003 699/1007/1007
f 699/1007/1007 664/972/972 698/1006/1006
f 700/1008/1008 695/1003/1003 696/1004/1004
f 695/1003/1003 700/1008/1008 699/1007/1007
f 664/972/972 699/1007/1007 701/1009/1009
f 701/1009/1009 661/968/968 664/972/972
f 702/1010/1010 699/1007/1007 700/1008/1008
f 699/1007/1007 702/1010/1010 701/1009/1009
f 661/968/968 701/1009/1009 703/1011/1011
f 662/970/970 661/968/968 703/1011/1011
f 701/1009/1009 704/1012/1012 703/1011/1011
f 703/1011/1011 704/1012/1012 662/970/970
f 704/1012/1012 701/1009/1009 702/1010/1010
f 662/970/970 704/1012/1012 666/974/974
f 705/1013/1013 702/1010/1010 700/1008/1008
f 666/974/974 704/1012/1012 706/1014/1014
f 666/974/974 706/1014/1014 668/976/976
f 707/1015/1015 704/1012/1012 702/1010/1010
f 702/1010/1010 705/1013/1013 707/1015/1015
f 704/1012/1012 708/1016/1016 706/1014/1014
f 704/1012/1012 707/1015/1015 708/1016/1016
f 709/1017/1017 668/976/976 706/1014/1014
f 706/1014/1014 708/1016/1016 709/1017/1017
f 710/1018/1018 708/1016/1016 707/1015/1015
f 705/1013/1013 710/1018/1018 707/1015/1015
f 711/1019/1019 709/1017/1017 708/1016/1016
f 708/1016/1016 710/1018/1018 711/1019/1019
f 668/976/976 709/1017/1017 712/1020/1020
f 712/1020/1020 667/975/975 668/976/976
f 667/975/975 712/1020/1020 713/1021/1021
f 713/1021/1021 670/978/978 667/975/975
f 709/1017/1017 714/1022/1022 712/1020/1020
f 713/1021/1021 712/1020/1020 714/1022/1022
f 711/1019/1019 715/1023/1023 709/1017/1017
f 714/1022/1022 709/1017/1017 715/1023/1023
f 670/978/978 713/1021/1021 716/1024/1024
f 716/1024/1024 672/980/980 670/978/978
f 714/1022/1022 717/1025/1025 713/1021/1021
f 672/980/980 716/1024/1024 718/1026/1026
f 676/984/984 672/980/980 718/1026/1026
f 713/1021/1021 719/1027/1027 716/1024/1024
f 719/1027/1027 713/1021/1021 717/1025/1025
f 718/1026/1026 716/1024/1024 720/1028/1028
f 720/1028/1028 676/984/984 718/1026/1026
f 719/1027/1027 720/1028/1028 716/1024/1024
f 721/1029/1029 717/1025/1025 714/1022/1022
f 721/1029/1029 719/1027/1027 717/1025/1025
f 676/984/984 720/1028/1028 722/1030/1030
f 722/1030/1030 678/986/986 676/984/984
f 678/986/986 722/1030/1030 681/989/989
f 723/1031/1031 720/1028/1028 719/1027/1027
f 719/1027/1027 721/1029/1029 723/1031/1031
f 720/1028/1028 724/1032/1032 722/1030/1030
f 720/1028/1028 723/1031/1031 725/1033/1033
f 724/1032/1032 720/1028/1028 725/1033/1033
f 726/1034/1034 723/1031/1031 721/1029/1029
f 722/1030/1030 724/1032/1032 727/1035/1035
f 722/1030/1030 727/1035/1035 681/989/989
f 723/1031/1031 726/1034/1034 728/1036/1036
f 728/1036/1036 725/1033/1033 723/1031/1031
f 721/1029/1029 729/1037/1037 726/1034/1034
f 729/1037/1037 728/1036/1036 726/1034/1034
f 721/1029/1029 714/1022/1022 730/1038/1038
f 729/1037/1037 721/1029/1029 730/1038/1038
f 730/1038/1038 714/1022/1022 715/1023/1023
f 725/1033/1033 728/1036/1036 731/1039/1039
f 731/1039/1039 732/1040/1040 725/1033/1033
f 731/1039/1039 728/1036/1036 732/1040/1040
f 732/1040/1040 724/1032/1032 725/1033/1033
f 733/1041/1041 724/1032/1032 732/1040/1040
f 724/1032/1032 733/1041/1041 727/1035/1035
f 728/1036/1036 734/1042/1042 732/1040/1040
f 734/1042/1042 733/1041/1041 732/1040/1040
f 734/1042/1042 727/1035/1035 733/1041/1041
f 729/1037/1037 734/1042/1042 728/1036/1036
f 727/1035/1035 734/1042/1042 735/1043/1043
f 681/989/989 727/1035/1035 735/1043/1043
f 735/1043/1043 736/1044/1044 681/989/989
f 679/987/987 681/989/989 736/1044/1044
f 736/1044/1044 682/990/990 679/987/987
f 736/1044/1044 735/1043/1043 737/1045/1045
f 682/990/990 736/1044/1044 738/1046/1046
f 737/1045/1045 738/1046/1046 736/1044/1044
f 739/1047/1047 682/990/990 738/1046/1046
f 682/990/990 739/1047/1047 689/997/997
f 740/1048/1048 738/1046/1046 737/1045/1045
f 738/1046/1046 740/1048/1048 739/1047/1047
f 737/1045/1045 735/1043/1043 741/1049/1049
f 741/1049/1049 740/1048/1048 737/1045/1045
f 741/1049/1049 735/1043/1043 734/1042/1042
f 739/1047/1047 742/1050/1050 689/997/997
f 740/1048/1048 742/1050/1050 739/1047/1047
f 689/997/997 742/1050/1050 690/998/998
f 740/1048/1048 741/1049/1049 743/1051/1051
f 743/1051/1051 741/1049/1049 734/1042/1042
f 742/1050/1050 740/1048/1048 744/1052/1052
f 743/1051/1051 744/1052/1052 740/1048/1048
f 745/1053/1053 690/998/998 742/1050/1050
f 744/1052/1052 745/1053/1053 742/1050/1050
f 744/1052/1052 743/1051/1051 746/1054/1054
f 690/998/998 745/1053/1053 747/1055/1055
f 688/996/996 690/998/998 747/1055/1055
f 747/1055/1055 691/999/999 688/996/996
f 745/1053/1053 744/1052/1052 748/1056/1056
f 746/1054/1054 748/1056/1056 744/1052/1052
f 749/1057/1057 747/1055/1055 745/1053/1053
f 748/1056/1056 749/1057/1057 745/1053/1053
f 691/999/999 747/1055/1055 750/1058/1058
f 747/1055/1055 749/1057/1057 750/1058/1058
f 691/999/999 750/1058/1058 751/1059/1059
f 751/1059/1059 750/1058/1058 749/1057/1057
f 697/1005/1005 691/999/999 751/1059/1059
f 748/1056/1056 746/1054/1054 752/1060/1060
f 752/1060/1060 746/1054/1054 743/1051/1051
f 752/1060/1060 743/1051/1051 734/1042/1042
f 729/1037/1037 752/1060/1060 734/1042/1042
f 749/1057/1057 748/1056/1056 753/1061/1061
f 752/1060/1060 753/1061/1061 748/1056/1056
f 749/1057/1057 754/1062/1062 751/1059/1059
f 753/1061/1061 752/1060/1060 755/1063/1063
f 756/1064/1064 749/1057/1057 753/1061/1061
f 756/1064/1064 754/1062/1062 749/1057/1057
f 757/1065/1065 753/1061/1061 755/1063/1063
f 757/1065/1065 755/1063/1063 752/1060/1060
f 756/1064/1064 753/1061/1061 757/1065/1065
f 758/1066/1066 757/1065/1065 752/1060/1060
f 729/1037/1037 758/1066/1066 752/1060/1060
f 759/1067/1067 756/1064/1064 757/1065/1065
f 758/1066/1066 759/1067/1067 757/1065/1065
f 760/1068/1068 756/1064/1064 759/1067/1067
f 759/1067/1067 758/1066/1066 760/1068/1068
f 760/1068/1068 754/1062/1062 756/1064/1064
f 729/1037/1037 761/1069/1069 758/1066/1066
f 760/1068/1068 762/1070/1070 754/1062/1062
f 729/1037/1037 763/1071/1071 761/1069/1069
f 730/1038/1038 763/1071/1071 729/1037/1037
f 764/1072/1072 760/1068/1068 758/1066/1066
f 764/1072/1072 762/1070/1070 760/1068/1068
f 763/1071/1071 730/1038/1038 765/1073/1073
f 715/1023/1023 765/1073/1073 730/1038/1038
f 766/1074/1074 763/1071/1071 765/1073/1073
f 763/1071/1071 766/1074/1074 761/1069/1069
f 765/1073/1073 715/1023/1023 767/1075/1075
f 767/1075/1075 766/1074/1074 765/1073/1073
f 715/1023/1023 711/1019/1019 767/1075/1075
f 766/1074/1074 768/1076/1076 761/1069/1069
f 761/1069/1069 768/1076/1076 758/1066/1066
f 764/1072/1072 758/1066/1066 768/1076/1076
f 768/1076/1076 766/1074/1074 769/1077/1077
f 764/1072/1072 768/1076/1076 769/1077/1077
f 767/1075/1075 769/1077/1077 766/1074/1074
f 711/1019/1019 770/1078/1078 767/1075/1075
f 769/1077/1077 767/1075/1075 770/1078/1078
f 770/1078/1078 764/1072/1072 769/1077/1077
f 711/1019/1019 710/1018/1018 770/1078/1078
f 764/1072/1072 770/1078/1078 771/1079/1079
f 710/1018/1018 771/1079/1079 770/1078/1078
f 762/1070/1070 764/1072/1072 771/1079/1079
f 771/1079/1079 710/1018/1018 772/1080/1080
f 762/1070/1070 771/1079/1079 772/1080/1080
f 710/1018/1018 705/1013/1013 772/1080/1080
f 772/1080/1080 773/1081/1081 762/1070/1070
f 754/1062/1062 762/1070/1070 773/1081/1081
f 773/1081/1081 751/1059/1059 754/1062/1062
f 773/1081/1081 697/1005/1005 751/1059/1059
f 774/1082/1082 772/1080/1080 705/1013/1013
f 772/1080/1080 774/1082/1082 773/1081/1081
f 697/1005/1005 773/1081/1081 774/1082/1082
f 700/1008/1008 774/1082/1082 705/1013/1013
f 696/1004/1004 697/1005/1005 774/1082/1082
f 774/1082/1082 700/1008/1008 696/1004/1004
f 581/860/860 584/863/863 775/1083/1083
f 584/863/863 589/874/874 775/1083/1083
f 581/860/860 775/1083/1083 776/1084/1084
f 463/742/742 581/860/860 776/1084/1084
f 775/1083/1083 777/1085/1085 776/1084/1084
f 777/1085/1085 463/742/742 776/1084/1084
f 589/874/874 778/1086/1086 775/1083/1083
f 778/1086/1086 777/1085/1085 775/1083/1083
f 779/1087/1087 778/1086/1086 589/874/874
f 151/1088/1088 779/1087/1087 589/874/874
f 463/742/742 777/1085/1085 780/1089/1089
f 780/1089/1089 460/1090/1090 463/742/742
f 779/1087/1087 151/1088/1088 781/1091/1091
f 149/1092/1092 781/1091/1091 151/1088/1088
f 460/1090/1090 780/1089/1089 782/1093/1093
f 782/1093/1093 457/1094/1094 460/1090/1090
f 782/1093/1093 780/1089/1089 783/1095/1095
f 777/1085/1085 783/1095/1095 780/1089/1089
f 457/1094/1094 782/1093/1093 784/1096/1096
f 782/1093/1093 783/1095/1095 785/1097/1097
f 785/1097/1097 784/1096/1096 782/1093/1093
f 786/1098/1098 457/1094/1094 784/1096/1096
f 453/1099/1099 457/1094/1094 786/1098/1098
f 786/1098/1098 452/1100/1100 453/1099/1099
f 784/1096/1096 785/1097/1097 787/1101/1101
f 787/1101/1101 786/1098/1098 784/1096/1096
f 452/1100/1100 786/1098/1098 788/1102/1102
f 788/1102/1102 448/1103/1103 452/1100/1100
f 786/1098/1098 787/1101/1101 789/1104/1104
f 789/1104/1104 788/1102/1102 786/1098/1098
f 785/1097/1097 790/1105/1105 787/1101/1101
f 787/1101/1101 791/1106/1106 789/1104/1104
f 791/1106/1106 787/1101/1101 790/1105/1105
f 788/1102/1102 789/1104/1104 792/1107/1107
f 790/1105/1105 785/1097/1097 793/1108/1108
f 785/1097/1097 783/1095/1095 793/1108/1108
f 789/1104/1104 794/1109/1109 792/1107/1107
f 794/1109/1109 789/1104/1104 791/1106/1106
f 795/1110/1110 788/1102/1102 792/1107/1107
f 794/1109/1109 795/1110/1110 792/1107/1107
f 788/1102/1102 795/1110/1110 796/1111/1111
f 448/1103/1103 788/1102/1102 796/1111/1111
f 797/1112/1112 448/1103/1103 796/1111/1111
f 448/1103/1103 797/1112/1112 361/1113/1113
f 798/1114/1114 796/1111/1111 795/1110/1110
f 796/1111/1111 798/1114/1114 797/1112/1112
f 795/1110/1110 799/1115/1115 798/1114/1114
f 795/1110/1110 794/1109/1109 799/1115/1115
f 800/1116/1116 797/1112/1112 798/1114/1114
f 801/1117/1117 361/1113/1113 797/1112/1112
f 797/1112/1112 800/1116/1116 801/1117/1117
f 361/1113/1113 801/1117/1117 357/1118/1118
f 801/1117/1117 354/1119/1119 357/1118/1118
f 802/1120/1120 800/1116/1116 798/1114/1114
f 798/1114/1114 799/1115/1115 802/1120/1120
f 354/1119/1119 801/1117/1117 803/1121/1121
f 803/1121/1121 133/1122/1122 354/1119/1119
f 804/1123/1123 801/1117/1117 800/1116/1116
f 801/1117/1117 804/1123/1123 803/1121/1121
f 133/1122/1122 803/1121/1121 805/1124/1124
f 805/1124/1124 803/1121/1121 804/1123/1123
f 805/1124/1124 137/1125/1125 133/1122/1122
f 806/1126/1126 804/1123/1123 800/1116/1116
f 800/1116/1116 802/1120/1120 806/1126/1126
f 137/1125/1125 805/1124/1124 807/1127/1127
f 807/1127/1127 143/1128/1128 137/1125/1125
f 804/1123/1123 808/1129/1129 805/1124/1124
f 807/1127/1127 805/1124/1124 808/1129/1129
f 143/1128/1128 807/1127/1127 809/1130/1130
f 809/1130/1130 146/1131/1131 143/1128/1128
f 146/1131/1131 809/1130/1130 810/1132/1132
f 810/1132/1132 149/1092/1092 146/1131/1131
f 807/1127/1127 811/1133/1133 809/1130/1130
f 811/1133/1133 810/1132/1132 809/1130/1130
f 149/1092/1092 810/1132/1132 812/1134/1134
f 781/1091/1091 149/1092/1092 812/1134/1134
f 810/1132/1132 811/1133/1133 813/1135/1135
f 813/1135/1135 812/1134/1134 810/1132/1132
f 811/1133/1133 807/1127/1127 814/1136/1136
f 807/1127/1127 808/1129/1129 814/1136/1136
f 812/1134/1134 813/1135/1135 815/1137/1137
f 812/1134/1134 816/1138/1138 781/1091/1091
f 816/1138/1138 812/1134/1134 815/1137/1137
f 817/1139/1139 815/1137/1137 813/1135/1135
f 816/1138/1138 815/1137/1137 817/1139/1139
f 811/1133/1133 818/1140/1140 813/1135/1135
f 813/1135/1135 818/1140/1140 817/1139/1139
f 819/1141/1141 781/1091/1091 816/1138/1138
f 781/1091/1091 819/1141/1141 779/1087/1087
f 779/1087/1087 819/1141/1141 778/1086/1086
f 819/1141/1141 816/1138/1138 820/1142/1142
f 820/1142/1142 816/1138/1138 817/1139/1139
f 819/1141/1141 821/1143/1143 778/1086/1086
f 777/1085/1085 778/1086/1086 821/1143/1143
f 820/1142/1142 822/1144/1144 819/1141/1141
f 822/1144/1144 821/1143/1143 819/1141/1141
f 821/1143/1143 823/1145/1145 777/1085/1085
f 783/1095/1095 777/1085/1085 823/1145/1145
f 821/1143/1143 822/1144/1144 824/1146/1146
f 824/1146/1146 823/1145/1145 821/1143/1143
f 823/1145/1145 825/1147/1147 783/1095/1095
f 783/1095/1095 825/1147/1147 793/1108/1108
f 823/1145/1145 824/1146/1146 826/1148/1148
f 825/1147/1147 823/1145/1145 826/1148/1148
f 824/1146/1146 827/1149/1149 826/1148/1148
f 827/1149/1149 825/1147/1147 826/1148/1148
f 822/1144/1144 828/1150/1150 824/1146/1146
f 828/1150/1150 827/1149/1149 824/1146/1146
f 829/1151/1151 793/1108/1108 825/1147/1147
f 825/1147/1147 827/1149/1149 829/1151/1151
f 828/1150/1150 822/1144/1144 830/1152/1152
f 820/1142/1142 830/1152/1152 822/1144/1144
f 793/1108/1108 829/1151/1151 831/1153/1153
f 831/1153/1153 790/1105/1105 793/1108/1108
f 830/1152/1152 820/1142/1142 832/1154/1154
f 817/1139/1139 832/1154/1154 820/1142/1142
f 790/1105/1105 831/1153/1153 833/1155/1155
f 833/1155/1155 791/1106/1106 790/1105/1105
f 832/1154/1154 817/1139/1139 834/1156/1156
f 791/1106/1106 833/1155/1155 835/1157/1157
f 835/1157/1157 794/1109/1109 791/1106/1106
f 817/1139/1139 836/1158/1158 834/1156/1156
f 836/1158/1158 817/1139/1139 818/1140/1140
f 837/1159/1159 832/1154/1154 834/1156/1156
f 836/1158/1158 837/1159/1159 834/1156/1156
f 838/1160/1160 830/1152/1152 832/1154/1154
f 832/1154/1154 837/1159/1159 838/1160/1160
f 830/1152/1152 838/1160/1160 839/1161/1161
f 839/1161/1161 828/1150/1150 830/1152/1152
f 838/1160/1160 840/1162/1162 839/1161/1161
f 828/1150/1150 839/1161/1161 841/1163/1163
f 841/1163/1163 827/1149/1149 828/1150/1150
f 840/1162/1162 842/1164/1164 839/1161/1161
f 839/1161/1161 842/1164/1164 841/1163/1163
f 840/1162/1162 838/1160/1160 843/1165/1165
f 837/1159/1159 843/1165/1165 838/1160/1160
f 844/1166/1166 842/1164/1164 840/1162/1162
f 843/1165/1165 844/1166/1166 840/1162/1162
f 827/1149/1149 841/1163/1163 845/1167/1167
f 845/1167/1167 846/1168/1168 827/1149/1149
f 829/1151/1151 827/1149/1149 846/1168/1168
f 841/1163/1163 847/1169/1169 845/1167/1167
f 847/1169/1169 846/1168/1168 845/1167/1167
f 842/1164/1164 847/1169/1169 841/1163/1163
f 829/1151/1151 846/1168/1168 848/1170/1170
f 831/1153/1153 829/1151/1151 848/1170/1170
f 846/1168/1168 847/1169/1169 849/1171/1171
f 849/1171/1171 848/1170/1170 846/1168/1168
f 850/1172/1172 831/1153/1153 848/1170/1170
f 833/1155/1155 831/1153/1153 850/1172/1172
f 848/1170/1170 849/1171/1171 851/1173/1173
f 851/1173/1173 850/1172/1172 848/1170/1170
f 852/1174/1174 833/1155/1155 850/1172/1172
f 833/1155/1155 852/1174/1174 835/1157/1157
f 850/1172/1172 851/1173/1173 853/1175/1175
f 853/1175/1175 852/1174/1174 850/1172/1172
f 854/1176/1176 851/1173/1173 849/1171/1171
f 855/1177/1177 853/1175/1175 851/1173/1173
f 855/1177/1177 851/1173/1173 854/1176/1176
f 852/1174/1174 853/1175/1175 856/1178/1178
f 855/1177/1177 856/1178/1178 853/1175/1175
f 852/1174/1174 857/1179/1179 835/1157/1157
f 794/1109/1109 835/1157/1157 857/1179/1179
f 856/1178/1178 858/1180/1180 852/1174/1174
f 857/1179/1179 852/1174/1174 858/1180/1180
f 859/1181/1181 794/1109/1109 857/1179/1179
f 794/1109/1109 859/1181/1181 799/1115/1115
f 859/1181/1181 857/1179/1179 860/1182/1182
f 857/1179/1179 858/1180/1180 860/1182/1182
f 861/1183/1183 799/1115/1115 859/1181/1181
f 860/1182/1182 861/1183/1183 859/1181/1181
f 799/1115/1115 861/1183/1183 802/1120/1120
f 862/1184/1184 802/1120/1120 861/1183/1183
f 802/1120/1120 862/1184/1184 806/1126/1126
f 861/1183/1183 860/1182/1182 863/1185/1185
f 863/1185/1185 862/1184/1184 861/1183/1183
f 858/1180/1180 864/1186/1186 860/1182/1182
f 860/1182/1182 865/1187/1187 863/1185/1185
f 865/1187/1187 860/1182/1182 864/1186/1186
f 862/1184/1184 863/1185/1185 866/1188/1188
f 865/1187/1187 867/1189/1189 863/1185/1185
f 863/1185/1185 867/1189/1189 866/1188/1188
f 864/1186/1186 868/1190/1190 865/1187/1187
f 868/1190/1190 867/1189/1189 865/1187/1187
f 864/1186/1186 858/1180/1180 869/1191/1191
f 858/1180/1180 856/1178/1178 869/1191/1191
f 868/1190/1190 864/1186/1186 870/1192/1192
f 870/1192/1192 864/1186/1186 869/1191/1191
f 871/1193/1193 869/1191/1191 856/1178/1178
f 856/1178/1178 855/1177/1177 871/1193/1193
f 870/1192/1192 869/1191/1191 872/1194/1194
f 869/1191/1191 871/1193/1193 872/1194/1194
f 873/1195/1195 870/1192/1192 872/1194/1194
f 874/1196/1196 872/1194/1194 871/1193/1193
f 874/1196/1196 873/1195/1195 872/1194/1194
f 855/1177/1177 874/1196/1196 871/1193/1193
f 870/1192/1192 873/1195/1195 875/1197/1197
f 875/1197/1197 873/1195/1195 874/1196/1196
f 875/1197/1197 868/1190/1190 870/1192/1192
f 874/1196/1196 855/1177/1177 876/1198/1198
f 854/1176/1176 876/1198/1198 855/1177/1177
f 874/1196/1196 876/1198/1198 877/1199/1199
f 876/1198/1198 854/1176/1176 877/1199/1199
f 875/1197/1197 874/1196/1196 877/1199/1199
f 878/1200/1200 877/1199/1199 854/1176/1176
f 849/1171/1171 878/1200/1200 854/1176/1176
f 849/1171/1171 847/1169/1169 878/1200/1200
f 877/1199/1199 878/1200/1200 879/1201/1201
f 847/1169/1169 880/1202/1202 878/1200/1200
f 880/1202/1202 879/1201/1201 878/1200/1200
f 877/1199/1199 879/1201/1201 881/1203/1203
f 879/1201/1201 880/1202/1202 881/1203/1203
f 847/1169/1169 882/1204/1204 880/1202/1202
f 882/1204/1204 847/1169/1169 842/1164/1164
f 880/1202/1202 883/1205/1205 881/1203/1203
f 880/1202/1202 882/1204/1204 883/1205/1205
f 842/1164/1164 844/1166/1166 882/1204/1204
f 881/1203/1203 883/1205/1205 884/1206/1206
f 884/1206/1206 883/1205/1205 882/1204/1204
f 877/1199/1199 881/1203/1203 884/1206/1206
f 882/1204/1204 844/1166/1166 884/1206/1206
f 877/1199/1199 884/1206/1206 885/1207/1207
f 875/1197/1197 877/1199/1199 885/1207/1207
f 884/1206/1206 844/1166/1166 886/1208/1208
f 886/1208/1208 844/1166/1166 887/1209/1209
f 844/1166/1166 843/1165/1165 887/1209/1209
f 884/1206/1206 886/1208/1208 888/1210/1210
f 887/1209/1209 888/1210/1210 886/1208/1208
f 884/1206/1206 888/1210/1210 885/1207/1207
f 889/1211/1211 887/1209/1209 843/1165/1165
f 843/1165/1165 837/1159/1159 889/1211/1211
f 888/1210/1210 887/1209/1209 890/1212/1212
f 887/1209/1209 889/1211/1211 890/1212/1212
f 891/1213/1213 888/1210/1210 890/1212/1212
f 889/1211/1211 891/1213/1213 890/1212/1212
f 837/1159/1159 892/1214/1214 889/1211/1211
f 891/1213/1213 889/1211/1211 892/1214/1214
f 892/1214/1214 837/1159/1159 893/1215/1215
f 837/1159/1159 836/1158/1158 893/1215/1215
f 891/1213/1213 892/1214/1214 894/1216/1216
f 893/1215/1215 894/1216/1216 892/1214/1214
f 888/1210/1210 891/1213/1213 895/1217/1217
f 888/1210/1210 895/1217/1217 885/1207/1207
f 896/1218/1218 895/1217/1217 891/1213/1213
f 891/1213/1213 894/1216/1216 896/1218/1218
f 895/1217/1217 896/1218/1218 885/1207/1207
f 836/1158/1158 897/1219/1219 893/1215/1215
f 818/1140/1140 897/1219/1219 836/1158/1158
f 894/1216/1216 893/1215/1215 898/1220/1220
f 893/1215/1215 897/1219/1219 898/1220/1220
f 896/1218/1218 894/1216/1216 899/1221/1221
f 898/1220/1220 899/1221/1221 894/1216/1216
f 897/1219/1219 818/1140/1140 900/1222/1222
f 818/1140/1140 811/1133/1133 900/1222/1222
f 814/1136/1136 900/1222/1222 811/1133/1133
f 897/1219/1219 901/1223/1223 898/1220/1220
f 900/1222/1222 901/1223/1223 897/1219/1219
f 900/1222/1222 814/1136/1136 902/1224/1224
f 901/1223/1223 900/1222/1222 902/1224/1224
f 808/1129/1129 902/1224/1224 814/1136/1136
f 901/1223/1223 903/1225/1225 898/1220/1220
f 899/1221/1221 898/1220/1220 903/1225/1225
f 902/1224/1224 904/1226/1226 901/1223/1223
f 901/1223/1223 904/1226/1226 903/1225/1225
f 902/1224/1224 808/1129/1129 905/1227/1227
f 904/1226/1226 902/1224/1224 905/1227/1227
f 808/1129/1129 906/1228/1228 905/1227/1227
f 906/1228/1228 904/1226/1226 905/1227/1227
f 906/1228/1228 808/1129/1129 804/1123/1123
f 804/1123/1123 806/1126/1126 906/1228/1228
f 806/1126/1126 907/1229/1229 906/1228/1228
f 907/1229/1229 904/1226/1226 906/1228/1228
f 907/1229/1229 806/1126/1126 862/1184/1184
f 866/1188/1188 907/1229/1229 862/1184/1184
f 908/1230/1230 904/1226/1226 907/1229/1229
f 907/1229/1229 866/1188/1188 908/1230/1230
f 904/1226/1226 908/1230/1230 909/1231/1231
f 909/1231/1231 903/1225/1225 904/1226/1226
f 866/1188/1188 910/1232/1232 908/1230/1230
f 911/1233/1233 903/1225/1225 909/1231/1231
f 908/1230/1230 911/1233/1233 909/1231/1231
f 903/1225/1225 911/1233/1233 899/1221/1221
f 911/1233/1233 908/1230/1230 910/1232/1232
f 867/1189/1189 910/1232/1232 866/1188/1188
f 899/1221/1221 911/1233/1233 912/1234/1234
f 899/1221/1221 912/1234/1234 896/1218/1218
f 912/1234/1234 885/1207/1207 896/1218/1218
f 911/1233/1233 913/1235/1235 912/1234/1234
f 910/1232/1232 913/1235/1235 911/1233/1233
f 885/1207/1207 912/1234/1234 914/1236/1236
f 913/1235/1235 914/1236/1236 912/1234/1234
f 915/1237/1237 885/1207/1207 914/1236/1236
f 914/1236/1236 913/1235/1235 915/1237/1237
f 875/1197/1197 885/1207/1207 915/1237/1237
f 916/1238/1238 915/1237/1237 913/1235/1235
f 917/1239/1239 875/1197/1197 915/1237/1237
f 916/1238/1238 917/1239/1239 915/1237/1237
f 913/1235/1235 918/1240/1240 916/1238/1238
f 917/1239/1239 916/1238/1238 918/1240/1240
f 913/1235/1235 910/1232/1232 918/1240/1240
f 917/1239/1239 919/1241/1241 875/1197/1197
f 868/1190/1190 875/1197/1197 919/1241/1241
f 917/1239/1239 918/1240/1240 920/1242/1242
f 919/1241/1241 917/1239/1239 920/1242/1242
f 910/1232/1232 920/1242/1242 918/1240/1240
f 919/1241/1241 920/1242/1242 868/1190/1190
f 920/1242/1242 910/1232/1232 867/1189/1189
f 867/1189/1189 868/1190/1190 920/1242/1242
