# Blender v3.3.21 OBJ File: 'URDF3.blend'
# www.blender.org
v -0.000003 11.200739 1.126718
v 3.143819 11.237141 1.068781
v -0.000003 10.978708 1.268572
v 3.122346 11.419651 0.857584
v -0.000003 12.978411 0.417895
v 4.522683 11.326916 0.659105
v 2.866612 13.199711 0.211901
v -0.000003 13.552027 0.235537
v 4.475499 11.539864 0.483568
v 2.804299 13.818457 0.005801
v -0.000003 13.768600 0.365664
v 4.430444 13.263824 -0.220983
v 2.795373 13.993942 0.136477
v 4.442971 13.986124 -0.471449
v 4.605294 14.105598 -0.348074
v 5.031537 14.313662 0.747591
v 2.892941 14.215872 1.335024
v -0.000003 13.967976 1.554675
v 5.361501 -12.234047 3.901350
v 7.553437 -14.030611 3.660444
v 7.665139 -13.900915 3.820448
v 6.508801 -14.429899 4.660383
v 6.656846 -14.308067 4.814039
v 5.962026 -14.452826 3.882917
v 6.894322 -14.102289 2.961378
v 6.772397 -13.925708 2.837934
v 5.141110 -14.640419 4.574918
v 5.877809 -14.274097 3.795301
v 6.735688 -13.303600 3.100157
v 5.827165 -13.659750 4.163328
v 5.467610 -12.470453 3.830747
v 5.052121 -13.840897 4.811933
v 4.001027 -12.505133 5.186796
v 3.999928 -12.217279 5.271574
v 5.062173 -14.470184 4.466871
v 4.183190 -14.007278 5.393873
v 2.546796 -12.321896 5.927504
v 2.604230 -12.034376 6.097319
v -0.000003 -11.913209 6.419050
v -0.000003 -12.226064 6.222075
v 2.433369 -13.951442 6.152601
v 4.152650 -14.651489 5.071775
v 1.485257 -13.872306 6.346189
v 0.844701 -13.693238 6.598951
v -0.000003 -13.633204 6.617750
v -0.000003 -14.164508 6.948392
v 0.975663 -14.197862 6.870405
v -0.000003 -14.303699 7.023695
v 0.993840 -14.349401 6.945905
v 2.419739 -14.746718 5.849012
v 1.507020 -14.960032 6.143842
v 1.643082 -15.126714 7.375593
v 2.431554 -14.953731 5.963972
v 2.620270 -15.167886 7.034772
v 4.226308 -14.813249 5.200239
v 4.641259 -14.846986 5.985731
v 5.621976 -14.645827 5.356397
v 5.737550 -14.523494 5.546613
v 4.724366 -14.724151 6.212476
v 2.697263 -15.062390 7.255857
v -3.143825 11.237141 1.068781
v -3.122352 11.419651 0.857584
v -4.522689 11.326916 0.659105
v -2.866618 13.199711 0.211901
v -4.475505 11.539864 0.483568
v -2.804305 13.818457 0.005801
v -4.430449 13.263824 -0.220983
v -2.795379 13.993942 0.136477
v -4.442977 13.986124 -0.471449
v -5.361506 -12.234047 3.901350
v -4.605300 14.105598 -0.348074
v -5.031543 14.313662 0.747591
v -2.892947 14.215872 1.335024
v -0.993846 -14.349401 6.945905
v -1.643088 -15.126714 7.375593
v -2.697269 -15.062390 7.255857
v -2.620277 -15.167886 7.034772
v -4.724372 -14.724151 6.212476
v -5.737556 -14.523494 5.546613
v -4.641265 -14.846986 5.985731
v -1.507026 -14.960032 6.143842
v -2.431560 -14.953731 5.963972
v -5.621982 -14.645827 5.356397
v -2.419746 -14.746718 5.849012
v -4.226314 -14.813249 5.200239
v -4.152656 -14.651489 5.071775
v -2.433376 -13.951442 6.152601
v -0.975669 -14.197862 6.870405
v -1.485263 -13.872306 6.346189
v -0.844707 -13.693238 6.598951
v -2.546802 -12.321896 5.927504
v -2.604236 -12.034376 6.097319
v -3.999934 -12.217279 5.271574
v -4.001033 -12.505133 5.186796
v -4.183196 -14.007278 5.393873
v -5.467616 -12.470453 3.830747
v -5.052127 -13.840897 4.811933
v -5.062179 -14.470184 4.466871
v -5.827170 -13.659750 4.163328
v -5.141116 -14.640419 4.574918
v -5.877814 -14.274097 3.795301
v -6.735694 -13.303600 3.100157
v -5.962031 -14.452826 3.882917
v -6.772403 -13.925708 2.837934
v -6.894328 -14.102289 2.961378
v -7.553443 -14.030611 3.660444
v -6.508807 -14.429899 4.660383
v -6.656852 -14.308067 4.814039
v -7.665145 -13.900915 3.820448
v 3.035470 1.133744 26.369141
v -0.000003 8.178932 25.449327
v 6.793530 3.936586 26.509750
v 7.423482 5.615839 27.515244
v 5.633361 5.113482 26.801132
v 7.863202 7.035197 28.364717
v 7.806016 8.286009 28.900698
v 6.151692 10.096976 29.860933
v 5.736947 9.684074 33.513199
v 1.604478 10.569519 33.386902
v -0.000003 10.570866 33.305176
v -0.000003 11.687210 32.131012
v 1.988629 11.533815 31.842623
v -0.000003 11.915487 31.637087
v 4.268014 10.935122 30.794252
v 2.942542 11.225111 30.764437
v 5.418792 8.948359 28.596621
v -3.035476 1.133744 26.369141
v -6.793536 3.936586 26.509750
v -7.423488 5.615839 27.515244
v -5.633367 5.113482 26.801132
v -7.863208 7.035197 28.364717
v -7.806022 8.286009 28.900698
v -5.418797 8.948359 28.596621
v -6.151698 10.096976 29.860933
v -2.942548 11.225111 30.764437
v -4.268020 10.935122 30.794252
v -5.736953 9.684074 33.513199
v -1.988635 11.533815 31.842623
v -1.604484 10.569519 33.386902
v -3.095874 10.779177 1.943666
v -0.000003 10.645222 2.069933
v -5.118289 10.763142 1.643816
v -2.840873 9.400334 2.237367
v -0.000003 9.799475 2.240999
v -0.000003 8.421428 2.105775
v -4.365970 8.762403 2.268693
v -6.999976 10.399473 0.903421
v -2.523212 7.888353 2.104051
v -2.436057 6.947031 3.961320
v -0.000003 7.376482 3.952546
v -3.598644 7.410562 2.154802
v -4.887191 6.478146 2.344743
v -4.862456 5.356402 4.376527
v -5.985347 7.644368 2.429246
v -6.010699 5.175581 2.839494
v -8.187179 9.456008 0.224016
v -7.349608 5.981358 2.812394
v -9.111686 8.447652 -0.362364
v -9.991549 7.032825 -0.768233
v -6.893573 3.503077 3.485413
v -10.862128 5.632930 -1.169814
v -8.385760 3.858197 3.285249
v -11.679595 3.089288 -1.733192
v -8.885295 1.898727 3.737213
v -12.140983 0.258369 -2.176392
v -7.326922 1.700946 3.947525
v -9.003070 0.064195 3.838425
v -12.037139 -1.678670 -2.024117
v -6.758100 2.540137 4.783097
v -7.300689 0.162805 4.101471
v -7.083028 -0.469727 4.961151
v -7.144561 -1.468923 4.123901
v -8.892283 -1.734296 3.832794
v -8.262527 -3.525346 3.713912
v -11.254355 -4.401807 -1.526025
v -10.341327 -6.050679 -0.954354
v -9.434913 -7.500733 0.004721
v -7.321448 -5.441689 3.509551
v -8.126693 -8.946898 1.115691
v -6.145743 -6.774166 3.263259
v -7.574962 -9.452543 1.994398
v -6.811179 -10.152529 3.210814
v -4.793841 -7.762178 3.027510
v -5.475654 -10.923830 4.590269
v -5.139953 -5.632605 3.114791
v -4.016726 -11.268225 6.087507
v -3.218879 -8.593824 2.834822
v -2.498721 -11.423163 6.845747
v -0.000003 -11.432504 7.147520
v -1.719058 -9.018616 2.815260
v -0.000003 -9.207539 2.801039
v -0.000003 -7.909016 2.665938
v -1.420283 -7.642111 2.592391
v -0.000003 -6.865660 4.243667
v -2.753722 -7.234610 2.620559
v -1.859996 -6.604761 4.237075
v -3.969733 -6.534903 2.817977
v -4.076554 -5.591470 4.215926
v -6.131139 -3.364009 4.638092
v -5.984229 -4.453569 3.523177
v -6.689670 -3.185699 3.934295
v 3.095868 10.779177 1.943666
v 5.118283 10.763142 1.643816
v 2.840867 9.400334 2.237367
v 6.999970 10.399473 0.903421
v 4.365964 8.762403 2.268693
v 2.523206 7.888353 2.104051
v 2.436051 6.947031 3.961320
v 3.598637 7.410562 2.154802
v 4.887185 6.478146 2.344743
v 4.862451 5.356402 4.376527
v 5.985341 7.644368 2.429246
v 6.010694 5.175581 2.839494
v 8.187173 9.456008 0.224016
v 7.349603 5.981358 2.812394
v 9.111680 8.447652 -0.362364
v 9.991544 7.032825 -0.768233
v 6.893567 3.503077 3.485413
v 10.862123 5.632930 -1.169814
v 8.385755 3.858197 3.285249
v 11.679589 3.089288 -1.733192
v 7.326917 1.700946 3.947525
v 12.140977 0.258369 -2.176392
v 8.885289 1.898727 3.737213
v 9.003064 0.064195 3.838425
v 12.037133 -1.678670 -2.024117
v 7.300683 0.162805 4.101471
v 11.254350 -4.401807 -1.526025
v 8.892278 -1.734296 3.832794
v 10.341321 -6.050679 -0.954354
v 8.262521 -3.525346 3.713912
v 9.434907 -7.500733 0.004721
v 7.144555 -1.468923 4.123901
v 7.321443 -5.441689 3.509551
v 6.689664 -3.185699 3.934295
v 8.126687 -8.946898 1.115691
v 6.145738 -6.774166 3.263259
v 7.574956 -9.452543 1.994398
v 5.139947 -5.632605 3.114791
v 6.811173 -10.152529 3.210814
v 4.793836 -7.762178 3.027510
v 5.475648 -10.923830 4.590269
v 5.984223 -4.453569 3.523177
v 4.016721 -11.268225 6.087507
v 6.131133 -3.364009 4.638092
v 2.498715 -11.423163 6.845747
v 1.719052 -9.018616 2.815260
v 3.218873 -8.593824 2.834822
v 1.420277 -7.642111 2.592391
v 2.753716 -7.234610 2.620559
v 1.859990 -6.604761 4.237075
v 3.969727 -6.534903 2.817977
v 4.076549 -5.591470 4.215926
v 7.083022 -0.469727 4.961151
v 6.758094 2.540137 4.783097
v 6.008767 13.134502 -1.010679
v 5.923310 13.826596 -1.184629
v 5.922734 11.517879 -0.474371
v 5.964795 11.276810 -0.339377
v 6.748628 11.101734 -1.038557
v 6.664208 11.375147 -1.227453
v 7.762620 10.379961 -2.396864
v 6.901830 12.929779 -1.714391
v 7.837167 10.682477 -2.588103
v 8.823968 9.497831 -3.578673
v 8.213517 12.072403 -2.963293
v 6.909146 13.517287 -1.875097
v 8.339837 12.613875 -3.152120
v 9.611554 10.787316 -4.302359
v 6.048062 14.028844 -1.003828
v 9.848077 11.325978 -4.480650
v 7.086030 13.699071 -1.736211
v 8.564507 12.725577 -3.022756
v 6.578706 14.116959 0.045741
v -0.000003 14.473253 4.759112
v 4.859689 15.437716 4.573626
v 7.278321 15.778659 4.727602
v 4.375047 16.340137 7.640841
v -0.000003 15.330380 7.709597
v 5.721467 16.600819 7.759921
v 3.734555 17.122700 10.498477
v -0.000003 16.209610 10.501727
v 4.563310 17.346058 10.764316
v 1.801526 17.282087 12.960513
v -0.000003 16.963688 12.990619
v 3.925774 17.636705 12.188647
v 1.831773 18.175978 13.864581
v -0.000003 17.826487 13.904376
v 3.254964 17.584288 12.642962
v -0.000003 18.720520 14.694598
v 3.237878 18.489876 13.439395
v 1.860627 18.956594 14.531878
v 1.857060 19.312710 15.033084
v -0.000003 18.993330 15.092242
v -0.000003 19.069372 16.620609
v 3.301389 19.328915 14.169589
v 2.039227 19.326130 16.643925
v -0.000003 18.764023 19.408085
v 3.393132 19.528084 14.635638
v 1.992746 18.964186 19.523960
v -0.000003 18.363298 21.267094
v 4.517276 19.792231 16.348484
v 1.960833 18.542879 21.412281
v -0.000003 18.017748 22.870167
v 4.403458 19.398033 19.661808
v 1.932911 18.174265 23.064472
v -0.000003 17.359484 24.907869
v 4.387654 18.909857 21.588276
v 1.790141 17.465273 25.004045
v -0.000002 16.586458 27.101152
v 4.374411 18.500854 23.202305
v 1.662723 16.577045 27.250505
v -0.000003 15.729415 27.722445
v 4.391567 17.731298 25.156559
v 1.717402 15.755960 27.820223
v -0.000002 15.175559 28.727053
v 3.205134 16.629736 27.451525
v 2.730400 15.812335 27.912569
v 1.761917 15.199971 28.869341
v -0.000001 14.484704 30.212740
v 3.973305 15.771817 28.382998
v 1.807271 14.526713 30.370485
v -0.000001 13.636281 32.339176
v 4.328168 15.428912 29.197557
v 4.457782 16.579277 27.892702
v 1.843325 13.611540 32.473240
v -0.000002 12.617248 33.974766
v 4.322129 14.578935 30.634462
v 1.800549 12.512602 34.130543
v -0.000002 11.851132 34.873753
v 4.263035 13.389180 32.628895
v 4.968645 15.939187 29.307711
v 5.055569 15.009980 30.801332
v 1.770698 11.764147 34.986591
v -0.000003 11.177995 35.516830
v 4.373696 12.100555 34.295734
v 1.737883 11.131370 35.572815
v -0.000003 10.944950 35.551514
v 4.281448 11.407194 35.146225
v 1.652391 10.516088 35.231110
v -0.000003 10.591248 35.190796
v 1.718804 10.866516 35.617706
v 3.760348 10.207215 35.299927
v 3.861526 10.479968 35.695419
v 5.315151 9.481892 35.279785
v 4.033054 10.735689 35.654221
v 5.457111 9.637704 35.638000
v 6.130322 8.893081 35.182434
v 5.677390 9.882580 35.648392
v 6.291159 9.023105 35.553268
v 6.796823 8.138830 34.967743
v 6.152377 10.533675 35.246384
v 6.528807 9.246740 35.573196
v 6.976535 8.243067 35.351135
v 7.539065 7.336811 34.903717
v 7.349062 7.411480 34.506516
v 7.231544 8.445463 35.380630
v 7.115184 9.859160 35.215073
v 7.690684 5.904927 33.937241
v 7.637113 6.084689 33.513138
v 7.908975 7.401037 34.993546
v 7.946953 9.009838 35.066467
v 7.412466 4.049317 32.440170
v 7.407243 4.270925 31.991135
v 8.074582 5.836185 34.014725
v 6.914608 2.310479 30.944077
v 6.844261 2.582475 30.577713
v 7.725160 3.933479 32.472137
v 6.210397 0.815540 29.682907
v 6.120025 1.121825 29.303223
v 4.677287 -1.119931 27.737427
v 7.139873 2.193292 30.985886
v 4.754517 -1.593968 28.013199
v 2.773749 -3.589509 26.004913
v 6.426513 0.654964 29.669510
v 2.875199 -3.947174 26.367325
v 0.965466 -4.321568 25.419052
v 4.942513 -1.810685 27.954910
v 7.128537 0.255552 29.179611
v -0.000002 -4.754325 25.695312
v -0.000003 -4.407683 25.336273
v 0.996085 -4.663236 25.763306
v 2.976726 -4.309080 26.269028
v 1.044495 -5.039539 25.727280
v -0.000001 -5.138965 25.650513
v -0.000001 -5.934456 25.232496
v 1.298828 -5.765664 25.291367
v 5.572851 -2.247547 27.494980
v 3.389960 -4.946002 25.789688
v 1.404377 -6.516491 24.762449
v -0.000001 -6.660233 24.788847
v 6.313755 -3.081206 26.737122
v 1.566635 -7.652438 23.880476
v -0.000002 -7.740246 23.780836
v 3.934654 -5.820606 25.035980
v 4.220323 -6.735157 24.126081
v 1.558539 -9.139510 22.334486
v -0.000003 -9.207794 22.259153
v 4.633621 -8.569214 22.314451
v 1.478707 -11.155519 19.830000
v -0.000003 -11.207507 19.826597
v 7.705821 -7.794948 22.322264
v 1.488568 -12.582574 17.909025
v -0.000003 -12.631277 17.900511
v 4.877383 -10.537672 19.929258
v 0.455182 -13.427658 16.222090
v -0.000003 -13.409195 16.256514
v 4.915166 -12.140372 17.702497
v 0.222123 -13.298600 15.738905
v -0.000003 -13.266080 15.746046
v -0.000003 -13.509568 15.057585
v 1.599038 -13.908973 15.187605
v 0.300950 -13.439182 15.062193
v -0.000003 -13.699392 13.441496
v 0.706693 -13.873426 14.986418
v 0.464932 -13.721023 13.425749
v -0.000003 -13.666779 12.541914
v 0.992059 -14.199411 13.525709
v 0.648614 -13.689546 12.518782
v -0.000003 -13.633716 11.752272
v 1.255006 -14.258751 13.277876
v 1.748624 -14.310951 13.983824
v 0.711301 -13.665786 11.721769
v -0.000003 -13.605878 11.045378
v 2.062180 -13.674967 11.685804
v 2.536107 -14.321930 12.694395
v 2.847035 -14.468164 13.370222
v 4.793725 -13.474450 15.131529
v 4.587209 -14.394463 12.768705
v 4.386853 -14.205220 11.947645
v 8.115886 -11.322429 17.464933
v 8.021832 -12.627466 14.879042
v 7.862153 -13.793611 11.911818
v 7.977585 -9.652605 19.927900
v 10.844241 -10.269733 17.296461
v 10.750570 -8.627377 20.017576
v 10.462244 -6.798145 22.339109
v 10.648470 -11.685738 14.609617
v 13.230248 -7.396648 20.162092
v 13.325753 -9.248384 17.058897
v 12.913231 -5.927114 22.364408
v 15.218164 -6.425882 20.246931
v 15.063210 -5.045049 22.311722
v 12.499698 -3.955938 24.540222
v 14.794334 -3.279077 24.382172
v 7.135645 -5.696112 24.343201
v 10.067536 -4.730965 24.526810
v 9.636711 -2.283034 26.827759
v 8.268869 -0.525286 28.363434
v 12.126277 -1.641160 26.665375
v 8.156228 1.853648 30.519516
v 11.470136 0.663247 28.680222
v 9.389265 1.371585 29.772186
v 8.797876 3.771812 32.134140
v 10.507814 3.619396 31.435059
v 9.227467 5.791360 33.649918
v 8.995823 7.496659 34.598404
v 11.006538 5.859473 32.909164
v 12.434412 3.567139 30.465988
v 11.082550 7.780657 33.616348
v 12.834792 6.035587 32.007675
v 14.386650 0.981912 28.256805
v 14.466376 3.635024 30.004242
v 14.517638 -1.034851 26.517975
v 16.420404 -0.765143 26.272522
v 16.614029 -2.842298 24.212784
v 16.387228 1.154147 27.976547
v 17.546429 -0.558190 26.091553
v 16.785023 -4.227152 22.283432
v 17.826622 -2.284444 23.939941
v 17.413183 1.216439 27.814896
v 16.345106 3.813934 29.617508
v 14.541493 6.087840 31.258699
v 17.312696 3.815642 29.360992
v 12.872364 7.979039 32.711060
v 16.266903 6.086882 30.582018
v 14.600579 8.131295 31.865877
v 12.685541 9.517283 32.593338
v 14.537307 9.540710 31.733995
v 16.159113 8.219552 31.068300
v 17.216681 6.136230 30.156572
v 17.184818 8.145400 30.376207
v 16.119236 9.574195 30.938463
v 17.142389 9.538406 30.269350
v 17.282341 8.165216 30.103868
v 17.371597 6.118944 29.917177
v 17.466000 3.873081 29.166138
v 17.008471 8.243335 29.497896
v 17.606325 1.312778 27.642944
v 17.153341 6.194464 29.182161
v 17.371756 4.043834 28.351898
v 17.756735 -0.413007 25.951447
v 17.655104 1.743978 26.896545
v 16.637915 6.290233 28.372957
v 16.955345 4.231770 27.228333
v 16.564245 8.204822 28.679384
v 16.837683 6.521532 26.841494
v 16.825506 8.134754 27.186876
v 16.545130 9.314413 28.603594
v 17.248838 9.510715 30.014635
v 16.878889 9.502866 29.379824
v 17.093464 10.904405 29.896807
v 17.208841 10.829213 29.659777
v 16.076298 11.154304 30.484743
v 17.018766 12.127870 29.292849
v 14.385978 11.246413 31.066256
v 16.091784 12.395748 29.775850
v 17.152510 12.035859 29.081011
v 16.965544 13.279977 28.491198
v 14.233662 12.571940 30.244097
v 16.742817 10.735397 28.996111
v 16.128738 13.565843 28.869265
v 16.519518 10.397007 28.262148
v 16.565292 11.373167 27.826891
v 16.875311 9.763580 26.929277
v 16.776505 11.841722 28.446932
v 16.980377 11.188028 26.103548
v 17.117659 13.171168 28.304567
v 16.538942 12.236848 27.149019
v 16.831659 12.876694 27.700090
v 16.597231 12.977601 26.394365
v 16.131248 10.986490 25.767916
v 16.882925 13.711774 26.816545
v 16.033838 9.665839 26.533480
v 17.174011 14.199826 27.275331
v 15.987667 8.155703 26.772310
v 17.053001 14.326632 27.441500
v 15.998960 6.660038 26.452120
v 13.271889 8.307995 22.311464
v 16.066195 5.380827 25.616165
v 16.910208 5.141782 25.939850
v 17.033274 4.181850 24.603683
v 16.180298 4.490845 24.377365
v 17.329386 2.313636 25.925858
v 17.190271 3.771383 23.013474
v 17.848511 0.020243 25.305161
v 17.177866 1.058482 24.163864
v 17.970112 -1.168485 23.566956
v 16.325857 4.110290 22.903015
v 16.483213 4.290557 21.392242
v 17.360134 3.965768 21.383942
v 18.051098 -2.086847 23.744370
v 16.726170 1.283126 23.053772
v 16.631115 5.007299 20.049088
v 16.757189 0.962750 23.063782
v 16.800570 1.398350 20.513885
v 17.520321 4.739268 19.934830
v 17.270296 0.350329 23.216492
v 16.746704 1.112674 20.359253
v 16.996559 2.624951 18.176147
v 17.489716 -1.301890 20.992905
v 18.109657 -2.532470 21.572464
v 17.568329 -2.161813 19.420029
v 16.879559 2.382673 17.905457
v 17.653347 6.002154 18.883211
v 17.229614 4.651918 16.460968
v 16.749117 6.162188 19.053011
v 17.726467 7.538672 18.311815
v 16.822622 7.603632 18.544054
v 16.840366 9.132574 18.585451
v 16.800423 10.544047 19.173525
v 17.745199 9.188384 18.356524
v 17.310486 7.099680 15.580461
v 17.378384 9.368139 15.645739
v 17.702133 10.710802 18.990847
v 17.418917 11.797556 16.422258
v 16.708179 11.647427 20.228853
v 17.196009 12.952315 17.152575
v 17.602638 11.900904 20.129122
v 17.280704 11.941408 16.169466
v 17.460161 12.597957 21.617632
v 16.985039 14.151849 18.500399
v 16.576096 12.293693 21.608919
v 16.422012 12.395569 23.127337
v 16.266739 11.939294 24.579012
v 17.293972 12.707844 23.255342
v 17.126511 12.215716 24.821199
v 16.664352 13.635502 25.594469
v 16.686478 14.535145 24.319231
v 16.943024 14.463999 25.887804
v 16.790947 15.282770 22.863207
v 17.025410 15.258514 24.491488
v 17.239189 15.145632 26.200853
v 16.825676 15.554152 21.153444
v 17.190132 15.901024 22.914476
v 17.344782 16.117952 24.707903
v 17.149288 15.290431 26.346560
v 17.201750 16.299736 24.817369
v 17.532705 16.938244 23.034243
v 17.428022 16.437008 21.160067
v 16.893145 15.591920 19.394442
v 17.693972 17.529516 21.289843
v 16.831873 14.369502 18.315767
v 17.647005 16.757309 19.494661
v 17.041563 13.188030 16.985552
v 17.145231 15.659080 18.108187
v 17.519611 15.417804 16.893602
v 17.872732 16.685225 18.110735
v 18.124531 16.415113 16.726793
v 17.762480 15.017215 15.748080
v 18.352997 15.995980 15.472827
v 17.954636 14.497143 14.602541
v 18.530758 15.457363 14.218844
v 18.673538 17.010094 15.279468
v 18.883385 16.486961 13.952380
v 18.412975 17.413740 16.606585
v 18.606823 17.210102 15.214419
v 18.156454 17.706663 18.075977
v 18.364347 17.623974 16.620029
v 17.926012 17.801563 19.545368
v 18.068771 17.895443 18.090870
v 17.799273 17.968895 19.561726
v 17.532526 17.722561 21.334568
v 17.293053 17.986603 16.433704
v 17.046709 18.189671 18.028049
v 16.826447 18.194721 19.622410
v 17.336546 17.157011 23.107409
v 16.551363 17.960060 21.385365
v 16.347040 17.406183 23.148317
v 16.274296 16.596697 24.881807
v 14.255410 17.868149 21.519077
v 16.283895 15.635194 26.434603
v 14.228182 17.337505 23.261217
v 16.201904 14.641948 27.674547
v 14.448988 15.746432 26.486528
v 14.285649 14.782376 27.908525
v 14.297416 16.617971 24.964251
v 13.021372 15.942933 26.744982
v 14.131133 13.735466 29.285295
v 13.581782 14.828204 28.027803
v 11.948597 16.836437 25.262606
v 12.540659 16.149952 26.971209
v 13.072843 15.075774 28.289110
v 12.818715 12.705037 30.757814
v 13.131083 13.882622 29.558733
v 12.421186 11.340487 31.771959
v 12.225471 14.153658 30.203890
v 10.820439 9.500169 33.452637
v 11.508322 12.923343 31.407488
v 10.409106 11.468955 32.727020
v 8.725939 9.505668 34.443497
v 10.691697 13.318280 31.913118
v 7.811194 10.533847 34.510910
v 9.623843 12.138221 33.099094
v 6.925960 11.306305 34.453949
v 8.521110 12.702223 33.147617
v 4.690794 13.510339 32.750721
v 9.597968 13.610315 32.038517
v 10.253690 14.591588 30.847811
v 11.533031 14.317610 30.776094
v 10.398734 15.670588 29.474733
v 11.772037 15.398845 29.379503
v 12.240318 15.244391 28.980059
v 11.232842 16.569994 28.067080
v 9.907816 16.710081 28.081209
v 11.664521 16.393534 27.786516
v 9.865075 17.798780 25.826603
v 8.842312 17.951221 25.782475
v 11.466279 17.036898 25.382448
v 7.845923 18.937143 23.510960
v 10.958159 17.577915 23.599506
v 10.242261 17.671446 25.587086
v 10.474232 17.771822 23.612934
v 10.636446 18.111292 21.707401
v 8.836290 18.819775 23.467838
v 10.096424 18.324362 21.694492
v 14.353397 18.079571 19.776936
v 8.348969 18.947783 23.540058
v 8.300536 19.355465 21.782017
v 7.821131 19.513718 21.833256
v 7.577671 19.470896 21.815891
v 7.540427 20.020699 19.843372
v 8.011911 19.832201 19.813038
v 7.551130 20.358204 18.154514
v 9.789381 18.557692 19.776081
v 8.041276 20.181370 18.139347
v 7.699821 20.456070 16.465641
v 10.385500 18.325459 19.815296
v 9.891552 18.668146 18.057377
v 10.435724 18.444946 18.048100
v 8.208636 20.290890 16.465641
v 10.154870 18.634375 16.547672
v 14.634759 18.190559 18.071659
v 10.650572 18.418104 16.531010
v 14.942196 18.103537 16.366383
v 10.765462 18.427313 14.604281
v 11.319602 18.291002 14.745990
v 15.430351 17.858938 14.634830
v 8.650552 20.116261 14.347949
v 11.753131 18.150026 12.304523
v 8.169120 20.179949 14.278018
v 9.373977 19.603752 12.018481
v 8.843787 19.761936 11.795291
v 4.653528 19.650490 13.961123
v 5.701062 19.114967 11.085422
v 4.430856 19.382885 13.443179
v 4.191300 18.510056 12.807040
v 5.393334 18.842039 11.018695
v 5.010972 18.044909 10.918475
v 6.734208 17.870403 7.510043
v 6.307782 16.982372 7.683444
v 6.974538 18.148664 7.568210
v 8.213628 16.828791 4.874225
v 7.659493 15.982425 4.897585
v 9.201959 14.906955 3.025103
v 10.454103 18.337564 8.547671
v 8.476674 17.077438 4.897296
v 10.826669 18.267752 8.637362
v 11.958444 16.950731 6.257541
v 13.482615 17.146053 9.489383
v 9.934270 15.789401 3.190661
v 10.206979 15.898091 3.331301
v 8.005960 13.695042 -0.873518
v 11.127259 13.819870 1.491305
v 9.515161 12.736974 -2.186201
v 11.822854 14.129757 1.445437
v 12.515000 12.578440 0.386210
v 10.008073 11.408607 -4.416960
v 11.030972 11.366071 -3.538191
v 11.325536 9.504745 -5.584944
v 11.513928 9.610380 -5.491354
v 13.966104 11.002090 -0.708899
v 11.026101 9.190624 -5.372771
v 12.378320 9.633404 -4.454115
v 8.965997 9.672494 -3.756994
v 10.102994 8.226496 -4.732565
v 9.976701 8.003224 -4.554595
v 12.773019 7.294661 -6.421111
v 12.354825 6.960671 -6.127921
v 11.370461 6.328083 -5.550353
v 11.217813 6.183093 -5.404212
v 14.366597 4.495960 -6.979072
v 12.765237 3.733215 -6.306594
v 12.540238 3.576287 -6.085968
v 13.862096 4.251795 -6.684227
v 13.450849 2.085876 -6.688583
v 13.180997 1.977106 -6.470657
v 14.571122 2.479851 -6.908714
v 13.891461 0.454315 -6.856346
v 13.576760 0.393703 -6.641121
v 15.087251 0.718426 -7.008003
v 15.114034 2.659267 -7.205383
v 14.063321 -1.319575 -6.874184
v 13.645757 -1.305443 -6.720222
v 13.488313 -2.595196 -6.459992
v 15.668576 0.833098 -7.306480
v 13.832555 -2.710109 -6.596215
v 13.081414 -3.688785 -6.061142
v 15.328404 -1.428199 -6.907951
v 15.134896 -2.961770 -6.679505
v 15.918698 -1.475788 -7.186783
v 13.352334 -3.904482 -6.179619
v 12.151391 -5.457335 -5.201982
v 14.691934 -4.299178 -6.312439
v 12.322133 -5.734990 -5.377770
v 10.742986 -7.523775 -3.861741
v 13.645982 -6.264221 -5.647340
v 15.700265 -3.133243 -6.909371
v 10.935365 -7.730612 -3.942025
v 9.730783 -8.745852 -2.790658
v 11.966619 -8.428022 -4.336374
v 9.962144 -8.985679 -2.754755
v 8.797730 -9.942226 -1.426325
v 10.902650 -9.713981 -3.121561
v 8.988244 -10.150253 -1.450487
v 7.911225 -10.853817 0.009443
v 12.467225 -8.795399 -4.466562
v 8.063546 -11.070139 -0.015192
v 6.929479 -11.684635 1.799253
v 9.906224 -10.953307 -1.757334
v 7.057443 -11.919027 1.796873
v 8.847554 -11.984829 -0.039499
v 11.332868 -10.193248 -3.281709
v 10.061185 -11.648795 -1.789660
v 11.466508 -10.331679 -3.143961
v 14.132432 -6.553180 -5.837930
v 12.635259 -8.876932 -4.334878
v 15.232369 -4.594533 -6.493348
v 14.312490 -6.608890 -5.721238
v 15.409974 -4.643996 -6.381242
v 14.706761 -6.718912 -4.332910
v 15.679181 -4.776593 -5.034188
v 15.878346 -3.174563 -6.803421
v 16.115009 -3.413801 -5.452736
v 16.097260 -1.508966 -7.086983
v 16.313606 -1.727840 -5.732682
v 15.854089 0.844729 -7.216843
v 16.212978 0.879467 -6.000572
v 15.297097 2.698640 -7.118568
v 16.544975 0.877775 -2.262878
v 14.547212 4.563065 -6.895057
v 15.664220 2.753862 -5.885810
v 12.944257 7.400645 -6.337058
v 15.060681 4.642462 -5.722205
v 13.777680 7.450557 -5.177283
v 16.459503 2.943784 -2.208892
v 16.264481 5.068178 -2.026634
v 15.745736 7.618136 -1.818137
v 14.859269 9.399763 -1.279967
v 15.163465 9.607366 -1.270064
v 15.974465 7.662020 -1.524527
v 17.463570 3.496601 0.346818
v 17.697086 5.591042 0.193902
v 17.295914 1.255560 0.670532
v 18.480404 4.190165 2.922395
v 16.361252 -1.690983 -2.114998
v 18.112427 1.664227 3.311356
v 16.713661 -1.481604 1.259582
v 16.183300 -3.278088 -1.968308
v 17.496429 -1.081684 3.990600
v 15.761792 -4.672857 -1.712281
v 16.395630 -3.107563 1.503372
v 18.941883 2.333409 6.027878
v 14.752854 -6.737074 -1.320687
v 16.051453 -4.520374 1.699279
v 17.016502 -2.904338 4.258453
v 13.242425 -8.776990 -3.252199
v 14.737119 -6.923884 2.061797
v 13.941438 -7.884098 -0.716333
v 11.973519 -10.232912 -2.214983
v 12.100305 -10.181200 -2.033495
v 10.190930 -11.771499 -1.679155
v 10.939115 -11.522756 -0.669313
v 12.774800 -9.514894 0.067976
v 9.083810 -12.784855 -0.110102
v 8.918351 -12.680508 -0.124949
v 9.850739 -12.613544 0.813902
v 7.599065 -12.870001 1.988416
v 11.007504 -11.439363 -0.527903
v 7.781468 -13.674305 1.991254
v 11.779847 -10.497588 1.069044
v 9.932561 -12.500993 0.977880
v 8.552922 -13.553883 2.611921
v 12.984254 -9.003224 3.030119
v 10.852612 -11.235291 2.600172
v 8.628285 -13.416324 2.778318
v 9.487412 -12.182650 4.051054
v 11.170556 -10.710886 6.051176
v 8.526708 -12.709256 4.936338
v 7.491364 -13.157343 5.755507
v 8.601068 -12.146729 7.364912
v 7.621835 -13.499870 1.831999
v 1.470990 -14.744147 6.054319
v 0.976487 -14.434416 7.532789
v -0.000003 -14.412649 7.593503
v 5.285340 -13.887686 7.099454
v 6.420224 -13.521770 6.438627
v 1.644276 -15.035759 7.578718
v 3.194405 -14.126370 8.372709
v 6.564446 -12.970117 8.260527
v 3.610768 -13.605829 9.581785
v 1.646928 -14.059266 9.128721
v 0.983910 -13.900654 8.878843
v -0.000003 -13.921224 8.881590
v 0.866002 -13.643079 10.009840
v -0.000003 -13.626370 9.998213
v 1.455598 -13.701598 10.734114
v 0.769975 -13.650118 10.969496
v 1.814000 -13.677830 11.255186
v 3.878999 -13.465380 10.308104
v 4.003247 -13.614628 10.766996
v 7.063920 -12.787821 9.077162
v 7.176103 -13.045288 9.508787
v 7.622064 -13.707924 11.060484
v 9.327451 -12.195375 8.978727
v 9.063478 -11.834604 8.285292
v 10.209291 -12.902642 10.649214
v 11.814416 -10.292677 7.287413
v 12.215333 -10.667520 8.208906
v 13.559888 -8.527554 5.389739
v 13.919557 -8.554218 6.619124
v 14.948655 -6.833670 4.904387
v 15.278592 -7.101551 6.546050
v 16.570877 -4.504046 4.614593
v 16.753677 -5.103935 6.726165
v 18.481026 -1.885118 7.905853
v 16.893177 -6.081179 8.316787
v 18.766159 -0.086520 6.950684
v 18.005238 -3.916384 9.258742
v 18.927048 -1.267801 8.855087
v 15.638490 -7.639227 8.082168
v 19.143661 0.365805 7.955795
v 14.179055 -9.093542 7.962172
v 16.998966 -6.875340 9.807021
v 15.868054 -8.186682 9.113250
v 14.306954 -9.383127 8.550032
v 17.776867 -5.157298 10.508132
v 16.990837 -7.901443 11.601287
v 16.102287 -9.214193 10.982695
v 13.032136 -11.607695 10.402525
v 14.835694 -10.376122 10.568129
v 10.590699 -13.035320 11.525938
v 13.178178 -11.846270 11.394758
v 14.950135 -10.748706 11.458220
v 10.599809 -13.004184 11.731352
v 13.189607 -11.816413 11.609907
v 13.275069 -10.600135 14.460478
v 14.945397 -10.785529 11.786726
v 15.970345 -9.727667 12.080244
v 15.195617 -8.236776 16.912870
v 15.056769 -9.523858 14.340712
v 15.816545 -9.831486 12.327436
v 16.688591 -8.857458 12.978025
v 16.468788 -9.042875 13.195295
v 16.651611 -8.452653 14.229613
v 17.441402 -6.998498 12.656814
v 16.892870 -8.200082 14.097228
v 16.898418 -7.279720 16.760832
v 17.770311 -6.295741 14.310042
v 16.931175 -6.689363 18.238325
v 17.231251 -6.929708 16.753279
v 16.855143 -5.592853 20.239334
v 17.219330 -6.384064 18.247221
v 18.121056 -5.786278 16.985062
v 17.900274 -5.589060 18.380219
v 17.464746 -4.967486 20.262756
v 18.278969 -5.589449 15.072127
v 18.829752 -4.502645 17.251251
v 18.943317 -4.330971 15.576262
v 18.417299 -5.003254 13.577880
v 17.803482 -5.981541 12.979125
v 18.496361 -3.846581 11.446959
v 18.920345 -3.650786 13.801101
v 18.917191 -4.023398 15.647902
v 18.966183 -2.807063 12.385986
v 18.689480 -2.560438 9.980286
v 19.129360 -1.644722 11.136703
v 19.327616 -0.465476 10.057861
v 18.863384 -2.605592 12.514099
v 18.864368 -3.426440 13.896178
v 18.979740 -1.466139 11.297821
v 18.270569 -2.168865 12.685745
v 18.265564 -3.585887 15.532744
v 18.217461 -2.890149 13.982437
v 17.653055 -1.919844 14.241730
v 18.441008 -1.128980 11.554901
v 17.726133 -1.277516 13.187256
v 17.579458 -2.581299 16.604431
v 19.183529 -0.310840 10.251511
v 18.290216 -3.748074 17.216263
v 17.606415 -2.481558 18.074249
v 18.848991 -4.185989 17.287460
v 18.250242 -3.632075 18.363968
v 18.202391 -3.199629 19.782181
v 18.756474 -4.090868 18.509979
v 18.702173 -4.409962 18.508041
v 18.589025 -3.833165 20.053253
v 18.483976 -4.147107 20.166321
v 18.150764 -3.400348 22.038971
v 18.309385 -3.140756 21.950714
v 17.867647 -0.406976 12.118286
v 18.571507 -0.048139 10.517120
v 17.976948 0.531910 11.234100
v 17.055193 4.506252 16.193253
v 18.720873 1.494149 9.650146
v 18.095530 1.952577 10.513504
v 19.395992 1.275474 9.392319
v 19.527985 1.147865 9.155411
v 19.598705 3.305484 8.711991
v 19.285454 2.760690 7.004593
v 19.690050 3.237967 8.407624
v 19.274422 4.802421 5.411073
v 19.865770 5.091787 7.939683
v 18.854725 6.130920 2.656785
v 19.564919 5.024459 6.511888
v 19.583241 6.597020 5.104951
v 17.518250 8.141824 0.192644
v 18.875519 8.737762 2.778780
v 15.402413 9.723351 -1.076445
v 17.065899 10.091660 0.594736
v 19.744488 9.031819 5.199083
v 18.519375 10.256450 3.044374
v 16.405899 11.716112 1.184160
v 14.713014 11.547151 -0.426687
v 14.452653 11.524469 -0.630064
v 15.503572 13.038819 2.052126
v 13.243516 13.036590 0.440661
v 13.489526 13.021404 0.708437
v 12.232049 14.224607 1.619082
v 14.352754 14.311333 3.123980
v 13.011289 15.777699 4.758654
v 17.377079 12.803456 4.177263
v 15.052400 16.002789 7.651858
v 16.594749 14.056034 5.209902
v 15.645997 15.364089 6.766970
v 18.519276 13.616734 7.076464
v 17.698563 15.104779 8.591998
v 19.008705 12.576503 6.341692
v 19.502670 13.185101 8.129290
v 16.701820 16.605568 10.751208
v 19.387516 11.556459 5.899858
v 13.927958 16.948956 9.612399
v 17.990204 11.652427 3.567583
v 19.614719 10.465454 5.509401
v 19.879524 11.537538 7.032976
v 20.024662 9.098342 6.378419
v 19.849434 6.725168 6.350114
v 20.244053 11.187147 8.060427
v 20.252979 8.869204 7.596361
v 20.042572 6.719220 7.681748
v 20.115658 8.778095 7.990434
v 19.941570 6.706285 8.018266
v 19.780468 5.108207 8.270646
v 20.152576 10.986298 8.435839
v 19.131231 5.169972 8.609040
v 19.625565 10.527270 8.854662
v 18.905636 3.262314 9.072816
v 18.204517 3.481241 10.053666
v 18.357403 5.248975 9.654389
v 17.154188 7.048692 15.281159
v 18.498909 6.657431 9.442124
v 19.314587 6.606448 8.369218
v 18.704430 8.378600 9.409852
v 19.518490 8.569603 8.414628
v 18.803556 10.201460 9.873476
v 17.234221 9.385850 15.350908
v 19.516169 11.969493 9.633821
v 18.700085 11.379138 10.603609
v 18.205942 13.635794 13.206057
v 18.462076 12.401980 11.576067
v 18.834932 14.505331 12.618624
v 19.250549 13.118132 10.682024
v 19.258717 15.414818 12.264224
v 19.677822 13.873265 10.386553
v 19.970028 12.503949 9.250582
v 18.798590 16.676750 13.808825
v 19.999908 12.746825 8.968737
v 19.614258 14.098314 10.092730
v 19.053967 14.515448 9.436388
v 19.215397 15.609215 12.130939
v 18.482994 16.055794 11.538775
v 18.028095 17.149353 13.504031
v 15.867799 17.494856 12.903293
v 17.685928 17.627720 14.968875
v 12.290502 17.930780 12.416415
v -6.008773 13.134502 -1.010679
v -5.923316 13.826596 -1.184629
v -5.922740 11.517879 -0.474371
v -5.964801 11.276810 -0.339377
v -6.748633 11.101734 -1.038557
v -6.664214 11.375147 -1.227453
v -7.762626 10.379961 -2.396864
v -6.901835 12.929779 -1.714391
v -7.837173 10.682477 -2.588103
v -8.823974 9.497831 -3.578673
v -8.213523 12.072403 -2.963293
v -6.909152 13.517287 -1.875097
v -8.339843 12.613875 -3.152120
v -9.611560 10.787316 -4.302359
v -9.848083 11.325978 -4.480650
v -8.966002 9.672494 -3.756994
v -10.103000 8.226496 -4.732565
v -9.976707 8.003224 -4.554595
v -11.026107 9.190624 -5.372771
v -11.370467 6.328083 -5.550353
v -11.217818 6.183093 -5.404212
v -12.354831 6.960671 -6.127921
v -11.325541 9.504745 -5.584944
v -12.773025 7.294661 -6.421111
v -13.862102 4.251795 -6.684227
v -12.765243 3.733215 -6.306594
v -12.540244 3.576287 -6.085968
v -14.366603 4.495960 -6.979072
v -13.450854 2.085876 -6.688583
v -13.181003 1.977106 -6.470657
v -14.571128 2.479851 -6.908714
v -13.891467 0.454315 -6.856346
v -13.576766 0.393703 -6.641121
v -15.087256 0.718426 -7.008003
v -15.114039 2.659267 -7.205383
v -14.063327 -1.319575 -6.874184
v -13.645762 -1.305443 -6.720222
v -13.488318 -2.595196 -6.459992
v -15.668582 0.833098 -7.306480
v -13.832561 -2.710109 -6.596215
v -13.081420 -3.688785 -6.061142
v -15.328410 -1.428199 -6.907951
v -15.134902 -2.961770 -6.679505
v -15.918704 -1.475788 -7.186783
v -13.352340 -3.904482 -6.179619
v -12.151397 -5.457335 -5.201982
v -14.691939 -4.299178 -6.312439
v -12.322139 -5.734990 -5.377770
v -10.742991 -7.523775 -3.861741
v -13.645988 -6.264221 -5.647340
v -15.700271 -3.133243 -6.909371
v -10.935370 -7.730612 -3.942025
v -9.730788 -8.745852 -2.790658
v -11.966624 -8.428022 -4.336374
v -9.962150 -8.985679 -2.754755
v -8.797736 -9.942226 -1.426325
v -10.902656 -9.713981 -3.121561
v -8.988250 -10.150253 -1.450487
v -7.911231 -10.853817 0.009443
v -12.467231 -8.795399 -4.466562
v -8.063552 -11.070139 -0.015192
v -6.929484 -11.684635 1.799253
v -9.906230 -10.953307 -1.757334
v -7.057448 -11.919027 1.796873
v -8.847560 -11.984829 -0.039499
v -11.332873 -10.193248 -3.281709
v -10.061191 -11.648795 -1.789660
v -11.466514 -10.331679 -3.143961
v -14.132438 -6.553180 -5.837930
v -12.635264 -8.876932 -4.334878
v -15.232375 -4.594533 -6.493348
v -14.312495 -6.608890 -5.721238
v -15.409980 -4.643996 -6.381242
v -15.878352 -3.174563 -6.803421
v -14.706767 -6.718912 -4.332910
v -16.097267 -1.508966 -7.086983
v -15.679187 -4.776593 -5.034188
v -16.115017 -3.413801 -5.452736
v -16.313614 -1.727840 -5.732682
v -15.854095 0.844729 -7.216843
v -16.212986 0.879467 -6.000572
v -15.297103 2.698640 -7.118568
v -16.544983 0.877775 -2.262878
v -14.547217 4.563065 -6.895057
v -15.664226 2.753862 -5.885810
v -12.944263 7.400645 -6.337058
v -15.060687 4.642462 -5.722205
v -16.459511 2.943784 -2.208892
v -11.513934 9.610380 -5.491354
v -13.777686 7.450557 -5.177283
v -16.264488 5.068178 -2.026634
v -10.008079 11.408607 -4.416960
v -12.378325 9.633404 -4.454115
v -8.564513 12.725577 -3.022756
v -11.030978 11.366071 -3.538191
v -9.515166 12.736974 -2.186201
v -7.086036 13.699071 -1.736211
v -8.005965 13.695042 -0.873518
v -6.048068 14.028844 -1.003828
v -6.578712 14.116959 0.045741
v -9.201964 14.906955 3.025103
v -4.859694 15.437716 4.573626
v -7.278327 15.778659 4.727602
v -4.375052 16.340137 7.640841
v -5.721473 16.600819 7.759921
v -3.734561 17.122700 10.498477
v -4.563315 17.346058 10.764316
v -1.801532 17.282087 12.960513
v -3.925781 17.636705 12.188647
v -1.831779 18.175978 13.864581
v -3.254970 17.584288 12.642962
v -3.237884 18.489876 13.439395
v -1.860633 18.956594 14.531878
v -1.857066 19.312710 15.033084
v -3.301395 19.328915 14.169589
v -2.039233 19.326130 16.643925
v -3.393138 19.528084 14.635638
v -1.992751 18.964186 19.523960
v -4.517279 19.792231 16.348484
v -1.960837 18.542877 21.412281
v -4.403459 19.398031 19.661808
v -1.932912 18.174263 23.064472
v -4.387654 18.909853 21.588291
v -1.790144 17.465271 25.004045
v -4.374409 18.500851 23.202320
v -1.662725 16.577044 27.250505
v -4.391563 17.731293 25.156559
v -1.717405 15.755958 27.820223
v -3.205132 16.629732 27.451525
v -2.730401 15.812331 27.912569
v -1.761918 15.199967 28.869341
v -3.973300 15.771811 28.382998
v -1.807271 14.526710 30.370485
v -4.328162 15.428906 29.197557
v -4.457773 16.579271 27.892717
v -1.843323 13.611535 32.473240
v -4.322123 14.578929 30.634462
v -1.800550 12.512599 34.130543
v -4.263030 13.389174 32.628895
v -4.968632 15.939178 29.307726
v -5.055552 15.009969 30.801348
v -1.770700 11.764145 34.986591
v -4.373691 12.100550 34.295734
v -1.737887 11.131368 35.572815
v -4.281444 11.407189 35.146225
v -1.652396 10.516086 35.231110
v -1.718810 10.866516 35.617706
v -3.760351 10.207213 35.299927
v -3.861528 10.479966 35.695419
v -5.315153 9.481890 35.279785
v -4.033055 10.735686 35.654236
v -5.457112 9.637701 35.638000
v -6.130322 8.893078 35.182449
v -5.677387 9.882575 35.648392
v -6.291157 9.023100 35.553268
v -6.796822 8.138827 34.967758
v -6.152368 10.533668 35.246384
v -6.528799 9.246733 35.573196
v -6.976526 8.243059 35.351135
v -7.539051 7.336802 34.903717
v -7.349060 7.411476 34.506516
v -7.231528 8.445453 35.380630
v -7.115169 9.859150 35.215073
v -7.690669 5.904917 33.937241
v -7.637106 6.084683 33.513138
v -7.908951 7.401022 34.993561
v -7.412453 4.049307 32.440170
v -7.407237 4.270919 31.991135
v -8.074553 5.836166 34.014709
v -7.946925 9.009820 35.066452
v -6.914598 2.310472 30.944077
v -6.844257 2.582471 30.577713
v -7.725136 3.933465 32.472153
v -6.210391 0.815534 29.682907
v -6.120027 1.121823 29.303223
v -4.677289 -1.119932 27.737427
v -7.139851 2.193278 30.985901
v -4.754512 -1.593973 28.013199
v -2.773752 -3.589510 26.004913
v -6.426497 0.654953 29.669510
v -2.875199 -3.947177 26.367325
v -0.965472 -4.321568 25.419052
v -4.942502 -1.810694 27.954910
v -7.128513 0.255537 29.179626
v -8.156193 1.853627 30.519501
v -0.996088 -4.663238 25.763321
v -1.044495 -5.039541 25.727280
v -2.976722 -4.309086 26.269028
v -1.298829 -5.765666 25.291367
v -1.404378 -6.516493 24.762449
v -3.389957 -4.946007 25.789688
v -5.572838 -2.247557 27.494980
v -3.934649 -5.820611 25.035980
v -8.268838 -0.525305 28.363419
v -6.313738 -3.081218 26.737137
v -9.389216 1.371558 29.772186
v -7.135637 -5.696119 24.343201
v -8.797834 3.771788 32.134125
v -4.220322 -6.735161 24.126081
v -9.227416 5.791331 33.649918
v -1.566636 -7.652441 23.880476
v -10.507750 3.619361 31.435028
v -1.558542 -9.139511 22.334486
v -4.633622 -8.569217 22.314451
v -1.478713 -11.155519 19.830000
v -7.705818 -7.794952 22.322264
v -4.877387 -10.537673 19.929258
v -1.488574 -12.582574 17.909025
v -7.977586 -9.652608 19.927900
v -0.455188 -13.427658 16.222090
v -4.915172 -12.140372 17.702497
v -1.599044 -13.908973 15.187605
v -0.222129 -13.298600 15.738905
v -0.706699 -13.873426 14.986418
v -0.300956 -13.439182 15.062193
v -0.464938 -13.721023 13.425749
v -0.992065 -14.199411 13.525709
v -0.648620 -13.689546 12.518782
v -1.255012 -14.258751 13.277876
v -1.748630 -14.310951 13.983824
v -0.711307 -13.665786 11.721769
v -2.062186 -13.674967 11.685804
v -2.536113 -14.321930 12.694395
v -2.847041 -14.468164 13.370222
v -4.793731 -13.474450 15.131529
v -4.587214 -14.394463 12.768705
v -8.115889 -11.322430 17.464933
v -8.021838 -12.627466 14.879042
v -4.386859 -14.205220 11.947645
v -7.862159 -13.793611 11.911818
v -10.844244 -10.269735 17.296461
v -4.003253 -13.614628 10.766996
v -10.648475 -11.685739 14.609617
v -10.750568 -8.627380 20.017576
v -13.325752 -9.248386 17.058897
v -10.462236 -6.798152 22.339109
v -13.230243 -7.396654 20.162092
v -10.067518 -4.730977 24.526825
v -12.913215 -5.927125 22.364408
v -12.499665 -3.955957 24.540207
v -9.636677 -2.283054 26.827744
v -14.794285 -3.279105 24.382156
v -11.470078 0.663213 28.680206
v -12.126227 -1.641188 26.665375
v -14.517567 -1.034891 26.517960
v -15.063182 -5.045066 22.311707
v -16.613958 -2.842338 24.212769
v -15.218152 -6.425891 20.246931
v -16.784981 -4.227177 22.283432
v -16.420307 -0.765197 26.272491
v -14.386555 0.981860 28.256775
v -12.434330 3.567095 30.465973
v -16.387104 1.154080 27.976517
v -11.006465 5.859433 32.909149
v -14.466263 3.634959 30.004196
v -12.834698 6.035537 32.007645
v -8.995777 7.496633 34.598404
v -11.082477 7.780616 33.616333
v -14.541371 6.087771 31.258638
v -8.725896 9.505643 34.443497
v -12.872269 7.978987 32.711029
v -10.820370 9.500131 33.452621
v -12.685450 9.517234 32.593307
v -7.811168 10.533831 34.510895
v -10.409051 11.468925 32.726990
v -6.925945 11.306294 34.453949
v -9.623811 12.138203 33.099079
v -8.521090 12.702209 33.147633
v -4.690781 13.510330 32.750721
v -9.597942 13.610299 32.038502
v -10.253656 14.591567 30.847795
v -10.691657 13.318256 31.913118
v -11.508264 12.923310 31.407457
v -11.532988 14.317585 30.776094
v -10.398708 15.670573 29.474718
v -9.907797 16.710070 28.081209
v -11.771995 15.398820 29.379503
v -8.842296 17.951210 25.782475
v -11.232809 16.569975 28.067080
v -9.865047 17.798763 25.826588
v -7.845915 18.937136 23.510960
v -8.348952 18.947771 23.540058
v -7.577667 19.470890 21.815891
v -7.821123 19.513712 21.833256
v -7.540425 20.020695 19.843372
v -8.300522 19.355455 21.782017
v -7.551129 20.358200 18.154514
v -8.011905 19.832195 19.813038
v -7.699823 20.456068 16.465641
v -8.041270 20.181364 18.139347
v -9.789369 18.557682 19.776081
v -8.836267 18.819757 23.467823
v -10.096403 18.324350 21.694492
v -9.891542 18.668139 18.057377
v -10.242227 17.671427 25.587086
v -10.385483 18.325447 19.815296
v -10.474199 17.771805 23.612934
v -10.636416 18.111275 21.707401
v -11.664476 16.393507 27.786486
v -11.466235 17.036873 25.382418
v -10.958117 17.577888 23.599491
v -12.240264 15.244361 28.980028
v -12.540603 16.149920 26.971193
v -12.225411 14.153624 30.203875
v -13.072776 15.075738 28.289095
v -13.131008 13.882580 29.558718
v -12.818636 12.704994 30.757784
v -14.131042 13.735416 29.285265
v -13.581702 14.828160 28.027773
v -12.421106 11.340443 31.771929
v -14.385878 11.246355 31.066195
v -14.233562 12.571887 30.244066
v -16.128635 13.565786 28.869249
v -14.537189 9.540645 31.733934
v -16.091669 12.395685 29.775820
v -16.076180 11.154236 30.484682
v -14.600458 8.131227 31.865816
v -16.119097 9.574118 30.938402
v -16.158978 8.219475 31.068239
v -16.266762 6.086802 30.581957
v -17.093327 10.904327 29.896746
v -17.142237 9.538321 30.269274
v -17.184669 8.145315 30.376131
v -16.344969 3.813857 29.617447
v -17.216528 6.136145 30.156496
v -17.282179 8.165127 30.103807
v -17.248676 9.510627 30.014574
v -17.371441 6.118857 29.917116
v -17.312553 3.815562 29.360931
v -17.413059 1.216372 27.814865
v -17.465860 3.873003 29.166077
v -17.008301 8.243241 29.497835
v -17.153177 6.194373 29.182100
v -17.606207 1.312713 27.642914
v -17.546329 -0.558244 26.091522
v -17.371603 4.043749 28.351822
v -17.826551 -2.284483 23.939926
v -17.756639 -0.413060 25.951416
v -17.654980 1.743911 26.896515
v -16.637751 6.290142 28.372896
v -16.955200 4.231688 27.228256
v -16.564075 8.204727 28.679308
v -16.837513 6.521438 26.841433
v -16.544960 9.314320 28.603518
v -16.825331 8.134658 27.186785
v -16.878725 9.502774 29.379747
v -16.519354 10.396916 28.262072
v -17.208689 10.829128 29.659700
v -16.742662 10.735311 28.996050
v -16.875149 9.763490 26.929201
v -16.565136 11.373083 27.826860
v -17.152367 12.035782 29.080965
v -17.018635 12.127796 29.292818
v -16.965424 13.279912 28.491167
v -16.776358 11.841643 28.446886
v -17.117527 13.171098 28.304537
v -16.201807 14.641894 27.674517
v -16.538794 12.236770 27.148989
v -14.285562 14.782329 27.908495
v -16.831524 12.876620 27.700045
v -13.021303 15.942895 26.744967
v -14.448909 15.746388 26.486498
v -11.948544 16.836407 25.262590
v -14.297353 16.617939 24.964235
v -14.228131 17.337475 23.261202
v -16.274233 16.596661 24.881792
v -16.283812 15.635146 26.434572
v -17.052889 14.326570 27.441469
v -17.149191 15.290378 26.346529
v -17.173893 14.199762 27.275301
v -17.201674 16.299692 24.817339
v -16.882799 13.711706 26.816530
v -17.239092 15.145578 26.200823
v -16.942911 14.463937 25.887774
v -16.597094 12.977527 26.394320
v -16.664228 13.635434 25.594454
v -16.980223 11.187943 26.103487
v -17.126373 12.215637 24.821123
v -16.686365 14.535086 24.319201
v -16.131094 10.986403 25.767855
v -16.033676 9.665749 26.533403
v -16.266594 11.939212 24.578936
v -15.987494 8.155607 26.772219
v -13.271722 8.307904 22.311403
v -15.998783 6.659941 26.452028
v -17.293859 12.707783 23.255312
v -16.066025 5.380731 25.616089
v -16.910038 5.141689 25.939789
v -17.033115 4.181761 24.603622
v -16.180130 4.490752 24.377304
v -17.329268 2.313571 25.925827
v -17.190119 3.771298 23.013397
v -17.848419 0.020192 25.305130
v -17.177765 1.058426 24.163834
v -17.970045 -1.168522 23.566940
v -16.325697 4.110200 22.902954
v -16.483059 4.290471 21.392181
v -17.360006 3.965695 21.383896
v -18.051033 -2.086884 23.744354
v -16.726048 1.283061 23.053741
v -16.630964 5.007217 20.049011
v -16.757082 0.962692 23.063751
v -16.800461 1.398291 20.513855
v -17.520184 4.739191 19.934753
v -17.270212 0.350281 23.216461
v -16.746622 1.112629 20.359222
v -16.996468 2.624901 18.176117
v -17.489651 -1.301927 20.992889
v -18.109610 -2.532499 21.572449
v -17.568281 -2.161841 19.420013
v -18.309340 -3.140784 21.950699
v -18.150723 -3.400373 22.038971
v -18.588991 -3.833185 20.053253
v -18.202356 -3.199649 19.782181
v -17.464718 -4.967503 20.262741
v -18.483952 -4.147123 20.166306
v -18.702156 -4.409974 18.508041
v -18.756453 -4.090882 18.509979
v -18.250223 -3.632088 18.363968
v -18.848984 -4.185997 17.287460
v -17.900261 -5.589070 18.380219
v -16.855124 -5.592865 20.239334
v -18.829746 -4.502652 17.251251
v -17.219326 -6.384070 18.247236
v -16.931171 -6.689370 18.238340
v -18.121054 -5.786283 16.985077
v -17.231253 -6.929711 16.753279
v -15.195614 -8.236780 16.912870
v -16.898420 -7.279724 16.760832
v -13.275072 -10.600137 14.460478
v -15.056772 -9.523860 14.340712
v -10.599814 -13.004184 11.731352
v -13.189612 -11.816413 11.609907
v -10.590705 -13.035320 11.525938
v -14.945403 -10.785529 11.786726
v -13.178184 -11.846270 11.394758
v -14.950141 -10.748706 11.458220
v -15.816550 -9.831486 12.327436
v -15.970351 -9.727667 12.080244
v -14.835700 -10.376122 10.568129
v -16.102295 -9.214193 10.982695
v -13.032142 -11.607695 10.402525
v -14.306960 -9.383127 8.550032
v -10.209296 -12.902642 10.649214
v -12.215339 -10.667520 8.208906
v -7.622069 -13.707924 11.060484
v -9.327456 -12.195375 8.978727
v -7.176108 -13.045288 9.508787
v -3.879005 -13.465380 10.308104
v -7.063926 -12.787821 9.077162
v -1.814006 -13.677830 11.255186
v -6.564452 -12.970117 8.260527
v -0.769981 -13.650118 10.969496
v -3.610774 -13.605829 9.581785
v -1.455604 -13.701598 10.734114
v -0.866008 -13.643079 10.009840
v -1.646934 -14.059266 9.128721
v -0.983916 -13.900654 8.878843
v -3.194412 -14.126370 8.372709
v -0.976493 -14.434416 7.532789
v -1.644282 -15.035759 7.578718
v -5.285346 -13.887686 7.099454
v -6.420230 -13.521770 6.438627
v -1.470996 -14.744147 6.054319
v -7.599071 -12.870001 1.988416
v -7.621840 -13.499870 1.831999
v -8.918357 -12.680508 -0.124949
v -7.781474 -13.674305 1.991254
v -9.083816 -12.784855 -0.110102
v -8.552928 -13.553883 2.611921
v -7.491370 -13.157343 5.755507
v -8.628291 -13.416324 2.778318
v -8.526713 -12.709256 4.936338
v -9.487418 -12.182650 4.051054
v -8.601073 -12.146729 7.364912
v -11.170562 -10.710886 6.051176
v -9.063483 -11.834604 8.285292
v -11.814422 -10.292677 7.287413
v -10.852618 -11.235291 2.600172
v -13.559894 -8.527554 5.389739
v -9.932567 -12.500993 0.977880
v -12.984260 -9.003224 3.030119
v -11.779853 -10.497588 1.069044
v -9.850745 -12.613544 0.813902
v -11.007510 -11.439363 -0.527903
v -10.939120 -11.522756 -0.669313
v -10.190936 -11.771499 -1.679155
v -11.973525 -10.232912 -2.214983
v -12.100310 -10.181200 -2.033495
v -12.774806 -9.514894 0.067976
v -13.242431 -8.776990 -3.252199
v -13.941443 -7.884098 -0.716333
v -14.752860 -6.737074 -1.320687
v -14.737124 -6.923884 2.061797
v -15.761798 -4.672857 -1.712281
v -16.051460 -4.520374 1.699279
v -14.948661 -6.833670 4.904387
v -16.570885 -4.504046 4.614593
v -16.183308 -3.278088 -1.968308
v -16.395638 -3.107563 1.503372
v -17.016510 -2.904338 4.258453
v -16.361259 -1.690983 -2.114998
v -16.713669 -1.481604 1.259582
v -17.295921 1.255560 0.670532
v -17.496437 -1.081684 3.990600
v -18.112434 1.664227 3.311356
v -17.463577 3.496601 0.346818
v -18.941891 2.333409 6.027878
v -18.480412 4.190165 2.922395
v -17.697094 5.591042 0.193902
v -18.766167 -0.086520 6.950684
v -19.274429 4.802421 5.411073
v -18.481033 -1.885118 7.905853
v -18.854733 6.130920 2.656785
v -19.143669 0.365805 7.955795
v -17.518257 8.141824 0.192644
v -18.927055 -1.267801 8.855087
v -19.285461 2.760690 7.004593
v -19.327621 -0.465478 10.057877
v -19.583248 6.597020 5.104951
v -19.527992 1.147864 9.155411
v -18.689487 -2.560438 9.980286
v -19.564926 5.024459 6.511888
v -18.005245 -3.916384 9.258742
v -18.875526 8.737762 2.778780
v -16.753685 -5.103935 6.726165
v -15.278598 -7.101551 6.546050
v -16.893185 -6.081179 8.316787
v -13.919562 -8.554218 6.619124
v -15.638495 -7.639227 8.082168
v -14.179061 -9.093542 7.962172
v -15.868060 -8.186682 9.113250
v -16.998974 -6.875340 9.807021
v -16.990845 -7.901443 11.601287
v -17.776875 -5.157298 10.508132
v -16.688599 -8.857458 12.978025
v -17.441410 -6.998498 12.656814
v -16.468796 -9.042876 13.195295
v -16.892876 -8.200084 14.097228
v -16.651613 -8.452655 14.229629
v -17.770317 -6.295742 14.310042
v -17.803490 -5.981542 12.979125
v -18.278971 -5.589452 15.072127
v -18.417305 -5.003256 13.577880
v -18.943316 -4.330976 15.576278
v -18.496368 -3.846581 11.446975
v -18.920347 -3.650788 13.801101
v -18.917189 -4.023404 15.647918
v -18.966185 -2.807065 12.385986
v -18.290205 -3.748083 17.216263
v -18.864370 -3.426443 13.896194
v -17.606379 -2.481580 18.074249
v -18.265560 -3.585893 15.532760
v -17.579435 -2.581315 16.604416
v -16.879511 2.382645 17.905441
v -17.653036 -1.919857 14.241730
v -18.217457 -2.890155 13.982437
v -18.270567 -2.168871 12.685745
v -17.726114 -1.277529 13.187256
v -18.863386 -2.605596 12.514099
v -18.441008 -1.128985 11.554901
v -19.129368 -1.644723 11.136703
v -18.979742 -1.466142 11.297836
v -19.183531 -0.310843 10.251511
v -17.867632 -0.406988 12.118286
v -18.571503 -0.048145 10.517120
v -19.395994 1.275472 9.392319
v -17.976927 0.531896 11.234116
v -18.720873 1.494145 9.650146
v -19.690056 3.237966 8.407624
v -19.598707 3.305481 8.711991
v -18.095514 1.952565 10.513504
v -19.865776 5.091786 7.939683
v -18.905634 3.262309 9.072816
v -17.055147 4.506225 16.193237
v -18.204504 3.481230 10.053666
v -19.131231 5.169968 8.609040
v -18.357389 5.248964 9.654389
v -19.780470 5.108205 8.270646
v -18.498896 6.657421 9.442124
v -17.154154 7.048669 15.281144
v -19.314589 6.606445 8.369218
v -18.704416 8.378590 9.409852
v -19.941572 6.706283 8.018266
v -19.518492 8.569600 8.414628
v -20.042580 6.719219 7.681748
v -20.115662 8.778092 7.990434
v -19.849442 6.725168 6.350114
v -20.252987 8.869203 7.596361
v -19.744495 9.031819 5.199083
v -20.024670 9.098342 6.378419
v -20.152580 10.986295 8.435839
v -18.519382 10.256450 3.044374
v -19.625566 10.527267 8.854662
v -17.065907 10.091660 0.594736
v -18.803545 10.201449 9.873476
v -19.516169 11.969489 9.633821
v -17.234175 9.385823 15.350893
v -18.700075 11.379128 10.603609
v -19.250547 13.118126 10.682024
v -17.310417 7.099641 15.580430
v -18.462059 12.401967 11.576082
v -17.229536 4.651875 16.460938
v -17.653215 6.002079 18.883150
v -17.726339 7.538602 18.311769
v -16.748972 6.162106 19.052935
v -16.822481 7.603554 18.543978
v -16.840227 9.132496 18.585375
v -17.378309 9.368096 15.645708
v -17.745098 9.188326 18.356462
v -16.800287 10.543970 19.173449
v -17.418848 11.797516 16.422243
v -17.702013 10.710733 18.990786
v -16.708044 11.647349 20.228777
v -17.280653 11.941378 16.169451
v -17.195934 12.952272 17.152544
v -17.602518 11.900834 20.129061
v -18.205921 13.635778 13.206057
v -17.041510 13.187997 16.985537
v -18.834927 14.505325 12.618624
v -17.954611 14.497128 14.602541
v -19.677824 13.873262 10.386553
v -18.530750 15.457355 14.218844
v -19.970030 12.503946 9.250582
v -19.258713 15.414812 12.264224
v -20.244061 11.187147 8.060427
v -19.614260 14.098312 10.092730
v -19.999916 12.746824 8.968737
v -19.879532 11.537538 7.032976
v -19.215399 15.609211 12.130939
v -19.502678 13.185101 8.129290
v -19.053974 14.515448 9.436388
v -18.482996 16.055794 11.538775
v -18.798590 16.676746 13.808825
v -18.028097 17.149349 13.504031
v -16.701828 16.605566 10.751208
v -15.867799 17.494852 12.903293
v -17.685925 17.627714 14.968875
v -18.883381 16.486956 13.952380
v -18.606819 17.210096 15.214419
v -18.352983 15.995969 15.472827
v -18.673529 17.010086 15.279468
v -17.762447 15.017194 15.748065
v -17.519575 15.417783 16.893587
v -18.124512 16.415102 16.726809
v -18.412962 17.413729 16.606585
v -18.364336 17.623966 16.620029
v -17.872700 16.685204 18.110720
v -18.156433 17.706648 18.075977
v -17.145187 15.659053 18.108171
v -16.831814 14.369467 18.315752
v -16.893091 15.591887 19.394426
v -16.984961 14.151805 18.500368
v -17.646967 16.757286 19.494646
v -17.460060 12.597897 21.617586
v -16.825609 15.554113 21.153414
v -17.427969 16.436975 21.160051
v -16.575960 12.293616 21.608843
v -16.421871 12.395490 23.127260
v -16.790857 15.282721 22.863176
v -17.190060 15.900980 22.914446
v -17.025314 15.258463 24.491457
v -17.344702 16.117907 24.707872
v -17.532646 16.938210 23.034227
v -17.693933 17.529490 21.289812
v -17.336493 17.156979 23.107393
v -17.925985 17.801544 19.545368
v -16.346992 17.406155 23.148302
v -18.068752 17.895432 18.090870
v -14.255372 17.868124 21.519062
v -16.551325 17.960035 21.385349
v -14.353373 18.079554 19.776936
v -17.532488 17.722536 21.334538
v -16.826422 18.194702 19.622410
v -17.799246 17.968876 19.561726
v -17.046692 18.189659 18.028049
v -14.634743 18.190550 18.071659
v -10.435712 18.444937 18.048100
v -17.293045 17.986595 16.433704
v -14.942187 18.103529 16.366383
v -15.430347 17.858932 14.634830
v -10.650565 18.418097 16.531010
v -11.319600 18.290998 14.745990
v -12.290503 17.930779 12.416415
v -10.154865 18.634369 16.547672
v -10.765462 18.427309 14.604281
v -8.208633 20.290886 16.465641
v -8.650552 20.116257 14.347949
v -8.169123 20.179947 14.278018
v -11.753134 18.150026 12.304523
v -9.373980 19.603750 12.018481
v -8.843790 19.761936 11.795291
v -4.653533 19.650488 13.961123
v -5.701068 19.114967 11.085422
v -4.430861 19.382885 13.443179
v -4.191306 18.510056 12.807040
v -5.393340 18.842039 11.018695
v -5.010978 18.044909 10.918475
v -6.734214 17.870403 7.510043
v -6.307788 16.982372 7.683444
v -6.974544 18.148664 7.568210
v -7.659499 15.982425 4.897585
v -8.213634 16.828791 4.874225
v -10.454108 18.337563 8.547671
v -8.476680 17.077438 4.897296
v -9.934276 15.789401 3.190661
v -10.826674 18.267752 8.637362
v -11.958449 16.950731 6.257541
v -13.482618 17.146051 9.489383
v -10.206985 15.898091 3.331301
v -13.927961 16.948954 9.612399
v -15.052405 16.002789 7.651858
v -17.698570 15.104779 8.591998
v -13.011294 15.777699 4.758654
v -15.646003 15.364089 6.766970
v -18.519283 13.616734 7.076464
v -19.008713 12.576503 6.341692
v -16.594757 14.056034 5.209902
v -14.352759 14.311333 3.123980
v -17.377087 12.803456 4.177263
v -19.387524 11.556459 5.899858
v -19.614727 10.465454 5.509401
v -17.990211 11.652427 3.567583
v -16.405907 11.716112 1.184160
v -15.503577 13.038819 2.052126
v -15.402419 9.723351 -1.076445
v -14.713019 11.547151 -0.426687
v -13.489532 13.021404 0.708437
v -15.974471 7.662020 -1.524527
v -15.163470 9.607366 -1.270064
v -15.745742 7.618136 -1.818137
v -14.859275 9.399763 -1.279967
v -14.452659 11.524469 -0.630064
v -13.966109 11.002090 -0.708899
v -13.243522 13.036590 0.440661
v -12.515006 12.578440 0.386210
v -12.232055 14.224607 1.619082
v -11.822860 14.129757 1.445437
v -11.127265 13.819870 1.491305
v 0.858884 -4.672117 24.701126
v -0.000003 -4.730261 24.623108
v -0.000003 -4.256199 24.705292
v 2.703316 -3.803679 25.194046
v 0.769097 -4.168848 24.711411
v -0.000003 -2.931968 23.416336
v 4.910451 -1.126185 26.961868
v 2.403516 -3.402138 25.132385
v 0.833482 -2.950297 23.496964
v -0.000003 0.155950 26.067566
v 2.255276 -2.715129 24.072952
v 4.506074 -0.832067 26.896881
v 4.763299 0.159726 24.804413
v 6.429154 2.853661 26.009460
v 6.573248 1.101360 28.491180
v 6.114610 1.463894 28.425400
v 7.520415 2.543111 29.679810
v 8.227225 4.337981 31.146378
v 6.996991 2.840530 29.616882
v 8.640414 6.074427 32.442749
v 7.651753 4.544331 31.055695
v 8.076493 6.161479 32.314758
v 8.611500 7.458649 33.135422
v 7.587314 9.215754 33.672516
v 7.951074 7.348916 32.909027
v 7.066865 8.765641 33.332031
v 5.945780 10.395597 33.963394
v 4.080548 11.197230 33.843338
v 3.760270 10.399532 33.391708
v 1.696401 11.376708 33.805725
v -0.000003 11.423482 33.777832
v -0.858890 -4.672117 24.701126
v -2.703323 -3.803679 25.194046
v -0.769103 -4.168848 24.711411
v -4.910457 -1.126185 26.961868
v -2.403522 -3.402138 25.132385
v -0.833488 -2.950297 23.496964
v -2.255283 -2.715129 24.072952
v -4.506080 -0.832067 26.896881
v -4.763305 0.159726 24.804413
v -6.573252 1.101358 28.491180
v -6.429160 2.853661 26.009460
v -6.114615 1.463894 28.425400
v -7.520419 2.543109 29.679810
v -8.227228 4.337979 31.146378
v -6.996997 2.840530 29.616882
v -8.640417 6.074424 32.442749
v -7.651759 4.544331 31.055695
v -8.076499 6.161479 32.314758
v -8.611502 7.458647 33.135422
v -7.587317 9.215752 33.672516
v -7.951079 7.348916 32.909027
v -7.066871 8.765641 33.332031
v -3.760276 10.399532 33.391708
v -5.945784 10.395595 33.963394
v -4.080554 11.197230 33.843338
v -1.696406 11.376708 33.805725
v -0.000003 0.339447 8.209488
v 3.686944 -4.697300 5.698379
v -0.000003 -8.049021 0.773772
v 3.686944 0.719256 7.341476
v 3.686943 -7.365545 0.706450
v 3.686942 5.711186 4.673265
v -0.000003 6.242075 5.108933
v -0.000003 8.037766 -0.810629
v 7.392539 -2.328778 2.812332
v 7.392537 2.825139 2.304718
v 7.392539 0.353310 3.625931
v 3.686940 7.354290 -0.743323
v 8.108668 -0.005626 -0.018440
v 7.392538 -3.650000 0.340499
v 7.392538 -2.836395 -2.341584
v 3.686941 -5.722448 -4.710114
v -0.000003 -6.253336 -5.145799
v -0.000003 -0.797827 -8.061829
v 7.392537 -0.364563 -3.662811
v 3.686939 -0.730510 -7.378349
v 3.686939 4.686052 -5.735251
v -0.000003 5.121742 -6.266150
v 7.392536 2.317528 -2.849205
v 7.392538 3.638748 -0.377372
v -3.686950 -4.697300 5.698379
v -3.686950 0.719256 7.341476
v -3.686949 -7.365545 0.706450
v -3.686949 5.711186 4.673265
v -7.392545 -2.328778 2.812332
v -7.392543 2.825139 2.304718
v -7.392545 0.353310 3.625931
v -3.686947 7.354290 -0.743323
v -8.108674 -0.005626 -0.018440
v -7.392544 -3.650000 0.340499
v -7.392543 -2.836395 -2.341584
v -3.686947 -5.722448 -4.710114
v -7.392543 -0.364563 -3.662811
v -3.686946 -0.730510 -7.378349
v -3.686945 4.686052 -5.735251
v -7.392542 2.317528 -2.849205
v -7.392543 3.638748 -0.377372
v -0.000003 0.786570 8.024948
v -0.000003 -5.132990 6.229278
vt 0.371156 0.735701
vt 0.354002 0.726603
vt 0.371976 0.734276
vt 0.353116 0.728124
vt 0.365761 0.746090
vt 0.346106 0.722680
vt 0.348385 0.739553
vt 0.364345 0.749437
vt 0.345036 0.724062
vt 0.346926 0.743686
vt 0.363910 0.750916
vt 0.338680 0.734019
vt 0.346623 0.745168
vt 0.336155 0.738347
vt 0.328392 0.726563
vt 0.326621 0.730983
vt 0.334650 0.717821
vt 0.335771 0.716473
vt 0.329415 0.711248
vt 0.328062 0.712917
vt 0.318157 0.700733
vt 0.321758 0.721262
vt 0.316412 0.702190
vt 0.305973 0.689981
vt 0.311409 0.710090
vt 0.319902 0.724674
vt 0.309337 0.713088
vt 0.298910 0.697420
vt 0.325711 0.732700
vt 0.297061 0.700639
vt 0.318830 0.726110
vt 0.308061 0.714237
vt 0.334970 0.739239
vt 0.322149 0.739484
vt 0.331867 0.746586
vt 0.345085 0.753544
vt 0.362949 0.758564
vt 0.361355 0.781116
vt 0.331216 0.775326
vt 0.316617 0.773639
vt 0.331331 0.799151
vt 0.358227 0.804227
vt 0.323404 0.798325
vt 0.330582 0.821617
vt 0.353215 0.827052
vt 0.325284 0.822265
vt 0.335751 0.843395
vt 0.346211 0.847235
vt 0.325534 0.833783
vt 0.330723 0.852130
vt 0.341191 0.856584
vt 0.328226 0.838276
vt 0.335808 0.865447
vt 0.323665 0.846075
vt 0.326089 0.858928
vt 0.323442 0.863208
vt 0.333539 0.869058
vt 0.326754 0.880686
vt 0.318846 0.852864
vt 0.315956 0.874129
vt 0.313132 0.900631
vt 0.316648 0.856044
vt 0.302878 0.893729
vt 0.302462 0.913337
vt 0.304720 0.864146
vt 0.292814 0.905891
vt 0.292436 0.923469
vt 0.290946 0.885355
vt 0.283202 0.915739
vt 0.278613 0.935417
vt 0.281297 0.896732
vt 0.271086 0.927176
vt 0.263025 0.946922
vt 0.272381 0.905536
vt 0.256053 0.939091
vt 0.255689 0.951795
vt 0.260337 0.915827
vt 0.249354 0.943323
vt 0.247620 0.956571
vt 0.249108 0.932303
vt 0.245403 0.938608
vt 0.241203 0.947693
vt 0.236034 0.962475
vt 0.238342 0.934169
vt 0.229836 0.952995
vt 0.220221 0.969302
vt 0.231411 0.935501
vt 0.241756 0.928026
vt 0.214094 0.959414
vt 0.207756 0.974419
vt 0.220280 0.940772
vt 0.201258 0.964910
vt 0.200698 0.977582
vt 0.204519 0.947283
vt 0.229943 0.931083
vt 0.218135 0.936278
vt 0.194316 0.968161
vt 0.195445 0.980182
vt 0.189784 0.951926
vt 0.189375 0.970867
vt 0.194189 0.980913
vt 0.182902 0.955311
vt 0.185214 0.974232
vt 0.191438 0.982809
vt 0.187915 0.971788
vt 0.175240 0.963007
vt 0.177533 0.960600
vt 0.164224 0.954225
vt 0.178518 0.958918
vt 0.165855 0.951999
vt 0.156294 0.948726
vt 0.166856 0.950224
vt 0.158192 0.946636
vt 0.147273 0.942745
vt 0.170667 0.945956
vt 0.159407 0.944989
vt 0.149738 0.941103
vt 0.140091 0.934768
vt 0.137715 0.936719
vt 0.151247 0.939631
vt 0.163103 0.940542
vt 0.124609 0.926182
vt 0.122055 0.928119
vt 0.141350 0.932747
vt 0.155013 0.934985
vt 0.104898 0.913535
vt 0.102134 0.915571
vt 0.125787 0.924074
vt 0.086945 0.899958
vt 0.084716 0.902113
vt 0.105901 0.911739
vt 0.071889 0.887322
vt 0.069570 0.889722
vt 0.049540 0.871081
vt 0.087915 0.898702
vt 0.050923 0.867528
vt 0.029057 0.850624
vt 0.072685 0.885809
vt 0.031143 0.847807
vt 0.016218 0.844711
vt 0.051527 0.865709
vt 0.074334 0.879741
vt 0.010759 0.840881
vt 0.010325 0.843951
vt 0.017216 0.841614
vt 0.031197 0.845065
vt 0.017294 0.839076
vt 0.010580 0.838576
vt 0.009467 0.832827
vt 0.017835 0.833134
vt 0.053659 0.860338
vt 0.032455 0.839084
vt 0.017104 0.826594
vt 0.008281 0.827066
vt 0.055286 0.851203
vt 0.016094 0.816227
vt 0.006239 0.816507
vt 0.033641 0.830390
vt 0.033507 0.820819
vt 0.013640 0.800585
vt 0.003897 0.800671
vt 0.032813 0.801996
vt 0.011407 0.776611
vt 0.002204 0.776511
vt 0.051621 0.803806
vt 0.011778 0.758595
vt 0.002632 0.757787
vt 0.032304 0.779787
vt 0.006891 0.743538
vt 0.003994 0.743606
vt 0.032554 0.760386
vt 0.005412 0.739561
vt 0.004009 0.739508
vt 0.004672 0.733683
vt 0.015161 0.736407
vt 0.006531 0.734188
vt 0.007669 0.720915
vt 0.010186 0.733837
vt 0.010508 0.721496
vt 0.009749 0.713901
vt 0.014459 0.723317
vt 0.013739 0.714761
vt 0.011524 0.708010
vt 0.016486 0.721945
vt 0.018235 0.727528
vt 0.015893 0.708999
vt 0.013115 0.702885
vt 0.024220 0.710585
vt 0.025051 0.719415
vt 0.025628 0.724532
vt 0.034347 0.740143
vt 0.036724 0.722814
vt 0.037363 0.716933
vt 0.051879 0.762434
vt 0.053482 0.743028
vt 0.057217 0.721993
vt 0.051153 0.782684
vt 0.068396 0.764844
vt 0.067849 0.785701
vt 0.068494 0.805684
vt 0.069255 0.745233
vt 0.082962 0.788903
vt 0.083468 0.766014
vt 0.083058 0.806256
vt 0.094881 0.790564
vt 0.095791 0.806031
vt 0.085280 0.825792
vt 0.098280 0.823133
vt 0.052429 0.824791
vt 0.070792 0.826511
vt 0.076222 0.850134
vt 0.076508 0.869195
vt 0.090793 0.846629
vt 0.090309 0.891647
vt 0.097667 0.867688
vt 0.092570 0.882061
vt 0.108321 0.905280
vt 0.112487 0.894846
vt 0.127732 0.916698
vt 0.142291 0.925493
vt 0.131082 0.905753
vt 0.117666 0.883332
vt 0.145666 0.912056
vt 0.135379 0.894968
vt 0.111473 0.858025
vt 0.124942 0.874065
vt 0.103820 0.842303
vt 0.113198 0.837072
vt 0.108126 0.820028
vt 0.120210 0.851029
vt 0.118821 0.833955
vt 0.106095 0.805817
vt 0.115286 0.817920
vt 0.124539 0.847262
vt 0.131899 0.866103
vt 0.139494 0.885217
vt 0.134989 0.861556
vt 0.148896 0.901230
vt 0.143481 0.875978
vt 0.152127 0.891317
vt 0.159567 0.904116
vt 0.161303 0.893313
vt 0.155229 0.882419
vt 0.145879 0.870977
vt 0.156588 0.876086
vt 0.163280 0.884239
vt 0.164517 0.878061
vt 0.157155 0.874684
vt 0.146268 0.869489
vt 0.135779 0.860405
vt 0.158774 0.871630
vt 0.125655 0.846221
vt 0.148003 0.865830
vt 0.138076 0.856405
vt 0.120236 0.833177
vt 0.129145 0.842979
vt 0.150351 0.861481
vt 0.141324 0.850594
vt 0.160282 0.867160
vt 0.153621 0.854466
vt 0.162344 0.860182
vt 0.166617 0.868896
vt 0.164818 0.876689
vt 0.166081 0.873188
vt 0.172755 0.878803
vt 0.172780 0.877419
vt 0.173278 0.884851
vt 0.180698 0.877986
vt 0.173412 0.893890
vt 0.181803 0.883381
vt 0.180591 0.876644
vt 0.188711 0.876069
vt 0.183647 0.892964
vt 0.173675 0.873433
vt 0.190259 0.880708
vt 0.173310 0.869354
vt 0.179639 0.868934
vt 0.172600 0.862156
vt 0.180833 0.872798
vt 0.182822 0.860532
vt 0.188449 0.874746
vt 0.185867 0.867206
vt 0.188090 0.871043
vt 0.191475 0.864535
vt 0.181375 0.856503
vt 0.194430 0.867944
vt 0.172778 0.857790
vt 0.196152 0.871228
vt 0.164037 0.856187
vt 0.196514 0.872410
vt 0.156648 0.851314
vt 0.173440 0.833844
vt 0.151729 0.844031
vt 0.147643 0.845872
vt 0.145301 0.835429
vt 0.149608 0.835231
vt 0.134048 0.838765
vt 0.147321 0.824790
vt 0.123689 0.830409
vt 0.132077 0.825961
vt 0.121854 0.818034
vt 0.151285 0.826368
vt 0.155807 0.818332
vt 0.152889 0.815398
vt 0.117071 0.817007
vt 0.136457 0.819984
vt 0.162794 0.812762
vt 0.134986 0.819434
vt 0.143377 0.806228
vt 0.161187 0.808717
vt 0.130788 0.819162
vt 0.142429 0.804868
vt 0.155733 0.796122
vt 0.128719 0.803568
vt 0.120570 0.804038
vt 0.129026 0.793291
vt 0.155262 0.794204
vt 0.171034 0.805464
vt 0.170486 0.791392
vt 0.171156 0.809791
vt 0.181083 0.806028
vt 0.179667 0.810311
vt 0.187508 0.813786
vt 0.193197 0.820061
vt 0.190174 0.810293
vt 0.185193 0.792411
vt 0.196659 0.798138
vt 0.196901 0.817732
vt 0.207122 0.808055
vt 0.196604 0.828049
vt 0.211065 0.814696
vt 0.200703 0.827154
vt 0.208513 0.807145
vt 0.200912 0.837362
vt 0.213913 0.824512
vt 0.196755 0.836686
vt 0.194282 0.845128
vt 0.188859 0.851838
vt 0.197989 0.847137
vt 0.191670 0.855158
vt 0.196716 0.861534
vt 0.203961 0.856270
vt 0.200333 0.864401
vt 0.210594 0.849880
vt 0.207390 0.858572
vt 0.203282 0.867212
vt 0.215470 0.841516
vt 0.213899 0.851575
vt 0.211392 0.861309
vt 0.203723 0.868264
vt 0.212159 0.862398
vt 0.218834 0.854167
vt 0.220316 0.843647
vt 0.219008 0.832538
vt 0.225275 0.846485
vt 0.215456 0.824172
vt 0.225281 0.835783
vt 0.212722 0.814534
vt 0.222110 0.826291
vt 0.223956 0.819583
vt 0.228100 0.828666
vt 0.229961 0.821113
vt 0.224797 0.812970
vt 0.230992 0.813916
vt 0.225025 0.806087
vt 0.231446 0.806480
vt 0.236443 0.815580
vt 0.237309 0.807870
vt 0.235101 0.822998
vt 0.237559 0.815908
vt 0.233062 0.830859
vt 0.236037 0.823663
vt 0.230195 0.838313
vt 0.233943 0.831506
vt 0.231066 0.838957
vt 0.226258 0.847354
vt 0.241597 0.825917
vt 0.238697 0.834339
vt 0.234979 0.842347
vt 0.219930 0.855273
vt 0.230042 0.850926
vt 0.223588 0.858998
vt 0.215531 0.866215
vt 0.238105 0.859651
vt 0.206798 0.871914
vt 0.230396 0.867541
vt 0.198859 0.876646
vt 0.212104 0.879870
vt 0.203056 0.885650
vt 0.221464 0.874406
vt 0.215951 0.886449
vt 0.193234 0.890739
vt 0.204518 0.888967
vt 0.228940 0.884489
vt 0.217092 0.889152
vt 0.205669 0.891945
vt 0.184524 0.900754
vt 0.194759 0.895899
vt 0.173608 0.904838
vt 0.195459 0.901770
vt 0.158448 0.915622
vt 0.185545 0.908513
vt 0.174091 0.917013
vt 0.158715 0.929332
vt 0.187935 0.913738
vt 0.167974 0.934835
vt 0.179023 0.922058
vt 0.175759 0.939412
vt 0.184983 0.927490
vt 0.202759 0.944997
vt 0.191546 0.919159
vt 0.199766 0.912407
vt 0.195706 0.906530
vt 0.210263 0.907065
vt 0.205822 0.900966
vt 0.205577 0.897664
vt 0.217614 0.898421
vt 0.222245 0.903832
vt 0.216964 0.895657
vt 0.236362 0.894874
vt 0.240652 0.898788
vt 0.230639 0.886785
vt 0.257341 0.892204
vt 0.241740 0.880728
vt 0.235758 0.892398
vt 0.243939 0.882523
vt 0.252054 0.872898
vt 0.253379 0.888140
vt 0.254681 0.874739
vt 0.244409 0.851173
vt 0.255230 0.890297
vt 0.263866 0.881826
vt 0.265939 0.883811
vt 0.266999 0.884731
vt 0.276239 0.874418
vt 0.273963 0.872633
vt 0.283162 0.865247
vt 0.263838 0.865875
vt 0.280753 0.863592
vt 0.288416 0.855360
vt 0.260810 0.864078
vt 0.269731 0.856317
vt 0.267103 0.854495
vt 0.285863 0.853803
vt 0.273493 0.847131
vt 0.248823 0.841781
vt 0.271071 0.845462
vt 0.252335 0.832042
vt 0.276222 0.834236
vt 0.273174 0.833405
vt 0.254293 0.821414
vt 0.289898 0.840258
vt 0.277274 0.818125
vt 0.292482 0.841153
vt 0.291661 0.824125
vt 0.294976 0.824229
vt 0.312036 0.848006
vt 0.313096 0.825696
vt 0.314846 0.844696
vt 0.320267 0.839264
vt 0.315470 0.825392
vt 0.320490 0.823859
vt 0.313873 0.798412
vt 0.319363 0.797695
vt 0.311889 0.799058
vt 0.308932 0.777177
vt 0.314188 0.774795
vt 0.305558 0.757730
vt 0.291780 0.799113
vt 0.306985 0.777824
vt 0.289660 0.798803
vt 0.286247 0.780042
vt 0.273403 0.796458
vt 0.300152 0.761798
vt 0.298483 0.762653
vt 0.312881 0.730962
vt 0.293111 0.743331
vt 0.302041 0.718966
vt 0.288730 0.744396
vt 0.282751 0.731860
vt 0.296215 0.701409
vt 0.289682 0.706129
vt 0.282935 0.687949
vt 0.282081 0.689099
vt 0.270192 0.720157
vt 0.284790 0.685738
vt 0.276471 0.695051
vt 0.304370 0.690877
vt 0.290515 0.679067
vt 0.291510 0.677411
vt 0.266308 0.676062
vt 0.268384 0.672915
vt 0.273618 0.666754
vt 0.274446 0.665397
vt 0.245163 0.664308
vt 0.251338 0.654094
vt 0.252387 0.652154
vt 0.247237 0.661004
vt 0.237025 0.647572
vt 0.238051 0.645581
vt 0.234085 0.654273
vt 0.223416 0.641538
vt 0.224283 0.639332
vt 0.221169 0.648989
vt 0.232273 0.657800
vt 0.208750 0.636710
vt 0.209494 0.634034
vt 0.197231 0.630610
vt 0.219835 0.652734
vt 0.196646 0.632876
vt 0.185884 0.627573
vt 0.205988 0.643825
vt 0.194901 0.640764
vt 0.204724 0.647575
vt 0.185133 0.629763
vt 0.167172 0.624667
vt 0.184602 0.638288
vt 0.166511 0.626878
vt 0.143854 0.624612
vt 0.167920 0.635562
vt 0.193893 0.644354
vt 0.143892 0.626434
vt 0.128165 0.626270
vt 0.145940 0.634244
vt 0.128033 0.628378
vt 0.112129 0.629945
vt 0.130985 0.635400
vt 0.112550 0.631666
vt 0.097281 0.635033
vt 0.146421 0.638057
vt 0.097832 0.636587
vt 0.081155 0.642231
vt 0.116024 0.638736
vt 0.081764 0.643782
vt 0.061600 0.649498
vt 0.100198 0.643494
vt 0.131569 0.639473
vt 0.115109 0.643070
vt 0.131089 0.640912
vt 0.167933 0.639114
vt 0.146177 0.639452
vt 0.183523 0.642115
vt 0.167726 0.640432
vt 0.183142 0.643381
vt 0.163625 0.648431
vt 0.178625 0.650692
vt 0.193393 0.645537
vt 0.188307 0.652416
vt 0.204089 0.648633
vt 0.199262 0.655495
vt 0.219249 0.653832
vt 0.216114 0.660820
vt 0.231644 0.658930
vt 0.205459 0.680878
vt 0.244522 0.665443
vt 0.228390 0.666303
vt 0.265712 0.677254
vt 0.240912 0.672540
vt 0.260274 0.684105
vt 0.218363 0.686886
vt 0.231333 0.694179
vt 0.247246 0.703574
vt 0.259438 0.711692
vt 0.258369 0.713496
vt 0.245977 0.705392
vt 0.212786 0.702364
vt 0.225146 0.708656
vt 0.198438 0.697503
vt 0.207857 0.718094
vt 0.188978 0.674710
vt 0.192466 0.712687
vt 0.179840 0.692820
vt 0.178717 0.671199
vt 0.174263 0.708648
vt 0.169061 0.668637
vt 0.169053 0.689851
vt 0.188180 0.728888
vt 0.154009 0.664539
vt 0.159616 0.687260
vt 0.162521 0.705440
vt 0.145217 0.647119
vt 0.142073 0.682237
vt 0.143715 0.664012
vt 0.130454 0.647529
vt 0.130583 0.648925
vt 0.114920 0.644351
vt 0.115728 0.652070
vt 0.129271 0.663093
vt 0.100918 0.648954
vt 0.100323 0.647917
vt 0.101870 0.656343
vt 0.083122 0.650799
vt 0.115895 0.653133
vt 0.084193 0.656656
vt 0.117742 0.665136
vt 0.102116 0.657635
vt 0.086598 0.662471
vt 0.122744 0.680725
vt 0.105758 0.670853
vt 0.086904 0.663872
vt 0.076949 0.666192
vt 0.091236 0.675181
vt 0.077419 0.667587
vt 0.098200 0.691816
vt 0.081968 0.678048
vt 0.067504 0.670033
vt 0.068169 0.671395
vt 0.072802 0.680751
vt 0.066433 0.664104
vt 0.076642 0.693578
vt 0.075190 0.660426
vt 0.075055 0.658839
vt 0.059358 0.666898
vt 0.084150 0.654819
vt 0.066268 0.662735
vt 0.073301 0.654975
vt 0.063919 0.658973
vt 0.062708 0.650804
vt 0.057313 0.661344
vt 0.048562 0.654354
vt 0.047810 0.652614
vt 0.059189 0.665497
vt 0.050633 0.663720
vt 0.037287 0.655865
vt 0.036825 0.653801
vt 0.020175 0.657654
vt 0.020866 0.659848
vt 0.038243 0.666051
vt 0.051967 0.668114
vt 0.031973 0.667551
vt 0.027425 0.668645
vt 0.021940 0.668813
vt 0.021686 0.672881
vt 0.027704 0.673113
vt 0.021537 0.673970
vt 0.033996 0.672019
vt 0.027803 0.674425
vt 0.039876 0.670812
vt 0.034367 0.673092
vt 0.026682 0.679082
vt 0.020666 0.678000
vt 0.032464 0.679543
vt 0.039807 0.672302
vt 0.038831 0.679103
vt 0.052146 0.669526
vt 0.052915 0.675210
vt 0.060314 0.672756
vt 0.060706 0.674328
vt 0.053033 0.676956
vt 0.038810 0.680659
vt 0.055174 0.685100
vt 0.064086 0.683028
vt 0.031956 0.680705
vt 0.039213 0.690120
vt 0.060814 0.695441
vt 0.038891 0.699092
vt 0.027635 0.692046
vt 0.023805 0.689326
vt 0.017917 0.687512
vt 0.020520 0.697090
vt 0.015356 0.695471
vt 0.022746 0.703029
vt 0.017947 0.703679
vt 0.023708 0.707225
vt 0.038779 0.704300
vt 0.038244 0.707646
vt 0.061731 0.701475
vt 0.060708 0.704812
vt 0.058020 0.716169
vt 0.075695 0.705232
vt 0.077319 0.700140
vt 0.073818 0.717853
vt 0.098953 0.700544
vt 0.096708 0.706941
vt 0.119623 0.695485
vt 0.117174 0.703006
vt 0.134203 0.698029
vt 0.129012 0.707209
vt 0.151720 0.703587
vt 0.142719 0.714020
vt 0.159392 0.728821
vt 0.133598 0.721632
vt 0.172160 0.727778
vt 0.144355 0.731851
vt 0.160575 0.735611
vt 0.123220 0.715859
vt 0.172013 0.734398
vt 0.111902 0.710720
vt 0.126075 0.729078
vt 0.118577 0.721695
vt 0.109501 0.714179
vt 0.134411 0.736488
vt 0.116665 0.737963
vt 0.109983 0.731866
vt 0.091068 0.721699
vt 0.102207 0.726374
vt 0.073282 0.723888
vt 0.088496 0.727681
vt 0.098980 0.731441
vt 0.072905 0.725175
vt 0.088079 0.728977
vt 0.084832 0.747922
vt 0.098051 0.733236
vt 0.104763 0.737297
vt 0.095080 0.767268
vt 0.096181 0.750017
vt 0.103223 0.738409
vt 0.108274 0.744107
vt 0.106302 0.744891
vt 0.106618 0.751721
vt 0.119287 0.745550
vt 0.108754 0.751478
vt 0.105909 0.768067
vt 0.118865 0.756099
vt 0.105097 0.777546
vt 0.108427 0.768654
vt 0.104754 0.791199
vt 0.107205 0.778143
vt 0.115186 0.772148
vt 0.112191 0.780341
vt 0.109229 0.792317
vt 0.121224 0.761797
vt 0.121757 0.775988
vt 0.126859 0.767047
vt 0.128237 0.754590
vt 0.123989 0.749171
vt 0.139709 0.744648
vt 0.134971 0.758415
vt 0.128160 0.767972
vt 0.143106 0.752058
vt 0.150455 0.739016
vt 0.152661 0.747353
vt 0.161966 0.743893
vt 0.143849 0.753268
vt 0.135862 0.759377
vt 0.153175 0.748830
vt 0.146271 0.756571
vt 0.132024 0.769213
vt 0.139328 0.762146
vt 0.143907 0.766212
vt 0.154459 0.752403
vt 0.149748 0.761942
vt 0.134710 0.777517
vt 0.162216 0.745465
vt 0.126675 0.777856
vt 0.131185 0.785478
vt 0.123193 0.776751
vt 0.124207 0.784258
vt 0.122269 0.792825
vt 0.120618 0.783700
vt 0.119067 0.783104
vt 0.118062 0.792746
vt 0.116188 0.792797
vt 0.114848 0.804781
vt 0.116557 0.804707
vt 0.156777 0.758020
vt 0.162827 0.749424
vt 0.163777 0.755526
vt 0.170406 0.789558
vt 0.173072 0.748422
vt 0.172809 0.754981
vt 0.173116 0.744252
vt 0.173145 0.742578
vt 0.185849 0.745479
vt 0.187721 0.735170
vt 0.186395 0.743724
vt 0.203334 0.732709
vt 0.197491 0.746294
vt 0.219120 0.723315
vt 0.201214 0.738906
vt 0.213664 0.736817
vt 0.239282 0.717242
vt 0.232313 0.732392
vt 0.257438 0.715110
vt 0.249180 0.725707
vt 0.225758 0.744916
vt 0.239933 0.738428
vt 0.257532 0.733958
vt 0.267055 0.724995
vt 0.268491 0.723842
vt 0.265243 0.742588
vt 0.278789 0.734656
vt 0.277197 0.735965
vt 0.286314 0.745471
vt 0.273266 0.752627
vt 0.281148 0.767044
vt 0.252621 0.751975
vt 0.266907 0.781092
vt 0.258565 0.761284
vt 0.264039 0.773938
vt 0.245472 0.768040
vt 0.250669 0.780306
vt 0.241227 0.761266
vt 0.237995 0.771195
vt 0.254535 0.796298
vt 0.236761 0.755986
vt 0.270715 0.795912
vt 0.246796 0.745320
vt 0.232141 0.750804
vt 0.232682 0.761068
vt 0.222466 0.750585
vt 0.210550 0.743229
vt 0.227713 0.764633
vt 0.217721 0.755548
vt 0.206646 0.749614
vt 0.216051 0.757164
vt 0.205537 0.751221
vt 0.196557 0.747978
vt 0.225665 0.765771
vt 0.194896 0.751741
vt 0.221437 0.767123
vt 0.183809 0.749473
vt 0.181711 0.756189
vt 0.191673 0.758419
vt 0.185695 0.790687
vt 0.199292 0.760894
vt 0.202901 0.754274
vt 0.208035 0.765080
vt 0.212756 0.759714
vt 0.215985 0.772054
vt 0.197482 0.796651
vt 0.226516 0.774871
vt 0.219940 0.778679
vt 0.224334 0.797121
vt 0.222402 0.786120
vt 0.230993 0.796233
vt 0.229338 0.783152
vt 0.236775 0.796800
vt 0.234422 0.783458
vt 0.230803 0.774085
vt 0.238645 0.807860
vt 0.232737 0.773510
vt 0.236366 0.782841
vt 0.241395 0.781458
vt 0.238077 0.796807
vt 0.243689 0.796133
vt 0.243628 0.808859
vt 0.255664 0.810748
vt 0.242850 0.817447
vt 0.274197 0.817167
vt 0.354002 0.726603
vt 0.353116 0.728124
vt 0.346106 0.722680
vt 0.348385 0.739553
vt 0.345036 0.724062
vt 0.346926 0.743686
vt 0.338680 0.734019
vt 0.346623 0.745168
vt 0.336155 0.738347
vt 0.328392 0.726563
vt 0.326621 0.730983
vt 0.334650 0.717821
vt 0.335771 0.716473
vt 0.329415 0.711248
vt 0.328062 0.712917
vt 0.318157 0.700733
vt 0.321758 0.721262
vt 0.316412 0.702190
vt 0.305973 0.689981
vt 0.311409 0.710090
vt 0.319902 0.724674
vt 0.309337 0.713088
vt 0.298910 0.697420
vt 0.297061 0.700639
vt 0.304370 0.690877
vt 0.290515 0.679067
vt 0.291510 0.677411
vt 0.284790 0.685738
vt 0.273618 0.666754
vt 0.274446 0.665397
vt 0.268384 0.672915
vt 0.282935 0.687949
vt 0.266308 0.676062
vt 0.247237 0.661004
vt 0.251338 0.654094
vt 0.252387 0.652154
vt 0.245163 0.664308
vt 0.237025 0.647572
vt 0.238051 0.645581
vt 0.234085 0.654273
vt 0.223416 0.641538
vt 0.224283 0.639332
vt 0.221169 0.648989
vt 0.232273 0.657800
vt 0.208750 0.636710
vt 0.209494 0.634034
vt 0.197231 0.630610
vt 0.219835 0.652734
vt 0.196646 0.632876
vt 0.185884 0.627573
vt 0.205988 0.643825
vt 0.194901 0.640764
vt 0.204724 0.647575
vt 0.185133 0.629763
vt 0.167172 0.624667
vt 0.184602 0.638288
vt 0.166511 0.626878
vt 0.143854 0.624612
vt 0.167920 0.635562
vt 0.193893 0.644354
vt 0.143892 0.626434
vt 0.128165 0.626270
vt 0.145940 0.634244
vt 0.128033 0.628378
vt 0.112129 0.629945
vt 0.130985 0.635400
vt 0.112550 0.631666
vt 0.097281 0.635033
vt 0.146421 0.638057
vt 0.097832 0.636587
vt 0.081155 0.642231
vt 0.116024 0.638736
vt 0.081764 0.643782
vt 0.061600 0.649498
vt 0.100198 0.643494
vt 0.131569 0.639473
vt 0.115109 0.643070
vt 0.131089 0.640912
vt 0.167933 0.639114
vt 0.146177 0.639452
vt 0.183523 0.642115
vt 0.167726 0.640432
vt 0.183142 0.643381
vt 0.193393 0.645537
vt 0.163625 0.648431
vt 0.204089 0.648633
vt 0.178625 0.650692
vt 0.188307 0.652416
vt 0.199262 0.655495
vt 0.219249 0.653832
vt 0.216114 0.660820
vt 0.231644 0.658930
vt 0.205459 0.680878
vt 0.244522 0.665443
vt 0.228390 0.666303
vt 0.265712 0.677254
vt 0.240912 0.672540
vt 0.218363 0.686886
vt 0.282081 0.689099
vt 0.260274 0.684105
vt 0.231333 0.694179
vt 0.296215 0.701409
vt 0.276471 0.695051
vt 0.308061 0.714237
vt 0.289682 0.706129
vt 0.302041 0.718966
vt 0.318830 0.726110
vt 0.312881 0.730962
vt 0.325711 0.732700
vt 0.322149 0.739484
vt 0.334970 0.739239
vt 0.331867 0.746586
vt 0.305558 0.757730
vt 0.345085 0.753544
vt 0.331216 0.775326
vt 0.316617 0.773639
vt 0.331331 0.799151
vt 0.323404 0.798325
vt 0.330582 0.821617
vt 0.325284 0.822265
vt 0.335751 0.843395
vt 0.325534 0.833783
vt 0.330723 0.852130
vt 0.328226 0.838276
vt 0.323665 0.846075
vt 0.326089 0.858928
vt 0.323442 0.863208
vt 0.318846 0.852864
vt 0.315956 0.874129
vt 0.316648 0.856044
vt 0.302878 0.893729
vt 0.304720 0.864146
vt 0.292814 0.905891
vt 0.290946 0.885355
vt 0.283202 0.915739
vt 0.281297 0.896732
vt 0.271086 0.927176
vt 0.272381 0.905536
vt 0.256053 0.939091
vt 0.260337 0.915827
vt 0.249354 0.943323
vt 0.249108 0.932303
vt 0.245403 0.938608
vt 0.241203 0.947693
vt 0.238342 0.934169
vt 0.229836 0.952995
vt 0.231411 0.935501
vt 0.241756 0.928026
vt 0.214094 0.959414
vt 0.220280 0.940772
vt 0.201258 0.964910
vt 0.204519 0.947283
vt 0.229943 0.931083
vt 0.218135 0.936278
vt 0.194316 0.968161
vt 0.189784 0.951926
vt 0.189375 0.970867
vt 0.182902 0.955311
vt 0.185214 0.974232
vt 0.187915 0.971788
vt 0.175240 0.963007
vt 0.177533 0.960600
vt 0.164224 0.954225
vt 0.178518 0.958918
vt 0.165855 0.951999
vt 0.156294 0.948726
vt 0.166856 0.950224
vt 0.158192 0.946636
vt 0.147273 0.942745
vt 0.170667 0.945956
vt 0.159407 0.944989
vt 0.149738 0.941103
vt 0.140091 0.934768
vt 0.137715 0.936719
vt 0.151247 0.939631
vt 0.163103 0.940542
vt 0.124609 0.926182
vt 0.122055 0.928119
vt 0.141350 0.932747
vt 0.104898 0.913535
vt 0.102134 0.915571
vt 0.125787 0.924074
vt 0.155013 0.934985
vt 0.086945 0.899958
vt 0.084716 0.902113
vt 0.105901 0.911739
vt 0.071889 0.887322
vt 0.069570 0.889722
vt 0.049540 0.871081
vt 0.087915 0.898702
vt 0.050923 0.867528
vt 0.029057 0.850624
vt 0.072685 0.885809
vt 0.031143 0.847807
vt 0.016218 0.844711
vt 0.051527 0.865709
vt 0.074334 0.879741
vt 0.090309 0.891647
vt 0.017216 0.841614
vt 0.017294 0.839076
vt 0.031197 0.845065
vt 0.017835 0.833134
vt 0.017104 0.826594
vt 0.032455 0.839084
vt 0.053659 0.860338
vt 0.033641 0.830390
vt 0.076508 0.869195
vt 0.055286 0.851203
vt 0.092570 0.882061
vt 0.052429 0.824791
vt 0.108321 0.905280
vt 0.033507 0.820819
vt 0.127732 0.916698
vt 0.016094 0.816227
vt 0.112487 0.894846
vt 0.013640 0.800585
vt 0.032813 0.801996
vt 0.011407 0.776611
vt 0.051621 0.803806
vt 0.032304 0.779787
vt 0.011778 0.758595
vt 0.051153 0.782684
vt 0.006891 0.743538
vt 0.032554 0.760386
vt 0.015161 0.736407
vt 0.005412 0.739561
vt 0.010186 0.733837
vt 0.006531 0.734188
vt 0.010508 0.721496
vt 0.014459 0.723317
vt 0.013739 0.714761
vt 0.016486 0.721945
vt 0.018235 0.727528
vt 0.015893 0.708999
vt 0.024220 0.710585
vt 0.025051 0.719415
vt 0.025628 0.724532
vt 0.034347 0.740143
vt 0.036724 0.722814
vt 0.051879 0.762434
vt 0.053482 0.743028
vt 0.037363 0.716933
vt 0.057217 0.721993
vt 0.068396 0.764844
vt 0.038244 0.707646
vt 0.069255 0.745233
vt 0.067849 0.785701
vt 0.083468 0.766014
vt 0.068494 0.805684
vt 0.082962 0.788903
vt 0.070792 0.826511
vt 0.083058 0.806256
vt 0.085280 0.825792
vt 0.076222 0.850134
vt 0.098280 0.823133
vt 0.097667 0.867688
vt 0.090793 0.846629
vt 0.103820 0.842303
vt 0.095791 0.806031
vt 0.108126 0.820028
vt 0.094881 0.790564
vt 0.106095 0.805817
vt 0.113198 0.837072
vt 0.111473 0.858025
vt 0.117666 0.883332
vt 0.120210 0.851029
vt 0.131082 0.905753
vt 0.124942 0.874065
vt 0.135379 0.894968
vt 0.142291 0.925493
vt 0.145666 0.912056
vt 0.139494 0.885217
vt 0.158715 0.929332
vt 0.148896 0.901230
vt 0.158448 0.915622
vt 0.159567 0.904116
vt 0.167974 0.934835
vt 0.174091 0.917013
vt 0.175759 0.939412
vt 0.179023 0.922058
vt 0.184983 0.927490
vt 0.202759 0.944997
vt 0.191546 0.919159
vt 0.199766 0.912407
vt 0.187935 0.913738
vt 0.185545 0.908513
vt 0.195706 0.906530
vt 0.210263 0.907065
vt 0.222245 0.903832
vt 0.205822 0.900966
vt 0.240652 0.898788
vt 0.217614 0.898421
vt 0.236362 0.894874
vt 0.257341 0.892204
vt 0.255230 0.890297
vt 0.266999 0.884731
vt 0.265939 0.883811
vt 0.276239 0.874418
vt 0.263866 0.881826
vt 0.283162 0.865247
vt 0.273963 0.872633
vt 0.288416 0.855360
vt 0.280753 0.863592
vt 0.263838 0.865875
vt 0.253379 0.888140
vt 0.254681 0.874739
vt 0.269731 0.856317
vt 0.235758 0.892398
vt 0.260810 0.864078
vt 0.243939 0.882523
vt 0.252054 0.872898
vt 0.216964 0.895657
vt 0.230639 0.886785
vt 0.241740 0.880728
vt 0.205577 0.897664
vt 0.217092 0.889152
vt 0.195459 0.901770
vt 0.205669 0.891945
vt 0.194759 0.895899
vt 0.184524 0.900754
vt 0.193234 0.890739
vt 0.204518 0.888967
vt 0.173608 0.904838
vt 0.173412 0.893890
vt 0.183647 0.892964
vt 0.190259 0.880708
vt 0.161303 0.893313
vt 0.181803 0.883381
vt 0.173278 0.884851
vt 0.152127 0.891317
vt 0.163280 0.884239
vt 0.155229 0.882419
vt 0.143481 0.875978
vt 0.172755 0.878803
vt 0.164517 0.878061
vt 0.156588 0.876086
vt 0.131899 0.866103
vt 0.145879 0.870977
vt 0.157155 0.874684
vt 0.164818 0.876689
vt 0.146268 0.869489
vt 0.134989 0.861556
vt 0.124539 0.847262
vt 0.135779 0.860405
vt 0.158774 0.871630
vt 0.148003 0.865830
vt 0.125655 0.846221
vt 0.118821 0.833955
vt 0.138076 0.856405
vt 0.115286 0.817920
vt 0.120236 0.833177
vt 0.129145 0.842979
vt 0.150351 0.861481
vt 0.141324 0.850594
vt 0.160282 0.867160
vt 0.153621 0.854466
vt 0.166617 0.868896
vt 0.162344 0.860182
vt 0.166081 0.873188
vt 0.173310 0.869354
vt 0.172780 0.877419
vt 0.173675 0.873433
vt 0.172600 0.862156
vt 0.179639 0.868934
vt 0.180591 0.876644
vt 0.180698 0.877986
vt 0.188711 0.876069
vt 0.180833 0.872798
vt 0.188449 0.874746
vt 0.198859 0.876646
vt 0.185867 0.867206
vt 0.203056 0.885650
vt 0.188090 0.871043
vt 0.215951 0.886449
vt 0.212104 0.879870
vt 0.228940 0.884489
vt 0.221464 0.874406
vt 0.230396 0.867541
vt 0.215531 0.866215
vt 0.206798 0.871914
vt 0.196514 0.872410
vt 0.203723 0.868264
vt 0.196152 0.871228
vt 0.212159 0.862398
vt 0.194430 0.867944
vt 0.203282 0.867212
vt 0.200333 0.864401
vt 0.191475 0.864535
vt 0.196716 0.861534
vt 0.182822 0.860532
vt 0.191670 0.855158
vt 0.203961 0.856270
vt 0.181375 0.856503
vt 0.172778 0.857790
vt 0.188859 0.851838
vt 0.164037 0.856187
vt 0.173440 0.833844
vt 0.156648 0.851314
vt 0.197989 0.847137
vt 0.151729 0.844031
vt 0.147643 0.845872
vt 0.145301 0.835429
vt 0.149608 0.835231
vt 0.134048 0.838765
vt 0.147321 0.824790
vt 0.123689 0.830409
vt 0.132077 0.825961
vt 0.121854 0.818034
vt 0.151285 0.826368
vt 0.155807 0.818332
vt 0.152889 0.815398
vt 0.117071 0.817007
vt 0.136457 0.819984
vt 0.162794 0.812762
vt 0.134986 0.819434
vt 0.143377 0.806228
vt 0.161187 0.808717
vt 0.130788 0.819162
vt 0.142429 0.804868
vt 0.155733 0.796122
vt 0.128719 0.803568
vt 0.120570 0.804038
vt 0.129026 0.793291
vt 0.116557 0.804707
vt 0.114848 0.804781
vt 0.118062 0.792746
vt 0.122269 0.792825
vt 0.109229 0.792317
vt 0.116188 0.792797
vt 0.119067 0.783104
vt 0.120618 0.783700
vt 0.124207 0.784258
vt 0.123193 0.776751
vt 0.112191 0.780341
vt 0.104754 0.791199
vt 0.121757 0.775988
vt 0.107205 0.778143
vt 0.105097 0.777546
vt 0.115186 0.772148
vt 0.108427 0.768654
vt 0.095080 0.767268
vt 0.105909 0.768067
vt 0.084832 0.747922
vt 0.096181 0.750017
vt 0.072905 0.725175
vt 0.088079 0.728977
vt 0.073282 0.723888
vt 0.098051 0.733236
vt 0.088496 0.727681
vt 0.098980 0.731441
vt 0.103223 0.738409
vt 0.104763 0.737297
vt 0.102207 0.726374
vt 0.109983 0.731866
vt 0.091068 0.721699
vt 0.109501 0.714179
vt 0.073818 0.717853
vt 0.096708 0.706941
vt 0.058020 0.716169
vt 0.075695 0.705232
vt 0.060708 0.704812
vt 0.038779 0.704300
vt 0.061731 0.701475
vt 0.023708 0.707225
vt 0.060814 0.695441
vt 0.017947 0.703679
vt 0.038891 0.699092
vt 0.022746 0.703029
vt 0.020520 0.697090
vt 0.027635 0.692046
vt 0.023805 0.689326
vt 0.039213 0.690120
vt 0.026682 0.679082
vt 0.031956 0.680705
vt 0.027803 0.674425
vt 0.032464 0.679543
vt 0.038810 0.680659
vt 0.055174 0.685100
vt 0.038831 0.679103
vt 0.053033 0.676956
vt 0.064086 0.683028
vt 0.060706 0.674328
vt 0.052915 0.675210
vt 0.034367 0.673092
vt 0.039807 0.672302
vt 0.060314 0.672756
vt 0.039876 0.670812
vt 0.052146 0.669526
vt 0.051967 0.668114
vt 0.033996 0.672019
vt 0.038243 0.666051
vt 0.027704 0.673113
vt 0.031973 0.667551
vt 0.027425 0.668645
vt 0.037287 0.655865
vt 0.036825 0.653801
vt 0.047810 0.652614
vt 0.048562 0.654354
vt 0.050633 0.663720
vt 0.062708 0.650804
vt 0.057313 0.661344
vt 0.059189 0.665497
vt 0.063919 0.658973
vt 0.059358 0.666898
vt 0.066268 0.662735
vt 0.073301 0.654975
vt 0.066433 0.664104
vt 0.083122 0.650799
vt 0.075055 0.658839
vt 0.084150 0.654819
vt 0.100323 0.647917
vt 0.084193 0.656656
vt 0.075190 0.660426
vt 0.100918 0.648954
vt 0.076949 0.666192
vt 0.067504 0.670033
vt 0.086598 0.662471
vt 0.068169 0.671395
vt 0.077419 0.667587
vt 0.072802 0.680751
vt 0.086904 0.663872
vt 0.081968 0.678048
vt 0.091236 0.675181
vt 0.076642 0.693578
vt 0.098200 0.691816
vt 0.077319 0.700140
vt 0.098953 0.700544
vt 0.105758 0.670853
vt 0.119623 0.695485
vt 0.102116 0.657635
vt 0.122744 0.680725
vt 0.117742 0.665136
vt 0.101870 0.656343
vt 0.115895 0.653133
vt 0.115728 0.652070
vt 0.114920 0.644351
vt 0.130454 0.647529
vt 0.130583 0.648925
vt 0.129271 0.663093
vt 0.145217 0.647119
vt 0.143715 0.664012
vt 0.154009 0.664539
vt 0.142073 0.682237
vt 0.169061 0.668637
vt 0.159616 0.687260
vt 0.134203 0.698029
vt 0.151720 0.703587
vt 0.178717 0.671199
vt 0.169053 0.689851
vt 0.162521 0.705440
vt 0.188978 0.674710
vt 0.179840 0.692820
vt 0.198438 0.697503
vt 0.174263 0.708648
vt 0.192466 0.712687
vt 0.212786 0.702364
vt 0.188180 0.728888
vt 0.207857 0.718094
vt 0.225146 0.708656
vt 0.172160 0.727778
vt 0.203334 0.732709
vt 0.159392 0.728821
vt 0.219120 0.723315
vt 0.172013 0.734398
vt 0.239282 0.717242
vt 0.160575 0.735611
vt 0.187721 0.735170
vt 0.161966 0.743893
vt 0.213664 0.736817
vt 0.173145 0.742578
vt 0.150455 0.739016
vt 0.201214 0.738906
vt 0.144355 0.731851
vt 0.232313 0.732392
vt 0.142719 0.714020
vt 0.129012 0.707209
vt 0.133598 0.721632
vt 0.117174 0.703006
vt 0.123220 0.715859
vt 0.111902 0.710720
vt 0.118577 0.721695
vt 0.126075 0.729078
vt 0.116665 0.737963
vt 0.134411 0.736488
vt 0.108274 0.744107
vt 0.119287 0.745550
vt 0.106302 0.744891
vt 0.108754 0.751478
vt 0.106618 0.751721
vt 0.118865 0.756099
vt 0.123989 0.749171
vt 0.121224 0.761797
vt 0.128237 0.754590
vt 0.126859 0.767047
vt 0.139709 0.744648
vt 0.134971 0.758415
vt 0.128160 0.767972
vt 0.143106 0.752058
vt 0.126675 0.777856
vt 0.135862 0.759377
vt 0.131185 0.785478
vt 0.132024 0.769213
vt 0.134710 0.777517
vt 0.155262 0.794204
vt 0.143907 0.766212
vt 0.139328 0.762146
vt 0.146271 0.756571
vt 0.149748 0.761942
vt 0.143849 0.753268
vt 0.154459 0.752403
vt 0.152661 0.747353
vt 0.153175 0.748830
vt 0.162216 0.745465
vt 0.156777 0.758020
vt 0.162827 0.749424
vt 0.173116 0.744252
vt 0.163777 0.755526
vt 0.173072 0.748422
vt 0.186395 0.743724
vt 0.185849 0.745479
vt 0.172809 0.754981
vt 0.197491 0.746294
vt 0.183809 0.749473
vt 0.170406 0.789558
vt 0.181711 0.756189
vt 0.194896 0.751741
vt 0.191673 0.758419
vt 0.196557 0.747978
vt 0.199292 0.760894
vt 0.185695 0.790687
vt 0.202901 0.754274
vt 0.208035 0.765080
vt 0.205537 0.751221
vt 0.212756 0.759714
vt 0.206646 0.749614
vt 0.216051 0.757164
vt 0.210550 0.743229
vt 0.217721 0.755548
vt 0.225758 0.744916
vt 0.222466 0.750585
vt 0.225665 0.765771
vt 0.239933 0.738428
vt 0.221437 0.767123
vt 0.249180 0.725707
vt 0.215985 0.772054
vt 0.226516 0.774871
vt 0.197482 0.796651
vt 0.219940 0.778679
vt 0.229338 0.783152
vt 0.185193 0.792411
vt 0.222402 0.786120
vt 0.170486 0.791392
vt 0.171034 0.805464
vt 0.181083 0.806028
vt 0.171156 0.809791
vt 0.179667 0.810311
vt 0.187508 0.813786
vt 0.196659 0.798138
vt 0.190174 0.810293
vt 0.193197 0.820061
vt 0.207122 0.808055
vt 0.196901 0.817732
vt 0.196604 0.828049
vt 0.208513 0.807145
vt 0.211065 0.814696
vt 0.200703 0.827154
vt 0.224334 0.797121
vt 0.212722 0.814534
vt 0.230993 0.796233
vt 0.225025 0.806087
vt 0.234422 0.783458
vt 0.231446 0.806480
vt 0.230803 0.774085
vt 0.236775 0.796800
vt 0.227713 0.764633
vt 0.236366 0.782841
vt 0.232737 0.773510
vt 0.232682 0.761068
vt 0.238077 0.796807
vt 0.237995 0.771195
vt 0.241395 0.781458
vt 0.243689 0.796133
vt 0.238645 0.807860
vt 0.243628 0.808859
vt 0.254535 0.796298
vt 0.255664 0.810748
vt 0.242850 0.817447
vt 0.237309 0.807870
vt 0.237559 0.815908
vt 0.230992 0.813916
vt 0.236443 0.815580
vt 0.224797 0.812970
vt 0.223956 0.819583
vt 0.229961 0.821113
vt 0.235101 0.822998
vt 0.236037 0.823663
vt 0.228100 0.828666
vt 0.233062 0.830859
vt 0.222110 0.826291
vt 0.215456 0.824172
vt 0.219008 0.832538
vt 0.213913 0.824512
vt 0.225281 0.835783
vt 0.200912 0.837362
vt 0.215470 0.841516
vt 0.220316 0.843647
vt 0.196755 0.836686
vt 0.194282 0.845128
vt 0.210594 0.849880
vt 0.213899 0.851575
vt 0.207390 0.858572
vt 0.211392 0.861309
vt 0.218834 0.854167
vt 0.225275 0.846485
vt 0.219930 0.855273
vt 0.230195 0.838313
vt 0.223588 0.858998
vt 0.233943 0.831506
vt 0.238105 0.859651
vt 0.230042 0.850926
vt 0.244409 0.851173
vt 0.226258 0.847354
vt 0.234979 0.842347
vt 0.231066 0.838957
vt 0.238697 0.834339
vt 0.248823 0.841781
vt 0.267103 0.854495
vt 0.241597 0.825917
vt 0.252335 0.832042
vt 0.254293 0.821414
vt 0.271071 0.845462
vt 0.273174 0.833405
vt 0.274197 0.817167
vt 0.273493 0.847131
vt 0.276222 0.834236
vt 0.285863 0.853803
vt 0.289898 0.840258
vt 0.292482 0.841153
vt 0.277274 0.818125
vt 0.291661 0.824125
vt 0.294976 0.824229
vt 0.312036 0.848006
vt 0.313096 0.825696
vt 0.314846 0.844696
vt 0.320267 0.839264
vt 0.315470 0.825392
vt 0.320490 0.823859
vt 0.313873 0.798412
vt 0.319363 0.797695
vt 0.311889 0.799058
vt 0.314188 0.774795
vt 0.308932 0.777177
vt 0.291780 0.799113
vt 0.306985 0.777824
vt 0.300152 0.761798
vt 0.289660 0.798803
vt 0.286247 0.780042
vt 0.273403 0.796458
vt 0.298483 0.762653
vt 0.270715 0.795912
vt 0.266907 0.781092
vt 0.250669 0.780306
vt 0.281148 0.767044
vt 0.264039 0.773938
vt 0.245472 0.768040
vt 0.241227 0.761266
vt 0.258565 0.761284
vt 0.273266 0.752627
vt 0.252621 0.751975
vt 0.236761 0.755986
vt 0.232141 0.750804
vt 0.246796 0.745320
vt 0.257532 0.733958
vt 0.265243 0.742588
vt 0.257438 0.715110
vt 0.267055 0.724995
vt 0.277197 0.735965
vt 0.245977 0.705392
vt 0.258369 0.713496
vt 0.247246 0.703574
vt 0.259438 0.711692
vt 0.268491 0.723842
vt 0.270192 0.720157
vt 0.278789 0.734656
vt 0.282751 0.731860
vt 0.286314 0.745471
vt 0.288730 0.744396
vt 0.293111 0.743331
vt 0.016494 0.851824
vt 0.017797 0.857536
vt 0.013417 0.854790
vt 0.021742 0.855761
vt 0.012144 0.857876
vt 0.027942 0.865038
vt 0.032392 0.863858
vt 0.016345 0.860621
vt 0.006699 0.868819
vt 0.047939 0.879566
vt 0.051898 0.877425
vt 0.026057 0.867658
vt 0.011725 0.870009
vt 0.004057 0.895026
vt 0.020482 0.873688
vt 0.023189 0.901900
vt 0.011866 0.957403
vt 0.045660 0.881782
vt 0.034846 0.891828
vt 0.046097 0.907952
vt 0.062788 0.894100
vt 0.067387 0.891604
vt 0.059983 0.896733
vt 0.072509 0.903738
vt 0.078590 0.901411
vt 0.049632 0.914029
vt 0.082657 0.916133
vt 0.089057 0.914282
vt 0.069526 0.906088
vt 0.089384 0.928969
vt 0.098183 0.930099
vt 0.079204 0.917949
vt 0.056392 0.923332
vt 0.044064 0.923248
vt 0.061582 0.930941
vt 0.085908 0.929954
vt 0.091792 0.937785
vt 0.101368 0.943221
vt 0.063761 0.937810
vt 0.091422 0.950011
vt 0.101920 0.950893
vt 0.087679 0.938375
vt 0.100657 0.958367
vt 0.064141 0.952139
vt 0.086804 0.949312
vt 0.089327 0.961920
vt 0.098500 0.965432
vt 0.084531 0.959577
vt 0.084735 0.973187
vt 0.094683 0.976609
vt 0.078804 0.972091
vt 0.079790 0.986724
vt 0.089317 0.989594
vt 0.086224 0.999346
vt 0.076713 0.996811
vt 0.074097 0.985244
vt 0.070824 0.994873
vt 0.060088 0.992065
vt 0.062979 0.979854
vt 0.056701 0.990949
vt 0.063593 0.964646
vt 0.059511 0.971574
vt 0.054212 0.947502
vt 0.017797 0.857536
vt 0.021742 0.855761
vt 0.027942 0.865038
vt 0.032392 0.863858
vt 0.016345 0.860621
vt 0.047939 0.879566
vt 0.051898 0.877425
vt 0.026057 0.867658
vt 0.011725 0.870009
vt 0.020482 0.873688
vt 0.023189 0.901900
vt 0.045660 0.881782
vt 0.034846 0.891828
vt 0.062788 0.894100
vt 0.067387 0.891604
vt 0.046097 0.907952
vt 0.059983 0.896733
vt 0.072509 0.903738
vt 0.078590 0.901411
vt 0.049632 0.914029
vt 0.082657 0.916133
vt 0.089057 0.914282
vt 0.069526 0.906088
vt 0.089384 0.928969
vt 0.098183 0.930099
vt 0.079204 0.917949
vt 0.056392 0.923332
vt 0.044064 0.923248
vt 0.061582 0.930941
vt 0.085908 0.929954
vt 0.091792 0.937785
vt 0.101368 0.943221
vt 0.063761 0.937810
vt 0.091422 0.950011
vt 0.101920 0.950893
vt 0.087679 0.938375
vt 0.100657 0.958367
vt 0.054212 0.947502
vt 0.064141 0.952139
vt 0.086804 0.949312
vt 0.059511 0.971574
vt 0.063593 0.964646
vt 0.084531 0.959577
vt 0.062979 0.979854
vt 0.078804 0.972091
vt 0.089327 0.961920
vt 0.098500 0.965432
vt 0.084735 0.973187
vt 0.094683 0.976609
vt 0.079790 0.986724
vt 0.089317 0.989594
vt 0.074097 0.985244
vt 0.075444 0.475551
vt 0.058722 0.465031
vt 0.071104 0.480144
vt 0.084145 0.479486
vt 0.055257 0.469309
vt 0.081417 0.486621
vt 0.095376 0.484078
vt 0.064566 0.486397
vt 0.051865 0.473688
vt 0.046481 0.480827
vt 0.070162 0.495142
vt 0.091065 0.494262
vt 0.101843 0.486815
vt 0.057269 0.493055
vt 0.047695 0.502212
vt 0.036965 0.490945
vt 0.061348 0.499439
vt 0.008961 0.541854
vt 0.065176 0.508932
vt 0.054890 0.518846
vt 0.074946 0.506680
vt 0.066849 0.520213
vt 0.097023 0.502046
vt 0.112299 0.493321
vt 0.076551 0.520192
vt 0.101827 0.509666
vt 0.121218 0.501185
vt 0.105176 0.519567
vt 0.128600 0.512793
vt 0.066144 0.533112
vt 0.108465 0.529415
vt 0.134742 0.526826
vt 0.075633 0.534953
vt 0.111359 0.545951
vt 0.139118 0.545622
vt 0.141022 0.556757
vt 0.073123 0.547272
vt 0.112146 0.563848
vt 0.141138 0.567241
vt 0.139859 0.577958
vt 0.063882 0.545512
vt 0.070931 0.558216
vt 0.108867 0.575480
vt 0.136588 0.585722
vt 0.132123 0.592202
vt 0.058217 0.539604
vt 0.061276 0.555446
vt 0.055139 0.558144
vt 0.058130 0.565913
vt 0.068461 0.568934
vt 0.064184 0.579821
vt 0.100741 0.591497
vt 0.122841 0.602454
vt 0.109052 0.614085
vt 0.092927 0.601005
vt 0.098960 0.620457
vt 0.083296 0.608740
vt 0.087788 0.625781
vt 0.058943 0.592236
vt 0.072049 0.617249
vt 0.077287 0.630134
vt 0.052638 0.602206
vt 0.065449 0.620055
vt 0.065403 0.634513
vt 0.056701 0.624585
vt 0.051563 0.640320
vt 0.043258 0.609057
vt 0.046583 0.632234
vt 0.041400 0.645443
vt 0.044983 0.594818
vt 0.036538 0.639857
vt 0.031179 0.648614
vt 0.032202 0.613750
vt 0.027414 0.644131
vt 0.014630 0.652762
vt 0.012428 0.647685
vt 0.022337 0.615867
vt 0.011411 0.617060
vt 0.011604 0.609253
vt 0.020625 0.607550
vt 0.009827 0.597954
vt 0.029307 0.605183
vt 0.021434 0.595604
vt 0.037390 0.600968
vt 0.035750 0.590192
vt 0.048321 0.576146
vt 0.050074 0.586255
vt 0.054210 0.577211
vt 0.071104 0.480144
vt 0.075444 0.475551
vt 0.084145 0.479486
vt 0.081417 0.486621
vt 0.095376 0.484078
vt 0.064566 0.486397
vt 0.091065 0.494262
vt 0.101843 0.486815
vt 0.070162 0.495142
vt 0.057269 0.493055
vt 0.047695 0.502212
vt 0.061348 0.499439
vt 0.065176 0.508932
vt 0.054890 0.518846
vt 0.074946 0.506680
vt 0.066849 0.520213
vt 0.097023 0.502046
vt 0.112299 0.493321
vt 0.076551 0.520192
vt 0.101827 0.509666
vt 0.121218 0.501185
vt 0.105176 0.519567
vt 0.128600 0.512793
vt 0.066144 0.533112
vt 0.108465 0.529415
vt 0.134742 0.526826
vt 0.075633 0.534953
vt 0.111359 0.545951
vt 0.139118 0.545622
vt 0.141022 0.556757
vt 0.063882 0.545512
vt 0.112146 0.563848
vt 0.141138 0.567241
vt 0.073123 0.547272
vt 0.139859 0.577958
vt 0.070931 0.558216
vt 0.108867 0.575480
vt 0.136588 0.585722
vt 0.132123 0.592202
vt 0.061276 0.555446
vt 0.100741 0.591497
vt 0.122841 0.602454
vt 0.109052 0.614085
vt 0.068461 0.568934
vt 0.092927 0.601005
vt 0.098960 0.620457
vt 0.064184 0.579821
vt 0.083296 0.608740
vt 0.087788 0.625781
vt 0.058130 0.565913
vt 0.058943 0.592236
vt 0.054210 0.577211
vt 0.072049 0.617249
vt 0.077287 0.630134
vt 0.052638 0.602206
vt 0.065449 0.620055
vt 0.065403 0.634513
vt 0.044983 0.594818
vt 0.056701 0.624585
vt 0.051563 0.640320
vt 0.043258 0.609057
vt 0.046583 0.632234
vt 0.041400 0.645443
vt 0.050074 0.586255
vt 0.036538 0.639857
vt 0.031179 0.648614
vt 0.048321 0.576146
vt 0.027414 0.644131
vt 0.022337 0.615867
vt 0.032202 0.613750
vt 0.020625 0.607550
vt 0.029307 0.605183
vt 0.021434 0.595604
vt 0.037390 0.600968
vt 0.035750 0.590192
vt 0.055139 0.558144
vt 0.058217 0.539604
vt 0.793836 0.273511
vt 0.756041 0.316268
vt 0.774633 0.257605
vt 0.829261 0.229270
vt 0.780866 0.313937
vt 0.831592 0.254096
vt 0.800281 0.351693
vt 0.784376 0.370896
vt 0.843039 0.389488
vt 0.818737 0.294574
vt 0.821345 0.326791
vt 0.813369 0.311223
vt 0.840708 0.364662
vt 0.836150 0.309379
vt 0.834306 0.286598
vt 0.850955 0.291967
vt 0.872018 0.267065
vt 0.887924 0.247862
vt 0.916258 0.302490
vt 0.858931 0.307535
vt 0.891433 0.304821
vt 0.878464 0.345247
vt 0.897666 0.361153
vt 0.853562 0.324184
vt 0.837993 0.332160
vt 0.793836 0.273511
vt 0.780866 0.313937
vt 0.831592 0.254096
vt 0.800281 0.351693
vt 0.818737 0.294574
vt 0.821345 0.326791
vt 0.813369 0.311223
vt 0.840708 0.364662
vt 0.836150 0.309379
vt 0.834306 0.286598
vt 0.850955 0.291967
vt 0.872018 0.267065
vt 0.858931 0.307535
vt 0.891433 0.304821
vt 0.878464 0.345247
vt 0.853562 0.324184
vt 0.837993 0.332160
vn -0.0480 -0.3957 -0.9171
vn -0.0424 -0.7514 -0.6585
vn -0.0093 -0.5384 -0.8427
vn -0.0998 -0.4200 -0.9020
vn -0.0487 -0.3498 -0.9355
vn -0.3015 -0.6452 -0.7020
vn -0.1119 -0.3455 -0.9317
vn -0.0700 -0.0901 -0.9935
vn -0.3510 -0.3868 -0.8527
vn -0.1500 -0.1037 -0.9832
vn -0.1045 0.9501 -0.2939
vn -0.3463 -0.3426 -0.8733
vn -0.1076 0.9593 -0.2611
vn -0.3590 -0.0313 -0.9328
vn -0.5414 -0.2645 -0.7981
vn -0.4872 0.0283 -0.8728
vn -0.5902 -0.2507 -0.7673
vn -0.5593 -0.4772 -0.6779
vn -0.7520 -0.5113 -0.4159
vn -0.7441 -0.1420 -0.6528
vn -0.7946 -0.1926 -0.5757
vn -0.6974 -0.1445 -0.7020
vn -0.7346 -0.0139 -0.6783
vn -0.7402 -0.0947 -0.6657
vn -0.7134 -0.0369 -0.6998
vn -0.5780 0.1508 -0.8020
vn -0.5428 0.2396 -0.8049
vn -0.6481 0.0064 -0.7615
vn 0.0351 0.9730 -0.2283
vn -0.5126 0.1912 -0.8371
vn 0.1828 0.9241 -0.3355
vn 0.2716 0.8614 -0.4292
vn -0.0629 0.9754 -0.2112
vn 0.0528 0.9523 -0.3007
vn -0.0725 0.9567 -0.2818
vn -0.1457 0.9636 -0.2242
vn -0.0962 0.9828 -0.1575
vn -0.1892 0.9493 -0.2512
vn -0.1622 0.9448 -0.2848
vn -0.0598 0.9378 -0.3418
vn -0.1976 0.9338 -0.2983
vn -0.2221 0.9327 -0.2842
vn -0.2724 0.8930 -0.3582
vn -0.2158 0.9348 -0.2822
vn -0.2230 0.9346 -0.2772
vn -0.4616 0.8040 -0.3749
vn -0.2205 0.8999 -0.3763
vn -0.1674 0.8929 -0.4180
vn -0.5120 0.7402 -0.4358
vn -0.2271 0.6651 -0.7114
vn -0.1472 0.6911 -0.7076
vn -0.3151 0.8413 -0.4393
vn -0.1481 0.7060 -0.6926
vn -0.3901 0.6136 -0.6865
vn -0.2300 0.7078 -0.6679
vn -0.1598 0.9762 -0.1466
vn -0.1723 0.9688 -0.1784
vn -0.1338 0.9890 0.0625
vn -0.3564 0.7479 -0.5600
vn -0.1521 0.9855 0.0755
vn -0.1123 0.9819 0.1525
vn -0.1812 0.9792 -0.0910
vn -0.1495 0.9761 0.1574
vn -0.1060 0.9717 0.2109
vn -0.2009 0.9790 0.0339
vn -0.1400 0.9661 0.2167
vn -0.1053 0.9591 0.2626
vn -0.2011 0.9654 0.1659
vn -0.1261 0.9519 0.2793
vn -0.0818 0.9415 0.3268
vn -0.1760 0.9543 0.2414
vn -0.0958 0.9304 0.3539
vn -0.0548 0.8656 0.4977
vn -0.1482 0.9378 0.3139
vn -0.0635 0.8583 0.5092
vn -0.0537 0.7517 0.6573
vn -0.1130 0.9158 0.3855
vn -0.0702 0.7587 0.6476
vn -0.0457 0.8940 0.4456
vn -0.1271 0.8684 0.4794
vn -0.1571 0.7537 0.6381
vn -0.0927 0.8990 0.4281
vn -0.0529 0.9192 0.3902
vn -0.2604 0.7889 0.5565
vn -0.0676 0.9098 0.4095
vn -0.0301 0.8924 0.4503
vn -0.2740 0.8370 0.4737
vn -0.0920 0.8927 0.4411
vn 0.0001 0.8744 0.4853
vn -0.0123 0.8150 0.5793
vn -0.1695 0.8602 0.4809
vn 0.0378 0.7996 0.5994
vn -0.0106 0.7310 0.6823
vn -0.0208 0.8309 0.5560
vn -0.0597 0.8616 0.5042
vn -0.0072 0.8182 0.5748
vn 0.0380 0.7188 0.6942
vn -0.0142 0.5993 0.8004
vn 0.1383 0.7430 0.6548
vn 0.0374 0.5838 0.8110
vn -0.0479 -0.4727 0.8799
vn 0.1625 0.6759 0.7189
vn -0.0953 -0.7276 0.6793
vn -0.0495 -0.7131 0.6993
vn -0.0804 -0.4631 0.8826
vn -0.2349 -0.7647 0.6000
vn -0.1452 -0.4359 0.8882
vn -0.4113 -0.7565 0.5084
vn 0.1219 0.4884 0.8641
vn -0.2502 -0.4812 0.8401
vn -0.5377 -0.6924 0.4811
vn 0.1813 0.3125 0.9324
vn -0.2980 -0.4922 0.8179
vn -0.6297 -0.6427 0.4363
vn 0.2215 0.5325 0.8170
vn 0.2755 0.1464 0.9501
vn -0.3089 -0.5322 0.7883
vn -0.4661 -0.5531 0.6905
vn -0.8500 -0.4449 0.2820
vn 0.3259 -0.0360 0.9447
vn 0.3755 0.3364 0.8636
vn -0.7321 -0.4066 0.5466
vn -0.9942 -0.0511 0.0951
vn 0.2714 -0.3053 0.9128
vn 0.4562 0.1491 0.8773
vn -0.8597 -0.2144 0.4636
vn -0.9861 0.1385 0.0917
vn 0.1320 -0.5595 0.8183
vn -0.8461 -0.1107 0.5214
vn -0.9469 0.1396 0.2895
vn 0.0460 -0.6447 0.7631
vn -0.7768 -0.0347 0.6288
vn -0.8917 0.2242 0.3931
vn -0.8246 0.1839 0.5349
vn 0.0249 -0.6555 0.7548
vn -0.6801 -0.0333 0.7323
vn -0.6918 0.4018 0.6000
vn 0.0489 -0.6232 0.7806
vn -0.5684 0.0704 0.8197
vn -0.3406 0.6489 0.6803
vn 0.0553 -0.5865 0.8081
vn 0.1227 -0.6422 0.7567
vn -0.1026 0.3604 0.9271
vn -0.1228 0.7140 0.6893
vn -0.2922 0.3162 0.9026
vn -0.0032 -0.5313 0.8472
vn -0.0575 -0.4242 0.9038
vn -0.0324 -0.3747 0.9266
vn 0.0347 -0.5177 0.8549
vn 0.0174 -0.5542 0.8322
vn 0.1310 -0.6078 0.7832
vn 0.0930 -0.5973 0.7966
vn 0.0907 -0.6027 0.7928
vn 0.0429 -0.6080 0.7928
vn 0.1478 -0.6257 0.7659
vn 0.1034 -0.6768 0.7289
vn 0.0014 -0.7026 0.7116
vn 0.1495 -0.6395 0.7541
vn 0.1642 -0.6658 0.7278
vn 0.0975 -0.7549 0.6486
vn 0.0041 -0.7570 0.6534
vn 0.1610 -0.7260 0.6686
vn 0.0962 -0.7836 0.6138
vn 0.0256 -0.7860 0.6177
vn 0.2193 -0.7068 0.6726
vn 0.1084 -0.8515 0.5130
vn 0.0240 -0.8479 0.5297
vn 0.1694 -0.7757 0.6079
vn -0.0239 -0.9141 0.4048
vn -0.0172 -0.9484 0.3166
vn 0.1913 -0.8409 0.5062
vn -0.5043 -0.8591 0.0879
vn -0.1421 -0.9870 0.0756
vn 0.2086 -0.9666 0.1491
vn 0.0972 -0.9058 0.4124
vn -0.4275 -0.8983 0.1014
vn -0.0296 -0.9952 0.0928
vn -0.3787 -0.9025 0.2051
vn -0.4220 -0.9066 0.0045
vn -0.0378 -0.9984 -0.0413
vn -0.4592 -0.8876 0.0358
vn -0.2046 -0.9504 -0.2345
vn -0.0444 -0.9983 -0.0382
vn -0.2511 -0.9289 -0.2722
vn -0.0792 -0.9793 0.1862
vn -0.0261 -0.9993 -0.0277
vn -0.0548 -0.9985 -0.0025
vn -0.1318 -0.9359 -0.3268
vn -0.1467 -0.9217 -0.3591
vn 0.0892 -0.9627 0.2554
vn 0.2034 -0.8933 0.4008
vn 0.1958 -0.9589 0.2051
vn -0.0076 -0.9315 -0.3637
vn 0.2897 -0.8270 0.4818
vn 0.3017 -0.8757 0.3770
vn 0.2650 -0.9347 0.2370
vn 0.2466 -0.7728 0.5847
vn 0.3593 -0.8152 0.4542
vn 0.3089 -0.7733 0.5537
vn 0.2378 -0.7135 0.6591
vn 0.3511 -0.8497 0.3934
vn 0.3563 -0.7790 0.5159
vn 0.4042 -0.8008 0.4420
vn 0.2842 -0.7280 0.6239
vn 0.3828 -0.7833 0.4898
vn 0.3284 -0.7400 0.5870
vn 0.2297 -0.6666 0.7091
vn 0.2400 -0.6786 0.6942
vn 0.1833 -0.6496 0.7378
vn 0.1850 -0.6708 0.7182
vn 0.1609 -0.6297 0.7600
vn 0.1364 -0.6114 0.7795
vn 0.2115 -0.6285 0.7485
vn 0.1452 -0.6679 0.7299
vn 0.1921 -0.6030 0.7743
vn 0.1813 -0.6491 0.7388
vn 0.2054 -0.6404 0.7401
vn 0.2959 -0.6029 0.7409
vn 0.2980 -0.5257 0.7968
vn 0.4100 -0.1541 0.8990
vn 0.3950 -0.4680 0.7905
vn 0.2759 -0.5577 0.7828
vn 0.4418 -0.1117 0.8902
vn 0.3877 -0.4334 0.8136
vn 0.1759 -0.5926 0.7861
vn 0.2190 -0.5100 0.8318
vn 0.1982 -0.6464 0.7368
vn 0.2016 -0.6625 0.7214
vn 0.3131 -0.6984 0.6436
vn 0.1718 -0.5893 0.7894
vn 0.3474 -0.6469 0.6789
vn 0.4330 -0.7359 0.5205
vn 0.5240 -0.6536 0.5461
vn 0.2823 -0.5721 0.7701
vn 0.2419 -0.4510 0.8591
vn 0.3568 -0.3602 0.8619
vn 0.3516 -0.3963 0.8481
vn 0.4446 -0.1231 0.8872
vn 0.3906 -0.2804 0.8768
vn 0.4379 -0.1081 0.8925
vn 0.3941 0.2898 0.8722
vn 0.4073 0.2433 0.8803
vn 0.4939 -0.0638 0.8672
vn 0.4890 -0.2086 0.8470
vn 0.6271 -0.0485 0.7775
vn 0.4783 0.1838 0.8587
vn 0.6268 0.1579 0.7630
vn 0.9835 0.0383 -0.1770
vn 0.9976 0.0577 -0.0382
vn 0.9966 0.0258 0.0777
vn 0.8969 0.0734 -0.4360
vn 0.9717 -0.0808 0.2220
vn 0.9087 0.1642 -0.3837
vn 0.9557 0.2140 -0.2023
vn 0.9536 -0.1665 0.2509
vn 0.9844 0.1672 -0.0557
vn 0.9815 0.1253 -0.1450
vn 0.9735 0.2042 -0.1027
vn 0.9918 0.0477 -0.1185
vn 0.9664 0.1536 -0.2063
vn 0.9755 0.0098 -0.2197
vn 0.9995 0.0116 -0.0299
vn 0.9708 0.0047 -0.2399
vn 0.8939 -0.0183 -0.4479
vn 0.6081 0.3009 0.7346
vn 0.9483 -0.0599 -0.3116
vn 0.4136 0.3680 0.8328
vn 0.5890 0.4349 0.6811
vn 0.3221 0.4423 0.8370
vn 0.3510 0.5237 0.7762
vn 0.9665 -0.1084 -0.2327
vn 0.5528 0.5457 0.6298
vn 0.2788 0.5746 0.7695
vn 0.9046 -0.1172 -0.4099
vn 0.2895 0.6646 0.6889
vn 0.9994 0.0159 0.0304
vn 0.9974 0.0155 0.0697
vn 0.9735 -0.1068 -0.2024
vn 0.9210 -0.2135 -0.3257
vn 0.9770 -0.1776 -0.1180
vn 0.9888 -0.1119 -0.0991
vn 0.9983 0.0202 0.0541
vn 0.9295 -0.2725 -0.2486
vn 0.9945 0.0231 0.1021
vn 0.7761 -0.4549 -0.4367
vn 0.9339 -0.2969 -0.1994
vn 0.7933 -0.2382 -0.5603
vn 0.9850 -0.1557 -0.0744
vn 0.8020 0.0068 -0.5973
vn 0.5073 0.6181 0.6005
vn 0.7990 0.2497 -0.5471
vn 0.9947 -0.0143 0.1019
vn 0.7867 0.4598 -0.4119
vn 0.9223 0.3055 -0.2367
vn 0.9559 0.2837 -0.0760
vn 0.7693 0.6039 -0.2083
vn 0.9759 0.1841 -0.1173
vn 0.9858 0.1645 0.0332
vn 0.9770 0.1900 -0.0969
vn 0.9655 0.1541 -0.2097
vn 0.9557 0.2739 -0.1073
vn 0.7471 0.6640 0.0312
vn 0.7202 0.6364 0.2762
vn 0.9953 0.0193 0.0945
vn 0.9859 -0.0649 0.1544
vn 0.9780 -0.1674 -0.1247
vn 0.6940 0.5208 0.4971
vn 0.8607 0.5047 -0.0661
vn 0.9777 -0.2100 -0.0043
vn 0.9947 -0.0144 0.1017
vn 0.9101 0.3869 -0.1484
vn 0.9778 0.2018 0.0570
vn 0.9751 -0.2115 -0.0667
vn 0.9407 0.3120 -0.1332
vn 0.9270 0.3569 -0.1152
vn 0.9641 0.2648 -0.0197
vn 0.9920 0.0675 0.1071
vn 0.9941 -0.0212 0.1061
vn 0.9770 -0.1554 -0.1457
vn 0.6743 0.3329 0.6592
vn 0.9970 -0.0194 0.0752
vn 0.6664 0.0959 0.7394
vn 0.6619 -0.1513 0.7341
vn 0.6684 -0.3813 0.6386
vn 0.9937 -0.0253 0.1095
vn 0.9808 -0.0633 -0.1842
vn 0.9839 0.0111 -0.1784
vn 0.9897 -0.0213 0.1418
vn 0.9862 0.1131 -0.1211
vn 0.6820 -0.5628 0.4671
vn 0.9709 0.2281 -0.0727
vn 0.9945 0.0047 0.1044
vn 0.9726 -0.0689 0.2220
vn 0.9982 0.0105 0.0587
vn 0.9736 0.2201 -0.0606
vn 0.7050 -0.6670 0.2409
vn 0.7315 -0.6819 -0.0050
vn 0.7553 -0.6095 -0.2411
vn 0.9919 -0.0801 0.0988
vn 0.9869 -0.1605 0.0147
vn 0.9966 0.0416 0.0713
vn 0.9956 0.0458 0.0812
vn 0.9365 -0.3068 -0.1697
vn 0.9984 0.0310 0.0477
vn 0.9237 -0.3646 -0.1181
vn 0.9815 -0.1802 -0.0651
vn 0.9998 0.0149 -0.0106
vn 0.9103 -0.4119 -0.0422
vn 0.9879 -0.1541 0.0172
vn 0.4695 0.6982 0.5404
vn 0.4063 0.7844 0.4686
vn 0.9919 -0.1018 0.0757
vn 0.9128 -0.4082 0.0156
vn 0.9592 -0.2737 0.0709
vn 0.9927 -0.0761 0.0933
vn 0.9798 -0.0874 0.1801
vn 0.9053 -0.4126 0.1010
vn 0.9644 -0.0583 0.2578
vn 0.8936 -0.3819 0.2359
vn 0.9057 -0.2889 0.3101
vn 0.8851 -0.4202 0.2003
vn 0.8892 -0.3679 0.2720
vn 0.9181 -0.2789 0.2817
vn 0.8965 -0.3428 0.2806
vn 0.9356 -0.1987 0.2919
vn 0.8909 -0.3131 0.3292
vn 0.9643 -0.1465 0.2206
vn 0.9643 -0.1118 0.2401
vn 0.9620 -0.1649 0.2177
vn 0.5563 0.8101 -0.1851
vn 0.9719 -0.1477 0.1832
vn 0.4760 0.8738 -0.0993
vn 0.9835 -0.1173 0.1378
vn 0.3986 0.9167 -0.0271
vn 0.3405 0.9345 0.1041
vn 0.3521 0.9028 0.2471
vn 0.1521 0.9787 -0.1378
vn 0.0919 0.9947 -0.0464
vn 0.0490 0.9954 0.0818
vn 0.3630 0.8507 0.3801
vn 0.0509 0.9749 0.2169
vn 0.0686 0.9284 0.3651
vn 0.1185 0.8788 0.4623
vn 0.0382 0.9771 0.2092
vn 0.1695 0.8043 0.5695
vn 0.0600 0.9419 0.3305
vn 0.2181 0.7432 0.6325
vn 0.1289 0.8339 0.5367
vn 0.1595 0.7841 0.5998
vn 0.0908 0.9006 0.4250
vn 0.2525 0.8562 0.4507
vn 0.2396 0.6956 0.6773
vn 0.3486 0.7791 0.5211
vn 0.1738 0.9198 0.3518
vn 0.4885 0.8267 0.2792
vn 0.5293 0.7091 0.4659
vn 0.3957 0.5116 0.7627
vn 0.4344 0.6293 0.6444
vn 0.3713 0.4355 0.8201
vn 0.5778 0.5170 0.6316
vn 0.4079 0.2822 0.8683
vn 0.5009 0.3867 0.7743
vn 0.4709 0.3390 0.8145
vn 0.4446 0.2413 0.8626
vn 0.4283 0.4663 0.7740
vn 0.3761 0.3759 0.8469
vn 0.4291 0.3689 0.8245
vn 0.1599 0.6079 0.7777
vn 0.1352 0.6419 0.7548
vn 0.0413 0.7502 0.6599
vn 0.1093 0.7289 0.6758
vn 0.0763 0.7689 0.6348
vn 0.3961 0.6069 0.6890
vn 0.0576 0.7909 0.6092
vn 0.3554 0.7353 0.5770
vn 0.5681 0.6627 0.4880
vn 0.2595 0.8558 0.4474
vn 0.0119 0.8546 0.5192
vn 0.5019 0.8154 0.2886
vn 0.2222 0.9088 0.3532
vn -0.0407 0.8943 0.4456
vn 0.4559 0.8742 0.1672
vn -0.1166 0.9146 0.3872
vn 0.1452 0.9499 0.2768
vn 0.4740 0.8665 0.1562
vn 0.4922 0.8608 0.1296
vn 0.1180 0.9777 0.1737
vn 0.4579 0.8750 0.1571
vn 0.4763 0.8749 0.0879
vn 0.0275 0.9953 0.0933
vn 0.1169 0.9376 0.3275
vn 0.4867 0.8665 0.1109
vn 0.1561 0.9592 0.2358
vn -0.1715 0.9435 0.2837
vn -0.1241 0.9662 0.2258
vn 0.5370 0.8296 0.1531
vn -0.1647 0.9796 0.1152
vn 0.5351 0.8401 0.0886
vn 0.5672 0.8135 0.1289
vn -0.1192 0.9915 -0.0526
vn 0.1074 0.9906 0.0841
vn 0.5931 0.8001 0.0896
vn 0.1044 0.9938 0.0383
vn 0.5805 0.8111 0.0720
vn 0.6005 0.7950 0.0857
vn 0.0360 0.9993 0.0094
vn 0.1105 0.9937 -0.0205
vn 0.0670 0.9946 -0.0799
vn 0.5323 0.8433 0.0735
vn 0.1107 0.9914 -0.0697
vn 0.1101 0.9837 -0.1422
vn 0.5554 0.8311 0.0296
vn 0.4749 0.8794 -0.0329
vn -0.1039 0.9784 -0.1790
vn 0.5121 0.8574 -0.0509
vn -0.0244 0.9596 -0.2803
vn -0.1587 0.9722 -0.1719
vn -0.1768 0.9429 -0.2822
vn -0.4936 0.7437 -0.4508
vn -0.6494 0.5530 -0.5220
vn -0.7177 0.5505 -0.4264
vn -0.7618 0.4825 -0.4324
vn -0.7679 0.4014 -0.4991
vn -0.7150 0.4978 -0.4909
vn -0.0559 0.9275 -0.3697
vn -0.6214 0.4659 -0.6300
vn -0.5489 0.5821 -0.6000
vn 0.0258 0.8808 -0.4728
vn 0.1080 0.9211 -0.3739
vn 0.0824 0.8966 -0.4351
vn 0.4319 0.8846 -0.1760
vn 0.3088 0.8757 -0.3712
vn 0.4115 0.8959 -0.1673
vn -0.3101 0.5680 -0.7624
vn 0.2261 0.8478 -0.4797
vn 0.2020 0.9206 -0.3341
vn 0.1920 0.8506 -0.4896
vn 0.3382 0.8559 -0.3912
vn -0.1338 0.6098 -0.7812
vn 0.3449 0.7799 -0.5223
vn 0.3767 0.7699 -0.5151
vn 0.4754 0.7558 -0.4503
vn -0.3593 0.1789 -0.9159
vn 0.5247 0.6322 -0.5701
vn 0.4878 0.6684 -0.5615
vn -0.5724 -0.0122 -0.8199
vn 0.6244 0.6151 -0.4815
vn -0.6654 0.0079 -0.7464
vn -0.5953 -0.0120 -0.8034
vn -0.7101 -0.1434 -0.6893
vn -0.3500 0.0453 -0.9357
vn -0.5039 -0.0579 -0.8618
vn -0.5043 -0.0259 -0.8631
vn -0.6368 -0.1025 -0.7642
vn -0.2847 0.0227 -0.9583
vn -0.4038 0.0272 -0.9144
vn -0.6491 -0.1179 -0.7515
vn -0.4033 -0.0186 -0.9149
vn -0.2942 0.0457 -0.9547
vn -0.6066 -0.0668 -0.7922
vn -0.3176 -0.0062 -0.9482
vn -0.2286 0.0127 -0.9734
vn -0.5408 -0.0415 -0.8401
vn -0.2535 -0.0324 -0.9668
vn -0.2613 -0.0031 -0.9653
vn -0.1219 -0.0811 -0.9892
vn -0.3470 -0.0481 -0.9366
vn -0.3997 -0.1453 -0.9050
vn -0.2306 -0.0466 -0.9719
vn -0.1755 -0.2013 -0.9637
vn -0.4830 -0.1418 -0.8641
vn -0.1929 -0.0920 -0.9769
vn -0.2075 -0.1640 -0.9644
vn -0.1978 -0.0933 -0.9758
vn -0.2552 -0.2265 -0.9400
vn -0.6816 0.0265 -0.7313
vn -0.2354 -0.1999 -0.9511
vn -0.4019 -0.2254 -0.8875
vn -0.5692 -0.1958 -0.7986
vn -0.3287 -0.2346 -0.9148
vn -0.1826 -0.1703 -0.9683
vn -0.5168 -0.2743 -0.8110
vn -0.4016 -0.4852 -0.7768
vn -0.4554 -0.2898 -0.8418
vn -0.5271 -0.3725 -0.7638
vn -0.5536 -0.4381 -0.7083
vn -0.5601 -0.3154 -0.7660
vn -0.5831 -0.4184 -0.6964
vn -0.6715 -0.4079 -0.6186
vn -0.2739 -0.4006 -0.8743
vn -0.6132 -0.4812 -0.6264
vn -0.7046 -0.3802 -0.5992
vn -0.6492 -0.3094 -0.6948
vn -0.6455 -0.4569 -0.6120
vn -0.7176 -0.1115 -0.6875
vn -0.7208 -0.3142 -0.6179
vn -0.4584 -0.3849 -0.8011
vn -0.6552 -0.2892 -0.6979
vn 0.5297 -0.7724 -0.3505
vn -0.2360 -0.2867 -0.9285
vn 0.6085 -0.7032 -0.3678
vn -0.1800 -0.2226 -0.9582
vn 0.7185 -0.6075 -0.3387
vn 0.8293 -0.4631 -0.3127
vn 0.8306 -0.5473 -0.1028
vn 0.9078 -0.4120 -0.0780
vn 0.9210 -0.2460 -0.3019
vn 0.9739 -0.2163 -0.0684
vn 0.9598 -0.0358 -0.2784
vn 0.9957 -0.0514 -0.0770
vn 0.9082 0.1712 -0.3819
vn 0.9801 0.1477 -0.1329
vn 0.8624 0.3339 -0.3805
vn 0.9861 0.0058 -0.1662
vn 0.7714 0.4430 -0.4568
vn 0.9386 0.2770 -0.2058
vn 0.6402 0.5211 -0.5645
vn 0.8644 0.3814 -0.3276
vn 0.7526 0.4862 -0.4440
vn 0.9541 0.0799 -0.2885
vn 0.8810 0.1909 -0.4329
vn 0.7773 0.3670 -0.5109
vn 0.6443 0.5203 -0.5605
vn 0.1683 0.3247 -0.9307
vn 0.7340 0.2176 -0.6433
vn 0.9271 -0.1063 -0.3594
vn 0.8725 -0.0141 -0.4883
vn 0.9589 -0.1572 -0.2362
vn 0.9365 -0.1903 -0.2944
vn 0.9907 -0.1159 -0.0718
vn 0.9428 -0.2195 -0.2507
vn 0.9620 -0.2256 -0.1538
vn 0.9771 -0.2093 -0.0390
vn 0.9313 -0.2602 -0.2550
vn 0.9224 -0.3848 -0.0344
vn 0.9627 -0.2388 -0.1275
vn 0.9429 -0.1994 -0.2669
vn 0.8605 -0.5087 -0.0270
vn 0.9087 -0.4045 -0.1031
vn 0.9202 -0.3178 -0.2285
vn 0.7587 -0.6422 -0.1089
vn 0.8217 -0.5689 -0.0344
vn 0.8036 -0.5946 -0.0258
vn 0.6092 -0.7531 -0.2483
vn 0.7579 -0.6511 -0.0409
vn 0.4788 -0.8279 -0.2922
vn 0.5758 -0.7943 -0.1939
vn 0.7726 -0.6349 0.0024
vn 0.3466 -0.8995 -0.2660
vn -0.7799 -0.1861 -0.5976
vn 0.4739 -0.8657 -0.1610
vn -0.7380 -0.2683 -0.6192
vn 0.7364 -0.6762 0.0222
vn 0.2212 -0.9378 -0.2677
vn 0.7255 -0.6841 0.0751
vn 0.7149 -0.6894 0.1169
vn 0.4022 -0.9065 -0.1285
vn 0.7365 -0.6762 0.0204
vn 0.6986 -0.7100 0.0887
vn 0.6795 -0.7030 0.2099
vn 0.3321 -0.9406 -0.0704
vn 0.6290 -0.7638 0.1448
vn 0.6189 -0.7326 0.2834
vn 0.6228 -0.7814 0.0393
vn 0.5723 -0.7933 0.2080
vn 0.2629 -0.9638 -0.0443
vn 0.5545 -0.7502 0.3601
vn 0.5174 -0.8065 0.2860
vn 0.0997 -0.9698 -0.2224
vn 0.5008 -0.8543 0.1393
vn 0.1459 -0.9562 -0.2537
vn -0.7344 -0.0396 -0.6776
vn 0.0527 -0.9765 -0.2090
vn -0.7601 -0.1880 -0.6220
vn -0.7220 0.0991 -0.6847
vn -0.7085 -0.2652 -0.6540
vn -0.6784 -0.1322 -0.7227
vn -0.6559 -0.3322 -0.6779
vn -0.6251 -0.1103 -0.7727
vn -0.5304 -0.1345 -0.8370
vn -0.5503 0.2532 -0.7957
vn -0.6147 0.1535 -0.7737
vn -0.4537 0.0331 -0.8905
vn -0.2824 -0.0004 -0.9593
vn -0.1902 0.5272 -0.8282
vn -0.0779 0.5301 -0.8443
vn -0.1220 -0.0130 -0.9924
vn -0.3433 0.0417 -0.9383
vn -0.4540 0.1568 -0.8771
vn -0.2438 -0.1065 -0.9639
vn -0.2706 -0.4339 -0.8594
vn -0.0455 -0.3467 -0.9369
vn -0.0722 -0.5040 -0.8607
vn -0.4894 -0.3007 -0.8186
vn -0.0546 -0.9385 -0.3409
vn -0.4782 0.1306 -0.8685
vn -0.6135 -0.7698 -0.1763
vn -0.3476 0.1692 -0.9223
vn -0.4110 -0.8816 -0.2323
vn -0.3810 -0.9010 0.2076
vn -0.0028 -0.9755 0.2201
vn -0.3903 -0.9207 -0.0006
vn -0.0169 -0.9568 -0.2904
vn 0.0587 -0.9958 -0.0706
vn 0.0181 -0.9799 -0.1987
vn 0.1470 -0.9891 -0.0048
vn 0.2091 -0.9779 -0.0058
vn 0.4841 -0.7657 0.4234
vn 0.3954 -0.7959 0.4585
vn 0.3033 -0.8091 0.5033
vn 0.3805 -0.8466 0.3722
vn 0.4706 -0.8253 0.3120
vn -0.0465 -0.8550 0.5165
vn 0.2738 -0.8655 0.4194
vn 0.3567 -0.9152 0.1876
vn 0.2341 -0.9443 0.2312
vn 0.0464 -0.9301 0.3644
vn -0.1896 -0.9211 0.3400
vn 0.0136 -0.9527 0.3036
vn -0.1384 -0.9801 0.1424
vn -0.0279 -0.9893 0.1435
vn 0.0341 -0.9912 0.1280
vn -0.0457 -0.9989 -0.0059
vn 0.0320 -0.9995 0.0060
vn 0.1389 -0.9885 -0.0604
vn -0.0315 -0.9199 -0.3910
vn 0.2429 -0.9550 -0.1701
vn 0.0993 -0.8923 -0.4405
vn 0.1297 -0.9318 -0.3389
vn 0.2536 -0.8335 -0.4909
vn 0.4021 -0.8940 -0.1979
vn 0.2800 -0.8639 -0.4186
vn 0.5159 -0.8228 -0.2383
vn 0.4032 -0.7774 -0.4828
vn 0.6973 -0.7113 -0.0883
vn 0.6268 -0.7175 -0.3039
vn 0.7831 -0.6110 -0.1158
vn 0.7401 -0.5959 -0.3117
vn 0.8770 -0.4544 -0.1565
vn 0.8570 -0.4390 -0.2698
vn 0.9037 -0.3421 -0.2574
vn 0.8420 -0.4397 -0.3127
vn 0.9247 -0.2357 -0.2989
vn 0.9003 -0.3673 -0.2334
vn 0.9415 -0.2795 -0.1881
vn 0.7143 -0.5779 -0.3947
vn 0.9555 -0.1916 -0.2243
vn 0.5937 -0.6881 -0.4172
vn 0.8640 -0.4269 -0.2669
vn 0.7262 -0.5572 -0.4026
vn 0.5748 -0.6706 -0.4690
vn 0.9159 -0.3596 -0.1785
vn 0.8920 -0.4103 -0.1895
vn 0.7737 -0.5394 -0.3321
vn 0.4325 -0.7933 -0.4285
vn 0.5994 -0.6677 -0.4414
vn 0.3283 -0.9212 -0.2086
vn 0.4640 -0.8577 -0.2216
vn 0.6118 -0.7346 -0.2934
vn 0.3318 -0.8693 0.3665
vn 0.4245 -0.8441 0.3276
vn 0.4197 -0.8218 0.3854
vn 0.5119 -0.8054 0.2988
vn 0.7971 -0.5890 -0.1333
vn 0.4587 -0.7935 0.3999
vn 0.5120 -0.7828 0.3538
vn 0.5937 -0.7467 0.3001
vn 0.8807 -0.4718 -0.0415
vn 0.5765 -0.7606 0.2985
vn 0.5828 -0.7550 0.3006
vn 0.9339 -0.3506 -0.0699
vn 0.8908 -0.4470 0.0810
vn 0.5462 -0.7762 0.3150
vn 0.8854 -0.4647 0.0142
vn 0.4439 -0.7961 0.4114
vn 0.8081 -0.5756 0.1255
vn 0.4768 -0.7431 0.4695
vn 0.7019 -0.6443 0.3037
vn 0.8203 -0.5640 0.0951
vn 0.7494 -0.5940 0.2924
vn 0.6324 -0.6750 0.3801
vn 0.8536 -0.5204 -0.0250
vn 0.8920 -0.4444 0.0827
vn 0.9309 -0.3641 -0.0282
vn 0.9055 -0.3985 -0.1457
vn 0.9172 -0.3783 -0.1251
vn 0.9224 -0.3516 -0.1601
vn 0.9581 -0.2625 -0.1149
vn 0.7572 0.6392 0.1347
vn 0.9701 -0.2235 -0.0942
vn 0.9304 -0.3248 -0.1701
vn 0.9757 -0.2115 -0.0577
vn 0.9787 -0.1937 -0.0673
vn 0.7075 0.5505 0.4431
vn 0.7382 0.6110 0.2860
vn 0.6857 0.4574 0.5663
vn 0.7695 0.4785 0.4230
vn 0.7755 0.6119 0.1555
vn 0.7785 0.5615 0.2804
vn 0.9781 0.1732 0.1152
vn 0.7574 0.4098 0.5084
vn 0.9782 0.1016 0.1809
vn 0.9755 0.2157 0.0425
vn 0.6449 0.3766 0.6650
vn 0.7781 0.6280 0.0102
vn 0.9737 0.2262 -0.0289
vn 0.8337 0.5495 0.0554
vn 0.8097 0.5808 -0.0841
vn 0.8599 0.4978 -0.1132
vn 0.8928 0.4503 -0.0143
vn 0.8094 -0.5418 0.2265
vn 0.9677 0.2489 0.0399
vn 0.6993 -0.6511 0.2951
vn 0.5863 -0.6745 0.4486
vn 0.9911 0.0817 0.1048
vn 0.9758 0.0832 0.2024
vn 0.7096 0.3552 0.6086
vn 0.9742 0.0593 0.2179
vn 0.9898 0.0166 0.1413
vn 0.6820 0.2287 0.6946
vn 0.9686 0.0228 0.2476
vn 0.6053 0.2634 0.7512
vn 0.9844 -0.1368 -0.1106
vn 0.6532 0.1403 0.7441
vn 0.9583 -0.1627 -0.2349
vn 0.9807 -0.1313 -0.1446
vn 0.9502 -0.1955 -0.2427
vn 0.9824 -0.1341 -0.1299
vn 0.9307 -0.0799 -0.3569
vn 0.9655 -0.1684 -0.1987
vn 0.9604 -0.0984 -0.2605
vn 0.7998 0.1603 -0.5785
vn 0.9028 0.1141 -0.4146
vn 0.6025 0.3846 -0.6993
vn 0.7114 0.3844 -0.5883
vn 0.9459 0.0456 -0.3211
vn 0.8180 0.3646 -0.4449
vn 0.6177 0.5822 -0.5287
vn 0.4978 0.5983 -0.6279
vn 0.0151 0.4771 -0.8787
vn 0.4841 0.7379 -0.4704
vn -0.0054 0.5949 -0.8038
vn 0.3758 0.7576 -0.5337
vn 0.2832 0.8055 -0.5205
vn 0.4049 0.7987 -0.4451
vn 0.3538 0.8317 -0.4279
vn 0.6088 0.6637 -0.4346
vn 0.3719 0.8729 -0.3157
vn 0.5088 0.7601 -0.4041
vn 0.4473 0.8086 -0.3822
vn 0.5882 0.6974 -0.4093
vn 0.4944 0.7783 -0.3870
vn 0.7071 0.5565 -0.4362
vn 0.7661 0.5446 -0.3414
vn 0.3447 0.8824 -0.3201
vn 0.7926 0.4237 -0.4385
vn 0.2322 0.9374 -0.2595
vn 0.7223 0.5325 -0.4412
vn 0.8969 0.2389 -0.3721
vn 0.9117 0.2820 -0.2989
vn 0.9751 0.0165 -0.2212
vn 0.9770 -0.1178 -0.1780
vn 0.9742 0.1642 -0.1547
vn 0.9964 -0.0356 -0.0773
vn 0.9903 -0.1196 -0.0713
vn 0.7830 -0.1149 0.6113
vn 0.7060 -0.0312 0.7075
vn 0.6907 0.0775 0.7190
vn 0.8603 -0.1418 0.4896
vn 0.6946 0.0681 0.7162
vn 0.7560 -0.2046 0.6218
vn 0.6879 0.1314 0.7138
vn 0.9657 0.0020 0.2598
vn 0.9550 -0.0316 0.2949
vn 0.9824 -0.0200 0.1855
vn 0.9488 -0.0820 0.3052
vn 0.6889 -0.0275 0.7243
vn 0.9396 -0.1111 0.3237
vn 0.7135 -0.1332 0.6879
vn 0.9326 -0.1319 0.3361
vn 0.9754 -0.0608 0.2119
vn 0.7942 -0.2644 0.5471
vn 0.9359 -0.1153 0.3328
vn 0.9482 -0.1620 0.2731
vn 0.9413 -0.1407 0.3070
vn 0.8650 -0.3165 0.3894
vn 0.8272 -0.3120 0.4673
vn 0.9353 -0.1601 0.3156
vn 0.9386 -0.1275 0.3205
vn 0.8921 -0.1380 0.4303
vn 0.6447 0.7291 -0.2295
vn 0.9141 0.3569 -0.1926
vn 0.8258 0.5129 -0.2344
vn 0.6189 0.6924 -0.3709
vn 0.7355 0.6282 -0.2537
vn 0.4804 0.7973 -0.3654
vn 0.3444 0.8801 -0.3269
vn 0.1942 0.9494 -0.2468
vn 0.2456 0.9471 -0.2064
vn 0.1706 0.9724 -0.1592
vn 0.0424 -0.7514 -0.6585
vn 0.0480 -0.3957 -0.9171
vn 0.0093 -0.5384 -0.8427
vn 0.0998 -0.4200 -0.9020
vn 0.0487 -0.3499 -0.9355
vn 0.3015 -0.6452 -0.7020
vn 0.1119 -0.3455 -0.9317
vn 0.0700 -0.0901 -0.9935
vn 0.3510 -0.3868 -0.8528
vn 0.1500 -0.1038 -0.9832
vn 0.1045 0.9501 -0.2939
vn 0.3463 -0.3426 -0.8733
vn 0.1076 0.9593 -0.2611
vn 0.3590 -0.0313 -0.9328
vn 0.5414 -0.2645 -0.7981
vn 0.4872 0.0283 -0.8728
vn 0.5902 -0.2507 -0.7673
vn 0.5593 -0.4772 -0.6779
vn 0.7520 -0.5114 -0.4159
vn 0.7441 -0.1420 -0.6528
vn 0.7946 -0.1927 -0.5757
vn 0.6974 -0.1445 -0.7020
vn 0.7346 -0.0139 -0.6783
vn 0.7402 -0.0947 -0.6657
vn 0.7134 -0.0369 -0.6998
vn 0.5781 0.1508 -0.8019
vn 0.5428 0.2396 -0.8049
vn 0.6481 0.0064 -0.7615
vn 0.5126 0.1911 -0.8371
vn 0.6654 0.0079 -0.7464
vn 0.5954 -0.0120 -0.8034
vn 0.7101 -0.1434 -0.6893
vn 0.5724 -0.0122 -0.8199
vn 0.5043 -0.0259 -0.8631
vn 0.6368 -0.1026 -0.7642
vn 0.5039 -0.0579 -0.8618
vn 0.3593 0.1789 -0.9159
vn 0.3500 0.0453 -0.9357
vn 0.4033 -0.0186 -0.9149
vn 0.4038 0.0272 -0.9144
vn 0.6491 -0.1179 -0.7515
vn 0.2847 0.0227 -0.9583
vn 0.2942 0.0457 -0.9547
vn 0.6066 -0.0668 -0.7922
vn 0.3176 -0.0062 -0.9482
vn 0.2286 0.0127 -0.9734
vn 0.5408 -0.0415 -0.8401
vn 0.2535 -0.0324 -0.9668
vn 0.2613 -0.0031 -0.9653
vn 0.1219 -0.0811 -0.9892
vn 0.3470 -0.0481 -0.9366
vn 0.3997 -0.1453 -0.9051
vn 0.2306 -0.0465 -0.9719
vn 0.1755 -0.2013 -0.9637
vn 0.4830 -0.1418 -0.8641
vn 0.1929 -0.0919 -0.9769
vn 0.2075 -0.1640 -0.9644
vn 0.1978 -0.0933 -0.9758
vn 0.2552 -0.2264 -0.9400
vn 0.6816 0.0265 -0.7313
vn 0.2354 -0.1999 -0.9511
vn 0.4019 -0.2254 -0.8875
vn 0.5692 -0.1958 -0.7986
vn 0.3287 -0.2346 -0.9148
vn 0.1831 -0.1729 -0.9678
vn 0.5168 -0.2743 -0.8110
vn 0.4016 -0.4851 -0.7768
vn 0.4554 -0.2898 -0.8418
vn 0.5271 -0.3725 -0.7638
vn 0.5536 -0.4381 -0.7082
vn 0.5601 -0.3154 -0.7660
vn 0.5830 -0.4184 -0.6964
vn 0.6715 -0.4079 -0.6186
vn 0.2739 -0.4007 -0.8743
vn 0.6132 -0.4812 -0.6264
vn 0.7047 -0.3802 -0.5991
vn 0.6492 -0.3094 -0.6948
vn 0.6455 -0.4569 -0.6120
vn 0.7176 -0.1115 -0.6875
vn 0.7208 -0.3142 -0.6179
vn 0.4576 -0.3839 -0.8020
vn 0.6552 -0.2892 -0.6979
vn -0.5297 -0.7724 -0.3505
vn 0.2360 -0.2867 -0.9285
vn -0.6085 -0.7032 -0.3678
vn 0.1800 -0.2226 -0.9582
vn -0.7185 -0.6075 -0.3387
vn -0.8293 -0.4631 -0.3127
vn -0.9210 -0.2461 -0.3019
vn -0.8306 -0.5473 -0.1028
vn -0.9598 -0.0358 -0.2784
vn -0.9078 -0.4120 -0.0780
vn -0.9739 -0.2163 -0.0684
vn -0.9957 -0.0514 -0.0770
vn -0.9082 0.1712 -0.3819
vn -0.9801 0.1477 -0.1329
vn -0.8624 0.3339 -0.3805
vn -0.9861 0.0058 -0.1662
vn -0.7714 0.4430 -0.4568
vn -0.9386 0.2770 -0.2058
vn -0.6402 0.5211 -0.5645
vn -0.8644 0.3814 -0.3276
vn -0.9541 0.0799 -0.2885
vn -0.5247 0.6322 -0.5701
vn -0.7526 0.4862 -0.4440
vn -0.8810 0.1909 -0.4329
vn -0.3767 0.7699 -0.5151
vn -0.6244 0.6151 -0.4815
vn -0.2716 0.8614 -0.4292
vn -0.4754 0.7558 -0.4503
vn -0.3382 0.8559 -0.3912
vn -0.1828 0.9242 -0.3355
vn -0.2020 0.9206 -0.3341
vn -0.0351 0.9730 -0.2283
vn -0.0528 0.9523 -0.3007
vn 0.0629 0.9754 -0.2112
vn 0.0725 0.9567 -0.2818
vn -0.0257 0.8808 -0.4728
vn 0.1457 0.9636 -0.2242
vn 0.0962 0.9828 -0.1576
vn 0.1892 0.9493 -0.2512
vn 0.1622 0.9448 -0.2848
vn 0.0598 0.9379 -0.3418
vn 0.1976 0.9338 -0.2983
vn 0.2221 0.9327 -0.2842
vn 0.2724 0.8930 -0.3582
vn 0.2158 0.9348 -0.2822
vn 0.2231 0.9346 -0.2772
vn 0.4616 0.8040 -0.3749
vn 0.2205 0.8999 -0.3763
vn 0.1674 0.8929 -0.4180
vn 0.5120 0.7402 -0.4358
vn 0.2271 0.6651 -0.7114
vn 0.1472 0.6910 -0.7077
vn 0.3151 0.8413 -0.4393
vn 0.1481 0.7060 -0.6926
vn 0.3901 0.6136 -0.6865
vn 0.2300 0.7078 -0.6679
vn 0.1598 0.9762 -0.1466
vn 0.1723 0.9688 -0.1784
vn 0.1338 0.9890 0.0625
vn 0.3564 0.7479 -0.5600
vn 0.1521 0.9855 0.0754
vn 0.1123 0.9819 0.1525
vn 0.1812 0.9792 -0.0910
vn 0.1495 0.9761 0.1574
vn 0.1060 0.9717 0.2109
vn 0.2009 0.9790 0.0339
vn 0.1400 0.9661 0.2167
vn 0.1053 0.9591 0.2626
vn 0.2011 0.9654 0.1659
vn 0.1261 0.9519 0.2793
vn 0.0818 0.9415 0.3269
vn 0.1760 0.9543 0.2414
vn 0.0958 0.9304 0.3539
vn 0.0548 0.8656 0.4977
vn 0.1482 0.9378 0.3139
vn 0.0635 0.8583 0.5092
vn 0.0537 0.7517 0.6573
vn 0.1130 0.9158 0.3855
vn 0.0702 0.7587 0.6476
vn 0.0457 0.8941 0.4456
vn 0.1271 0.8684 0.4794
vn 0.1571 0.7537 0.6381
vn 0.0927 0.8990 0.4281
vn 0.0529 0.9192 0.3901
vn 0.2605 0.7889 0.5565
vn 0.0675 0.9098 0.4096
vn 0.0301 0.8924 0.4503
vn 0.2740 0.8370 0.4737
vn 0.0920 0.8927 0.4411
vn -0.0001 0.8743 0.4853
vn 0.0123 0.8150 0.5793
vn 0.1695 0.8602 0.4809
vn -0.0378 0.7996 0.5994
vn 0.0106 0.7310 0.6823
vn 0.0208 0.8309 0.5560
vn 0.0597 0.8615 0.5042
vn 0.0072 0.8182 0.5748
vn -0.0379 0.7188 0.6942
vn 0.0142 0.5993 0.8004
vn -0.1383 0.7430 0.6548
vn -0.0374 0.5838 0.8111
vn 0.0485 -0.4727 0.8799
vn -0.1625 0.6759 0.7189
vn 0.0953 -0.7276 0.6794
vn 0.0495 -0.7131 0.6993
vn 0.0804 -0.4631 0.8826
vn 0.2349 -0.7647 0.6000
vn 0.1452 -0.4360 0.8882
vn 0.4113 -0.7565 0.5084
vn -0.1219 0.4883 0.8641
vn 0.2502 -0.4812 0.8401
vn 0.5377 -0.6924 0.4811
vn -0.1813 0.3125 0.9324
vn 0.2980 -0.4922 0.8179
vn 0.6297 -0.6429 0.4361
vn -0.2215 0.5325 0.8169
vn -0.2755 0.1464 0.9501
vn 0.3090 -0.5322 0.7883
vn 0.4661 -0.5531 0.6905
vn 0.8501 -0.4449 0.2820
vn -0.3259 -0.0360 0.9447
vn -0.3755 0.3364 0.8636
vn 0.7321 -0.4065 0.5466
vn 0.9942 -0.0511 0.0951
vn -0.2714 -0.3053 0.9128
vn 0.8597 -0.2143 0.4636
vn 0.9861 0.1385 0.0916
vn -0.1320 -0.5595 0.8182
vn -0.4562 0.1491 0.8773
vn 0.8461 -0.1106 0.5213
vn 0.9469 0.1396 0.2895
vn -0.0461 -0.6447 0.7631
vn 0.7768 -0.0347 0.6288
vn 0.8918 0.2242 0.3931
vn 0.8246 0.1839 0.5350
vn -0.0250 -0.6555 0.7548
vn 0.6802 -0.0333 0.7323
vn 0.6918 0.4018 0.6000
vn -0.0489 -0.6232 0.7806
vn 0.5684 0.0704 0.8197
vn 0.3406 0.6490 0.6803
vn -0.0552 -0.5865 0.8081
vn -0.1227 -0.6422 0.7567
vn 0.1026 0.3604 0.9272
vn 0.1228 0.7140 0.6893
vn -0.1452 -0.6679 0.7299
vn 0.2922 0.3162 0.9026
vn 0.0574 -0.4242 0.9037
vn 0.0324 -0.3748 0.9266
vn -0.0346 -0.5177 0.8549
vn 0.0032 -0.5313 0.8472
vn -0.0174 -0.5543 0.8322
vn -0.0907 -0.6027 0.7928
vn -0.0429 -0.6080 0.7928
vn -0.0930 -0.5973 0.7966
vn -0.1310 -0.6076 0.7833
vn -0.1495 -0.6395 0.7541
vn -0.1364 -0.6114 0.7795
vn -0.1478 -0.6257 0.7659
vn -0.1813 -0.6491 0.7388
vn -0.1833 -0.6496 0.7378
vn -0.2054 -0.6404 0.7401
vn -0.1641 -0.6658 0.7278
vn -0.2980 -0.5257 0.7968
vn -0.1034 -0.6768 0.7289
vn -0.0014 -0.7026 0.7116
vn -0.2958 -0.6029 0.7409
vn -0.0975 -0.7549 0.6486
vn -0.0041 -0.7438 0.6684
vn -0.1610 -0.7260 0.6686
vn -0.0962 -0.7836 0.6138
vn -0.0256 -0.7860 0.6177
vn -0.2193 -0.7068 0.6726
vn -0.1694 -0.7757 0.6079
vn -0.1084 -0.8515 0.5130
vn -0.0240 -0.8479 0.5297
vn -0.2465 -0.7728 0.5848
vn 0.0239 -0.9141 0.4048
vn 0.0172 -0.9484 0.3166
vn -0.1912 -0.8410 0.5061
vn -0.0972 -0.9058 0.4124
vn 0.5043 -0.8591 0.0879
vn 0.1416 -0.9870 0.0756
vn -0.2086 -0.9666 0.1491
vn 0.3787 -0.9025 0.2051
vn 0.4275 -0.8983 0.1014
vn 0.0296 -0.9952 0.0928
vn 0.4220 -0.9066 0.0046
vn 0.0378 -0.9984 -0.0413
vn 0.4592 -0.8876 0.0358
vn 0.2046 -0.9504 -0.2345
vn 0.0444 -0.9983 -0.0382
vn 0.2511 -0.9289 -0.2722
vn 0.0792 -0.9793 0.1862
vn 0.0261 -0.9993 -0.0277
vn 0.0548 -0.9985 -0.0026
vn 0.1318 -0.9359 -0.3268
vn 0.1467 -0.9217 -0.3591
vn -0.0893 -0.9627 0.2554
vn -0.2034 -0.8933 0.4008
vn -0.1958 -0.9589 0.2051
vn -0.2897 -0.8270 0.4818
vn -0.3016 -0.8757 0.3770
vn 0.0076 -0.9315 -0.3637
vn -0.2650 -0.9347 0.2370
vn -0.3593 -0.8152 0.4542
vn 0.0315 -0.9199 -0.3910
vn -0.3512 -0.8496 0.3935
vn -0.3089 -0.7733 0.5536
vn -0.4042 -0.8008 0.4420
vn -0.2379 -0.7135 0.6590
vn -0.3563 -0.7790 0.5159
vn -0.1851 -0.6708 0.7182
vn -0.2842 -0.7280 0.6239
vn -0.2298 -0.6667 0.7090
vn -0.1609 -0.6297 0.7600
vn -0.2400 -0.6786 0.6942
vn -0.1921 -0.6029 0.7743
vn -0.2115 -0.6285 0.7485
vn -0.1981 -0.6466 0.7367
vn -0.3284 -0.7400 0.5870
vn -0.3131 -0.6984 0.6436
vn -0.3828 -0.7833 0.4898
vn -0.4330 -0.7359 0.5205
vn -0.2016 -0.6625 0.7214
vn -0.1759 -0.5926 0.7861
vn -0.2759 -0.5577 0.7828
vn -0.1718 -0.5893 0.7894
vn -0.3950 -0.4680 0.7906
vn -0.2190 -0.5101 0.8318
vn -0.3877 -0.4334 0.8136
vn -0.4100 -0.1541 0.8990
vn -0.4418 -0.1117 0.8902
vn -0.3568 -0.3602 0.8619
vn -0.4446 0.2413 0.8626
vn -0.4446 -0.1231 0.8872
vn -0.4079 0.2822 0.8683
vn -0.3941 0.2898 0.8722
vn -0.3761 0.3759 0.8469
vn -0.4709 0.3390 0.8144
vn -0.1599 0.6079 0.7777
vn -0.4291 0.3689 0.8245
vn -0.1352 0.6419 0.7548
vn -0.0413 0.7502 0.6600
vn -0.1093 0.7289 0.6758
vn -0.0763 0.7689 0.6348
vn -0.4284 0.4663 0.7740
vn -0.5009 0.3867 0.7743
vn -0.3961 0.6069 0.6890
vn -0.0577 0.7912 0.6089
vn -0.0119 0.8546 0.5192
vn -0.3555 0.7353 0.5770
vn 0.0407 0.8943 0.4456
vn -0.2596 0.8558 0.4474
vn -0.2222 0.9088 0.3532
vn 0.1166 0.9146 0.3872
vn -0.1170 0.9376 0.3275
vn 0.1715 0.9435 0.2837
vn -0.1561 0.9592 0.2358
vn 0.1241 0.9662 0.2259
vn -0.4867 0.8665 0.1109
vn 0.1647 0.9796 0.1152
vn -0.5370 0.8296 0.1531
vn 0.1192 0.9915 -0.0526
vn -0.5672 0.8134 0.1289
vn -0.5351 0.8401 0.0886
vn -0.4579 0.8750 0.1571
vn -0.4763 0.8749 0.0879
vn -0.5931 0.8001 0.0896
vn -0.4740 0.8665 0.1562
vn -0.1074 0.9906 0.0841
vn -0.4922 0.8608 0.1296
vn -0.1180 0.9777 0.1737
vn -0.5019 0.8154 0.2886
vn -0.4559 0.8742 0.1672
vn -0.1452 0.9499 0.2768
vn -0.5681 0.6627 0.4880
vn -0.4885 0.8267 0.2792
vn -0.5778 0.5170 0.6316
vn -0.5293 0.7091 0.4659
vn -0.4344 0.6293 0.6445
vn -0.3958 0.5116 0.7627
vn -0.2396 0.6956 0.6773
vn -0.3486 0.7791 0.5211
vn -0.3713 0.4355 0.8200
vn -0.3221 0.4423 0.8370
vn -0.2787 0.5745 0.7695
vn -0.2895 0.6646 0.6889
vn -0.4073 0.2433 0.8803
vn -0.3510 0.5237 0.7762
vn -0.4136 0.3679 0.8328
vn -0.4379 -0.1081 0.8925
vn -0.4784 0.1838 0.8587
vn -0.4939 -0.0638 0.8672
vn -0.3906 -0.2804 0.8768
vn -0.6082 0.3009 0.7346
vn -0.6268 0.1579 0.7630
vn -0.6271 -0.0485 0.7774
vn -0.2419 -0.4510 0.8591
vn -0.4890 -0.2087 0.8470
vn -0.9835 0.0383 -0.1770
vn -0.9708 0.0047 -0.2399
vn -0.9976 0.0577 -0.0382
vn -0.3516 -0.3963 0.8481
vn -0.2823 -0.5721 0.7701
vn -0.9966 0.0258 0.0777
vn -0.8969 0.0734 -0.4360
vn -0.9087 0.1642 -0.3838
vn -0.9717 -0.0808 0.2220
vn -0.3474 -0.6474 0.6784
vn -0.9557 0.2140 -0.2023
vn -0.5242 -0.6545 0.5448
vn -0.9536 -0.1665 0.2509
vn -0.9844 0.1672 -0.0557
vn -0.9815 0.1253 -0.1450
vn -0.9735 0.2042 -0.1027
vn -0.9918 0.0477 -0.1185
vn -0.9664 0.1536 -0.2062
vn -0.9995 0.0116 -0.0299
vn -0.9755 0.0098 -0.2197
vn -0.8938 -0.0184 -0.4480
vn -0.9994 0.0159 0.0304
vn -0.9483 -0.0599 -0.3116
vn -0.9046 -0.1172 -0.4099
vn -0.9735 -0.1068 -0.2024
vn -0.9974 0.0155 0.0697
vn -0.9665 -0.1084 -0.2327
vn -0.5890 0.4349 0.6811
vn -0.5528 0.5456 0.6298
vn -0.9211 -0.2134 -0.3258
vn -0.9888 -0.1119 -0.0991
vn -0.2181 0.7432 0.6325
vn -0.9983 0.0202 0.0541
vn -0.1595 0.7841 0.5998
vn -0.9295 -0.2725 -0.2486
vn -0.2526 0.8562 0.4507
vn -0.1290 0.8339 0.5367
vn -0.1738 0.9198 0.3518
vn -0.0908 0.9006 0.4250
vn -0.0600 0.9419 0.3305
vn -0.1185 0.8788 0.4623
vn -0.1694 0.8043 0.5695
vn -0.5073 0.6181 0.6005
vn -0.4695 0.6982 0.5404
vn -0.9850 -0.1557 -0.0744
vn -0.4063 0.7844 0.4686
vn -0.9338 -0.2969 -0.1994
vn -0.9815 -0.1802 -0.0651
vn -0.9365 -0.3069 -0.1697
vn -0.9945 0.0231 0.1021
vn -0.9966 0.0415 0.0713
vn -0.9770 -0.1776 -0.1180
vn -0.9869 -0.1605 0.0147
vn -0.9956 0.0458 0.0812
vn -0.7761 -0.4549 -0.4367
vn -0.7933 -0.2389 -0.5600
vn -0.7553 -0.6095 -0.2411
vn -0.8020 0.0069 -0.5973
vn -0.9947 -0.0143 0.1019
vn -0.7990 0.2497 -0.5471
vn -0.9919 -0.0801 0.0988
vn -0.7867 0.4597 -0.4119
vn -0.9223 0.3055 -0.2367
vn -0.9559 0.2837 -0.0760
vn -0.7694 0.6036 -0.2090
vn -0.9759 0.1841 -0.1173
vn -0.9858 0.1645 0.0332
vn -0.9770 0.1900 -0.0969
vn -0.9655 0.1541 -0.2097
vn -0.9557 0.2739 -0.1073
vn -0.7471 0.6640 0.0313
vn -0.7202 0.6364 0.2762
vn -0.9953 0.0193 0.0945
vn -0.9859 -0.0649 0.1544
vn -0.9780 -0.1675 -0.1247
vn -0.6940 0.5208 0.4971
vn -0.8607 0.5048 -0.0661
vn -0.9777 -0.2100 -0.0042
vn -0.9947 -0.0143 0.1016
vn -0.9101 0.3869 -0.1484
vn -0.9778 0.2019 0.0570
vn -0.9751 -0.2115 -0.0666
vn -0.9407 0.3120 -0.1332
vn -0.9270 0.3569 -0.1152
vn -0.9641 0.2648 -0.0196
vn -0.9911 0.0817 0.1048
vn -0.5863 -0.6745 0.4486
vn -0.9677 0.2490 0.0400
vn -0.8598 0.4978 -0.1132
vn -0.6324 -0.6750 0.3801
vn -0.6993 -0.6511 0.2951
vn -0.8095 -0.5417 0.2265
vn -0.8928 0.4503 -0.0143
vn -0.8097 0.5808 -0.0841
vn -0.8337 0.5495 0.0554
vn -0.7494 -0.5940 0.2924
vn -0.4768 -0.7431 0.4695
vn -0.8920 -0.4444 0.0827
vn -0.7019 -0.6443 0.3037
vn -0.4439 -0.7961 0.4114
vn -0.8203 -0.5640 0.0951
vn -0.8081 -0.5755 0.1256
vn -0.4587 -0.7935 0.3998
vn -0.5462 -0.7762 0.3150
vn -0.4197 -0.8218 0.3854
vn -0.5120 -0.7828 0.3538
vn -0.3317 -0.8693 0.3665
vn -0.4245 -0.8441 0.3276
vn -0.3283 -0.9212 -0.2086
vn -0.5119 -0.8054 0.2988
vn -0.4640 -0.8577 -0.2216
vn -0.6118 -0.7346 -0.2934
vn -0.5937 -0.7467 0.3001
vn -0.7971 -0.5890 -0.1332
vn -0.5994 -0.6677 -0.4414
vn -0.7737 -0.5394 -0.3321
vn -0.4325 -0.7933 -0.4285
vn -0.5748 -0.6706 -0.4690
vn -0.2800 -0.8639 -0.4186
vn -0.4032 -0.7774 -0.4828
vn -0.1298 -0.9318 -0.3389
vn -0.2536 -0.8335 -0.4909
vn -0.0993 -0.8923 -0.4405
vn -0.1390 -0.9885 -0.0604
vn -0.2430 -0.9550 -0.1701
vn -0.0320 -0.9995 0.0060
vn -0.3567 -0.9152 0.1876
vn 0.0457 -0.9989 -0.0059
vn 0.0279 -0.9893 0.1435
vn -0.2341 -0.9443 0.2312
vn -0.0341 -0.9912 0.1280
vn 0.1384 -0.9801 0.1424
vn -0.0136 -0.9527 0.3036
vn -0.0464 -0.9301 0.3644
vn 0.1896 -0.9211 0.3400
vn 0.0028 -0.9755 0.2201
vn -0.2738 -0.8655 0.4194
vn 0.3810 -0.9010 0.2076
vn 0.0546 -0.9385 -0.3409
vn 0.0465 -0.8550 0.5165
vn 0.6135 -0.7698 -0.1763
vn 0.3903 -0.9207 -0.0006
vn -0.3034 -0.8091 0.5033
vn -0.3805 -0.8466 0.3722
vn -0.0587 -0.9958 -0.0706
vn -0.3954 -0.7959 0.4585
vn -0.4706 -0.8253 0.3120
vn -0.4841 -0.7657 0.4234
vn -0.1470 -0.9891 -0.0048
vn 0.4110 -0.8816 -0.2323
vn 0.0168 -0.9568 -0.2904
vn -0.2091 -0.9779 -0.0058
vn 0.3476 0.1692 -0.9222
vn -0.0181 -0.9799 -0.1987
vn 0.4539 0.1568 -0.8771
vn 0.4782 0.1306 -0.8685
vn 0.3433 0.0417 -0.9383
vn 0.4894 -0.3007 -0.8186
vn 0.0722 -0.5040 -0.8607
vn 0.2438 -0.1065 -0.9639
vn 0.2706 -0.4339 -0.8594
vn 0.0455 -0.3467 -0.9369
vn 0.1220 -0.0130 -0.9924
vn 0.2824 -0.0004 -0.9593
vn 0.0779 0.5301 -0.8443
vn 0.1902 0.5272 -0.8282
vn 0.5503 0.2532 -0.7957
vn 0.5304 -0.1345 -0.8370
vn 0.4537 0.0331 -0.8905
vn 0.6559 -0.3322 -0.6779
vn 0.6251 -0.1103 -0.7727
vn 0.6147 0.1535 -0.7737
vn 0.6784 -0.1322 -0.7227
vn -0.0527 -0.9765 -0.2090
vn 0.7221 0.0991 -0.6847
vn 0.7085 -0.2652 -0.6540
vn -0.0997 -0.9698 -0.2224
vn 0.7380 -0.2683 -0.6192
vn 0.7344 -0.0396 -0.6776
vn 0.7601 -0.1880 -0.6220
vn 0.7799 -0.1862 -0.5976
vn -0.2212 -0.9378 -0.2677
vn -0.1459 -0.9562 -0.2537
vn -0.3467 -0.8995 -0.2660
vn -0.3321 -0.9406 -0.0704
vn -0.2629 -0.9638 -0.0443
vn -0.4022 -0.9065 -0.1285
vn -0.5545 -0.7502 0.3601
vn -0.6189 -0.7326 0.2834
vn -0.5174 -0.8065 0.2860
vn -0.6795 -0.7030 0.2099
vn -0.5723 -0.7933 0.2080
vn -0.6290 -0.7638 0.1448
vn -0.5008 -0.8543 0.1393
vn -0.6228 -0.7814 0.0393
vn -0.4021 -0.8940 -0.1979
vn -0.5159 -0.8228 -0.2383
vn -0.6986 -0.7100 0.0887
vn -0.6973 -0.7113 -0.0883
vn -0.7149 -0.6894 0.1169
vn -0.7366 -0.6760 0.0205
vn -0.7255 -0.6841 0.0751
vn -0.4739 -0.8657 -0.1610
vn -0.7364 -0.6762 0.0222
vn -0.5758 -0.7943 -0.1939
vn -0.4788 -0.8279 -0.2922
vn -0.6092 -0.7531 -0.2483
vn -0.7579 -0.6511 -0.0409
vn -0.7726 -0.6349 0.0024
vn -0.7587 -0.6422 -0.1089
vn -0.8036 -0.5946 -0.0258
vn -0.8605 -0.5087 -0.0270
vn -0.8217 -0.5689 -0.0344
vn -0.9224 -0.3848 -0.0344
vn -0.9087 -0.4045 -0.1031
vn -0.7831 -0.6110 -0.1158
vn -0.8770 -0.4544 -0.1565
vn -0.9771 -0.2093 -0.0390
vn -0.9627 -0.2388 -0.1275
vn -0.9202 -0.3178 -0.2285
vn -0.9907 -0.1159 -0.0718
vn -0.9620 -0.2256 -0.1538
vn -0.9589 -0.1572 -0.2362
vn -0.9313 -0.2602 -0.2550
vn -0.9428 -0.2195 -0.2507
vn -0.9271 -0.1063 -0.3594
vn -0.9429 -0.1994 -0.2669
vn -0.9365 -0.1903 -0.2945
vn -0.8725 -0.0141 -0.4883
vn -0.9247 -0.2357 -0.2989
vn -0.9502 -0.1955 -0.2426
vn -0.9037 -0.3421 -0.2574
vn -0.9307 -0.0799 -0.3569
vn -0.9555 -0.1915 -0.2243
vn -0.7998 0.1603 -0.5785
vn -0.9415 -0.2796 -0.1881
vn -0.9583 -0.1627 -0.2348
vn -0.9787 -0.1937 -0.0673
vn -0.9604 -0.0984 -0.2605
vn -0.9844 -0.1368 -0.1106
vn -0.9304 -0.3248 -0.1701
vn -0.9655 -0.1683 -0.1987
vn -0.9004 -0.3673 -0.2334
vn -0.9028 0.1141 -0.4146
vn -0.8570 -0.4390 -0.2698
vn -0.7401 -0.5959 -0.3117
vn -0.8420 -0.4397 -0.3127
vn -0.6268 -0.7175 -0.3039
vn -0.7143 -0.5779 -0.3947
vn -0.5937 -0.6881 -0.4172
vn -0.7262 -0.5572 -0.4026
vn -0.8640 -0.4269 -0.2670
vn -0.8920 -0.4104 -0.1895
vn -0.9159 -0.3596 -0.1785
vn -0.8807 -0.4718 -0.0415
vn -0.9339 -0.3506 -0.0699
vn -0.5765 -0.7606 0.2985
vn -0.8908 -0.4471 0.0810
vn -0.5828 -0.7550 0.3006
vn -0.8854 -0.4647 0.0142
vn -0.9172 -0.3783 -0.1251
vn -0.8536 -0.5204 -0.0250
vn -0.9055 -0.3985 -0.1457
vn -0.9309 -0.3641 -0.0282
vn -0.9224 -0.3516 -0.1601
vn -0.9581 -0.2625 -0.1149
vn -0.7571 0.6392 0.1347
vn -0.9701 -0.2235 -0.0942
vn -0.7781 0.6280 0.0102
vn -0.7382 0.6110 0.2859
vn -0.9736 0.2262 -0.0289
vn -0.7755 0.6119 0.1555
vn -0.9755 0.2157 0.0425
vn -0.9920 0.0675 0.1071
vn -0.9781 0.1732 0.1152
vn -0.7785 0.5615 0.2804
vn -0.7695 0.4785 0.4230
vn -0.9782 0.1016 0.1809
vn -0.7075 0.5505 0.4431
vn -0.7574 0.4098 0.5084
vn -0.9757 -0.2115 -0.0577
vn -0.6857 0.4574 0.5663
vn -0.6449 0.3766 0.6650
vn -0.9758 0.0832 0.2024
vn -0.7096 0.3552 0.6086
vn -0.6053 0.2634 0.7512
vn -0.9741 0.0588 0.2182
vn -0.6820 0.2287 0.6946
vn -0.9807 -0.1313 -0.1446
vn -0.6532 0.1403 0.7441
vn -0.9686 0.0228 0.2476
vn -0.9824 -0.1341 -0.1300
vn -0.6879 0.1314 0.7138
vn -0.9898 0.0165 0.1413
vn -0.9657 0.0020 0.2598
vn -0.6946 0.0681 0.7162
vn -0.9550 -0.0316 0.2949
vn -0.6907 0.0775 0.7190
vn -0.9488 -0.0820 0.3052
vn -0.9824 -0.0200 0.1855
vn -0.6889 -0.0275 0.7243
vn -0.9396 -0.1111 0.3237
vn -0.7060 -0.0312 0.7075
vn -0.7135 -0.1332 0.6879
vn -0.9903 -0.1195 -0.0713
vn -0.7830 -0.1149 0.6113
vn -0.9770 -0.1178 -0.1780
vn -0.9964 -0.0356 -0.0773
vn -0.9459 0.0456 -0.3211
vn -0.9751 0.0165 -0.2212
vn -0.8603 -0.1418 0.4896
vn -0.8180 0.3646 -0.4449
vn -0.7560 -0.2046 0.6218
vn -0.7114 0.3844 -0.5883
vn -0.9325 -0.1319 0.3361
vn -0.7942 -0.2644 0.5472
vn -0.9754 -0.0607 0.2120
vn -0.9359 -0.1153 0.3328
vn -0.8272 -0.3120 0.4673
vn -0.9809 -0.0633 -0.1842
vn -0.9413 -0.1407 0.3070
vn -0.9770 -0.1554 -0.1457
vn -0.9941 -0.0212 0.1061
vn -0.9969 -0.0203 0.0754
vn -0.6743 0.3329 0.6592
vn -0.6664 0.0957 0.7395
vn -0.6619 -0.1513 0.7341
vn -0.9839 0.0111 -0.1783
vn -0.9937 -0.0254 0.1095
vn -0.6684 -0.3813 0.6386
vn -0.9862 0.1131 -0.1211
vn -0.9897 -0.0212 0.1419
vn -0.6820 -0.5628 0.4671
vn -0.9724 -0.0660 0.2238
vn -0.9709 0.2280 -0.0727
vn -0.9945 0.0047 0.1044
vn -0.9482 -0.1620 0.2731
vn -0.9644 -0.0584 0.2578
vn -0.8650 -0.3165 0.3894
vn -0.9356 -0.1986 0.2919
vn -0.9386 -0.1275 0.3205
vn -0.8909 -0.3131 0.3291
vn -0.8921 -0.1380 0.4303
vn -0.9353 -0.1601 0.3156
vn -0.9742 0.1642 -0.1547
vn -0.8258 0.5129 -0.2344
vn -0.9141 0.3569 -0.1926
vn -0.9117 0.2820 -0.2989
vn -0.7356 0.6282 -0.2537
vn -0.7661 0.5446 -0.3414
vn -0.6189 0.6924 -0.3709
vn -0.4804 0.7973 -0.3654
vn -0.6448 0.7291 -0.2295
vn -0.3444 0.8801 -0.3269
vn -0.3447 0.8824 -0.3201
vn -0.1943 0.9494 -0.2468
vn -0.2456 0.9471 -0.2064
vn -0.9643 -0.1118 0.2401
vn -0.5563 0.8101 -0.1851
vn -0.8966 -0.3428 0.2806
vn -0.9643 -0.1466 0.2206
vn -0.9181 -0.2789 0.2817
vn -0.9057 -0.2889 0.3101
vn -0.8892 -0.3679 0.2720
vn -0.9620 -0.1649 0.2177
vn -0.4760 0.8738 -0.0993
vn -0.8851 -0.4202 0.2003
vn -0.9719 -0.1477 0.1832
vn -0.8936 -0.3819 0.2359
vn -0.9798 -0.0875 0.1801
vn -0.9592 -0.2737 0.0709
vn -0.9736 0.2201 -0.0606
vn -0.9053 -0.4126 0.1010
vn -0.9982 0.0105 0.0587
vn -0.9998 0.0149 -0.0106
vn -0.9128 -0.4082 0.0156
vn -0.7050 -0.6668 0.2417
vn -0.7315 -0.6819 -0.0052
vn -0.9984 0.0310 0.0477
vn -0.9103 -0.4118 -0.0422
vn -0.9236 -0.3646 -0.1181
vn -0.9879 -0.1541 0.0172
vn -0.9919 -0.1018 0.0757
vn -0.9927 -0.0761 0.0933
vn -0.3630 0.8507 0.3801
vn -0.9835 -0.1174 0.1378
vn -0.0686 0.9284 0.3651
vn -0.3986 0.9167 -0.0270
vn -0.0382 0.9771 0.2092
vn -0.0509 0.9749 0.2169
vn -0.0275 0.9953 0.0933
vn -0.3521 0.9028 0.2471
vn -0.0490 0.9954 0.0818
vn -0.3405 0.9345 0.1041
vn -0.0919 0.9947 -0.0464
vn -0.0360 0.9993 0.0095
vn -0.1044 0.9938 0.0383
vn -0.1521 0.9787 -0.1378
vn -0.0670 0.9946 -0.0799
vn -0.1101 0.9837 -0.1421
vn -0.1105 0.9937 -0.0205
vn -0.1107 0.9914 -0.0697
vn -0.1706 0.9724 -0.1591
vn -0.6005 0.7950 0.0857
vn -0.5323 0.8433 0.0734
vn -0.5805 0.8111 0.0720
vn -0.5554 0.8311 0.0296
vn 0.1039 0.9784 -0.1790
vn -0.4749 0.8794 -0.0329
vn -0.5121 0.8574 -0.0508
vn 0.0244 0.9596 -0.2803
vn 0.1588 0.9722 -0.1718
vn 0.1768 0.9429 -0.2823
vn 0.4936 0.7437 -0.4508
vn 0.6494 0.5530 -0.5220
vn 0.7177 0.5505 -0.4264
vn 0.7618 0.4825 -0.4324
vn 0.7680 0.4014 -0.4991
vn 0.7150 0.4978 -0.4909
vn 0.0559 0.9275 -0.3697
vn 0.5489 0.5821 -0.6000
vn 0.6214 0.4659 -0.6300
vn -0.1080 0.9211 -0.3740
vn -0.0824 0.8966 -0.4352
vn 0.3101 0.5680 -0.7624
vn -0.4319 0.8846 -0.1760
vn -0.3088 0.8757 -0.3712
vn -0.4115 0.8959 -0.1673
vn -0.2261 0.8478 -0.4797
vn -0.2322 0.9374 -0.2595
vn -0.3719 0.8729 -0.3158
vn -0.4944 0.7783 -0.3870
vn -0.3539 0.8317 -0.4278
vn -0.4473 0.8086 -0.3822
vn -0.5882 0.6974 -0.4093
vn -0.7071 0.5565 -0.4362
vn -0.5088 0.7601 -0.4041
vn -0.4049 0.7987 -0.4451
vn -0.6088 0.6637 -0.4346
vn -0.7926 0.4237 -0.4385
vn -0.8969 0.2389 -0.3721
vn -0.7224 0.5325 -0.4412
vn -0.6177 0.5822 -0.5287
vn -0.4841 0.7379 -0.4704
vn -0.6025 0.3846 -0.6993
vn -0.4978 0.5981 -0.6280
vn -0.3758 0.7576 -0.5337
vn -0.7340 0.2176 -0.6433
vn -0.1683 0.3247 -0.9307
vn -0.7773 0.3670 -0.5109
vn -0.6443 0.5203 -0.5605
vn -0.0151 0.4771 -0.8787
vn -0.4878 0.6684 -0.5615
vn 0.0054 0.5949 -0.8038
vn -0.3449 0.7799 -0.5223
vn -0.2832 0.8055 -0.5205
vn 0.1338 0.6098 -0.7812
vn -0.1920 0.8505 -0.4896
vn -0.0336 0.9057 -0.4226
vn -0.3208 0.9009 0.2922
vn -0.0877 0.9652 0.2464
vn -0.2462 0.8955 -0.3707
vn -0.0832 0.5337 0.8415
vn -0.6674 0.6022 0.4382
vn -0.6432 0.7508 -0.1504
vn -0.2692 0.5154 0.8136
vn -0.1012 -0.3229 0.9410
vn -0.8431 0.4231 0.3320
vn -0.6949 0.6804 -0.2326
vn -0.6866 0.3427 0.6412
vn -0.1206 -0.3181 0.9404
vn -0.0254 -0.2307 0.9727
vn -0.4866 -0.0022 0.8736
vn -0.0203 -0.1583 0.9872
vn -0.2550 -0.3930 0.8835
vn -0.8337 0.4313 0.3447
vn -0.3967 -0.0314 0.9174
vn -0.4194 -0.0031 0.9078
vn -0.8752 0.4398 0.2014
vn -0.6200 0.6846 -0.3833
vn -0.8820 0.3441 0.3218
vn -0.9014 0.4329 0.0017
vn -0.5888 0.6500 -0.4805
vn -0.8814 0.1115 0.4590
vn -0.9169 0.3790 -0.1250
vn -0.6008 0.5863 -0.5434
vn -0.9349 0.1928 0.2979
vn -0.8719 0.3512 -0.3412
vn -0.6645 0.4203 -0.6179
vn -0.9626 0.1064 0.2492
vn -0.9025 0.0529 0.4275
vn -0.2500 -0.1984 0.9477
vn -0.7817 -0.1886 0.5944
vn -0.9768 -0.0640 0.2044
vn -0.9245 -0.0903 -0.3703
vn -0.7455 -0.0440 -0.6650
vn -0.8239 -0.5206 0.2241
vn -0.7586 -0.5828 -0.2913
vn -0.6981 -0.2801 -0.6590
vn -0.8672 -0.4764 0.1449
vn -0.5495 -0.5231 -0.6514
vn -0.5494 -0.8185 0.1679
vn -0.7204 -0.6787 0.1430
vn -0.4817 -0.8540 -0.1969
vn -0.3694 -0.6879 -0.6248
vn -0.4718 -0.8787 0.0733
vn -0.2312 -0.9679 -0.0986
vn -0.1951 -0.7988 -0.5691
vn -0.2967 -0.9543 0.0358
vn -0.0680 -0.9967 -0.0446
vn -0.0732 -0.8528 -0.5171
vn -0.0208 -0.8585 -0.5123
vn -0.0332 -0.9994 -0.0099
vn -0.0851 -0.9901 -0.1114
vn 0.0083 -0.9838 -0.1790
vn -0.0886 -0.8207 -0.5644
vn -0.2192 -0.9332 -0.2847
vn -0.0583 -0.8838 0.4643
vn -0.3424 -0.9359 0.0831
vn -0.1398 -0.8419 0.5212
vn -0.3008 -0.6050 0.7372
vn 0.3208 0.9009 0.2922
vn 0.0337 0.9057 -0.4226
vn 0.0877 0.9652 0.2464
vn 0.2462 0.8955 -0.3707
vn 0.0832 0.5338 0.8415
vn 0.6674 0.6021 0.4382
vn 0.6432 0.7508 -0.1504
vn 0.2692 0.5155 0.8135
vn 0.1012 -0.3229 0.9410
vn 0.8431 0.4230 0.3320
vn 0.6950 0.6804 -0.2325
vn 0.6866 0.3427 0.6412
vn 0.1206 -0.3181 0.9404
vn 0.0254 -0.2307 0.9727
vn 0.4866 -0.0022 0.8736
vn 0.0203 -0.1583 0.9872
vn 0.2550 -0.3930 0.8835
vn 0.8338 0.4313 0.3447
vn 0.3967 -0.0314 0.9174
vn 0.8752 0.4397 0.2014
vn 0.6200 0.6846 -0.3833
vn 0.4194 -0.0031 0.9078
vn 0.8820 0.3442 0.3218
vn 0.9014 0.4329 0.0016
vn 0.5888 0.6500 -0.4805
vn 0.8814 0.1115 0.4590
vn 0.9169 0.3790 -0.1250
vn 0.6008 0.5862 -0.5434
vn 0.9349 0.1928 0.2979
vn 0.8719 0.3511 -0.3412
vn 0.6645 0.4203 -0.6179
vn 0.9626 0.1063 0.2492
vn 0.9025 0.0530 0.4275
vn 0.2500 -0.1984 0.9477
vn 0.7817 -0.1886 0.5944
vn 0.9768 -0.0640 0.2043
vn 0.9245 -0.0902 -0.3703
vn 0.7455 -0.0440 -0.6650
vn 0.8239 -0.5206 0.2241
vn 0.7586 -0.5828 -0.2913
vn 0.6981 -0.2801 -0.6590
vn 0.8672 -0.4764 0.1449
vn 0.5495 -0.5231 -0.6514
vn 0.3008 -0.6050 0.7372
vn 0.5494 -0.8185 0.1679
vn 0.7204 -0.6787 0.1429
vn 0.1397 -0.8419 0.5212
vn 0.0583 -0.8838 0.4643
vn 0.3424 -0.9359 0.0831
vn 0.4718 -0.8787 0.0734
vn 0.2192 -0.9332 -0.2847
vn 0.0886 -0.8207 -0.5644
vn 0.2967 -0.9543 0.0358
vn 0.4817 -0.8540 -0.1969
vn 0.3694 -0.6879 -0.6248
vn 0.2312 -0.9679 -0.0986
vn 0.1951 -0.7988 -0.5691
vn 0.0680 -0.9967 -0.0446
vn 0.0732 -0.8528 -0.5171
vn 0.0208 -0.8585 -0.5123
vn 0.0332 -0.9994 -0.0099
vn 0.0851 -0.9901 -0.1114
vn -0.0083 -0.9838 -0.1790
vn 0.0022 -0.8859 -0.4639
vn -0.0283 -0.9158 -0.4006
vn 0.0515 -0.5294 -0.8468
vn 0.1731 -0.8959 -0.4091
vn 0.0040 -0.6428 -0.7660
vn 0.2949 -0.5045 -0.8115
vn 0.3478 -0.8805 -0.3220
vn 0.0091 -0.0667 -0.9977
vn -0.0249 -0.0639 -0.9976
vn 0.0967 -0.4931 -0.8646
vn 0.1156 -0.2075 -0.9714
vn 0.5298 -0.5254 -0.6657
vn 0.6395 -0.7494 -0.1714
vn 0.1325 -0.5217 -0.8428
vn 0.1772 -0.5925 -0.7859
vn 0.1047 -0.6101 -0.7854
vn 0.2615 -0.5729 -0.7768
vn 0.2959 -0.0347 -0.9546
vn 0.2226 -0.5014 -0.8361
vn 0.3170 -0.4747 -0.8211
vn 0.2264 -0.3577 -0.9060
vn 0.3149 -0.4882 -0.8139
vn 0.7050 -0.4892 -0.5134
vn 0.7206 -0.6788 -0.1415
vn 0.4684 -0.4092 -0.7830
vn 0.8028 -0.4387 -0.4038
vn 0.8000 -0.5842 -0.1364
vn 0.8135 -0.4227 -0.3995
vn 0.8399 -0.5255 -0.1361
vn 0.4441 -0.4413 -0.7797
vn 0.8850 -0.2973 -0.3583
vn 0.8931 -0.4162 -0.1704
vn 0.6726 -0.3334 -0.6607
vn 0.9120 -0.1765 -0.3703
vn 0.9061 -0.3615 -0.2196
vn 0.9394 -0.2097 -0.2711
vn 0.7727 -0.1847 -0.6074
vn 0.9202 -0.0490 -0.3884
vn 0.9457 -0.1055 -0.3073
vn 0.9491 0.0126 -0.3146
vn 0.4347 -0.1751 -0.8834
vn 0.7981 -0.0204 -0.6022
vn 0.9020 0.1110 -0.4173
vn 0.9356 0.1219 -0.3313
vn 0.9113 0.2429 -0.3323
vn 0.4410 -0.2588 -0.8594
vn 0.5839 -0.0672 -0.8090
vn 0.4670 0.0703 -0.8814
vn 0.4872 0.1765 -0.8553
vn 0.7761 0.1861 -0.6026
vn 0.7091 0.3055 -0.6355
vn 0.8697 0.2350 -0.4341
vn 0.8827 0.3484 -0.3154
vn 0.8616 0.3924 -0.3220
vn 0.8407 0.3116 -0.4429
vn 0.8698 0.3978 -0.2918
vn 0.8190 0.2771 -0.5024
vn 0.8653 0.3833 -0.3231
vn 0.5532 0.4193 -0.7198
vn 0.8002 0.1832 -0.5710
vn 0.8857 0.2991 -0.3551
vn 0.3096 0.3298 -0.8918
vn 0.7912 0.0117 -0.6114
vn 0.8460 0.3315 -0.4176
vn 0.7234 -0.1585 -0.6720
vn 0.7362 0.3826 -0.5583
vn 0.0029 -0.1548 -0.9879
vn 0.5268 -0.3844 -0.7581
vn 0.5827 0.5075 -0.6347
vn 0.1409 0.3733 -0.9169
vn 0.3363 -0.6435 -0.6876
vn 0.2117 0.7244 -0.6561
vn -0.1468 -0.5307 -0.8348
vn 0.1301 -0.7356 -0.6648
vn 0.0630 0.8185 -0.5710
vn 0.0473 -0.7579 -0.6506
vn -0.0689 -0.7469 -0.6613
vn -0.0920 -0.7923 -0.6032
vn 0.1102 0.4307 -0.8957
vn 0.1146 0.4949 -0.8614
vn 0.0863 0.5625 -0.8223
vn 0.1536 0.4917 -0.8571
vn 0.1739 0.5434 -0.8213
vn 0.0932 0.4306 -0.8977
vn 0.2742 0.4754 -0.8359
vn 0.3619 0.3458 -0.8657
vn 0.2568 0.4823 -0.8375
vn 0.3104 0.2524 -0.9165
vn -0.0515 -0.5294 -0.8468
vn 0.0283 -0.9158 -0.4006
vn -0.0022 -0.8859 -0.4639
vn -0.1731 -0.8959 -0.4092
vn -0.0040 -0.6003 -0.7998
vn -0.2948 -0.5045 -0.8115
vn -0.3478 -0.8805 -0.3220
vn -0.0091 -0.0667 -0.9977
vn 0.0249 -0.0639 -0.9976
vn -0.0967 -0.4931 -0.8646
vn -0.5298 -0.5254 -0.6657
vn -0.6395 -0.7494 -0.1714
vn -0.1157 -0.2075 -0.9714
vn -0.1325 -0.5217 -0.8428
vn -0.1772 -0.5925 -0.7859
vn -0.1047 -0.6101 -0.7854
vn -0.2615 -0.5729 -0.7768
vn -0.2959 -0.0347 -0.9546
vn -0.2226 -0.5014 -0.8361
vn -0.3170 -0.4747 -0.8211
vn -0.2264 -0.3577 -0.9060
vn -0.3149 -0.4882 -0.8139
vn -0.7050 -0.4892 -0.5134
vn -0.7206 -0.6788 -0.1414
vn -0.4684 -0.4092 -0.7830
vn -0.8028 -0.4387 -0.4038
vn -0.8001 -0.5842 -0.1364
vn -0.8135 -0.4227 -0.3995
vn -0.8396 -0.5259 -0.1357
vn -0.4441 -0.4413 -0.7797
vn -0.8850 -0.2973 -0.3583
vn -0.8931 -0.4163 -0.1704
vn -0.6726 -0.3334 -0.6607
vn -0.9120 -0.1765 -0.3703
vn -0.9061 -0.3616 -0.2196
vn -0.9394 -0.2097 -0.2711
vn -0.4347 -0.1751 -0.8834
vn -0.9202 -0.0490 -0.3884
vn -0.9457 -0.1055 -0.3073
vn -0.7727 -0.1847 -0.6074
vn -0.9491 0.0126 -0.3146
vn -0.7981 -0.0204 -0.6022
vn -0.9020 0.1110 -0.4173
vn -0.9356 0.1219 -0.3313
vn -0.9114 0.2429 -0.3323
vn -0.5839 -0.0672 -0.8090
vn -0.8697 0.2350 -0.4341
vn -0.8827 0.3484 -0.3154
vn -0.8616 0.3924 -0.3220
vn -0.7761 0.1861 -0.6026
vn -0.8407 0.3116 -0.4429
vn -0.8698 0.3978 -0.2920
vn -0.7091 0.3055 -0.6355
vn -0.8190 0.2771 -0.5024
vn -0.8653 0.3833 -0.3231
vn -0.4872 0.1765 -0.8553
vn -0.5532 0.4193 -0.7198
vn -0.3104 0.2524 -0.9165
vn -0.8002 0.1832 -0.5710
vn -0.8857 0.2991 -0.3551
vn -0.3096 0.3299 -0.8918
vn -0.7912 0.0117 -0.6114
vn -0.8460 0.3315 -0.4176
vn -0.1409 0.3733 -0.9169
vn -0.7234 -0.1585 -0.6720
vn -0.7362 0.3826 -0.5583
vn -0.0029 -0.1548 -0.9879
vn -0.5256 -0.3839 -0.7592
vn -0.5827 0.5075 -0.6347
vn -0.2568 0.4823 -0.8375
vn -0.3363 -0.6435 -0.6876
vn -0.2117 0.7244 -0.6561
vn -0.3619 0.3457 -0.8657
vn -0.1302 -0.7356 -0.6648
vn -0.0630 0.8186 -0.5709
vn -0.0473 -0.7579 -0.6506
vn 0.0689 -0.7469 -0.6613
vn 0.0920 -0.7923 -0.6032
vn -0.1102 0.4307 -0.8957
vn 0.1468 -0.5307 -0.8348
vn -0.1146 0.4949 -0.8614
vn -0.0863 0.5625 -0.8223
vn -0.1536 0.4917 -0.8571
vn -0.1739 0.5434 -0.8213
vn -0.0932 0.4306 -0.8977
vn -0.2742 0.4754 -0.8359
vn -0.4671 0.0703 -0.8814
vn -0.4410 -0.2589 -0.8594
vn 0.4736 -0.5587 0.6808
vn 0.1831 0.0964 0.9784
vn 0.1831 -0.6237 0.7599
vn 0.1831 -0.9784 0.0964
vn 0.4570 0.0872 0.8852
vn 0.4570 -0.8852 0.0872
vn 0.4736 0.6808 0.5587
vn 0.1831 0.7599 0.6237
vn 0.1831 0.9784 -0.0964
vn 0.7959 -0.3841 0.4680
vn 0.7959 0.4680 0.3841
vn 0.8252 0.0554 0.5621
vn 0.4570 0.8852 -0.0872
vn 1.0000 0.0000 -0.0000
vn 0.8252 -0.5621 0.0554
vn 0.8076 -0.4842 -0.3367
vn 0.4617 -0.6941 -0.5523
vn 0.1831 -0.7599 -0.6237
vn 0.1831 -0.0964 -0.9784
vn 0.8076 -0.1043 -0.5805
vn 0.4699 -0.1002 -0.8770
vn 0.4736 0.5587 -0.6808
vn 0.1831 0.6237 -0.7599
vn 0.7959 0.3841 -0.4680
vn 0.8252 0.5621 -0.0554
vn -0.1831 0.0964 0.9784
vn -0.4736 -0.5587 0.6808
vn -0.1831 -0.6237 0.7599
vn -0.1831 -0.9784 0.0964
vn -0.4570 0.0872 0.8852
vn -0.4570 -0.8852 0.0872
vn -0.4736 0.6808 0.5587
vn -0.1831 0.7599 0.6237
vn -0.1831 0.9784 -0.0964
vn -0.7959 -0.3841 0.4680
vn -0.7959 0.4680 0.3841
vn -0.8252 0.0554 0.5621
vn -0.4570 0.8852 -0.0872
vn -1.0000 0.0000 -0.0000
vn -0.8252 -0.5621 0.0554
vn -0.8076 -0.4842 -0.3367
vn -0.4617 -0.6941 -0.5523
vn -0.1831 -0.7599 -0.6237
vn -0.1831 -0.0964 -0.9784
vn -0.8076 -0.1043 -0.5805
vn -0.4699 -0.1002 -0.8770
vn -0.4736 0.5587 -0.6808
vn -0.1831 0.6237 -0.7599
vn -0.7959 0.3841 -0.4680
vn -0.8252 0.5621 -0.0554
s 1
f 1/1/1 2/2/2 3/3/3
f 2/2/2 1/1/1 4/4/4
f 5/5/5 4/4/4 1/1/1
f 6/6/6 2/2/2 4/4/4
f 4/4/4 5/5/5 7/7/7
f 8/8/8 7/7/7 5/5/5
f 6/6/6 4/4/4 9/9/9
f 7/7/7 8/8/8 10/10/10
f 11/11/11 10/10/10 8/8/8
f 12/12/12 4/4/4 7/7/7
f 10/10/10 12/12/12 7/7/7
f 4/4/4 12/12/12 9/9/9
f 10/10/10 11/11/11 13/13/13
f 12/12/12 10/10/10 14/14/14
f 13/13/13 14/14/14 10/10/10
f 256/15/15 9/9/9 12/12/12
f 257/16/16 12/12/12 14/14/14
f 12/12/12 257/16/16 256/15/15
f 258/17/17 6/6/6 9/9/9
f 9/9/9 256/15/15 258/17/17
f 6/6/6 258/17/17 259/18/18
f 258/17/17 260/19/19 259/18/18
f 258/17/17 261/20/20 260/19/19
f 261/20/20 262/21/21 260/19/19
f 263/22/22 258/17/17 256/15/15
f 258/17/17 263/22/22 261/20/20
f 261/20/20 264/23/23 262/21/21
f 264/23/23 265/24/24 262/21/21
f 263/22/22 266/25/25 261/20/20
f 266/25/25 264/23/23 261/20/20
f 256/15/15 267/26/26 263/22/22
f 267/26/26 256/15/15 257/16/16
f 266/25/25 263/22/22 268/27/27
f 267/26/26 268/27/27 263/22/22
f 266/25/25 269/28/28 264/23/23
f 270/29/29 267/26/26 257/16/16
f 268/27/27 271/30/30 266/25/25
f 266/25/25 271/30/30 269/28/28
f 272/31/31 268/27/27 267/26/26
f 267/26/26 270/29/29 272/31/31
f 271/30/30 268/27/27 273/32/32
f 268/27/27 272/31/31 273/32/32
f 15/33/33 270/29/29 257/16/16
f 257/16/16 14/14/14 15/33/33
f 14/14/14 13/13/13 15/33/33
f 274/34/34 272/31/31 270/29/29
f 15/33/33 274/34/34 270/29/29
f 13/13/13 16/35/35 15/33/33
f 274/34/34 15/33/33 16/35/35
f 16/35/35 13/13/13 17/36/36
f 13/13/13 11/11/11 17/36/36
f 18/37/37 17/36/36 11/11/11
f 275/38/38 17/36/36 18/37/37
f 16/35/35 17/36/36 276/39/39
f 275/38/38 276/39/39 17/36/36
f 277/40/40 274/34/34 16/35/35
f 277/40/40 16/35/35 276/39/39
f 275/38/38 278/41/41 276/39/39
f 278/41/41 275/38/38 279/42/42
f 276/39/39 280/43/43 277/40/40
f 280/43/43 276/39/39 278/41/41
f 279/42/42 281/44/44 278/41/41
f 281/44/44 279/42/42 282/45/45
f 278/41/41 283/46/46 280/43/43
f 283/46/46 278/41/41 281/44/44
f 282/45/45 284/47/47 281/44/44
f 284/47/47 282/45/45 285/48/48
f 281/44/44 286/49/49 283/46/46
f 284/47/47 285/48/48 287/50/50
f 288/51/51 287/50/50 285/48/48
f 289/52/52 281/44/44 284/47/47
f 287/50/50 289/52/52 284/47/47
f 286/49/49 281/44/44 289/52/52
f 287/50/50 288/51/51 290/53/53
f 291/54/54 286/49/49 289/52/52
f 289/52/52 287/50/50 291/54/54
f 287/50/50 290/53/53 292/55/55
f 292/55/55 291/54/54 287/50/50
f 290/53/53 293/56/56 292/55/55
f 293/56/56 290/53/53 294/57/57
f 295/58/58 293/56/56 294/57/57
f 291/54/54 292/55/55 296/59/59
f 297/60/60 293/56/56 295/58/58
f 298/61/61 297/60/60 295/58/58
f 299/62/62 292/55/55 293/56/56
f 297/60/60 299/62/62 293/56/56
f 292/55/55 299/62/62 296/59/59
f 300/63/63 297/60/60 298/61/61
f 301/64/64 300/63/63 298/61/61
f 297/60/60 302/65/65 299/62/62
f 303/66/66 300/63/63 301/64/64
f 304/67/67 303/66/66 301/64/64
f 305/68/68 297/60/60 300/63/63
f 303/66/66 305/68/68 300/63/63
f 297/60/60 305/68/68 302/65/65
f 304/67/67 306/69/69 303/66/66
f 307/70/70 306/69/69 304/67/67
f 308/71/71 305/68/68 303/66/66
f 306/69/69 308/71/71 303/66/66
f 309/72/72 306/69/69 307/70/70
f 310/73/73 309/72/72 307/70/70
f 306/69/69 311/74/74 308/71/71
f 309/72/72 311/74/74 306/69/69
f 309/72/72 310/73/73 312/75/75
f 313/76/76 312/75/75 310/73/73
f 311/74/74 309/72/72 314/77/77
f 312/75/75 313/76/76 315/78/78
f 316/79/79 315/78/78 313/76/76
f 317/80/80 309/72/72 312/75/75
f 309/72/72 317/80/80 314/77/77
f 318/81/81 312/75/75 315/78/78
f 317/80/80 312/75/75 318/81/81
f 316/79/79 319/82/82 315/78/78
f 318/81/81 315/78/78 319/82/82
f 320/83/83 319/82/82 316/79/79
f 317/80/80 318/81/81 321/84/84
f 319/82/82 321/84/84 318/81/81
f 320/83/83 322/85/85 319/82/82
f 323/86/86 322/85/85 320/83/83
f 319/82/82 324/87/87 321/84/84
f 322/85/85 324/87/87 319/82/82
f 325/88/88 317/80/80 321/84/84
f 324/87/87 325/88/88 321/84/84
f 317/80/80 325/88/88 314/77/77
f 323/86/86 326/89/89 322/85/85
f 327/90/90 326/89/89 323/86/86
f 322/85/85 328/91/91 324/87/87
f 326/89/89 328/91/91 322/85/85
f 326/89/89 327/90/90 329/92/92
f 330/93/93 329/92/92 327/90/90
f 326/89/89 331/94/94 328/91/91
f 329/92/92 331/94/94 326/89/89
f 328/91/91 332/95/95 324/87/87
f 325/88/88 324/87/87 332/95/95
f 331/94/94 333/96/96 328/91/91
f 332/95/95 328/91/91 333/96/96
f 329/92/92 330/93/93 334/97/97
f 334/97/97 330/93/93 335/98/98
f 331/94/94 329/92/92 336/99/99
f 334/97/97 335/98/98 337/100/100
f 338/101/101 337/100/100 335/98/98
f 334/97/97 339/102/102 329/92/92
f 336/99/99 329/92/92 339/102/102
f 340/103/103 338/101/101 341/104/104
f 338/101/101 340/103/103 342/105/105
f 337/100/100 338/101/101 342/105/105
f 343/106/106 342/105/105 340/103/103
f 342/105/105 343/106/106 344/107/107
f 344/107/107 337/100/100 342/105/105
f 345/108/108 344/107/107 343/106/106
f 337/100/100 346/109/109 334/97/97
f 346/109/109 337/100/100 344/107/107
f 339/102/102 334/97/97 346/109/109
f 344/107/107 345/108/108 347/110/110
f 347/110/110 346/109/109 344/107/107
f 348/111/111 347/110/110 345/108/108
f 349/112/112 339/102/102 346/109/109
f 346/109/109 347/110/110 349/112/112
f 347/110/110 348/111/111 350/113/113
f 350/113/113 349/112/112 347/110/110
f 351/114/114 350/113/113 348/111/111
f 352/115/115 339/102/102 349/112/112
f 352/115/115 336/99/99 339/102/102
f 353/116/116 349/112/112 350/113/113
f 353/116/116 352/115/115 349/112/112
f 350/113/113 351/114/114 354/117/117
f 354/117/117 353/116/116 350/113/113
f 355/118/118 354/117/117 351/114/114
f 351/114/114 356/119/119 355/118/118
f 353/116/116 354/117/117 357/120/120
f 355/118/118 357/120/120 354/117/117
f 358/121/121 352/115/115 353/116/116
f 357/120/120 358/121/121 353/116/116
f 359/122/122 355/118/118 356/119/119
f 356/119/119 360/123/123 359/122/122
f 357/120/120 355/118/118 361/124/124
f 359/122/122 361/124/124 355/118/118
f 358/121/121 357/120/120 362/125/125
f 361/124/124 362/125/125 357/120/120
f 363/126/126 359/122/122 360/123/123
f 360/123/123 364/127/127 363/126/126
f 361/124/124 359/122/122 365/128/128
f 363/126/126 365/128/128 359/122/122
f 366/129/129 363/126/126 364/127/127
f 364/127/127 367/130/130 366/129/129
f 365/128/128 363/126/126 368/131/131
f 366/129/129 368/131/131 363/126/126
f 369/132/132 366/129/129 367/130/130
f 367/130/130 370/133/133 369/132/132
f 371/134/134 369/132/132 370/133/133
f 368/131/131 366/129/129 372/135/135
f 369/132/132 372/135/135 366/129/129
f 369/132/132 371/134/134 373/136/136
f 374/137/137 373/136/136 371/134/134
f 372/135/135 369/132/132 375/138/138
f 373/136/136 375/138/138 369/132/132
f 373/136/136 374/137/137 376/139/139
f 377/140/140 376/139/139 374/137/137
f 375/138/138 373/136/136 378/141/141
f 376/139/139 378/141/141 373/136/136
f 379/142/142 372/135/135 375/138/138
f 375/138/138 378/141/141 379/142/142
f 380/143/143 377/140/140 381/144/144
f 376/139/139 377/140/140 382/145/145
f 377/140/140 380/143/143 382/145/145
f 378/141/141 376/139/139 383/146/146
f 382/145/145 383/146/146 376/139/139
f 382/145/145 380/143/143 384/147/147
f 383/146/146 382/145/145 384/147/147
f 385/148/148 384/147/147 380/143/143
f 386/149/149 384/147/147 385/148/148
f 387/150/150 383/146/146 384/147/147
f 384/147/147 386/149/149 387/150/150
f 378/141/141 383/146/146 388/151/151
f 388/151/151 379/142/142 378/141/141
f 383/146/146 387/150/150 389/152/152
f 389/152/152 388/151/151 383/146/146
f 386/149/149 390/153/153 387/150/150
f 390/153/153 389/152/152 387/150/150
f 390/153/153 386/149/149 391/154/154
f 389/152/152 392/155/155 388/151/151
f 391/154/154 393/156/156 390/153/153
f 393/156/156 391/154/154 394/157/157
f 389/152/152 390/153/153 395/158/158
f 392/155/155 389/152/152 395/158/158
f 396/159/159 390/153/153 393/156/156
f 390/153/153 396/159/159 395/158/158
f 394/157/157 397/160/160 393/156/156
f 397/160/160 394/157/157 398/161/161
f 397/160/160 399/162/162 393/156/156
f 393/156/156 399/162/162 396/159/159
f 398/161/161 400/163/163 397/160/160
f 400/163/163 399/162/162 397/160/160
f 400/163/163 398/161/161 401/164/164
f 402/165/165 396/159/159 399/162/162
f 400/163/163 401/164/164 403/166/166
f 401/164/164 404/167/167 403/166/166
f 399/162/162 400/163/163 405/168/168
f 403/166/166 405/168/168 400/163/163
f 405/168/168 402/165/165 399/162/162
f 403/166/166 404/167/167 406/169/169
f 406/169/169 404/167/167 407/170/170
f 405/168/168 403/166/166 408/171/171
f 409/172/172 406/169/169 407/170/170
f 407/170/170 410/173/173 409/172/172
f 410/173/173 411/174/174 409/172/172
f 403/166/166 406/169/169 412/175/175
f 403/166/166 412/175/175 408/171/171
f 411/174/174 413/176/176 409/172/172
f 411/174/174 414/177/177 413/176/176
f 415/178/178 406/169/169 409/172/172
f 409/172/172 413/176/176 415/178/178
f 406/169/169 415/178/178 412/175/175
f 413/176/176 414/177/177 416/179/179
f 413/176/176 416/179/179 415/178/178
f 414/177/177 417/180/180 416/179/179
f 415/178/178 416/179/179 418/181/181
f 416/179/179 417/180/180 419/182/182
f 419/182/182 417/180/180 420/183/183
f 416/179/179 421/184/184 418/181/181
f 421/184/184 416/179/179 419/182/182
f 422/185/185 415/178/178 418/181/181
f 422/185/185 418/181/181 421/184/184
f 415/178/178 422/185/185 412/175/175
f 419/182/182 420/183/183 423/186/186
f 420/183/183 424/187/187 423/186/186
f 425/188/188 421/184/184 419/182/182
f 425/188/188 419/182/182 423/186/186
f 426/189/189 422/185/185 421/184/184
f 421/184/184 425/188/188 426/189/189
f 427/190/190 412/175/175 422/185/185
f 422/185/185 426/189/189 427/190/190
f 428/191/191 412/175/175 427/190/190
f 408/171/171 412/175/175 428/191/191
f 426/189/189 429/192/192 427/190/190
f 428/191/191 427/190/190 429/192/192
f 430/193/193 426/189/189 425/188/188
f 429/192/192 426/189/189 430/193/193
f 428/191/191 431/194/194 408/171/171
f 432/195/195 428/191/191 429/192/192
f 431/194/194 428/191/191 432/195/195
f 430/193/193 433/196/196 429/192/192
f 432/195/195 429/192/192 433/196/196
f 434/197/197 408/171/171 431/194/194
f 408/171/171 434/197/197 405/168/168
f 402/165/165 405/168/168 434/197/197
f 432/195/195 435/198/198 431/194/194
f 431/194/194 436/199/199 434/197/197
f 436/199/199 431/194/194 435/198/198
f 434/197/197 437/200/200 402/165/165
f 437/200/200 434/197/197 436/199/199
f 435/198/198 432/195/195 438/201/201
f 433/196/196 438/201/201 432/195/195
f 435/198/198 439/202/202 436/199/199
f 438/201/201 440/203/203 435/198/198
f 439/202/202 435/198/198 440/203/203
f 441/204/204 436/199/199 439/202/202
f 436/199/199 441/204/204 437/200/200
f 440/203/203 442/205/205 439/202/202
f 439/202/202 443/206/206 441/204/204
f 443/206/206 439/202/202 442/205/205
f 444/207/207 437/200/200 441/204/204
f 445/208/208 441/204/204 443/206/206
f 441/204/204 445/208/208 444/207/207
f 402/165/165 437/200/200 446/209/209
f 396/159/159 402/165/165 446/209/209
f 396/159/159 446/209/209 395/158/158
f 446/209/209 392/155/155 395/158/158
f 446/209/209 437/200/200 447/210/210
f 446/209/209 447/210/210 392/155/155
f 437/200/200 444/207/207 447/210/210
f 392/155/155 447/210/210 448/211/211
f 444/207/207 448/211/211 447/210/210
f 449/212/212 392/155/155 448/211/211
f 392/155/155 449/212/212 388/151/151
f 379/142/142 388/151/151 449/212/212
f 448/211/211 444/207/207 450/213/213
f 445/208/208 450/213/213 444/207/207
f 449/212/212 451/214/214 379/142/142
f 372/135/135 379/142/142 451/214/214
f 451/214/214 368/131/131 372/135/135
f 448/211/211 452/215/215 449/212/212
f 448/211/211 450/213/213 452/215/215
f 451/214/214 449/212/212 453/216/216
f 452/215/215 453/216/216 449/212/212
f 368/131/131 451/214/214 454/217/217
f 453/216/216 454/217/217 451/214/214
f 454/217/217 365/128/128 368/131/131
f 454/217/217 453/216/216 455/218/218
f 452/215/215 455/218/218 453/216/216
f 365/128/128 454/217/217 456/219/219
f 455/218/218 456/219/219 454/217/217
f 457/220/220 365/128/128 456/219/219
f 365/128/128 457/220/220 361/124/124
f 456/219/219 455/218/218 458/221/221
f 458/221/221 457/220/220 456/219/219
f 362/125/125 361/124/124 457/220/220
f 459/222/222 458/221/221 455/218/218
f 455/218/218 452/215/215 459/222/222
f 457/220/220 458/221/221 460/223/223
f 458/221/221 459/222/222 461/224/224
f 461/224/224 460/223/223 458/221/221
f 459/222/222 452/215/215 462/225/225
f 463/226/226 461/224/224 459/222/222
f 463/226/226 459/222/222 462/225/225
f 452/215/215 464/227/227 462/225/225
f 464/227/227 452/215/215 450/213/213
f 450/213/213 445/208/208 464/227/227
f 465/228/228 462/225/225 464/227/227
f 466/229/229 464/227/227 445/208/208
f 464/227/227 466/229/229 465/228/228
f 443/206/206 466/229/229 445/208/208
f 462/225/225 465/228/228 467/230/230
f 467/230/230 463/226/226 462/225/225
f 465/228/228 466/229/229 468/231/231
f 468/231/231 467/230/230 465/228/228
f 466/229/229 443/206/206 469/232/232
f 442/205/205 469/232/232 443/206/206
f 466/229/229 470/233/233 468/231/231
f 470/233/233 466/229/229 469/232/232
f 467/230/230 468/231/231 471/234/234
f 463/226/226 467/230/230 472/235/235
f 471/234/234 472/235/235 467/230/230
f 473/236/236 463/226/226 472/235/235
f 461/224/224 463/226/226 473/236/236
f 472/235/235 471/234/234 474/237/237
f 473/236/236 475/238/238 461/224/224
f 460/223/223 461/224/224 475/238/238
f 476/239/239 473/236/236 472/235/235
f 475/238/238 473/236/236 477/240/240
f 477/240/240 473/236/236 476/239/239
f 478/241/241 460/223/223 475/238/238
f 479/242/242 475/238/238 477/240/240
f 475/238/238 479/242/242 478/241/241
f 480/243/243 477/240/240 476/239/239
f 479/242/242 477/240/240 480/243/243
f 476/239/239 472/235/235 481/244/244
f 481/244/244 472/235/235 474/237/237
f 480/243/243 476/239/239 482/245/245
f 482/245/245 476/239/239 481/244/244
f 483/246/246 479/242/242 480/243/243
f 484/247/247 480/243/243 482/245/245
f 480/243/243 484/247/247 483/246/246
f 482/245/245 481/244/244 485/248/248
f 484/247/247 482/245/245 485/248/248
f 481/244/244 474/237/237 486/249/249
f 486/249/249 485/248/248 481/244/244
f 487/250/250 486/249/249 474/237/237
f 471/234/234 487/250/250 474/237/237
f 486/249/249 488/251/251 485/248/248
f 489/252/252 487/250/250 471/234/234
f 471/234/234 468/231/231 489/252/252
f 487/250/250 490/253/253 486/249/249
f 488/251/251 486/249/249 490/253/253
f 489/252/252 491/254/254 487/250/250
f 490/253/253 487/250/250 491/254/254
f 492/255/255 489/252/252 468/231/231
f 470/233/233 492/255/255 468/231/231
f 491/254/254 489/252/252 493/256/256
f 493/256/256 489/252/252 492/255/255
f 490/253/253 491/254/254 494/257/257
f 491/254/254 493/256/256 495/258/258
f 495/258/258 494/257/257 491/254/254
f 494/257/257 496/259/259 490/253/253
f 488/251/251 490/253/253 496/259/259
f 495/258/258 497/260/260 494/257/257
f 494/257/257 498/261/261 496/259/259
f 498/261/261 494/257/257 497/260/260
f 499/262/262 488/251/251 496/259/259
f 498/261/261 499/262/262 496/259/259
f 500/263/263 485/248/248 488/251/251
f 484/247/247 485/248/248 500/263/263
f 488/251/251 499/262/262 501/264/264
f 500/263/263 488/251/251 501/264/264
f 500/263/263 502/265/265 484/247/247
f 502/265/265 483/246/246 484/247/247
f 503/266/266 500/263/263 501/264/264
f 502/265/265 500/263/263 503/266/266
f 502/265/265 504/267/267 483/246/246
f 504/267/267 479/242/242 483/246/246
f 503/266/266 505/268/268 502/265/265
f 505/268/268 504/267/267 502/265/265
f 504/267/267 506/269/269 479/242/242
f 506/269/269 478/241/241 479/242/242
f 504/267/267 505/268/268 507/270/270
f 507/270/270 506/269/269 504/267/267
f 505/268/268 503/266/266 508/271/271
f 509/272/272 507/270/270 505/268/268
f 508/271/271 509/272/272 505/268/268
f 506/269/269 507/270/270 510/273/273
f 508/271/271 503/266/266 511/274/274
f 503/266/266 501/264/264 511/274/274
f 512/275/275 510/273/273 507/270/270
f 512/275/275 507/270/270 509/272/272
f 511/274/274 501/264/264 513/276/276
f 501/264/264 499/262/262 513/276/276
f 514/277/277 511/274/274 513/276/276
f 515/278/278 513/276/276 499/262/262
f 515/278/278 514/277/277 513/276/276
f 498/261/261 515/278/278 499/262/262
f 516/279/279 511/274/274 514/277/277
f 516/279/279 508/271/271 511/274/274
f 514/277/277 515/278/278 517/280/280
f 518/281/281 508/271/271 516/279/279
f 509/272/272 508/271/271 518/281/281
f 519/282/282 516/279/279 514/277/277
f 517/280/280 519/282/282 514/277/277
f 516/279/279 519/282/282 520/283/283
f 516/279/279 520/283/283 518/281/281
f 517/280/280 521/284/284 519/282/282
f 521/284/284 520/283/283 519/282/282
f 515/278/278 522/285/285 517/280/280
f 523/286/286 520/283/283 521/284/284
f 522/285/285 515/278/278 524/287/287
f 498/261/261 524/287/287 515/278/278
f 525/288/288 520/283/283 523/286/286
f 520/283/283 525/288/288 518/281/281
f 524/287/287 498/261/261 526/289/289
f 527/290/290 518/281/281 525/288/288
f 518/281/281 527/290/290 509/272/272
f 498/261/261 528/291/291 526/289/289
f 528/291/291 498/261/261 497/260/260
f 526/289/289 529/292/292 524/287/287
f 526/289/289 528/291/291 529/292/292
f 522/285/285 524/287/287 529/292/292
f 497/260/260 530/293/293 528/291/291
f 528/291/291 530/293/293 529/292/292
f 530/293/293 497/260/260 531/294/294
f 497/260/260 495/258/258 531/294/294
f 532/295/295 530/293/293 531/294/294
f 532/295/295 531/294/294 495/258/258
f 530/293/293 532/295/295 533/296/296
f 533/296/296 529/292/292 530/293/293
f 534/297/297 532/295/295 495/258/258
f 534/297/297 495/258/258 493/256/256
f 535/298/298 533/296/296 532/295/295
f 536/299/299 534/297/297 493/256/256
f 536/299/299 493/256/256 492/255/255
f 532/295/295 534/297/297 537/300/300
f 534/297/297 536/299/299 537/300/300
f 532/295/295 537/300/300 535/298/298
f 492/255/255 538/301/301 536/299/299
f 533/296/296 535/298/298 539/302/302
f 533/296/296 539/302/302 529/292/292
f 540/303/303 539/302/302 535/298/298
f 540/303/303 529/292/292 539/302/302
f 535/298/298 541/304/304 540/303/303
f 538/301/301 492/255/255 542/305/305
f 492/255/255 470/233/233 542/305/305
f 543/306/306 541/304/304 535/298/298
f 537/300/300 543/306/306 535/298/298
f 544/307/307 540/303/303 541/304/304
f 540/303/303 544/307/307 529/292/292
f 545/308/308 543/306/306 537/300/300
f 541/304/304 543/306/306 546/309/309
f 546/309/309 543/306/306 545/308/308
f 541/304/304 547/310/310 544/307/307
f 546/309/309 547/310/310 541/304/304
f 537/300/300 548/311/311 545/308/308
f 536/299/299 548/311/311 537/300/300
f 536/299/299 538/301/301 548/311/311
f 545/308/308 549/312/312 546/309/309
f 548/311/311 549/312/312 545/308/308
f 546/309/309 550/313/313 547/310/310
f 549/312/312 550/313/313 546/309/309
f 551/314/314 548/311/311 538/301/301
f 549/312/312 548/311/311 551/314/314
f 551/314/314 538/301/301 552/315/315
f 552/315/315 538/301/301 542/305/305
f 549/312/312 551/314/314 553/316/316
f 552/315/315 553/316/316 551/314/314
f 549/312/312 554/317/317 550/313/313
f 553/316/316 554/317/317 549/312/312
f 555/318/318 547/310/310 550/313/313
f 555/318/318 544/307/307 547/310/310
f 556/319/319 555/318/318 550/313/313
f 554/317/317 556/319/319 550/313/313
f 544/307/307 555/318/318 557/320/320
f 557/320/320 529/292/292 544/307/307
f 558/321/321 557/320/320 555/318/318
f 555/318/318 556/319/319 558/321/321
f 557/320/320 559/322/322 529/292/292
f 557/320/320 558/321/321 559/322/322
f 560/323/323 529/292/292 559/322/322
f 558/321/321 560/323/323 559/322/322
f 560/323/323 561/324/324 529/292/292
f 560/323/323 558/321/321 562/325/325
f 562/325/325 561/324/324 560/323/323
f 558/321/321 556/319/319 563/326/326
f 558/321/321 564/327/327 562/325/325
f 564/327/327 558/321/321 563/326/326
f 561/324/324 562/325/325 565/328/328
f 566/329/329 562/325/325 564/327/327
f 562/325/325 566/329/329 565/328/328
f 565/328/328 567/330/330 561/324/324
f 567/330/330 529/292/292 561/324/324
f 565/328/328 566/329/329 568/331/331
f 567/330/330 565/328/328 569/332/332
f 568/331/331 569/332/332 565/328/328
f 564/327/327 570/333/333 566/329/329
f 568/331/331 566/329/329 570/333/333
f 571/334/334 567/330/330 569/332/332
f 572/335/335 569/332/332 568/331/331
f 572/335/335 571/334/334 569/332/332
f 567/330/330 573/336/336 529/292/292
f 567/330/330 571/334/334 573/336/336
f 574/337/337 529/292/292 573/336/336
f 574/337/337 575/338/338 529/292/292
f 522/285/285 529/292/292 575/338/338
f 573/336/336 576/339/339 574/337/337
f 576/339/339 575/338/338 574/337/337
f 576/339/339 573/336/336 571/334/334
f 577/340/340 522/285/285 575/338/338
f 575/338/338 576/339/339 577/340/340
f 522/285/285 577/340/340 517/280/280
f 517/280/280 577/340/340 521/284/284
f 577/340/340 578/341/341 521/284/284
f 578/341/341 523/286/286 521/284/284
f 577/340/340 576/339/339 579/342/342
f 577/340/340 579/342/342 578/341/341
f 523/286/286 578/341/341 580/343/343
f 578/341/341 579/342/342 580/343/343
f 580/343/343 525/288/288 523/286/286
f 576/339/339 581/344/344 579/342/342
f 571/334/334 581/344/344 576/339/339
f 582/345/345 580/343/343 579/342/342
f 581/344/344 582/345/345 579/342/342
f 525/288/288 580/343/343 583/346/346
f 580/343/343 582/345/345 583/346/346
f 581/344/344 571/334/334 584/347/347
f 572/335/335 584/347/347 571/334/334
f 582/345/345 581/344/344 585/348/348
f 581/344/344 584/347/347 585/348/348
f 586/349/349 583/346/346 582/345/345
f 585/348/348 586/349/349 582/345/345
f 587/350/350 525/288/288 583/346/346
f 525/288/288 587/350/350 527/290/290
f 588/351/351 583/346/346 586/349/349
f 583/346/346 588/351/351 587/350/350
f 586/349/349 585/348/348 589/352/352
f 589/352/352 588/351/351 586/349/349
f 584/347/347 590/353/353 585/348/348
f 585/348/348 590/353/353 589/352/352
f 584/347/347 591/354/354 590/353/353
f 572/335/335 591/354/354 584/347/347
f 590/353/353 592/355/355 589/352/352
f 591/354/354 572/335/335 593/356/356
f 594/357/357 592/355/355 590/353/353
f 590/353/353 591/354/354 594/357/357
f 595/358/358 593/356/356 572/335/335
f 595/358/358 572/335/335 568/331/331
f 570/333/333 595/358/358 568/331/331
f 593/356/356 596/359/359 591/354/354
f 595/358/358 597/360/360 593/356/356
f 593/356/356 597/360/360 596/359/359
f 598/361/361 591/354/354 596/359/359
f 591/354/354 598/361/361 594/357/357
f 599/362/362 596/359/359 597/360/360
f 596/359/359 599/362/362 598/361/361
f 597/360/360 595/358/358 600/363/363
f 597/360/360 601/364/364 599/362/362
f 601/364/364 597/360/360 600/363/363
f 595/358/358 602/365/365 600/363/363
f 570/333/333 602/365/365 595/358/358
f 600/363/363 603/366/366 601/364/364
f 603/366/366 600/363/363 602/365/365
f 604/367/367 599/362/362 601/364/364
f 605/368/368 601/364/364 603/366/366
f 601/364/364 605/368/368 604/367/367
f 599/362/362 604/367/367 606/369/369
f 606/369/369 598/361/361 599/362/362
f 604/367/367 605/368/368 607/370/370
f 607/370/370 606/369/369 604/367/367
f 598/361/361 606/369/369 608/371/371
f 608/371/371 594/357/357 598/361/361
f 607/370/370 609/372/372 606/369/369
f 609/372/372 608/371/371 606/369/369
f 594/357/357 608/371/371 610/373/373
f 592/355/355 594/357/357 610/373/373
f 608/371/371 609/372/372 611/374/374
f 611/374/374 610/373/373 608/371/371
f 592/355/355 610/373/373 612/375/375
f 610/373/373 611/374/374 612/375/375
f 612/375/375 613/376/376 592/355/355
f 611/374/374 609/372/372 614/377/377
f 612/375/375 611/374/374 615/378/378
f 614/377/377 615/378/378 611/374/374
f 613/376/376 612/375/375 616/379/379
f 615/378/378 616/379/379 612/375/375
f 617/380/380 592/355/355 613/376/376
f 592/355/355 617/380/380 589/352/352
f 588/351/351 589/352/352 617/380/380
f 617/380/380 613/376/376 618/381/381
f 616/379/379 618/381/381 613/376/376
f 619/382/382 588/351/351 617/380/380
f 618/381/381 619/382/382 617/380/380
f 588/351/351 619/382/382 620/383/383
f 620/383/383 587/350/350 588/351/351
f 621/384/384 619/382/382 618/381/381
f 587/350/350 620/383/383 622/385/385
f 622/385/385 527/290/290 587/350/350
f 623/386/386 620/383/383 619/382/382
f 619/382/382 621/384/384 623/386/386
f 527/290/290 622/385/385 624/387/387
f 509/272/272 527/290/290 624/387/387
f 512/275/275 509/272/272 624/387/387
f 620/383/383 625/388/388 622/385/385
f 624/387/387 622/385/385 625/388/388
f 624/387/387 626/389/389 512/275/275
f 626/389/389 624/387/387 625/388/388
f 625/388/388 620/383/383 627/390/390
f 620/383/383 623/386/386 627/390/390
f 626/389/389 625/388/388 628/391/391
f 627/390/390 628/391/391 625/388/388
f 629/392/392 512/275/275 626/389/389
f 510/273/273 512/275/275 629/392/392
f 626/389/389 628/391/391 630/393/393
f 630/393/393 629/392/392 626/389/389
f 628/391/391 627/390/390 631/394/394
f 623/386/386 631/394/394 627/390/390
f 632/395/395 630/393/393 628/391/391
f 628/391/391 631/394/394 632/395/395
f 629/392/392 630/393/393 633/396/396
f 630/393/393 632/395/395 633/396/396
f 629/392/392 634/397/397 510/273/273
f 510/273/273 634/397/397 506/269/269
f 629/392/392 633/396/396 635/398/398
f 634/397/397 629/392/392 635/398/398
f 634/397/397 636/399/399 506/269/269
f 506/269/269 636/399/399 478/241/241
f 634/397/397 635/398/398 637/400/400
f 636/399/399 638/401/401 478/241/241
f 460/223/223 478/241/241 638/401/401
f 638/401/401 457/220/220 460/223/223
f 636/399/399 634/397/397 639/402/402
f 637/400/400 639/402/402 634/397/397
f 636/399/399 640/403/403 638/401/401
f 639/402/402 640/403/403 636/399/399
f 641/404/404 457/220/220 638/401/401
f 638/401/401 640/403/403 641/404/404
f 362/125/125 457/220/220 641/404/404
f 640/403/403 639/402/402 642/405/405
f 643/406/406 362/125/125 641/404/404
f 362/125/125 643/406/406 358/121/121
f 641/404/404 640/403/403 644/407/407
f 641/404/404 644/407/407 643/406/406
f 640/403/403 642/405/405 644/407/407
f 645/408/408 358/121/121 643/406/406
f 358/121/121 645/408/408 352/115/115
f 336/99/99 352/115/115 645/408/408
f 646/409/409 643/406/406 644/407/407
f 643/406/406 646/409/409 645/408/408
f 645/408/408 647/410/410 336/99/99
f 646/409/409 647/410/410 645/408/408
f 336/99/99 647/410/410 331/94/94
f 333/96/96 331/94/94 647/410/410
f 644/407/407 648/411/411 646/409/409
f 648/411/411 647/410/410 646/409/409
f 648/411/411 333/96/96 647/410/410
f 644/407/407 642/405/405 648/411/411
f 648/411/411 649/412/412 333/96/96
f 649/412/412 648/411/411 642/405/405
f 649/412/412 332/95/95 333/96/96
f 642/405/405 650/413/413 649/412/412
f 639/402/402 650/413/413 642/405/405
f 639/402/402 637/400/400 650/413/413
f 332/95/95 649/412/412 651/414/414
f 650/413/413 651/414/414 649/412/412
f 637/400/400 652/415/415 650/413/413
f 651/414/414 650/413/413 652/415/415
f 652/415/415 637/400/400 653/416/416
f 635/398/398 653/416/416 637/400/400
f 635/398/398 633/396/396 653/416/416
f 654/417/417 651/414/414 652/415/415
f 653/416/416 654/417/417 652/415/415
f 332/95/95 651/414/414 655/418/418
f 651/414/414 654/417/417 655/418/418
f 332/95/95 655/418/418 325/88/88
f 656/419/419 653/416/416 633/396/396
f 653/416/416 656/419/419 654/417/417
f 633/396/396 632/395/395 656/419/419
f 657/420/420 655/418/418 654/417/417
f 656/419/419 657/420/420 654/417/417
f 658/421/421 325/88/88 655/418/418
f 655/418/418 657/420/420 658/421/421
f 658/421/421 314/77/77 325/88/88
f 659/422/422 656/419/419 632/395/395
f 659/422/422 632/395/395 631/394/394
f 314/77/77 658/421/421 660/423/423
f 314/77/77 660/423/423 311/74/74
f 631/394/394 661/424/424 659/422/422
f 631/394/394 623/386/386 661/424/424
f 662/425/425 656/419/419 659/422/422
f 656/419/419 662/425/425 657/420/420
f 663/426/426 659/422/422 661/424/424
f 663/426/426 662/425/425 659/422/422
f 623/386/386 664/427/427 661/424/424
f 661/424/424 664/427/427 663/426/426
f 664/427/427 623/386/386 621/384/384
f 662/425/425 663/426/426 665/428/428
f 665/428/428 657/420/420 662/425/425
f 664/427/427 666/429/429 663/426/426
f 665/428/428 663/426/426 666/429/429
f 664/427/427 621/384/384 667/430/430
f 618/381/381 667/430/430 621/384/384
f 667/430/430 618/381/381 616/379/379
f 657/420/420 665/428/428 668/431/431
f 657/420/420 668/431/431 658/421/421
f 658/421/421 668/431/431 660/423/423
f 669/432/432 668/431/431 665/428/428
f 666/429/429 669/432/432 665/428/428
f 668/431/431 670/433/433 660/423/423
f 668/431/431 669/432/432 670/433/433
f 670/433/433 671/434/434 660/423/423
f 311/74/74 660/423/423 671/434/434
f 311/74/74 671/434/434 308/71/71
f 308/71/71 671/434/434 672/435/435
f 672/435/435 671/434/434 670/433/433
f 308/71/71 672/435/435 305/68/68
f 673/436/436 670/433/433 669/432/432
f 670/433/433 673/436/436 672/435/435
f 305/68/68 672/435/435 674/437/437
f 673/436/436 674/437/437 672/435/435
f 305/68/68 674/437/437 302/65/65
f 669/432/432 675/438/438 673/436/436
f 675/438/438 669/432/432 666/429/429
f 674/437/437 673/436/436 676/439/439
f 673/436/436 675/438/438 676/439/439
f 674/437/437 677/440/440 302/65/65
f 676/439/439 677/440/440 674/437/437
f 678/441/441 675/438/438 666/429/429
f 664/427/427 678/441/441 666/429/429
f 664/427/427 667/430/430 678/441/441
f 675/438/438 679/442/442 676/439/439
f 679/442/442 675/438/438 678/441/441
f 678/441/441 667/430/430 680/443/443
f 678/441/441 680/443/443 679/442/442
f 679/442/442 681/444/444 676/439/439
f 677/440/440 676/439/439 681/444/444
f 682/445/445 679/442/442 680/443/443
f 681/444/444 679/442/442 682/445/445
f 683/446/446 680/443/443 667/430/430
f 616/379/379 683/446/446 667/430/430
f 683/446/446 616/379/379 615/378/378
f 683/446/446 684/447/447 680/443/443
f 680/443/443 684/447/447 682/445/445
f 615/378/378 685/448/448 683/446/446
f 684/447/447 683/446/446 685/448/448
f 685/448/448 615/378/378 614/377/377
f 686/449/449 682/445/445 684/447/447
f 685/448/448 687/450/450 684/447/447
f 684/447/447 687/450/450 686/449/449
f 614/377/377 688/451/451 685/448/448
f 687/450/450 685/448/448 688/451/451
f 689/452/452 682/445/445 686/449/449
f 682/445/445 689/452/452 681/444/444
f 687/450/450 690/453/453 686/449/449
f 691/454/454 681/444/444 689/452/452
f 681/444/444 691/454/454 677/440/440
f 686/449/449 692/455/455 689/452/452
f 692/455/455 686/449/449 690/453/453
f 689/452/452 693/456/456 691/454/454
f 693/456/456 689/452/452 692/455/455
f 677/440/440 691/454/454 694/457/457
f 302/65/65 677/440/440 694/457/457
f 302/65/65 694/457/457 299/62/62
f 694/457/457 296/59/59 299/62/62
f 691/454/454 695/458/458 694/457/457
f 695/458/458 691/454/454 693/456/456
f 296/59/59 694/457/457 696/459/459
f 694/457/457 695/458/458 696/459/459
f 296/59/59 696/459/459 697/460/460
f 697/460/460 291/54/54 296/59/59
f 286/49/49 291/54/54 697/460/460
f 696/459/459 698/461/461 697/460/460
f 696/459/459 695/458/458 698/461/461
f 697/460/460 699/462/462 286/49/49
f 698/461/461 699/462/462 697/460/460
f 699/462/462 283/46/46 286/49/49
f 699/462/462 280/43/43 283/46/46
f 695/458/458 700/463/463 698/461/461
f 698/461/461 700/463/463 699/462/462
f 280/43/43 699/462/462 701/464/464
f 699/462/462 700/463/463 701/464/464
f 701/464/464 277/40/40 280/43/43
f 700/463/463 695/458/458 702/465/465
f 693/456/456 702/465/465 695/458/458
f 703/466/466 701/464/464 700/463/463
f 702/465/465 703/466/466 700/463/463
f 277/40/40 701/464/464 704/467/467
f 701/464/464 703/466/466 704/467/467
f 277/40/40 704/467/467 705/468/468
f 704/467/467 703/466/466 705/468/468
f 274/34/34 277/40/40 705/468/468
f 702/465/465 693/456/456 706/469/469
f 706/469/469 693/456/456 692/455/455
f 703/466/466 702/465/465 707/470/470
f 702/465/465 706/469/469 707/470/470
f 692/455/455 708/471/471 706/469/469
f 708/471/471 692/455/455 690/453/453
f 709/472/472 706/469/469 708/471/471
f 707/470/470 706/469/469 709/472/472
f 690/453/453 710/473/473 708/471/471
f 709/472/472 708/471/471 710/473/473
f 707/470/470 711/474/474 703/466/466
f 703/466/466 711/474/474 705/468/468
f 707/470/470 709/472/472 712/475/475
f 707/470/470 712/475/475 711/474/474
f 274/34/34 705/468/468 713/476/476
f 272/31/31 274/34/34 713/476/476
f 713/476/476 273/32/32 272/31/31
f 711/474/474 714/477/477 705/468/468
f 713/476/476 705/468/468 714/477/477
f 273/32/32 713/476/476 715/478/478
f 713/476/476 714/477/477 715/478/478
f 711/474/474 716/479/479 714/477/477
f 716/479/479 711/474/474 712/475/475
f 717/480/480 715/478/478 714/477/477
f 716/479/479 717/480/480 714/477/477
f 715/478/478 718/481/481 273/32/32
f 271/30/30 273/32/32 718/481/481
f 715/478/478 717/480/480 719/482/482
f 718/481/481 715/478/478 719/482/482
f 718/481/481 720/483/483 271/30/30
f 271/30/30 720/483/483 269/28/28
f 721/484/484 718/481/481 719/482/482
f 720/483/483 718/481/481 721/484/484
f 722/485/485 719/482/482 717/480/480
f 723/486/486 269/28/28 720/483/483
f 722/485/485 724/487/487 719/482/482
f 724/487/487 721/484/484 719/482/482
f 269/28/28 723/486/486 725/488/488
f 264/23/23 269/28/28 725/488/488
f 264/23/23 725/488/488 265/24/24
f 726/489/489 265/24/24 725/488/488
f 723/486/486 726/489/489 725/488/488
f 727/490/490 265/24/24 726/489/489
f 728/491/491 723/486/486 720/483/483
f 721/484/484 728/491/491 720/483/483
f 729/492/492 726/489/489 723/486/486
f 723/486/486 728/491/491 729/492/492
f 730/493/493 727/490/490 726/489/489
f 726/489/489 729/492/492 730/493/493
f 727/490/490 730/493/493 731/494/494
f 728/491/491 732/495/495 729/492/492
f 733/496/496 731/494/494 730/493/493
f 731/494/494 733/496/496 734/497/497
f 735/498/498 730/493/493 729/492/492
f 730/493/493 735/498/498 733/496/496
f 735/498/498 729/492/492 732/495/495
f 736/499/499 734/497/497 733/496/496
f 734/497/497 736/499/499 737/500/500
f 735/498/498 738/501/501 733/496/496
f 736/499/499 733/496/496 738/501/501
f 739/502/502 737/500/500 736/499/499
f 737/500/500 739/502/502 740/503/503
f 741/504/504 736/499/499 738/501/501
f 736/499/499 741/504/504 739/502/502
f 735/498/498 742/505/505 738/501/501
f 742/505/505 741/504/504 738/501/501
f 742/505/505 735/498/498 732/495/495
f 743/506/506 740/503/503 739/502/502
f 741/504/504 743/506/506 739/502/502
f 740/503/503 743/506/506 744/507/507
f 743/506/506 745/508/508 744/507/507
f 742/505/505 746/509/509 741/504/504
f 745/508/508 743/506/506 747/510/510
f 748/511/511 745/508/508 747/510/510
f 743/506/506 741/504/504 749/512/512
f 746/509/509 749/512/512 741/504/504
f 750/513/513 743/506/506 749/512/512
f 743/506/506 750/513/513 747/510/510
f 749/512/512 746/509/509 751/514/514
f 751/514/514 750/513/513 749/512/512
f 748/511/511 747/510/510 752/515/515
f 752/515/515 753/516/516 748/511/511
f 747/510/510 750/513/513 754/517/517
f 752/515/515 747/510/510 754/517/517
f 753/516/516 752/515/515 755/518/518
f 755/518/518 756/519/519 753/516/516
f 757/520/520 752/515/515 754/517/517
f 752/515/515 757/520/520 755/518/518
f 758/521/521 754/517/517 750/513/513
f 750/513/513 751/514/514 758/521/521
f 756/519/519 755/518/518 759/522/522
f 759/522/522 760/523/523 756/519/519
f 759/522/522 755/518/518 761/524/524
f 757/520/520 761/524/524 755/518/518
f 760/523/523 759/522/522 762/525/525
f 763/526/526 760/523/523 762/525/525
f 764/527/527 759/522/522 761/524/524
f 759/522/522 764/527/527 762/525/525
f 762/525/525 765/528/528 763/526/526
f 765/528/528 762/525/525 764/527/527
f 765/528/528 766/529/529 763/526/526
f 764/527/527 761/524/524 767/530/530
f 757/520/520 767/530/530 761/524/524
f 766/529/529 765/528/528 768/531/531
f 769/532/532 766/529/529 768/531/531
f 764/527/527 770/533/533 765/528/528
f 768/531/531 771/534/534 769/532/532
f 771/534/534 19/535/535 769/532/532
f 765/528/528 772/536/536 768/531/531
f 772/536/536 771/534/534 768/531/531
f 772/536/536 765/528/528 770/533/533
f 770/533/533 764/527/527 773/537/537
f 767/530/530 773/537/537 764/527/527
f 774/538/538 772/536/536 770/533/533
f 773/537/537 774/538/538 770/533/533
f 767/530/530 775/539/539 773/537/537
f 774/538/538 773/537/537 775/539/539
f 767/530/530 757/520/520 776/540/540
f 775/539/539 767/530/530 777/541/541
f 776/540/540 777/541/541 767/530/530
f 757/520/520 778/542/542 776/540/540
f 778/542/542 757/520/520 754/517/517
f 754/517/517 758/521/521 778/542/542
f 778/542/542 779/543/543 776/540/540
f 777/541/541 776/540/540 779/543/543
f 758/521/521 780/544/544 778/542/542
f 779/543/543 778/542/542 780/544/544
f 781/545/545 777/541/541 779/543/543
f 782/546/546 779/543/543 780/544/544
f 782/546/546 781/545/545 779/543/543
f 780/544/544 758/521/521 783/547/547
f 782/546/546 780/544/544 784/548/548
f 784/548/548 780/544/544 783/547/547
f 785/549/549 783/547/547 758/521/521
f 758/521/521 751/514/514 785/549/549
f 784/548/548 783/547/547 786/550/550
f 786/550/550 783/547/547 785/549/549
f 751/514/514 787/551/551 785/549/549
f 787/551/551 751/514/514 746/509/509
f 788/552/552 786/550/550 785/549/549
f 788/552/552 785/549/549 787/551/551
f 789/553/553 787/551/551 746/509/509
f 789/553/553 788/552/552 787/551/551
f 746/509/509 742/505/505 789/553/553
f 790/554/554 786/550/550 788/552/552
f 742/505/505 791/555/555 789/553/553
f 791/555/555 742/505/505 732/495/495
f 788/552/552 789/553/553 792/556/556
f 791/555/555 792/556/556 789/553/553
f 792/556/556 790/554/554 788/552/552
f 732/495/495 793/557/557 791/555/555
f 793/557/557 732/495/495 728/491/491
f 728/491/491 721/484/484 793/557/557
f 792/556/556 791/555/555 794/558/558
f 793/557/557 794/558/558 791/555/555
f 721/484/484 795/559/559 793/557/557
f 794/558/558 793/557/557 795/559/559
f 795/559/559 721/484/484 724/487/487
f 796/560/560 792/556/556 794/558/558
f 790/554/554 792/556/556 796/560/560
f 797/561/561 794/558/558 795/559/559
f 794/558/558 797/561/561 796/560/560
f 724/487/487 798/562/562 795/559/559
f 798/562/562 797/561/561 795/559/559
f 798/562/562 724/487/487 799/563/563
f 724/487/487 722/485/485 799/563/563
f 800/564/564 798/562/562 799/563/563
f 722/485/485 800/564/564 799/563/563
f 798/562/562 801/565/565 797/561/561
f 798/562/562 800/564/564 801/565/565
f 802/566/566 796/560/560 797/561/561
f 801/565/565 803/567/567 797/561/561
f 803/567/567 802/566/566 797/561/561
f 804/568/568 796/560/560 802/566/566
f 796/560/560 804/568/568 790/554/554
f 805/569/569 802/566/566 803/567/567
f 804/568/568 806/570/570 790/554/554
f 806/570/570 786/550/550 790/554/554
f 806/570/570 784/548/548 786/550/550
f 802/566/566 807/571/571 804/568/568
f 807/571/571 802/566/566 805/569/569
f 806/570/570 804/568/568 808/572/572
f 807/571/571 808/572/572 804/568/568
f 809/573/573 784/548/548 806/570/570
f 808/572/572 809/573/573 806/570/570
f 809/573/573 782/546/546 784/548/548
f 808/572/572 807/571/571 810/574/574
f 811/575/575 782/546/546 809/573/573
f 812/576/576 809/573/573 808/572/572
f 812/576/576 811/575/575 809/573/573
f 810/574/574 812/576/576 808/572/572
f 811/575/575 781/545/545 782/546/546
f 813/577/577 810/574/574 807/571/571
f 805/569/569 813/577/577 807/571/571
f 814/578/578 781/545/545 811/575/575
f 815/579/579 811/575/575 812/576/576
f 815/579/579 814/578/578 811/575/575
f 816/580/580 812/576/576 810/574/574
f 816/580/580 815/579/579 812/576/576
f 781/545/545 814/578/578 817/581/581
f 781/545/545 817/581/581 777/541/541
f 817/581/581 775/539/539 777/541/541
f 815/579/579 818/582/582 814/578/578
f 819/583/583 817/581/581 814/578/578
f 819/583/583 814/578/578 818/582/582
f 775/539/539 817/581/581 820/584/584
f 819/583/583 821/585/585 817/581/581
f 821/585/585 820/584/584 817/581/581
f 820/584/584 822/586/586 775/539/539
f 775/539/539 822/586/586 774/538/538
f 823/587/587 820/584/584 821/585/585
f 822/586/586 820/584/584 823/587/587
f 821/585/585 819/583/583 824/588/588
f 818/582/582 824/588/588 819/583/583
f 825/589/589 774/538/538 822/586/586
f 825/589/589 822/586/586 823/587/587
f 774/538/538 825/589/589 826/590/590
f 774/538/538 826/590/590 772/536/536
f 823/587/587 827/591/591 825/589/589
f 826/590/590 828/592/592 772/536/536
f 771/534/534 772/536/536 828/592/592
f 821/585/585 829/593/593 823/587/587
f 827/591/591 823/587/587 829/593/593
f 824/588/588 829/593/593 821/585/585
f 830/594/594 825/589/589 827/591/591
f 825/589/589 830/594/594 826/590/590
f 829/593/593 824/588/588 831/595/595
f 829/593/593 832/596/596 827/591/591
f 831/595/595 832/596/596 829/593/593
f 833/597/597 827/591/591 832/596/596
f 830/594/594 827/591/591 833/597/597
f 834/598/598 831/595/595 824/588/588
f 824/588/588 818/582/582 834/598/598
f 832/596/596 831/595/595 835/599/599
f 834/598/598 835/599/599 831/595/595
f 832/596/596 836/600/600 833/597/597
f 832/596/596 835/599/599 836/600/600
f 20/601/601 833/597/597 836/600/600
f 833/597/597 20/601/601 830/594/594
f 836/600/600 835/599/599 837/602/602
f 836/600/600 21/603/603 20/601/601
f 837/602/602 21/603/603 836/600/600
f 838/604/604 837/602/602 835/599/599
f 835/599/599 834/598/598 838/604/604
f 21/603/603 837/602/602 839/605/605
f 839/605/605 837/602/602 838/604/604
f 21/603/603 22/606/606 20/601/601
f 839/605/605 23/607/607 21/603/603
f 22/606/606 21/603/603 23/607/607
f 23/607/607 839/605/605 840/608/608
f 24/609/609 20/601/601 22/606/606
f 841/610/610 840/608/608 839/605/605
f 841/610/610 839/605/605 838/604/604
f 20/601/601 24/609/609 25/611/611
f 830/594/594 20/601/601 25/611/611
f 24/609/609 26/612/612 25/611/611
f 830/594/594 25/611/611 26/612/612
f 24/609/609 22/606/606 27/613/613
f 26/612/612 842/614/614 830/594/594
f 826/590/590 830/594/594 842/614/614
f 828/592/592 826/590/590 842/614/614
f 26/612/612 24/609/609 28/615/615
f 27/613/613 28/615/615 24/609/609
f 29/616/616 842/614/614 26/612/612
f 842/614/614 29/616/616 828/592/592
f 28/615/615 29/616/616 26/612/612
f 771/534/534 828/592/592 29/616/616
f 29/616/616 28/615/615 30/617/617
f 31/618/618 771/534/534 29/616/616
f 31/618/618 29/616/616 30/617/617
f 19/535/535 771/534/534 31/618/618
f 28/615/615 32/619/619 30/617/617
f 31/618/618 30/617/617 32/619/619
f 33/620/620 19/535/535 31/618/618
f 33/620/620 31/618/618 32/619/619
f 19/535/535 33/620/620 34/621/621
f 32/619/619 28/615/615 35/622/622
f 28/615/615 27/613/613 35/622/622
f 33/620/620 32/619/619 36/623/623
f 35/622/622 36/623/623 32/619/619
f 37/624/624 34/621/621 33/620/620
f 34/621/621 37/624/624 38/625/625
f 37/624/624 39/626/626 38/625/625
f 39/626/626 37/624/624 40/627/627
f 41/628/628 33/620/620 36/623/623
f 33/620/620 41/628/628 37/624/624
f 36/623/623 35/622/622 42/629/629
f 42/629/629 41/628/628 36/623/623
f 43/630/630 40/627/627 37/624/624
f 43/630/630 37/624/624 41/628/628
f 44/631/631 40/627/627 43/630/630
f 44/631/631 45/632/632 40/627/627
f 45/632/632 44/631/631 46/633/633
f 47/634/634 46/633/633 44/631/631
f 43/630/630 47/634/634 44/631/631
f 47/634/634 48/635/635 46/633/633
f 41/628/628 843/636/636 43/630/630
f 47/634/634 43/630/630 843/636/636
f 48/635/635 47/634/634 49/637/637
f 843/636/636 49/637/637 47/634/634
f 843/636/636 41/628/628 50/638/638
f 41/628/628 42/629/629 50/638/638
f 49/637/637 843/636/636 51/639/639
f 50/638/638 51/639/639 843/636/636
f 844/640/640 48/635/635 49/637/637
f 48/635/635 844/640/640 845/641/641
f 52/642/642 49/637/637 51/639/639
f 49/637/637 52/642/642 844/640/640
f 51/639/639 50/638/638 53/643/643
f 42/629/629 53/643/643 50/638/638
f 54/644/644 52/642/642 51/639/639
f 54/644/644 51/639/639 53/643/643
f 55/645/645 53/643/643 42/629/629
f 35/622/622 55/645/645 42/629/629
f 55/645/645 35/622/622 27/613/613
f 56/646/646 53/643/643 55/645/645
f 53/643/643 56/646/646 54/644/644
f 27/613/613 57/647/647 55/645/645
f 57/647/647 56/646/646 55/645/645
f 22/606/606 57/647/647 27/613/613
f 23/607/607 57/647/647 22/606/606
f 58/648/648 56/646/646 57/647/647
f 57/647/647 23/607/607 58/648/648
f 59/649/649 54/644/644 56/646/646
f 56/646/646 58/648/648 59/649/649
f 54/644/644 59/649/649 60/650/650
f 52/642/642 54/644/644 60/650/650
f 58/648/648 846/651/651 59/649/649
f 846/651/651 60/650/650 59/649/649
f 23/607/607 847/652/652 58/648/648
f 847/652/652 846/651/651 58/648/648
f 23/607/607 840/608/608 847/652/652
f 840/608/608 841/610/610 847/652/652
f 60/650/650 848/653/653 52/642/642
f 844/640/640 52/642/642 848/653/653
f 60/650/650 846/651/651 849/654/654
f 849/654/654 848/653/653 60/650/650
f 850/655/655 846/651/651 847/652/652
f 841/610/610 850/655/655 847/652/652
f 846/651/651 851/656/656 849/654/654
f 850/655/655 851/656/656 846/651/651
f 849/654/654 852/657/657 848/653/653
f 851/656/656 852/657/657 849/654/654
f 848/653/653 853/658/658 844/640/640
f 853/658/658 848/653/653 852/657/657
f 853/658/658 845/641/641 844/640/640
f 845/641/641 853/658/658 854/659/659
f 855/660/660 854/659/659 853/658/658
f 852/657/657 855/660/660 853/658/658
f 855/660/660 856/661/661 854/659/659
f 855/660/660 852/657/657 857/662/662
f 851/656/656 857/662/662 852/657/657
f 858/663/663 856/661/661 855/660/660
f 857/662/662 858/663/663 855/660/660
f 858/663/663 424/187/187 856/661/661
f 423/186/186 424/187/187 858/663/663
f 859/664/664 858/663/663 857/662/662
f 859/664/664 423/186/186 858/663/663
f 851/656/656 859/664/664 857/662/662
f 425/188/188 423/186/186 859/664/664
f 859/664/664 851/656/656 860/665/665
f 860/665/665 851/656/656 850/655/655
f 859/664/664 861/666/666 425/188/188
f 861/666/666 859/664/664 860/665/665
f 861/666/666 430/193/193 425/188/188
f 862/667/667 860/665/665 850/655/655
f 841/610/610 862/667/667 850/655/655
f 860/665/665 863/668/668 861/666/666
f 863/668/668 860/665/665 862/667/667
f 861/666/666 864/669/669 430/193/193
f 864/669/669 861/666/666 863/668/668
f 433/196/196 430/193/193 864/669/669
f 862/667/667 865/670/670 863/668/668
f 865/670/670 864/669/669 863/668/668
f 862/667/667 841/610/610 866/671/671
f 865/670/670 862/667/667 866/671/671
f 838/604/604 866/671/671 841/610/610
f 864/669/669 865/670/670 867/672/672
f 867/672/672 433/196/196 864/669/669
f 868/673/673 865/670/670 866/671/671
f 866/671/671 838/604/604 868/673/673
f 869/674/674 867/672/672 865/670/670
f 865/670/670 868/673/673 869/674/674
f 870/675/675 868/673/673 838/604/604
f 834/598/598 870/675/675 838/604/604
f 871/676/676 869/674/674 868/673/673
f 868/673/673 870/675/675 871/676/676
f 834/598/598 872/677/677 870/675/675
f 872/677/677 834/598/598 818/582/582
f 871/676/676 870/675/675 873/678/678
f 873/678/678 870/675/675 872/677/677
f 818/582/582 874/679/679 872/677/677
f 874/679/679 818/582/582 815/579/579
f 874/679/679 815/579/579 816/580/580
f 875/680/680 872/677/677 874/679/679
f 816/580/580 875/680/680 874/679/679
f 872/677/677 875/680/680 873/678/678
f 875/680/680 816/580/580 876/681/681
f 873/678/678 875/680/680 877/682/682
f 876/681/681 816/580/580 878/683/683
f 878/683/683 816/580/580 810/574/574
f 810/574/574 813/577/577 878/683/683
f 875/680/680 876/681/681 879/684/684
f 877/682/682 875/680/680 879/684/684
f 878/683/683 880/685/685 876/681/681
f 881/686/686 873/678/678 877/682/682
f 881/686/686 871/676/676 873/678/678
f 880/685/685 878/683/683 882/687/687
f 813/577/577 882/687/687 878/683/683
f 871/676/676 881/686/686 883/688/688
f 869/674/674 871/676/676 883/688/688
f 884/689/689 881/686/686 877/682/682
f 885/690/690 883/688/688 881/686/686
f 881/686/686 884/689/689 885/690/690
f 869/674/674 883/688/688 886/691/691
f 883/688/688 885/690/690 886/691/691
f 877/682/682 887/692/692 884/689/689
f 887/692/692 877/682/682 879/684/684
f 888/693/693 885/690/690 884/689/689
f 887/692/692 888/693/693 884/689/689
f 889/694/694 886/691/691 885/690/690
f 885/690/690 888/693/693 889/694/694
f 886/691/691 890/695/695 869/674/674
f 867/672/672 869/674/674 890/695/695
f 886/691/691 889/694/694 891/696/696
f 890/695/695 886/691/691 891/696/696
f 890/695/695 892/697/697 867/672/672
f 433/196/196 867/672/672 892/697/697
f 891/696/696 893/698/698 890/695/695
f 892/697/697 890/695/695 893/698/698
f 889/694/694 894/699/699 891/696/696
f 893/698/698 891/696/696 894/699/699
f 433/196/196 892/697/697 895/700/700
f 438/201/201 433/196/196 895/700/700
f 896/701/701 892/697/697 893/698/698
f 892/697/697 896/701/701 895/700/700
f 894/699/699 896/701/701 893/698/698
f 895/700/700 897/702/702 438/201/201
f 897/702/702 895/700/700 896/701/701
f 440/203/203 438/201/201 897/702/702
f 896/701/701 894/699/699 898/703/703
f 897/702/702 896/701/701 898/703/703
f 894/699/699 889/694/694 899/704/704
f 894/699/699 899/704/704 898/703/703
f 888/693/693 899/704/704 889/694/694
f 440/203/203 897/702/702 900/705/705
f 442/205/205 440/203/203 900/705/705
f 901/706/706 897/702/702 898/703/703
f 900/705/705 897/702/702 901/706/706
f 898/703/703 899/704/704 902/707/707
f 902/707/707 901/706/706 898/703/703
f 899/704/704 888/693/693 903/708/708
f 899/704/704 903/708/708 902/707/707
f 902/707/707 904/709/709 901/706/706
f 904/709/709 902/707/707 903/708/708
f 904/709/709 905/710/710 901/706/706
f 903/708/708 888/693/693 906/711/711
f 888/693/693 887/692/692 906/711/711
f 903/708/708 907/712/712 904/709/709
f 905/710/710 904/709/709 907/712/712
f 906/711/711 907/712/712 903/708/708
f 908/713/713 901/706/706 905/710/710
f 907/712/712 908/713/713 905/710/710
f 901/706/706 908/713/713 900/705/705
f 909/714/714 907/712/712 906/711/711
f 900/705/705 908/713/713 910/715/715
f 900/705/705 910/715/715 442/205/205
f 907/712/712 911/716/716 908/713/713
f 911/716/716 910/715/715 908/713/713
f 907/712/712 909/714/714 911/716/716
f 910/715/715 912/717/717 442/205/205
f 469/232/232 442/205/205 912/717/717
f 910/715/715 911/716/716 913/718/718
f 913/718/718 912/717/717 910/715/715
f 913/718/718 911/716/716 914/719/719
f 912/717/717 913/718/718 915/720/720
f 914/719/719 915/720/720 913/718/718
f 916/721/721 469/232/232 912/717/717
f 915/720/720 916/721/721 912/717/717
f 911/716/716 917/722/722 914/719/719
f 911/716/716 909/714/714 917/722/722
f 915/720/720 914/719/719 918/723/723
f 914/719/719 917/722/722 919/724/724
f 918/723/723 914/719/719 919/724/724
f 909/714/714 920/725/725 917/722/722
f 920/725/725 919/724/724 917/722/722
f 906/711/711 921/726/726 909/714/714
f 909/714/714 921/726/726 920/725/725
f 887/692/692 921/726/726 906/711/711
f 922/727/727 921/726/726 887/692/692
f 921/726/726 922/727/727 920/725/725
f 887/692/692 879/684/684 922/727/727
f 919/724/724 920/725/725 923/728/728
f 922/727/727 923/728/728 920/725/725
f 923/728/728 924/729/729 919/724/724
f 924/729/729 918/723/723 919/724/724
f 923/728/728 922/727/727 925/730/730
f 879/684/684 926/731/731 922/727/727
f 879/684/684 876/681/681 926/731/731
f 880/685/685 926/731/731 876/681/681
f 922/727/727 926/731/731 927/732/732
f 927/732/732 925/730/730 922/727/727
f 928/733/733 926/731/731 880/685/685
f 926/731/731 928/733/733 927/732/732
f 882/687/687 928/733/733 880/685/685
f 927/732/732 929/734/734 925/730/730
f 923/728/728 925/730/730 930/735/735
f 929/734/734 930/735/735 925/730/730
f 924/729/729 923/728/728 930/735/735
f 929/734/734 927/732/732 931/736/736
f 927/732/732 928/733/733 931/736/736
f 932/737/737 930/735/735 929/734/734
f 931/736/736 932/737/737 929/734/734
f 924/729/729 930/735/735 933/738/738
f 930/735/735 932/737/737 934/739/739
f 933/738/738 930/735/735 934/739/739
f 934/739/739 932/737/737 935/740/740
f 935/740/740 933/738/738 934/739/739
f 932/737/737 931/736/736 936/741/741
f 932/737/737 937/742/742 935/740/740
f 936/741/741 937/742/742 932/737/737
f 933/738/738 935/740/740 938/743/743
f 931/736/736 939/744/744 936/741/741
f 939/744/744 931/736/736 928/733/733
f 938/743/743 940/745/745 933/738/738
f 940/745/745 924/729/729 933/738/738
f 554/317/317 938/743/743 935/740/740
f 554/317/317 935/740/740 937/742/742
f 938/743/743 941/746/746 940/745/745
f 554/317/317 941/746/746 938/743/743
f 942/747/747 924/729/729 940/745/745
f 918/723/723 924/729/729 942/747/747
f 943/748/748 940/745/745 941/746/746
f 943/748/748 942/747/747 940/745/745
f 553/316/316 943/748/748 941/746/746
f 554/317/317 553/316/316 941/746/746
f 943/748/748 553/316/316 944/749/749
f 553/316/316 552/315/315 944/749/749
f 945/750/750 942/747/747 943/748/748
f 944/749/749 945/750/750 943/748/748
f 946/751/751 918/723/723 942/747/747
f 942/747/747 945/750/750 946/751/751
f 946/751/751 915/720/720 918/723/723
f 946/751/751 916/721/721 915/720/720
f 945/750/750 944/749/749 947/752/752
f 947/752/752 946/751/751 945/750/750
f 944/749/749 552/315/315 947/752/752
f 916/721/721 946/751/751 948/753/753
f 948/753/753 946/751/751 947/752/752
f 916/721/721 948/753/753 949/754/754
f 947/752/752 949/754/754 948/753/753
f 469/232/232 916/721/721 949/754/754
f 469/232/232 949/754/754 470/233/233
f 470/233/233 949/754/754 542/305/305
f 949/754/754 947/752/752 950/755/755
f 950/755/755 542/305/305 949/754/754
f 950/755/755 947/752/752 552/315/315
f 552/315/315 542/305/305 950/755/755
f 554/317/317 937/742/742 951/756/756
f 937/742/742 936/741/741 951/756/756
f 936/741/741 952/757/757 951/756/756
f 952/757/757 936/741/741 939/744/744
f 554/317/317 951/756/756 953/758/758
f 953/758/758 951/756/756 952/757/757
f 954/759/759 554/317/317 953/758/758
f 556/319/319 554/317/317 954/759/759
f 954/759/759 563/326/326 556/319/319
f 955/760/760 953/758/758 952/757/757
f 954/759/759 953/758/758 956/761/761
f 953/758/758 955/760/760 956/761/761
f 957/762/762 952/757/757 939/744/744
f 952/757/757 957/762/762 955/760/760
f 939/744/744 958/763/763 957/762/762
f 958/763/763 939/744/744 928/733/733
f 928/733/733 882/687/687 958/763/763
f 959/764/764 955/760/760 957/762/762
f 960/765/765 958/763/763 882/687/687
f 882/687/687 813/577/577 960/765/765
f 958/763/763 961/766/766 957/762/762
f 958/763/763 960/765/765 961/766/766
f 959/764/764 957/762/762 961/766/766
f 962/767/767 960/765/765 813/577/577
f 813/577/577 805/569/569 962/767/767
f 960/765/765 963/768/768 961/766/766
f 962/767/767 805/569/569 964/769/769
f 803/567/567 964/769/769 805/569/569
f 960/765/765 962/767/767 965/770/770
f 963/768/768 960/765/765 965/770/770
f 964/769/769 966/771/771 962/767/767
f 966/771/771 965/770/770 962/767/767
f 964/769/769 803/567/567 967/772/772
f 803/567/567 801/565/565 967/772/772
f 966/771/771 964/769/769 968/773/773
f 968/773/773 964/769/769 967/772/772
f 969/774/774 967/772/772 801/565/565
f 969/774/774 801/565/565 800/564/564
f 970/775/775 968/773/773 967/772/772
f 967/772/772 969/774/774 970/775/775
f 971/776/776 966/771/771 968/773/773
f 968/773/773 970/775/775 972/777/777
f 972/777/777 971/776/776 968/773/773
f 969/774/774 973/778/778 970/775/775
f 972/777/777 970/775/775 973/778/778
f 800/564/564 974/779/779 969/774/774
f 973/778/778 969/774/774 974/779/779
f 974/779/779 800/564/564 975/780/780
f 800/564/564 722/485/485 975/780/780
f 974/779/779 976/781/781 973/778/778
f 977/782/782 975/780/780 722/485/485
f 977/782/782 722/485/485 717/480/480
f 716/479/479 977/782/782 717/480/480
f 978/783/783 974/779/779 975/780/780
f 975/780/780 977/782/782 978/783/783
f 978/783/783 976/781/781 974/779/779
f 977/782/782 716/479/479 979/784/784
f 979/784/784 978/783/783 977/782/782
f 712/475/475 979/784/784 716/479/479
f 979/784/784 980/785/785 978/783/783
f 978/783/783 980/785/785 976/781/781
f 712/475/475 981/786/786 979/784/784
f 979/784/784 981/786/786 980/785/785
f 712/475/475 709/472/472 981/786/786
f 980/785/785 982/787/787 976/781/781
f 709/472/472 983/788/788 981/786/786
f 709/472/472 710/473/473 983/788/788
f 981/786/786 984/789/789 980/785/785
f 982/787/787 980/785/785 984/789/789
f 984/789/789 981/786/786 985/790/790
f 981/786/786 983/788/788 985/790/790
f 985/790/790 986/791/791 984/789/789
f 987/792/792 985/790/790 983/788/788
f 986/791/791 985/790/790 987/792/792
f 988/793/793 984/789/789 986/791/791
f 984/789/789 988/793/793 982/787/787
f 987/792/792 989/794/794 986/791/791
f 986/791/791 989/794/794 988/793/793
f 990/795/795 987/792/792 983/788/788
f 991/796/796 982/787/787 988/793/793
f 983/788/788 992/797/797 990/795/795
f 992/797/797 983/788/788 710/473/473
f 991/796/796 993/798/798 982/787/787
f 976/781/781 982/787/787 993/798/798
f 993/798/798 973/778/778 976/781/781
f 993/798/798 972/777/777 973/778/778
f 994/799/799 972/777/777 993/798/798
f 991/796/796 994/799/799 993/798/798
f 971/776/776 972/777/777 994/799/799
f 995/800/800 991/796/796 988/793/793
f 991/796/796 995/800/800 994/799/799
f 989/794/794 995/800/800 988/793/793
f 996/801/801 971/776/776 994/799/799
f 995/800/800 996/801/801 994/799/799
f 997/802/802 971/776/776 996/801/801
f 971/776/776 997/802/802 966/771/771
f 965/770/770 966/771/771 997/802/802
f 996/801/801 995/800/800 998/803/803
f 995/800/800 989/794/794 998/803/803
f 999/804/804 997/802/802 996/801/801
f 998/803/803 999/804/804 996/801/801
f 1000/805/805 965/770/770 997/802/802
f 999/804/804 1000/805/805 997/802/802
f 963/768/768 965/770/770 1000/805/805
f 1001/806/806 1000/805/805 999/804/804
f 1002/807/807 963/768/768 1000/805/805
f 1001/806/806 1002/807/807 1000/805/805
f 1002/807/807 1003/808/808 963/768/768
f 1003/808/808 961/766/766 963/768/768
f 1003/808/808 959/764/764 961/766/766
f 999/804/804 1004/809/809 1001/806/806
f 1004/809/809 999/804/804 998/803/803
f 1005/810/810 959/764/764 1003/808/808
f 1001/806/806 1004/809/809 1006/811/811
f 959/764/764 1005/810/810 1007/812/812
f 1007/812/812 955/760/760 959/764/764
f 1007/812/812 956/761/761 955/760/760
f 956/761/761 1007/812/812 1008/813/813
f 954/759/759 956/761/761 1008/813/813
f 1007/812/812 1009/814/814 1008/813/813
f 1009/814/814 1007/812/812 1005/810/810
f 1008/813/813 1010/815/815 954/759/759
f 1010/815/815 1008/813/813 1009/814/814
f 563/326/326 954/759/759 1010/815/815
f 1011/816/816 1009/814/814 1005/810/810
f 1010/815/815 1009/814/814 1011/816/816
f 1011/816/816 1005/810/810 1012/817/817
f 1003/808/808 1012/817/817 1005/810/810
f 1012/817/817 1003/808/808 1002/807/807
f 1010/815/815 1011/816/816 1013/818/818
f 1013/818/818 1011/816/816 1012/817/817
f 1014/819/819 1012/817/817 1002/807/807
f 1013/818/818 1012/817/817 1014/819/819
f 1002/807/807 1001/806/806 1014/819/819
f 1006/811/811 1014/819/819 1001/806/806
f 1014/819/819 1015/820/820 1013/818/818
f 1015/820/820 1014/819/819 1006/811/811
f 1016/821/821 1010/815/815 1013/818/818
f 1016/821/821 1013/818/818 1015/820/820
f 1016/821/821 563/326/326 1010/815/815
f 563/326/326 1016/821/821 564/327/327
f 570/333/333 564/327/327 1016/821/821
f 1015/820/820 1006/811/811 1017/822/822
f 1004/809/809 1017/822/822 1006/811/811
f 1018/823/823 1016/821/821 1015/820/820
f 1015/820/820 1017/822/822 1018/823/823
f 1016/821/821 1019/824/824 570/333/333
f 570/333/333 1019/824/824 602/365/365
f 1016/821/821 1018/823/823 1020/825/825
f 1019/824/824 1016/821/821 1020/825/825
f 1021/826/826 602/365/365 1019/824/824
f 1021/826/826 1019/824/824 1020/825/825
f 602/365/365 1021/826/826 603/366/366
f 1022/827/827 1020/825/825 1018/823/823
f 1022/827/827 1021/826/826 1020/825/825
f 1017/822/822 1022/827/827 1018/823/823
f 1023/828/828 603/366/366 1021/826/826
f 1023/828/828 605/368/368 603/366/366
f 1024/829/829 1021/826/826 1022/827/827
f 1024/829/829 1023/828/828 1021/826/826
f 1025/830/830 1022/827/827 1017/822/822
f 1025/830/830 1024/829/829 1022/827/827
f 1004/809/809 1025/830/830 1017/822/822
f 998/803/803 1025/830/830 1004/809/809
f 1023/828/828 1026/831/831 605/368/368
f 1026/831/831 607/370/370 605/368/368
f 1025/830/830 998/803/803 1027/832/832
f 998/803/803 989/794/794 1027/832/832
f 1027/832/832 1028/833/833 1025/830/830
f 1028/833/833 1024/829/829 1025/830/830
f 989/794/794 1029/834/834 1027/832/832
f 1029/834/834 1028/833/833 1027/832/832
f 989/794/794 987/792/792 1029/834/834
f 990/795/795 1029/834/834 987/792/792
f 1030/835/835 1024/829/829 1028/833/833
f 1024/829/829 1030/835/835 1023/828/828
f 1026/831/831 1023/828/828 1030/835/835
f 1029/834/834 1031/836/836 1028/833/833
f 1030/835/835 1028/833/833 1031/836/836
f 1029/834/834 990/795/795 1031/836/836
f 1030/835/835 1032/837/837 1026/831/831
f 1032/837/837 1030/835/835 1031/836/836
f 1033/838/838 1031/836/836 990/795/795
f 1031/836/836 1033/838/838 1032/837/837
f 1033/838/838 990/795/795 992/797/797
f 1034/839/839 1026/831/831 1032/837/837
f 1033/838/838 1034/839/839 1032/837/837
f 1026/831/831 1034/839/839 607/370/370
f 609/372/372 607/370/370 1034/839/839
f 1034/839/839 614/377/377 609/372/372
f 688/451/451 614/377/377 1034/839/839
f 1034/839/839 1033/838/838 688/451/451
f 1035/840/840 688/451/451 1033/838/838
f 1035/840/840 1033/838/838 992/797/797
f 688/451/451 1035/840/840 687/450/450
f 710/473/473 1035/840/840 992/797/797
f 690/453/453 687/450/450 1035/840/840
f 710/473/473 690/453/453 1035/840/840
f 61/841/841 1/1/842 3/3/843
f 1/1/842 61/841/841 62/842/844
f 62/842/844 5/5/845 1/1/842
f 63/843/846 62/842/844 61/841/841
f 5/5/845 62/842/844 64/844/847
f 64/844/847 8/8/848 5/5/845
f 65/845/849 62/842/844 63/843/846
f 8/8/848 64/844/847 66/846/850
f 66/846/850 11/11/851 8/8/848
f 62/842/844 67/847/852 64/844/847
f 67/847/852 66/846/850 64/844/847
f 67/847/852 62/842/844 65/845/849
f 11/11/851 66/846/850 68/848/853
f 66/846/850 67/847/852 69/849/854
f 66/846/850 69/849/854 68/848/853
f 65/845/849 1036/850/855 67/847/852
f 67/847/852 1037/851/856 69/849/854
f 1037/851/856 67/847/852 1036/850/855
f 63/843/846 1038/852/857 65/845/849
f 1036/850/855 65/845/849 1038/852/857
f 1038/852/857 63/843/846 1039/853/858
f 1039/853/858 1040/854/859 1038/852/857
f 1041/855/860 1038/852/857 1040/854/859
f 1042/856/861 1041/855/860 1040/854/859
f 1038/852/857 1043/857/862 1036/850/855
f 1043/857/862 1038/852/857 1041/855/860
f 1041/855/860 1042/856/861 1044/858/863
f 1045/859/864 1044/858/863 1042/856/861
f 1043/857/862 1041/855/860 1046/860/865
f 1046/860/865 1041/855/860 1044/858/863
f 1047/861/866 1036/850/855 1043/857/862
f 1036/850/855 1047/861/866 1037/851/856
f 1048/862/867 1043/857/862 1046/860/865
f 1048/862/867 1047/861/866 1043/857/862
f 1046/860/865 1044/858/863 1049/863/868
f 1050/864/869 1048/862/867 1046/860/865
f 1046/860/865 1049/863/868 1050/864/869
f 1044/858/863 1045/859/864 1051/865/870
f 1044/858/863 1051/865/870 1049/863/868
f 1045/859/864 1052/866/871 1051/865/870
f 1052/866/871 1045/859/864 1053/867/872
f 1051/865/870 1054/868/873 1049/863/868
f 1054/868/873 1051/865/870 1052/866/871
f 1053/867/872 1055/869/874 1052/866/871
f 1055/869/874 1053/867/872 1056/870/875
f 1052/866/871 1057/871/876 1054/868/873
f 1057/871/876 1052/866/871 1055/869/874
f 1058/872/877 1049/863/868 1054/868/873
f 1049/863/868 1058/872/877 1050/864/869
f 1059/873/878 1054/868/873 1057/871/876
f 1054/868/873 1059/873/878 1058/872/877
f 1055/869/874 1060/874/879 1057/871/876
f 1056/870/875 1061/875/880 1055/869/874
f 1060/874/879 1055/869/874 1061/875/880
f 1061/875/880 1056/870/875 1062/876/881
f 1063/877/882 1057/871/876 1060/874/879
f 1063/877/882 1059/873/878 1057/871/876
f 1064/878/883 1061/875/880 1062/876/881
f 1064/878/883 1062/876/881 1065/879/884
f 1066/880/885 1060/874/879 1061/875/880
f 1066/880/885 1061/875/880 1064/878/883
f 1065/879/884 1067/881/886 1064/878/883
f 1067/881/886 1065/879/884 1068/882/887
f 1064/878/883 1069/883/888 1066/880/885
f 1069/883/888 1064/878/883 1067/881/886
f 1070/884/889 1060/874/879 1066/880/885
f 1069/883/888 1070/884/889 1066/880/885
f 1070/884/889 1063/877/882 1060/874/879
f 1068/882/887 1071/885/890 1067/881/886
f 1071/885/890 1069/883/888 1067/881/886
f 1071/885/890 1068/882/887 1072/886/891
f 1073/887/892 1071/885/890 1072/886/891
f 1070/884/889 1069/883/888 1074/888/893
f 1071/885/890 1073/887/892 1075/889/894
f 1073/887/892 1076/890/895 1075/889/894
f 1069/883/888 1071/885/890 1077/891/896
f 1074/888/893 1069/883/888 1077/891/896
f 1078/892/897 1077/891/896 1071/885/890
f 1075/889/894 1078/892/897 1071/885/890
f 1079/893/898 1074/888/893 1077/891/896
f 1078/892/897 1079/893/898 1077/891/896
f 1080/894/899 1075/889/894 1076/890/895
f 1081/895/900 1080/894/899 1076/890/895
f 1075/889/894 1082/896/901 1078/892/897
f 1082/896/901 1075/889/894 1080/894/899
f 1080/894/899 1081/895/900 1083/897/902
f 1084/898/903 1083/897/902 1081/895/900
f 1085/899/904 1082/896/901 1080/894/899
f 1080/894/899 1083/897/902 1085/899/904
f 1082/896/901 1086/900/905 1078/892/897
f 1079/893/898 1078/892/897 1086/900/905
f 1083/897/902 1084/898/903 1087/901/906
f 1088/902/907 1087/901/906 1084/898/903
f 1083/897/902 1087/901/906 1089/903/908
f 1083/897/902 1089/903/908 1085/899/904
f 1087/901/906 1088/902/907 1090/904/909
f 1091/905/910 1090/904/909 1088/902/907
f 1087/901/906 1092/906/911 1089/903/908
f 1087/901/906 1090/904/909 1092/906/911
f 1090/904/909 1091/905/910 1093/907/912
f 1093/907/912 1092/906/911 1090/904/909
f 1094/908/913 1093/907/912 1091/905/910
f 1092/906/911 1095/909/914 1089/903/908
f 1085/899/904 1089/903/908 1095/909/914
f 1093/907/912 1094/908/913 1096/910/915
f 1097/911/916 1096/910/915 1094/908/913
f 1092/906/911 1093/907/912 1098/912/917
f 1099/913/918 1096/910/915 1097/911/916
f 1097/911/916 70/914/919 1099/913/918
f 1100/915/920 1093/907/912 1096/910/915
f 1093/907/912 1100/915/920 1098/912/917
f 1100/915/920 1096/910/915 1099/913/918
f 1098/912/917 1101/916/921 1092/906/911
f 1095/909/914 1092/906/911 1101/916/921
f 1098/912/917 1100/915/920 1102/917/922
f 1101/916/921 1098/912/917 1102/917/922
f 1103/918/923 1095/909/914 1101/916/921
f 1102/917/922 1103/918/923 1101/916/921
f 1085/899/904 1095/909/914 1104/919/924
f 1095/909/914 1103/918/923 1105/920/925
f 1105/920/925 1104/919/924 1095/909/914
f 1106/921/926 1085/899/904 1104/919/924
f 1085/899/904 1106/921/926 1082/896/901
f 1086/900/905 1082/896/901 1106/921/926
f 1106/921/926 1104/919/924 1107/922/927
f 1104/919/924 1105/920/925 1107/922/927
f 1108/923/928 1086/900/905 1106/921/926
f 1107/922/927 1108/923/928 1106/921/926
f 1086/900/905 1108/923/928 1109/924/929
f 1107/922/927 1105/920/925 1110/925/930
f 1109/924/929 1111/926/931 1086/900/905
f 1086/900/905 1111/926/931 1079/893/898
f 1107/922/927 1112/927/932 1108/923/928
f 1112/927/932 1107/922/927 1110/925/930
f 1113/928/933 1109/924/929 1108/923/928
f 1112/927/932 1113/928/933 1108/923/928
f 1114/929/934 1111/926/931 1109/924/929
f 1113/928/933 1114/929/934 1109/924/929
f 1111/926/931 1115/930/935 1079/893/898
f 1074/888/893 1079/893/898 1115/930/935
f 1111/926/931 1116/931/936 1115/930/935
f 1116/931/936 1111/926/931 1114/929/934
f 1115/930/935 1117/932/937 1074/888/893
f 1116/931/936 1117/932/937 1115/930/935
f 1074/888/893 1117/932/937 1070/884/889
f 1118/933/938 1116/931/936 1114/929/934
f 1119/934/939 1070/884/889 1117/932/937
f 1070/884/889 1119/934/939 1063/877/882
f 1117/932/937 1116/931/936 1120/935/940
f 1120/935/940 1119/934/939 1117/932/937
f 1118/933/938 1120/935/940 1116/931/936
f 1119/934/939 1121/936/941 1063/877/882
f 1059/873/878 1063/877/882 1121/936/941
f 1119/934/939 1120/935/940 1122/937/942
f 1122/937/942 1121/936/941 1119/934/939
f 1123/938/943 1120/935/940 1118/933/938
f 1123/938/943 1122/937/942 1120/935/940
f 1124/939/944 1059/873/878 1121/936/941
f 1059/873/878 1124/939/944 1058/872/877
f 1121/936/941 1122/937/942 1125/940/945
f 1125/940/945 1124/939/944 1121/936/941
f 1126/941/946 1122/937/942 1123/938/943
f 1126/941/946 1125/940/945 1122/937/942
f 1127/942/947 1058/872/877 1124/939/944
f 1058/872/877 1127/942/947 1050/864/869
f 1124/939/944 1125/940/945 1128/943/948
f 1127/942/947 1129/944/949 1050/864/869
f 1050/864/869 1129/944/949 1048/862/867
f 1124/939/944 1130/945/950 1127/942/947
f 1128/943/948 1130/945/950 1124/939/944
f 1127/942/947 1131/946/951 1129/944/949
f 1131/946/951 1127/942/947 1130/945/950
f 1132/947/952 1048/862/867 1129/944/949
f 1048/862/867 1132/947/952 1047/861/866
f 1133/948/953 1129/944/949 1131/946/951
f 1129/944/949 1133/948/953 1132/947/952
f 1134/949/954 1047/861/866 1132/947/952
f 1047/861/866 1134/949/954 1037/851/856
f 1132/947/952 1135/950/955 1134/949/954
f 1135/950/955 1132/947/952 1133/948/953
f 1134/949/954 71/951/956 1037/851/856
f 1135/950/955 71/951/956 1134/949/954
f 69/849/854 1037/851/856 71/951/956
f 71/951/956 68/848/853 69/849/854
f 71/951/956 1135/950/955 72/952/957
f 72/952/957 68/848/853 71/951/956
f 1133/948/953 1136/953/958 1135/950/955
f 72/952/957 73/954/959 68/848/853
f 73/954/959 11/11/851 68/848/853
f 73/954/959 18/37/960 11/11/851
f 73/954/959 275/38/961 18/37/960
f 72/952/957 1137/955/962 73/954/959
f 1137/955/962 275/38/961 73/954/959
f 1135/950/955 1138/956/963 72/952/957
f 1138/956/963 1137/955/962 72/952/957
f 1138/956/963 1135/950/955 1136/953/958
f 1139/957/964 275/38/961 1137/955/962
f 1139/957/964 279/42/965 275/38/961
f 1137/955/962 1138/956/963 1140/958/966
f 1139/957/964 1137/955/962 1140/958/966
f 279/42/965 1139/957/964 1141/959/967
f 1141/959/967 282/45/968 279/42/965
f 1142/960/969 1139/957/964 1140/958/966
f 1139/957/964 1142/960/969 1141/959/967
f 282/45/968 1141/959/967 1143/961/970
f 1143/961/970 285/48/971 282/45/968
f 1141/959/967 1142/960/969 1144/962/972
f 1145/963/973 285/48/971 1143/961/970
f 1145/963/973 288/51/974 285/48/971
f 1146/964/975 1143/961/970 1141/959/967
f 1146/964/975 1145/963/973 1143/961/970
f 1146/964/975 1141/959/967 1144/962/972
f 288/51/974 1145/963/973 290/53/976
f 1145/963/973 1146/964/975 1147/965/977
f 1144/962/972 1147/965/977 1146/964/975
f 1148/966/978 290/53/976 1145/963/973
f 1147/965/977 1148/966/978 1145/963/973
f 1149/967/979 290/53/976 1148/966/978
f 290/53/976 1149/967/979 294/57/980
f 295/58/981 294/57/980 1149/967/979
f 1148/966/978 1147/965/977 1150/968/982
f 1151/969/983 295/58/981 1149/967/979
f 298/61/984 295/58/981 1151/969/983
f 1152/970/985 1149/967/979 1148/966/978
f 1152/970/985 1151/969/983 1149/967/979
f 1152/970/985 1148/966/978 1150/968/982
f 1153/971/986 298/61/984 1151/969/983
f 301/64/987 298/61/984 1153/971/986
f 1154/972/988 1151/969/983 1152/970/985
f 1155/973/989 301/64/987 1153/971/986
f 1155/973/989 304/67/990 301/64/987
f 1151/969/983 1156/974/991 1153/971/986
f 1155/973/989 1153/971/986 1156/974/991
f 1156/974/991 1151/969/983 1154/972/988
f 304/67/990 1155/973/989 1157/975/992
f 307/70/993 304/67/990 1157/975/992
f 1158/976/994 1155/973/989 1156/974/991
f 1158/976/994 1157/975/992 1155/973/989
f 1159/977/995 307/70/993 1157/975/992
f 1159/977/995 310/73/996 307/70/993
f 1157/975/992 1158/976/994 1160/978/997
f 1160/978/997 1159/977/995 1157/975/992
f 310/73/996 1159/977/995 1161/979/998
f 1161/979/998 313/76/999 310/73/996
f 1159/977/995 1160/978/997 1162/980/1000
f 313/76/999 1161/979/998 1163/981/1001
f 313/76/999 1163/981/1001 316/79/1002
f 1159/977/995 1164/982/1003 1161/979/998
f 1164/982/1003 1159/977/995 1162/980/1000
f 1161/979/998 1165/983/1004 1163/981/1001
f 1161/979/998 1164/982/1003 1165/983/1004
f 1166/984/1005 316/79/1002 1163/981/1001
f 1165/983/1004 1166/984/1005 1163/981/1001
f 1166/984/1005 320/83/1006 316/79/1002
f 1164/982/1003 1167/985/1007 1165/983/1004
f 1167/985/1007 1166/984/1005 1165/983/1004
f 320/83/1006 1166/984/1005 1168/986/1008
f 1168/986/1008 323/86/1009 320/83/1006
f 1169/987/1010 1166/984/1005 1167/985/1007
f 1169/987/1010 1168/986/1008 1166/984/1005
f 1170/988/1011 1167/985/1007 1164/982/1003
f 1170/988/1011 1169/987/1010 1167/985/1007
f 1164/982/1003 1162/980/1000 1170/988/1011
f 323/86/1009 1168/986/1008 1171/989/1012
f 1171/989/1012 327/90/1013 323/86/1009
f 1168/986/1008 1169/987/1010 1172/990/1014
f 1172/990/1014 1171/989/1012 1168/986/1008
f 327/90/1013 1171/989/1012 1173/991/1015
f 1173/991/1015 330/93/1016 327/90/1013
f 1171/989/1012 1172/990/1014 1174/992/1017
f 1174/992/1017 1173/991/1015 1171/989/1012
f 1175/993/1018 1172/990/1014 1169/987/1010
f 1169/987/1010 1170/988/1011 1175/993/1018
f 1176/994/1019 1174/992/1017 1172/990/1014
f 1172/990/1014 1175/993/1018 1176/994/1019
f 330/93/1016 1173/991/1015 1177/995/1020
f 330/93/1016 1177/995/1020 335/98/1021
f 1173/991/1015 1174/992/1017 1178/996/1022
f 1179/997/1023 335/98/1021 1177/995/1020
f 1179/997/1023 338/101/1024 335/98/1021
f 1173/991/1015 1180/998/1025 1177/995/1020
f 1180/998/1025 1173/991/1015 1178/996/1022
f 338/101/1024 1181/999/1026 341/104/1027
f 1181/999/1026 338/101/1024 1182/1000/1028
f 338/101/1024 1179/997/1023 1182/1000/1028
f 1182/1000/1028 1183/1001/1029 1181/999/1026
f 1183/1001/1029 1182/1000/1028 1184/1002/1030
f 1179/997/1023 1184/1002/1030 1182/1000/1028
f 1184/1002/1030 1185/1003/1031 1183/1001/1029
f 1177/995/1020 1186/1004/1032 1179/997/1023
f 1179/997/1023 1186/1004/1032 1184/1002/1030
f 1186/1004/1032 1177/995/1020 1180/998/1025
f 1185/1003/1031 1184/1002/1030 1187/1005/1033
f 1186/1004/1032 1187/1005/1033 1184/1002/1030
f 1187/1005/1033 1188/1006/1034 1185/1003/1031
f 1180/998/1025 1189/1007/1035 1186/1004/1032
f 1187/1005/1033 1186/1004/1032 1189/1007/1035
f 1188/1006/1034 1187/1005/1033 1190/1008/1036
f 1189/1007/1035 1190/1008/1036 1187/1005/1033
f 1190/1008/1036 1191/1009/1037 1188/1006/1034
f 1189/1007/1035 1180/998/1025 1192/1010/1038
f 1178/996/1022 1192/1010/1038 1180/998/1025
f 1190/1008/1036 1189/1007/1035 1193/1011/1039
f 1193/1011/1039 1189/1007/1035 1192/1010/1038
f 1191/1009/1037 1190/1008/1036 1194/1012/1040
f 1193/1011/1039 1194/1012/1040 1190/1008/1036
f 1194/1012/1040 1195/1013/1041 1191/1009/1037
f 1196/1014/1042 1191/1009/1037 1195/1013/1041
f 1194/1012/1040 1193/1011/1039 1197/1015/1043
f 1197/1015/1043 1195/1013/1041 1194/1012/1040
f 1198/1016/1044 1193/1011/1039 1192/1010/1038
f 1198/1016/1044 1197/1015/1043 1193/1011/1039
f 1195/1013/1041 1199/1017/1045 1196/1014/1042
f 1200/1018/1046 1196/1014/1042 1199/1017/1045
f 1195/1013/1041 1197/1015/1043 1201/1019/1047
f 1201/1019/1047 1199/1017/1045 1195/1013/1041
f 1202/1020/1048 1200/1018/1046 1199/1017/1045
f 1203/1021/1049 1200/1018/1046 1202/1020/1048
f 1199/1017/1045 1201/1019/1047 1204/1022/1050
f 1204/1022/1050 1202/1020/1048 1199/1017/1045
f 1201/1019/1047 1197/1015/1043 1205/1023/1051
f 1197/1015/1043 1198/1016/1044 1205/1023/1051
f 1206/1024/1052 1203/1021/1049 1202/1020/1048
f 1203/1021/1049 1206/1024/1052 1207/1025/1053
f 1208/1026/1054 1206/1024/1052 1202/1020/1048
f 1202/1020/1048 1204/1022/1050 1208/1026/1054
f 1209/1027/1055 1207/1025/1053 1206/1024/1052
f 1207/1025/1053 1209/1027/1055 1210/1028/1056
f 1209/1027/1055 1211/1029/1057 1210/1028/1056
f 1206/1024/1052 1208/1026/1054 1212/1030/1058
f 1212/1030/1058 1209/1027/1055 1206/1024/1052
f 1211/1029/1057 1209/1027/1055 1213/1031/1059
f 1213/1031/1059 1214/1032/1060 1211/1029/1057
f 1209/1027/1055 1212/1030/1058 1215/1033/1061
f 1215/1033/1061 1213/1031/1059 1209/1027/1055
f 1214/1032/1060 1213/1031/1059 1216/1034/1062
f 1216/1034/1062 1217/1035/1063 1214/1032/1060
f 1215/1033/1061 1218/1036/1064 1213/1031/1059
f 1218/1036/1064 1216/1034/1062 1213/1031/1059
f 1212/1030/1058 1219/1037/1065 1215/1033/1061
f 1219/1037/1065 1218/1036/1064 1215/1033/1061
f 1217/1035/1063 380/143/1066 381/144/1067
f 1219/1037/1065 1212/1030/1058 1220/1038/1068
f 1208/1026/1054 1220/1038/1068 1212/1030/1058
f 380/143/1066 1217/1035/1063 1221/1039/1069
f 1217/1035/1063 1216/1034/1062 1221/1039/1069
f 380/143/1066 1221/1039/1069 1222/1040/1070
f 380/143/1066 1222/1040/1070 385/148/1071
f 1222/1040/1070 386/149/1072 385/148/1071
f 1223/1041/1073 1221/1039/1069 1216/1034/1062
f 1221/1039/1069 1223/1041/1073 1222/1040/1070
f 1216/1034/1062 1218/1036/1064 1223/1041/1073
f 386/149/1072 1222/1040/1070 1224/1042/1074
f 1223/1041/1073 1224/1042/1074 1222/1040/1070
f 1225/1043/1075 386/149/1072 1224/1042/1074
f 386/149/1072 1225/1043/1075 391/154/1076
f 1224/1042/1074 1223/1041/1073 1226/1044/1077
f 1226/1044/1077 1225/1043/1075 1224/1042/1074
f 1227/1045/1078 1223/1041/1073 1218/1036/1064
f 1223/1041/1073 1227/1045/1078 1226/1044/1077
f 1218/1036/1064 1219/1037/1065 1227/1045/1078
f 1225/1043/1075 1226/1044/1077 1228/1046/1079
f 1229/1047/1080 1227/1045/1078 1219/1037/1065
f 1220/1038/1068 1229/1047/1080 1219/1037/1065
f 1230/1048/1081 1226/1044/1077 1227/1045/1078
f 1227/1045/1078 1229/1047/1080 1230/1048/1081
f 1226/1044/1077 1230/1048/1081 1228/1046/1079
f 1229/1047/1080 1220/1038/1068 1231/1049/1082
f 1232/1050/1083 1228/1046/1079 1230/1048/1081
f 1233/1051/1084 1231/1049/1082 1220/1038/1068
f 1220/1038/1068 1208/1026/1054 1233/1051/1084
f 1233/1051/1084 1208/1026/1054 1204/1022/1050
f 1228/1046/1079 1232/1050/1083 1234/1052/1085
f 1234/1052/1085 1225/1043/1075 1228/1046/1079
f 1235/1053/1086 1233/1051/1084 1204/1022/1050
f 1225/1043/1075 1234/1052/1085 1236/1054/1087
f 1236/1054/1087 391/154/1076 1225/1043/1075
f 391/154/1076 1236/1054/1087 394/157/1088
f 1235/1053/1086 1237/1055/1089 1233/1051/1084
f 1231/1049/1082 1233/1051/1084 1237/1055/1089
f 394/157/1088 1236/1054/1087 1238/1056/1090
f 394/157/1088 1238/1056/1090 398/161/1091
f 1236/1054/1087 1239/1057/1092 1238/1056/1090
f 1236/1054/1087 1234/1052/1085 1239/1057/1092
f 398/161/1091 1238/1056/1090 1240/1058/1093
f 1239/1057/1092 1240/1058/1093 1238/1056/1090
f 398/161/1091 1240/1058/1093 401/164/1094
f 1234/1052/1085 1241/1059/1095 1239/1057/1092
f 1241/1059/1095 1234/1052/1085 1232/1050/1083
f 1240/1058/1093 1239/1057/1092 1242/1060/1096
f 1241/1059/1095 1242/1060/1096 1239/1057/1092
f 1240/1058/1093 1243/1061/1097 401/164/1094
f 1242/1060/1096 1243/1061/1097 1240/1058/1093
f 401/164/1094 1243/1061/1097 404/167/1098
f 1242/1060/1096 1241/1059/1095 1244/1062/1099
f 1243/1061/1097 1245/1063/1100 404/167/1098
f 404/167/1098 1245/1063/1100 407/170/1101
f 1243/1061/1097 1242/1060/1096 1246/1064/1102
f 1244/1062/1099 1246/1064/1102 1242/1060/1096
f 1243/1061/1097 1247/1065/1103 1245/1063/1100
f 1243/1061/1097 1246/1064/1102 1247/1065/1103
f 1248/1066/1104 407/170/1101 1245/1063/1100
f 407/170/1101 1248/1066/1104 410/173/1105
f 1248/1066/1104 411/174/1106 410/173/1105
f 1245/1063/1100 1249/1067/1107 1248/1066/1104
f 1245/1063/1100 1247/1065/1103 1249/1067/1107
f 411/174/1106 1248/1066/1104 1250/1068/1108
f 1248/1066/1104 1249/1067/1107 1250/1068/1108
f 414/177/1109 411/174/1106 1250/1068/1108
f 1250/1068/1108 1251/1069/1110 414/177/1109
f 1251/1069/1110 1250/1068/1108 1249/1067/1107
f 417/180/1111 414/177/1109 1251/1069/1110
f 1249/1067/1107 1252/1070/1112 1251/1069/1110
f 1251/1069/1110 1253/1071/1113 417/180/1111
f 1253/1071/1113 420/183/1114 417/180/1111
f 1254/1072/1115 1251/1069/1110 1252/1070/1112
f 1251/1069/1110 1254/1072/1115 1253/1071/1113
f 1249/1067/1107 1255/1073/1116 1252/1070/1112
f 1255/1073/1116 1254/1072/1115 1252/1070/1112
f 1255/1073/1116 1249/1067/1107 1247/1065/1103
f 420/183/1114 1253/1071/1113 1256/1074/1117
f 420/183/1114 1256/1074/1117 424/187/1118
f 1254/1072/1115 1257/1075/1119 1253/1071/1113
f 1257/1075/1119 1256/1074/1117 1253/1071/1113
f 1258/1076/1120 1254/1072/1115 1255/1073/1116
f 1257/1075/1119 1254/1072/1115 1258/1076/1120
f 1247/1065/1103 1259/1077/1121 1255/1073/1116
f 1255/1073/1116 1259/1077/1121 1258/1076/1120
f 1259/1077/1121 1247/1065/1103 1260/1078/1122
f 1246/1064/1102 1260/1078/1122 1247/1065/1103
f 1261/1079/1123 1258/1076/1120 1259/1077/1121
f 1260/1078/1122 1261/1079/1123 1259/1077/1121
f 1262/1080/1124 1260/1078/1122 1246/1064/1102
f 1246/1064/1102 1244/1062/1099 1262/1080/1124
f 1263/1081/1125 1261/1079/1123 1260/1078/1122
f 1260/1078/1122 1262/1080/1124 1263/1081/1125
f 1258/1076/1120 1261/1079/1123 1264/1082/1126
f 1264/1082/1126 1257/1075/1119 1258/1076/1120
f 1261/1079/1123 1263/1081/1125 1265/1083/1127
f 1265/1083/1127 1264/1082/1126 1261/1079/1123
f 1266/1084/1128 1263/1081/1125 1262/1080/1124
f 1267/1085/1129 1257/1075/1119 1264/1082/1126
f 1263/1081/1125 1266/1084/1128 1268/1086/1130
f 1268/1086/1130 1265/1083/1127 1263/1081/1125
f 1262/1080/1124 1269/1087/1131 1266/1084/1128
f 1269/1087/1131 1262/1080/1124 1244/1062/1099
f 1270/1088/1132 1268/1086/1130 1266/1084/1128
f 1244/1062/1099 1271/1089/1133 1269/1087/1131
f 1271/1089/1133 1244/1062/1099 1241/1059/1095
f 1232/1050/1083 1271/1089/1133 1241/1059/1095
f 1272/1090/1134 1266/1084/1128 1269/1087/1131
f 1266/1084/1128 1272/1090/1134 1270/1088/1132
f 1232/1050/1083 1273/1091/1135 1271/1089/1133
f 1230/1048/1081 1273/1091/1135 1232/1050/1083
f 1274/1092/1136 1269/1087/1131 1271/1089/1133
f 1269/1087/1131 1274/1092/1136 1272/1090/1134
f 1275/1093/1137 1271/1089/1133 1273/1091/1135
f 1271/1089/1133 1275/1093/1137 1274/1092/1136
f 1230/1048/1081 1276/1094/1138 1273/1091/1135
f 1276/1094/1138 1275/1093/1137 1273/1091/1135
f 1229/1047/1080 1276/1094/1138 1230/1048/1081
f 1277/1095/1139 1274/1092/1136 1275/1093/1137
f 1229/1047/1080 1278/1096/1140 1276/1094/1138
f 1278/1096/1140 1229/1047/1080 1231/1049/1082
f 1275/1093/1137 1276/1094/1138 1279/1097/1141
f 1276/1094/1138 1278/1096/1140 1279/1097/1141
f 1279/1097/1141 1277/1095/1139 1275/1093/1137
f 1237/1055/1089 1278/1096/1140 1231/1049/1082
f 1279/1097/1141 1280/1098/1142 1277/1095/1139
f 1278/1096/1140 1280/1098/1142 1279/1097/1141
f 1274/1092/1136 1277/1095/1139 1281/1099/1143
f 1281/1099/1143 1272/1090/1134 1274/1092/1136
f 1280/1098/1142 1282/1100/1144 1277/1095/1139
f 1282/1100/1144 1281/1099/1143 1277/1095/1139
f 1272/1090/1134 1281/1099/1143 1283/1101/1145
f 1283/1101/1145 1270/1088/1132 1272/1090/1134
f 1281/1099/1143 1282/1100/1144 1284/1102/1146
f 1284/1102/1146 1283/1101/1145 1281/1099/1143
f 1280/1098/1142 1285/1103/1147 1282/1100/1144
f 1278/1096/1140 1286/1104/1148 1280/1098/1142
f 1286/1104/1148 1285/1103/1147 1280/1098/1142
f 1287/1105/1149 1286/1104/1148 1278/1096/1140
f 1278/1096/1140 1237/1055/1089 1287/1105/1149
f 1286/1104/1148 1288/1106/1150 1285/1103/1147
f 1289/1107/1151 1287/1105/1149 1237/1055/1089
f 1237/1055/1089 1235/1053/1086 1289/1107/1151
f 1290/1108/1152 1286/1104/1148 1287/1105/1149
f 1290/1108/1152 1288/1106/1150 1286/1104/1148
f 1287/1105/1149 1289/1107/1151 1291/1109/1153
f 1290/1108/1152 1287/1105/1149 1291/1109/1153
f 1292/1110/1154 1289/1107/1151 1235/1053/1086
f 1292/1110/1154 1235/1053/1086 1204/1022/1050
f 1204/1022/1050 1201/1019/1047 1292/1110/1154
f 1205/1023/1051 1292/1110/1154 1201/1019/1047
f 1293/1111/1155 1291/1109/1153 1289/1107/1151
f 1289/1107/1151 1292/1110/1154 1293/1111/1155
f 1291/1109/1153 1294/1112/1156 1290/1108/1152
f 1205/1023/1051 1295/1113/1157 1292/1110/1154
f 1296/1114/1158 1294/1112/1156 1291/1109/1153
f 1291/1109/1153 1293/1111/1155 1296/1114/1158
f 1297/1115/1159 1293/1111/1155 1292/1110/1154
f 1295/1113/1157 1297/1115/1159 1292/1110/1154
f 1293/1111/1155 1298/1116/1160 1296/1114/1158
f 1298/1116/1160 1293/1111/1155 1297/1115/1159
f 1205/1023/1051 1299/1117/1161 1295/1113/1157
f 1299/1117/1161 1205/1023/1051 1198/1016/1044
f 1297/1115/1159 1295/1113/1157 1300/1118/1162
f 1198/1016/1044 1301/1119/1163 1299/1117/1161
f 1301/1119/1163 1198/1016/1044 1192/1010/1038
f 1192/1010/1038 1178/996/1022 1301/1119/1163
f 1299/1117/1161 1302/1120/1164 1295/1113/1157
f 1295/1113/1157 1302/1120/1164 1300/1118/1162
f 1303/1121/1165 1299/1117/1161 1301/1119/1163
f 1299/1117/1161 1303/1121/1165 1302/1120/1164
f 1301/1119/1163 1178/996/1022 1304/1122/1166
f 1304/1122/1166 1303/1121/1165 1301/1119/1163
f 1178/996/1022 1174/992/1017 1304/1122/1166
f 1174/992/1017 1176/994/1019 1304/1122/1166
f 1305/1123/1167 1303/1121/1165 1304/1122/1166
f 1305/1123/1167 1304/1122/1166 1176/994/1019
f 1305/1123/1167 1302/1120/1164 1303/1121/1165
f 1305/1123/1167 1176/994/1019 1306/1124/1168
f 1302/1120/1164 1305/1123/1167 1307/1125/1169
f 1306/1124/1168 1307/1125/1169 1305/1123/1167
f 1302/1120/1164 1307/1125/1169 1300/1118/1162
f 1175/993/1018 1306/1124/1168 1176/994/1019
f 1308/1126/1170 1300/1118/1162 1307/1125/1169
f 1307/1125/1169 1306/1124/1168 1309/1127/1171
f 1307/1125/1169 1309/1127/1171 1308/1126/1170
f 1306/1124/1168 1175/993/1018 1310/1128/1172
f 1310/1128/1172 1309/1127/1171 1306/1124/1168
f 1310/1128/1172 1175/993/1018 1311/1129/1173
f 1170/988/1011 1311/1129/1173 1175/993/1018
f 1309/1127/1171 1310/1128/1172 1312/1130/1174
f 1313/1131/1175 1311/1129/1173 1170/988/1011
f 1313/1131/1175 1170/988/1011 1162/980/1000
f 1310/1128/1172 1311/1129/1173 1314/1132/1176
f 1312/1130/1174 1310/1128/1172 1314/1132/1176
f 1315/1133/1177 1311/1129/1173 1313/1131/1175
f 1311/1129/1173 1315/1133/1177 1314/1132/1176
f 1313/1131/1175 1162/980/1000 1316/1134/1178
f 1160/978/997 1316/1134/1178 1162/980/1000
f 1317/1135/1179 1315/1133/1177 1313/1131/1175
f 1313/1131/1175 1316/1134/1178 1317/1135/1179
f 1316/1134/1178 1160/978/997 1318/1136/1180
f 1158/976/994 1318/1136/1180 1160/978/997
f 1319/1137/1181 1316/1134/1178 1318/1136/1180
f 1316/1134/1178 1319/1137/1181 1317/1135/1179
f 1318/1136/1180 1158/976/994 1320/1138/1182
f 1320/1138/1182 1319/1137/1181 1318/1136/1180
f 1156/974/991 1320/1138/1182 1158/976/994
f 1317/1135/1179 1319/1137/1181 1321/1139/1183
f 1156/974/991 1322/1140/1184 1320/1138/1182
f 1156/974/991 1154/972/988 1322/1140/1184
f 1319/1137/1181 1320/1138/1182 1323/1141/1185
f 1320/1138/1182 1322/1140/1184 1323/1141/1185
f 1323/1141/1185 1321/1139/1183 1319/1137/1181
f 1322/1140/1184 1154/972/988 1324/1142/1186
f 1323/1141/1185 1322/1140/1184 1325/1143/1187
f 1324/1142/1186 1325/1143/1187 1322/1140/1184
f 1321/1139/1183 1323/1141/1185 1326/1144/1188
f 1323/1141/1185 1325/1143/1187 1326/1144/1188
f 1321/1139/1183 1327/1145/1189 1317/1135/1179
f 1315/1133/1177 1317/1135/1179 1327/1145/1189
f 1328/1146/1190 1321/1139/1183 1326/1144/1188
f 1328/1146/1190 1327/1145/1189 1321/1139/1183
f 1326/1144/1188 1325/1143/1187 1329/1147/1191
f 1327/1145/1189 1330/1148/1192 1315/1133/1177
f 1331/1149/1193 1328/1146/1190 1326/1144/1188
f 1329/1147/1191 1331/1149/1193 1326/1144/1188
f 1327/1145/1189 1328/1146/1190 1332/1150/1194
f 1330/1148/1192 1327/1145/1189 1332/1150/1194
f 1328/1146/1190 1331/1149/1193 1333/1151/1195
f 1333/1151/1195 1332/1150/1194 1328/1146/1190
f 1334/1152/1196 1315/1133/1177 1330/1148/1192
f 1315/1133/1177 1334/1152/1196 1314/1132/1176
f 1332/1150/1194 1335/1153/1197 1330/1148/1192
f 1335/1153/1197 1334/1152/1196 1330/1148/1192
f 1336/1154/1198 1335/1153/1197 1332/1150/1194
f 1332/1150/1194 1333/1151/1195 1336/1154/1198
f 1334/1152/1196 1337/1155/1199 1314/1132/1176
f 1312/1130/1174 1314/1132/1176 1337/1155/1199
f 1335/1153/1197 1338/1156/1200 1334/1152/1196
f 1337/1155/1199 1339/1157/1201 1312/1130/1174
f 1309/1127/1171 1312/1130/1174 1339/1157/1201
f 1339/1157/1201 1308/1126/1170 1309/1127/1171
f 1334/1152/1196 1340/1158/1202 1337/1155/1199
f 1340/1158/1202 1334/1152/1196 1338/1156/1200
f 1341/1159/1203 1339/1157/1201 1337/1155/1199
f 1341/1159/1203 1337/1155/1199 1340/1158/1202
f 1339/1157/1201 1342/1160/1204 1308/1126/1170
f 1342/1160/1204 1339/1157/1201 1341/1159/1203
f 1343/1161/1205 1341/1159/1203 1340/1158/1202
f 1343/1161/1205 1342/1160/1204 1341/1159/1203
f 1338/1156/1200 1344/1162/1206 1340/1158/1202
f 1343/1161/1205 1340/1158/1202 1344/1162/1206
f 1345/1163/1207 1308/1126/1170 1342/1160/1204
f 1308/1126/1170 1345/1163/1207 1300/1118/1162
f 1345/1163/1207 1297/1115/1159 1300/1118/1162
f 1297/1115/1159 1345/1163/1207 1298/1116/1160
f 1342/1160/1204 1346/1164/1208 1345/1163/1207
f 1346/1164/1208 1298/1116/1160 1345/1163/1207
f 1342/1160/1204 1343/1161/1205 1347/1165/1209
f 1346/1164/1208 1342/1160/1204 1347/1165/1209
f 1348/1166/1210 1347/1165/1209 1343/1161/1205
f 1298/1116/1160 1346/1164/1208 1349/1167/1211
f 1349/1167/1211 1296/1114/1158 1298/1116/1160
f 1350/1168/1212 1346/1164/1208 1347/1165/1209
f 1347/1165/1209 1348/1166/1210 1350/1168/1212
f 1351/1169/1213 1349/1167/1211 1346/1164/1208
f 1346/1164/1208 1350/1168/1212 1351/1169/1213
f 1296/1114/1158 1349/1167/1211 1352/1170/1214
f 1294/1112/1156 1296/1114/1158 1352/1170/1214
f 1349/1167/1211 1351/1169/1213 1353/1171/1215
f 1349/1167/1211 1354/1172/1216 1352/1170/1214
f 1353/1171/1215 1354/1172/1216 1349/1167/1211
f 1352/1170/1214 1355/1173/1217 1294/1112/1156
f 1354/1172/1216 1355/1173/1217 1352/1170/1214
f 1356/1174/1218 1353/1171/1215 1351/1169/1213
f 1357/1175/1219 1354/1172/1216 1353/1171/1215
f 1353/1171/1215 1356/1174/1218 1357/1175/1219
f 1358/1176/1220 1355/1173/1217 1354/1172/1216
f 1354/1172/1216 1357/1175/1219 1358/1176/1220
f 1359/1177/1221 1294/1112/1156 1355/1173/1217
f 1294/1112/1156 1359/1177/1221 1290/1108/1152
f 1290/1108/1152 1359/1177/1221 1288/1106/1150
f 1355/1173/1217 1358/1176/1220 1360/1178/1222
f 1360/1178/1222 1359/1177/1221 1355/1173/1217
f 1357/1175/1219 1361/1179/1223 1358/1176/1220
f 1360/1178/1222 1358/1176/1220 1361/1179/1223
f 1361/1179/1223 1357/1175/1219 1362/1180/1224
f 1356/1174/1218 1362/1180/1224 1357/1175/1219
f 1360/1178/1222 1361/1179/1223 1363/1181/1225
f 1359/1177/1221 1360/1178/1222 1364/1182/1226
f 1364/1182/1226 1360/1178/1222 1363/1181/1225
f 1365/1183/1227 1359/1177/1221 1364/1182/1226
f 1359/1177/1221 1365/1183/1227 1288/1106/1150
f 1363/1181/1225 1366/1184/1228 1364/1182/1226
f 1365/1183/1227 1364/1182/1226 1366/1184/1228
f 1367/1185/1229 1363/1181/1225 1361/1179/1223
f 1361/1179/1223 1362/1180/1224 1367/1185/1229
f 1368/1186/1230 1366/1184/1228 1363/1181/1225
f 1363/1181/1225 1367/1185/1229 1368/1186/1230
f 1366/1184/1228 1369/1187/1231 1365/1183/1227
f 1370/1188/1232 1288/1106/1150 1365/1183/1227
f 1369/1187/1231 1370/1188/1232 1365/1183/1227
f 1288/1106/1150 1370/1188/1232 1285/1103/1147
f 1370/1188/1232 1282/1100/1144 1285/1103/1147
f 1371/1189/1233 1369/1187/1231 1366/1184/1228
f 1366/1184/1228 1368/1186/1230 1371/1189/1233
f 1282/1100/1144 1370/1188/1232 1372/1190/1234
f 1372/1190/1234 1284/1102/1146 1282/1100/1144
f 1370/1188/1232 1369/1187/1231 1373/1191/1235
f 1372/1190/1234 1370/1188/1232 1373/1191/1235
f 1369/1187/1231 1371/1189/1233 1374/1192/1236
f 1374/1192/1236 1373/1191/1235 1369/1187/1231
f 1371/1189/1233 1368/1186/1230 1375/1193/1237
f 1374/1192/1236 1371/1189/1233 1376/1194/1238
f 1375/1193/1237 1376/1194/1238 1371/1189/1233
f 1368/1186/1230 1377/1195/1239 1375/1193/1237
f 1368/1186/1230 1367/1185/1229 1377/1195/1239
f 1378/1196/1240 1376/1194/1238 1375/1193/1237
f 1367/1185/1229 1379/1197/1241 1377/1195/1239
f 1380/1198/1242 1375/1193/1237 1377/1195/1239
f 1380/1198/1242 1377/1195/1239 1379/1197/1241
f 1375/1193/1237 1380/1198/1242 1378/1196/1240
f 1379/1197/1241 1367/1185/1229 1381/1199/1243
f 1381/1199/1243 1367/1185/1229 1362/1180/1224
f 1381/1199/1243 1382/1200/1244 1379/1197/1241
f 1362/1180/1224 1383/1201/1245 1381/1199/1243
f 1362/1180/1224 1356/1174/1218 1383/1201/1245
f 1382/1200/1244 1381/1199/1243 1384/1202/1246
f 1384/1202/1246 1381/1199/1243 1383/1201/1245
f 1385/1203/1247 1379/1197/1241 1382/1200/1244
f 1380/1198/1242 1379/1197/1241 1385/1203/1247
f 1386/1204/1248 1382/1200/1244 1384/1202/1246
f 1385/1203/1247 1382/1200/1244 1386/1204/1248
f 1383/1201/1245 1387/1205/1249 1384/1202/1246
f 1388/1206/1250 1383/1201/1245 1356/1174/1218
f 1387/1205/1249 1383/1201/1245 1388/1206/1250
f 1351/1169/1213 1388/1206/1250 1356/1174/1218
f 1388/1206/1250 1351/1169/1213 1350/1168/1212
f 1389/1207/1251 1388/1206/1250 1350/1168/1212
f 1387/1205/1249 1388/1206/1250 1389/1207/1251
f 1348/1166/1210 1389/1207/1251 1350/1168/1212
f 1390/1208/1252 1384/1202/1246 1387/1205/1249
f 1390/1208/1252 1386/1204/1248 1384/1202/1246
f 1391/1209/1253 1387/1205/1249 1389/1207/1251
f 1391/1209/1253 1390/1208/1252 1387/1205/1249
f 1348/1166/1210 1392/1210/1254 1389/1207/1251
f 1390/1208/1252 1393/1211/1255 1386/1204/1248
f 1348/1166/1210 1394/1212/1256 1392/1210/1254
f 1348/1166/1210 1343/1161/1205 1394/1212/1256
f 1344/1162/1206 1394/1212/1256 1343/1161/1205
f 1393/1211/1255 1390/1208/1252 1395/1213/1257
f 1395/1213/1257 1390/1208/1252 1391/1209/1253
f 1344/1162/1206 1396/1214/1258 1394/1212/1256
f 1344/1162/1206 1338/1156/1200 1396/1214/1258
f 1394/1212/1256 1396/1214/1258 1397/1215/1259
f 1394/1212/1256 1397/1215/1259 1392/1210/1254
f 1398/1216/1260 1396/1214/1258 1338/1156/1200
f 1398/1216/1260 1338/1156/1200 1335/1153/1197
f 1336/1154/1198 1398/1216/1260 1335/1153/1197
f 1396/1214/1258 1398/1216/1260 1399/1217/1261
f 1397/1215/1259 1396/1214/1258 1399/1217/1261
f 1398/1216/1260 1336/1154/1198 1400/1218/1262
f 1399/1217/1261 1398/1216/1260 1400/1218/1262
f 1333/1151/1195 1400/1218/1262 1336/1154/1198
f 1397/1215/1259 1399/1217/1261 1401/1219/1263
f 1401/1219/1263 1399/1217/1261 1400/1218/1262
f 1392/1210/1254 1397/1215/1259 1402/1220/1264
f 1402/1220/1264 1397/1215/1259 1401/1219/1263
f 1402/1220/1264 1403/1221/1265 1392/1210/1254
f 1389/1207/1251 1392/1210/1254 1403/1221/1265
f 1389/1207/1251 1403/1221/1265 1391/1209/1253
f 1403/1221/1265 1402/1220/1264 1404/1222/1266
f 1401/1219/1263 1404/1222/1266 1402/1220/1264
f 1405/1223/1267 1391/1209/1253 1403/1221/1265
f 1403/1221/1265 1404/1222/1266 1405/1223/1267
f 1395/1213/1257 1391/1209/1253 1405/1223/1267
f 1404/1222/1266 1401/1219/1263 1406/1224/1268
f 1407/1225/1269 1395/1213/1257 1405/1223/1267
f 1408/1226/1270 1405/1223/1267 1404/1222/1266
f 1404/1222/1266 1406/1224/1268 1408/1226/1270
f 1405/1223/1267 1409/1227/1271 1407/1225/1269
f 1409/1227/1271 1405/1223/1267 1408/1226/1270
f 1410/1228/1272 1395/1213/1257 1407/1225/1269
f 1410/1228/1272 1393/1211/1255 1395/1213/1257
f 1407/1225/1269 1409/1227/1271 1411/1229/1273
f 1411/1229/1273 1410/1228/1272 1407/1225/1269
f 1412/1230/1274 1393/1211/1255 1410/1228/1272
f 1412/1230/1274 1386/1204/1248 1393/1211/1255
f 1386/1204/1248 1412/1230/1274 1385/1203/1247
f 1413/1231/1275 1410/1228/1272 1411/1229/1273
f 1412/1230/1274 1410/1228/1272 1413/1231/1275
f 1414/1232/1276 1411/1229/1273 1409/1227/1271
f 1413/1231/1275 1411/1229/1273 1414/1232/1276
f 1415/1233/1277 1385/1203/1247 1412/1230/1274
f 1415/1233/1277 1412/1230/1274 1413/1231/1275
f 1385/1203/1247 1415/1233/1277 1416/1234/1278
f 1416/1234/1278 1380/1198/1242 1385/1203/1247
f 1415/1233/1277 1413/1231/1275 1417/1235/1279
f 1380/1198/1242 1416/1234/1278 1418/1236/1280
f 1415/1233/1277 1419/1237/1281 1416/1234/1278
f 1418/1236/1280 1416/1234/1278 1419/1237/1281
f 1415/1233/1277 1417/1235/1279 1419/1237/1281
f 1420/1238/1282 1380/1198/1242 1418/1236/1280
f 1418/1236/1280 1419/1237/1281 1420/1238/1282
f 1378/1196/1240 1380/1198/1242 1420/1238/1282
f 1417/1235/1279 1413/1231/1275 1421/1239/1283
f 1413/1231/1275 1414/1232/1276 1421/1239/1283
f 1422/1240/1284 1378/1196/1240 1420/1238/1282
f 1420/1238/1282 1419/1237/1281 1422/1240/1284
f 1422/1240/1284 1423/1241/1285 1378/1196/1240
f 1376/1194/1238 1378/1196/1240 1423/1241/1285
f 1422/1240/1284 1424/1242/1286 1423/1241/1285
f 1424/1242/1286 1376/1194/1238 1423/1241/1285
f 1424/1242/1286 1422/1240/1284 1425/1243/1287
f 1425/1243/1287 1422/1240/1284 1419/1237/1281
f 1426/1244/1288 1376/1194/1238 1424/1242/1286
f 1376/1194/1238 1426/1244/1288 1374/1192/1236
f 1425/1243/1287 1427/1245/1289 1424/1242/1286
f 1428/1246/1290 1374/1192/1236 1426/1244/1288
f 1373/1191/1235 1374/1192/1236 1428/1246/1290
f 1424/1242/1286 1429/1247/1291 1426/1244/1288
f 1426/1244/1288 1429/1247/1291 1428/1246/1290
f 1427/1245/1289 1429/1247/1291 1424/1242/1286
f 1430/1248/1292 1373/1191/1235 1428/1246/1290
f 1427/1245/1289 1425/1243/1287 1431/1249/1293
f 1425/1243/1287 1419/1237/1281 1431/1249/1293
f 1432/1250/1294 1427/1245/1289 1431/1249/1293
f 1432/1250/1294 1431/1249/1293 1419/1237/1281
f 1427/1245/1289 1432/1250/1294 1433/1251/1295
f 1373/1191/1235 1430/1248/1292 1434/1252/1296
f 1373/1191/1235 1434/1252/1296 1372/1190/1234
f 1435/1253/1297 1427/1245/1289 1433/1251/1295
f 1429/1247/1291 1427/1245/1289 1435/1253/1297
f 1432/1250/1294 1436/1254/1298 1433/1251/1295
f 1432/1250/1294 1419/1237/1281 1436/1254/1298
f 1437/1255/1299 1429/1247/1291 1435/1253/1297
f 1435/1253/1297 1433/1251/1295 1438/1256/1300
f 1438/1256/1300 1437/1255/1299 1435/1253/1297
f 1433/1251/1295 1436/1254/1298 1439/1257/1301
f 1439/1257/1301 1438/1256/1300 1433/1251/1295
f 1429/1247/1291 1437/1255/1299 1440/1258/1302
f 1440/1258/1302 1428/1246/1290 1429/1247/1291
f 1428/1246/1290 1440/1258/1302 1430/1248/1292
f 1441/1259/1303 1437/1255/1299 1438/1256/1300
f 1437/1255/1299 1441/1259/1303 1440/1258/1302
f 1438/1256/1300 1439/1257/1301 1442/1260/1304
f 1438/1256/1300 1442/1260/1304 1441/1259/1303
f 1440/1258/1302 1443/1261/1305 1430/1248/1292
f 1441/1259/1303 1443/1261/1305 1440/1258/1302
f 1444/1262/1306 1430/1248/1292 1443/1261/1305
f 1430/1248/1292 1444/1262/1306 1434/1252/1296
f 1441/1259/1303 1445/1263/1307 1443/1261/1305
f 1445/1263/1307 1444/1262/1306 1443/1261/1305
f 1446/1264/1308 1434/1252/1296 1444/1262/1306
f 1447/1265/1309 1434/1252/1296 1446/1264/1308
f 1434/1252/1296 1447/1265/1309 1372/1190/1234
f 1284/1102/1146 1372/1190/1234 1447/1265/1309
f 1444/1262/1306 1448/1266/1310 1446/1264/1308
f 1446/1264/1308 1448/1266/1310 1447/1265/1309
f 1444/1262/1306 1445/1263/1307 1449/1267/1311
f 1444/1262/1306 1449/1267/1311 1448/1266/1310
f 1447/1265/1309 1450/1268/1312 1284/1102/1146
f 1451/1269/1313 1447/1265/1309 1448/1266/1310
f 1450/1268/1312 1447/1265/1309 1451/1269/1313
f 1448/1266/1310 1452/1270/1314 1451/1269/1313
f 1452/1270/1314 1450/1268/1312 1451/1269/1313
f 1449/1267/1311 1453/1271/1315 1448/1266/1310
f 1452/1270/1314 1448/1266/1310 1453/1271/1315
f 1453/1271/1315 1449/1267/1311 1454/1272/1316
f 1445/1263/1307 1454/1272/1316 1449/1267/1311
f 1453/1271/1315 1455/1273/1317 1452/1270/1314
f 1455/1273/1317 1453/1271/1315 1454/1272/1316
f 1450/1268/1312 1452/1270/1314 1456/1274/1318
f 1450/1268/1312 1457/1275/1319 1284/1102/1146
f 1450/1268/1312 1456/1274/1318 1457/1275/1319
f 1283/1101/1145 1284/1102/1146 1457/1275/1319
f 1452/1270/1314 1458/1276/1320 1456/1274/1318
f 1452/1270/1314 1455/1273/1317 1458/1276/1320
f 1457/1275/1319 1456/1274/1318 1459/1277/1321
f 1460/1278/1322 1283/1101/1145 1457/1275/1319
f 1459/1277/1321 1460/1278/1322 1457/1275/1319
f 1456/1274/1318 1461/1279/1323 1459/1277/1321
f 1456/1274/1318 1458/1276/1320 1461/1279/1323
f 1462/1280/1324 1460/1278/1322 1459/1277/1321
f 1459/1277/1321 1461/1279/1323 1462/1280/1324
f 1463/1281/1325 1283/1101/1145 1460/1278/1322
f 1270/1088/1132 1283/1101/1145 1463/1281/1325
f 1463/1281/1325 1460/1278/1322 1464/1282/1326
f 1460/1278/1322 1462/1280/1324 1464/1282/1326
f 1270/1088/1132 1463/1281/1325 1465/1283/1327
f 1268/1086/1130 1270/1088/1132 1465/1283/1327
f 1464/1282/1326 1466/1284/1328 1463/1281/1325
f 1463/1281/1325 1466/1284/1328 1465/1283/1327
f 1465/1283/1327 1467/1285/1329 1268/1086/1130
f 1265/1083/1127 1268/1086/1130 1467/1285/1329
f 1467/1285/1329 1465/1283/1327 1468/1286/1330
f 1265/1083/1127 1467/1285/1329 1469/1287/1331
f 1468/1286/1330 1469/1287/1331 1467/1285/1329
f 1465/1283/1327 1470/1288/1332 1468/1286/1330
f 1470/1288/1332 1465/1283/1327 1466/1284/1328
f 1469/1287/1331 1468/1286/1330 1471/1289/1333
f 1468/1286/1330 1470/1288/1332 1472/1290/1334
f 1468/1286/1330 1472/1290/1334 1471/1289/1333
f 1473/1291/1335 1470/1288/1332 1466/1284/1328
f 1470/1288/1332 1474/1292/1336 1472/1290/1334
f 1474/1292/1336 1470/1288/1332 1473/1291/1335
f 1475/1293/1337 1471/1289/1333 1472/1290/1334
f 1476/1294/1338 1472/1290/1334 1474/1292/1336
f 1472/1290/1334 1476/1294/1338 1475/1293/1337
f 1471/1289/1333 1475/1293/1337 1477/1295/1339
f 1477/1295/1339 1469/1287/1331 1471/1289/1333
f 1476/1294/1338 1478/1296/1340 1475/1293/1337
f 1478/1296/1340 1477/1295/1339 1475/1293/1337
f 1469/1287/1331 1477/1295/1339 1479/1297/1341
f 1479/1297/1341 1265/1083/1127 1469/1287/1331
f 1477/1295/1339 1478/1296/1340 1480/1298/1342
f 1480/1298/1342 1479/1297/1341 1477/1295/1339
f 1265/1083/1127 1479/1297/1341 1481/1299/1343
f 1481/1299/1343 1264/1082/1126 1265/1083/1127
f 1481/1299/1343 1267/1085/1129 1264/1082/1126
f 1482/1300/1344 1481/1299/1343 1479/1297/1341
f 1479/1297/1341 1480/1298/1342 1482/1300/1344
f 1267/1085/1129 1481/1299/1343 1483/1301/1345
f 1481/1299/1343 1482/1300/1344 1483/1301/1345
f 1483/1301/1345 1484/1302/1346 1267/1085/1129
f 1482/1300/1344 1485/1303/1347 1483/1301/1345
f 1485/1303/1347 1484/1302/1346 1483/1301/1345
f 1484/1302/1346 1486/1304/1348 1267/1085/1129
f 1267/1085/1129 1486/1304/1348 1257/1075/1119
f 1486/1304/1348 1256/1074/1117 1257/1075/1119
f 1487/1305/1349 1484/1302/1346 1485/1303/1347
f 1256/1074/1117 1486/1304/1348 1488/1306/1350
f 1256/1074/1117 1488/1306/1350 424/187/1118
f 1488/1306/1350 856/661/1351 424/187/1118
f 1489/1307/1352 1486/1304/1348 1484/1302/1346
f 1484/1302/1346 1487/1305/1349 1489/1307/1352
f 1488/1306/1350 1486/1304/1348 1490/1308/1353
f 1486/1304/1348 1489/1307/1352 1490/1308/1353
f 856/661/1351 1488/1306/1350 1491/1309/1354
f 1490/1308/1353 1491/1309/1354 1488/1306/1350
f 1491/1309/1354 854/659/1355 856/661/1351
f 1492/1310/1356 1491/1309/1354 1490/1308/1353
f 1489/1307/1352 1492/1310/1356 1490/1308/1353
f 854/659/1355 1491/1309/1354 1493/1311/1357
f 1491/1309/1354 1492/1310/1356 1493/1311/1357
f 1493/1311/1357 845/641/1358 854/659/1355
f 1489/1307/1352 1494/1312/1359 1492/1310/1356
f 845/641/1358 1493/1311/1357 1495/1313/1360
f 1495/1313/1360 48/635/1361 845/641/1358
f 1496/1314/1362 1493/1311/1357 1492/1310/1356
f 1493/1311/1357 1496/1314/1362 1495/1313/1360
f 1494/1312/1359 1496/1314/1362 1492/1310/1356
f 48/635/1361 1495/1313/1360 74/1315/1363
f 1495/1313/1360 1496/1314/1362 75/1316/1364
f 75/1316/1364 74/1315/1363 1495/1313/1360
f 1496/1314/1362 1494/1312/1359 76/1317/1365
f 1496/1314/1362 76/1317/1365 75/1316/1364
f 1489/1307/1352 1497/1318/1366 1494/1312/1359
f 1497/1318/1366 76/1317/1365 1494/1312/1359
f 1497/1318/1366 1489/1307/1352 1487/1305/1349
f 77/1319/1367 75/1316/1364 76/1317/1365
f 78/1320/1368 76/1317/1365 1497/1318/1366
f 78/1320/1368 77/1319/1367 76/1317/1365
f 1487/1305/1349 1498/1321/1369 1497/1318/1366
f 79/1322/1370 78/1320/1368 1497/1318/1366
f 1498/1321/1369 79/1322/1370 1497/1318/1366
f 77/1319/1367 78/1320/1368 80/1323/1371
f 80/1323/1371 78/1320/1368 79/1322/1370
f 77/1319/1367 81/1324/1372 75/1316/1364
f 75/1316/1364 81/1324/1372 74/1315/1363
f 80/1323/1371 82/1325/1373 77/1319/1367
f 81/1324/1372 77/1319/1367 82/1325/1373
f 83/1326/1374 80/1323/1371 79/1322/1370
f 81/1324/1372 82/1325/1373 84/1327/1375
f 82/1325/1373 80/1323/1371 85/1328/1376
f 83/1326/1374 85/1328/1376 80/1323/1371
f 82/1325/1373 86/1329/1377 84/1327/1375
f 82/1325/1373 85/1328/1376 86/1329/1377
f 81/1324/1372 84/1327/1375 1499/1330/1378
f 1499/1330/1378 74/1315/1363 81/1324/1372
f 86/1329/1377 87/1331/1379 84/1327/1375
f 87/1331/1379 1499/1330/1378 84/1327/1375
f 74/1315/1363 1499/1330/1378 88/1332/1380
f 48/635/1361 74/1315/1363 88/1332/1380
f 48/635/1361 88/1332/1380 46/633/1381
f 1499/1330/1378 89/1333/1382 88/1332/1380
f 1499/1330/1378 87/1331/1379 89/1333/1382
f 46/633/1381 88/1332/1380 90/1334/1383
f 90/1334/1383 88/1332/1380 89/1333/1382
f 46/633/1381 90/1334/1383 45/632/1384
f 90/1334/1383 40/627/1385 45/632/1384
f 90/1334/1383 89/1333/1382 40/627/1385
f 89/1333/1382 91/1335/1386 40/627/1385
f 89/1333/1382 87/1331/1379 91/1335/1386
f 40/627/1385 91/1335/1386 39/626/1387
f 92/1336/1388 39/626/1387 91/1335/1386
f 91/1335/1386 93/1337/1389 92/1336/1388
f 93/1337/1389 91/1335/1386 94/1338/1390
f 87/1331/1379 94/1338/1390 91/1335/1386
f 94/1338/1390 70/914/919 93/1337/1389
f 94/1338/1390 87/1331/1379 95/1339/1391
f 87/1331/1379 86/1329/1377 95/1339/1391
f 70/914/919 94/1338/1390 96/1340/1392
f 96/1340/1392 1099/913/918 70/914/919
f 94/1338/1390 95/1339/1391 97/1341/1393
f 94/1338/1390 97/1341/1393 96/1340/1392
f 98/1342/1394 95/1339/1391 86/1329/1377
f 95/1339/1391 98/1342/1394 97/1341/1393
f 85/1328/1376 98/1342/1394 86/1329/1377
f 96/1340/1392 97/1341/1393 99/1343/1395
f 98/1342/1394 85/1328/1376 100/1344/1396
f 85/1328/1376 83/1326/1374 100/1344/1396
f 101/1345/1397 97/1341/1393 98/1342/1394
f 97/1341/1393 101/1345/1397 99/1343/1395
f 100/1344/1396 101/1345/1397 98/1342/1394
f 96/1340/1392 99/1343/1395 102/1346/1398
f 101/1345/1397 102/1346/1398 99/1343/1395
f 96/1340/1392 102/1346/1398 1099/913/918
f 101/1345/1397 100/1344/1396 103/1347/1399
f 1099/913/918 102/1346/1398 1500/1348/1400
f 1500/1348/1400 1100/915/920 1099/913/918
f 101/1345/1397 104/1349/1401 102/1346/1398
f 103/1347/1399 104/1349/1401 101/1345/1397
f 102/1346/1398 1501/1350/1402 1500/1348/1400
f 1501/1350/1402 102/1346/1398 104/1349/1401
f 1100/915/920 1500/1348/1400 1502/1351/1403
f 1501/1350/1402 1502/1351/1403 1500/1348/1400
f 1502/1351/1403 1102/917/922 1100/915/920
f 104/1349/1401 1503/1352/1404 1501/1350/1402
f 1502/1351/1403 1501/1350/1402 1503/1352/1404
f 104/1349/1401 103/1347/1399 105/1353/1405
f 1503/1352/1404 104/1349/1401 105/1353/1405
f 1504/1354/1406 1102/917/922 1502/1351/1403
f 1502/1351/1403 1503/1352/1404 1504/1354/1406
f 105/1353/1405 103/1347/1399 106/1355/1407
f 1503/1352/1404 105/1353/1405 106/1355/1407
f 100/1344/1396 107/1356/1408 103/1347/1399
f 103/1347/1399 107/1356/1408 106/1355/1407
f 107/1356/1408 100/1344/1396 83/1326/1374
f 1503/1352/1404 106/1355/1407 1505/1357/1409
f 83/1326/1374 108/1358/1410 107/1356/1408
f 108/1358/1410 83/1326/1374 79/1322/1370
f 1498/1321/1369 108/1358/1410 79/1322/1370
f 107/1356/1408 109/1359/1411 106/1355/1407
f 109/1359/1411 107/1356/1408 108/1358/1410
f 108/1358/1410 1498/1321/1369 1506/1360/1412
f 1507/1361/1413 106/1355/1407 109/1359/1411
f 1505/1357/1409 106/1355/1407 1507/1361/1413
f 108/1358/1410 1508/1362/1414 109/1359/1411
f 1508/1362/1414 108/1358/1410 1506/1360/1412
f 109/1359/1411 1509/1363/1415 1507/1361/1413
f 1509/1363/1415 109/1359/1411 1508/1362/1414
f 1506/1360/1412 1498/1321/1369 1510/1364/1416
f 1510/1364/1416 1508/1362/1414 1506/1360/1412
f 1510/1364/1416 1498/1321/1369 1487/1305/1349
f 1510/1364/1416 1487/1305/1349 1485/1303/1347
f 1508/1362/1414 1511/1365/1417 1509/1363/1415
f 1510/1364/1416 1511/1365/1417 1508/1362/1414
f 1485/1303/1347 1512/1366/1418 1510/1364/1416
f 1512/1366/1418 1511/1365/1417 1510/1364/1416
f 1512/1366/1418 1485/1303/1347 1482/1300/1344
f 1482/1300/1344 1513/1367/1419 1512/1366/1418
f 1511/1365/1417 1512/1366/1418 1513/1367/1419
f 1513/1367/1419 1482/1300/1344 1480/1298/1342
f 1511/1365/1417 1514/1368/1420 1509/1363/1415
f 1507/1361/1413 1509/1363/1415 1514/1368/1420
f 1515/1369/1421 1511/1365/1417 1513/1367/1419
f 1516/1370/1422 1507/1361/1413 1514/1368/1420
f 1516/1370/1422 1505/1357/1409 1507/1361/1413
f 1514/1368/1420 1511/1365/1417 1517/1371/1423
f 1517/1371/1423 1511/1365/1417 1515/1369/1421
f 1516/1370/1422 1514/1368/1420 1518/1372/1424
f 1517/1371/1423 1518/1372/1424 1514/1368/1420
f 1519/1373/1425 1505/1357/1409 1516/1370/1422
f 1519/1373/1425 1503/1352/1404 1505/1357/1409
f 1503/1352/1404 1519/1373/1425 1504/1354/1406
f 1518/1372/1424 1520/1374/1426 1516/1370/1422
f 1520/1374/1426 1519/1373/1425 1516/1370/1422
f 1521/1375/1427 1504/1354/1406 1519/1373/1425
f 1521/1375/1427 1519/1373/1425 1520/1374/1426
f 1504/1354/1406 1521/1375/1427 1522/1376/1428
f 1102/917/922 1504/1354/1406 1522/1376/1428
f 1103/918/923 1102/917/922 1522/1376/1428
f 1523/1377/1429 1522/1376/1428 1521/1375/1427
f 1522/1376/1428 1523/1377/1429 1103/918/923
f 1524/1378/1430 1521/1375/1427 1520/1374/1426
f 1523/1377/1429 1521/1375/1427 1524/1378/1430
f 1520/1374/1426 1518/1372/1424 1525/1379/1431
f 1525/1379/1431 1524/1378/1430 1520/1374/1426
f 1517/1371/1423 1525/1379/1431 1518/1372/1424
f 1526/1380/1432 1103/918/923 1523/1377/1429
f 1524/1378/1430 1526/1380/1432 1523/1377/1429
f 1103/918/923 1526/1380/1432 1105/920/925
f 1110/925/930 1105/920/925 1526/1380/1432
f 1527/1381/1433 1524/1378/1430 1525/1379/1431
f 1524/1378/1430 1527/1381/1433 1526/1380/1432
f 1528/1382/1434 1110/925/930 1526/1380/1432
f 1528/1382/1434 1526/1380/1432 1527/1381/1433
f 1529/1383/1435 1527/1381/1433 1525/1379/1431
f 1527/1381/1433 1529/1383/1435 1528/1382/1434
f 1529/1383/1435 1525/1379/1431 1517/1371/1423
f 1528/1382/1434 1530/1384/1436 1110/925/930
f 1530/1384/1436 1112/927/932 1110/925/930
f 1531/1385/1437 1528/1382/1434 1529/1383/1435
f 1528/1382/1434 1531/1385/1437 1530/1384/1436
f 1517/1371/1423 1532/1386/1438 1529/1383/1435
f 1532/1386/1438 1517/1371/1423 1515/1369/1421
f 1529/1383/1435 1533/1387/1439 1531/1385/1437
f 1533/1387/1439 1529/1383/1435 1532/1386/1438
f 1534/1388/1440 1112/927/932 1530/1384/1436
f 1112/927/932 1534/1388/1440 1113/928/933
f 1530/1384/1436 1531/1385/1437 1535/1389/1441
f 1535/1389/1441 1534/1388/1440 1530/1384/1436
f 1533/1387/1439 1536/1390/1442 1531/1385/1437
f 1536/1390/1442 1535/1389/1441 1531/1385/1437
f 1537/1391/1443 1113/928/933 1534/1388/1440
f 1113/928/933 1537/1391/1443 1114/929/934
f 1537/1391/1443 1118/933/938 1114/929/934
f 1534/1388/1440 1535/1389/1441 1538/1392/1444
f 1538/1392/1444 1537/1391/1443 1534/1388/1440
f 1537/1391/1443 1539/1393/1445 1118/933/938
f 1539/1393/1445 1537/1391/1443 1538/1392/1444
f 1539/1393/1445 1123/938/943 1118/933/938
f 1540/1394/1446 1538/1392/1444 1535/1389/1441
f 1536/1390/1442 1540/1394/1446 1535/1389/1441
f 1538/1392/1444 1541/1395/1447 1539/1393/1445
f 1541/1395/1447 1538/1392/1444 1540/1394/1446
f 1539/1393/1445 1542/1396/1448 1123/938/943
f 1542/1396/1448 1539/1393/1445 1541/1395/1447
f 1542/1396/1448 1126/941/946 1123/938/943
f 1540/1394/1446 1543/1397/1449 1541/1395/1447
f 1541/1395/1447 1544/1398/1450 1542/1396/1448
f 1544/1398/1450 1541/1395/1447 1543/1397/1449
f 1126/941/946 1542/1396/1448 1545/1399/1451
f 1544/1398/1450 1545/1399/1451 1542/1396/1448
f 1543/1397/1449 1540/1394/1446 1546/1400/1452
f 1546/1400/1452 1540/1394/1446 1536/1390/1442
f 1543/1397/1449 1547/1401/1453 1544/1398/1450
f 1546/1400/1452 1536/1390/1442 1548/1402/1454
f 1547/1401/1453 1549/1403/1455 1544/1398/1450
f 1545/1399/1451 1544/1398/1450 1549/1403/1455
f 1550/1404/1456 1543/1397/1449 1546/1400/1452
f 1549/1403/1455 1551/1405/1457 1545/1399/1451
f 1546/1400/1452 1552/1406/1458 1550/1404/1456
f 1552/1406/1458 1546/1400/1452 1548/1402/1454
f 1543/1397/1449 1550/1404/1456 1553/1407/1459
f 1547/1401/1453 1543/1397/1449 1553/1407/1459
f 1554/1408/1460 1550/1404/1456 1552/1406/1458
f 1549/1403/1455 1547/1401/1453 1555/1409/1461
f 1550/1404/1456 1554/1408/1460 1556/1410/1462
f 1553/1407/1459 1550/1404/1456 1556/1410/1462
f 1557/1411/1463 1554/1408/1460 1552/1406/1458
f 1548/1402/1454 1557/1411/1463 1552/1406/1458
f 1553/1407/1459 1558/1412/1464 1547/1401/1453
f 1555/1409/1461 1547/1401/1453 1558/1412/1464
f 1548/1402/1454 1559/1413/1465 1557/1411/1463
f 1555/1409/1461 1560/1414/1466 1549/1403/1455
f 1560/1414/1466 1551/1405/1457 1549/1403/1455
f 1548/1402/1454 1561/1415/1467 1559/1413/1465
f 1561/1415/1467 1548/1402/1454 1536/1390/1442
f 1561/1415/1467 1536/1390/1442 1533/1387/1439
f 1561/1415/1467 1533/1387/1439 1532/1386/1438
f 1562/1416/1468 1561/1415/1467 1532/1386/1438
f 1562/1416/1468 1532/1386/1438 1515/1369/1421
f 1563/1417/1469 1559/1413/1465 1561/1415/1467
f 1562/1416/1468 1563/1417/1469 1561/1415/1467
f 1564/1418/1470 1562/1416/1468 1515/1369/1421
f 1513/1367/1419 1564/1418/1470 1515/1369/1421
f 1480/1298/1342 1564/1418/1470 1513/1367/1419
f 1565/1419/1471 1562/1416/1468 1564/1418/1470
f 1563/1417/1469 1562/1416/1468 1565/1419/1471
f 1564/1418/1470 1480/1298/1342 1566/1420/1472
f 1566/1420/1472 1565/1419/1471 1564/1418/1470
f 1480/1298/1342 1478/1296/1340 1566/1420/1472
f 1567/1421/1473 1566/1420/1472 1478/1296/1340
f 1566/1420/1472 1567/1421/1473 1565/1419/1471
f 1478/1296/1340 1476/1294/1338 1567/1421/1473
f 1568/1422/1474 1563/1417/1469 1565/1419/1471
f 1565/1419/1471 1567/1421/1473 1568/1422/1474
f 1569/1423/1475 1567/1421/1473 1476/1294/1338
f 1567/1421/1473 1569/1423/1475 1568/1422/1474
f 1474/1292/1336 1569/1423/1475 1476/1294/1338
f 1563/1417/1469 1568/1422/1474 1570/1424/1476
f 1569/1423/1475 1570/1424/1476 1568/1422/1474
f 1570/1424/1476 1559/1413/1465 1563/1417/1469
f 1569/1423/1475 1474/1292/1336 1571/1425/1477
f 1473/1291/1335 1571/1425/1477 1474/1292/1336
f 1570/1424/1476 1569/1423/1475 1572/1426/1478
f 1571/1425/1477 1572/1426/1478 1569/1423/1475
f 1571/1425/1477 1473/1291/1335 1573/1427/1479
f 1473/1291/1335 1466/1284/1328 1573/1427/1479
f 1572/1426/1478 1571/1425/1477 1574/1428/1480
f 1573/1427/1479 1574/1428/1480 1571/1425/1477
f 1573/1427/1479 1466/1284/1328 1575/1429/1481
f 1574/1428/1480 1573/1427/1479 1575/1429/1481
f 1466/1284/1328 1464/1282/1326 1575/1429/1481
f 1464/1282/1326 1574/1428/1480 1575/1429/1481
f 1462/1280/1324 1574/1428/1480 1464/1282/1326
f 1576/1430/1482 1572/1426/1478 1574/1428/1480
f 1574/1428/1480 1462/1280/1324 1576/1430/1482
f 1570/1424/1476 1572/1426/1478 1577/1431/1483
f 1572/1426/1478 1576/1430/1482 1577/1431/1483
f 1576/1430/1482 1462/1280/1324 1578/1432/1484
f 1461/1279/1323 1578/1432/1484 1462/1280/1324
f 1577/1431/1483 1576/1430/1482 1579/1433/1485
f 1578/1432/1484 1579/1433/1485 1576/1430/1482
f 1578/1432/1484 1461/1279/1323 1580/1434/1486
f 1580/1434/1486 1579/1433/1485 1578/1432/1484
f 1458/1276/1320 1580/1434/1486 1461/1279/1323
f 1581/1435/1487 1577/1431/1483 1579/1433/1485
f 1577/1431/1483 1581/1435/1487 1570/1424/1476
f 1570/1424/1476 1581/1435/1487 1559/1413/1465
f 1559/1413/1465 1581/1435/1487 1557/1411/1463
f 1579/1433/1485 1580/1434/1486 1582/1436/1488
f 1581/1435/1487 1579/1433/1485 1582/1436/1488
f 1458/1276/1320 1583/1437/1489 1580/1434/1486
f 1582/1436/1488 1580/1434/1486 1583/1437/1489
f 1583/1437/1489 1458/1276/1320 1455/1273/1317
f 1581/1435/1487 1582/1436/1488 1584/1438/1490
f 1583/1437/1489 1455/1273/1317 1585/1439/1491
f 1454/1272/1316 1585/1439/1491 1455/1273/1317
f 1582/1436/1488 1583/1437/1489 1586/1440/1492
f 1584/1438/1490 1582/1436/1488 1586/1440/1492
f 1454/1272/1316 1587/1441/1493 1585/1439/1491
f 1454/1272/1316 1445/1263/1307 1587/1441/1493
f 1585/1439/1491 1588/1442/1494 1583/1437/1489
f 1586/1440/1492 1583/1437/1489 1588/1442/1494
f 1587/1441/1493 1589/1443/1495 1585/1439/1491
f 1589/1443/1495 1588/1442/1494 1585/1439/1491
f 1590/1444/1496 1587/1441/1493 1445/1263/1307
f 1590/1444/1496 1589/1443/1495 1587/1441/1493
f 1590/1444/1496 1445/1263/1307 1441/1259/1303
f 1591/1445/1497 1588/1442/1494 1589/1443/1495
f 1590/1444/1496 1591/1445/1497 1589/1443/1495
f 1590/1444/1496 1441/1259/1303 1442/1260/1304
f 1588/1442/1494 1591/1445/1497 1592/1446/1498
f 1588/1442/1494 1592/1446/1498 1586/1440/1492
f 1592/1446/1498 1591/1445/1497 1593/1447/1499
f 1593/1447/1499 1586/1440/1492 1592/1446/1498
f 1590/1444/1496 1594/1448/1500 1591/1445/1497
f 1593/1447/1499 1591/1445/1497 1594/1448/1500
f 1586/1440/1492 1593/1447/1499 1595/1449/1501
f 1584/1438/1490 1586/1440/1492 1595/1449/1501
f 1594/1448/1500 1596/1450/1502 1593/1447/1499
f 1595/1449/1501 1597/1451/1503 1584/1438/1490
f 1597/1451/1503 1581/1435/1487 1584/1438/1490
f 1581/1435/1487 1597/1451/1503 1557/1411/1463
f 1554/1408/1460 1557/1411/1463 1597/1451/1503
f 1598/1452/1504 1595/1449/1501 1593/1447/1499
f 1597/1451/1503 1595/1449/1501 1598/1452/1504
f 1554/1408/1460 1597/1451/1503 1598/1452/1504
f 1598/1452/1504 1593/1447/1499 1596/1450/1502
f 1598/1452/1504 1599/1453/1505 1554/1408/1460
f 1599/1453/1505 1598/1452/1504 1596/1450/1502
f 1599/1453/1505 1556/1410/1462 1554/1408/1460
f 1596/1450/1502 1594/1448/1500 1600/1454/1506
f 1590/1444/1496 1600/1454/1506 1594/1448/1500
f 1599/1453/1505 1596/1450/1502 1601/1455/1507
f 1601/1455/1507 1596/1450/1502 1600/1454/1506
f 1556/1410/1462 1599/1453/1505 1602/1456/1508
f 1601/1455/1507 1602/1456/1508 1599/1453/1505
f 1601/1455/1507 1600/1454/1506 1603/1457/1509
f 1590/1444/1496 1603/1457/1509 1600/1454/1506
f 1602/1456/1508 1601/1455/1507 1604/1458/1510
f 1603/1457/1509 1604/1458/1510 1601/1455/1507
f 1602/1456/1508 1605/1459/1511 1556/1410/1462
f 1556/1410/1462 1605/1459/1511 1553/1407/1459
f 1604/1458/1510 1606/1460/1512 1602/1456/1508
f 1605/1459/1511 1602/1456/1508 1606/1460/1512
f 1604/1458/1510 1603/1457/1509 1607/1461/1513
f 1608/1462/1514 1553/1407/1459 1605/1459/1511
f 1553/1407/1459 1608/1462/1514 1558/1412/1464
f 1609/1463/1515 1604/1458/1510 1607/1461/1513
f 1606/1460/1512 1604/1458/1510 1609/1463/1515
f 1610/1464/1516 1607/1461/1513 1603/1457/1509
f 1610/1464/1516 1603/1457/1509 1590/1444/1496
f 1607/1461/1513 1611/1465/1517 1609/1463/1515
f 1610/1464/1516 1611/1465/1517 1607/1461/1513
f 1606/1460/1512 1609/1463/1515 1612/1466/1518
f 1613/1467/1519 1609/1463/1515 1611/1465/1517
f 1609/1463/1515 1613/1467/1519 1612/1466/1518
f 1614/1468/1520 1605/1459/1511 1606/1460/1512
f 1614/1468/1520 1606/1460/1512 1612/1466/1518
f 1608/1462/1514 1605/1459/1511 1614/1468/1520
f 1615/1469/1521 1612/1466/1518 1613/1467/1519
f 1616/1470/1522 1613/1467/1519 1611/1465/1517
f 1616/1470/1522 1615/1469/1521 1613/1467/1519
f 1611/1465/1517 1610/1464/1516 1616/1470/1522
f 1612/1466/1518 1615/1469/1521 1617/1471/1523
f 1614/1468/1520 1612/1466/1518 1617/1471/1523
f 1616/1470/1522 1618/1472/1524 1615/1469/1521
f 1618/1472/1524 1617/1471/1523 1615/1469/1521
f 1619/1473/1525 1614/1468/1520 1617/1471/1523
f 1614/1468/1520 1619/1473/1525 1608/1462/1514
f 1617/1471/1523 1618/1472/1524 1620/1474/1526
f 1620/1474/1526 1619/1473/1525 1617/1471/1523
f 1621/1475/1527 1608/1462/1514 1619/1473/1525
f 1608/1462/1514 1621/1475/1527 1558/1412/1464
f 1622/1476/1528 1619/1473/1525 1620/1474/1526
f 1619/1473/1525 1622/1476/1528 1621/1475/1527
f 1621/1475/1527 1623/1477/1529 1558/1412/1464
f 1558/1412/1464 1623/1477/1529 1555/1409/1461
f 1624/1478/1530 1621/1475/1527 1622/1476/1528
f 1624/1478/1530 1623/1477/1529 1621/1475/1527
f 1623/1477/1529 1625/1479/1531 1555/1409/1461
f 1625/1479/1531 1560/1414/1466 1555/1409/1461
f 1623/1477/1529 1624/1478/1530 1626/1480/1532
f 1625/1479/1531 1623/1477/1529 1626/1480/1532
f 1622/1476/1528 1627/1481/1533 1624/1478/1530
f 1628/1482/1534 1560/1414/1466 1625/1479/1531
f 1627/1481/1533 1622/1476/1528 1629/1483/1535
f 1620/1474/1526 1629/1483/1535 1622/1476/1528
f 1560/1414/1466 1628/1482/1534 1630/1484/1536
f 1630/1484/1536 1551/1405/1457 1560/1414/1466
f 1620/1474/1526 1631/1485/1537 1629/1483/1535
f 1631/1485/1537 1620/1474/1526 1618/1472/1524
f 1631/1485/1537 1632/1486/1538 1629/1483/1535
f 1629/1483/1535 1632/1486/1538 1627/1481/1533
f 1633/1487/1539 1631/1485/1537 1618/1472/1524
f 1633/1487/1539 1618/1472/1524 1616/1470/1522
f 1632/1486/1538 1631/1485/1537 1634/1488/1540
f 1633/1487/1539 1634/1488/1540 1631/1485/1537
f 1634/1488/1540 1635/1489/1541 1632/1486/1538
f 1636/1490/1542 1633/1487/1539 1616/1470/1522
f 1616/1470/1522 1610/1464/1516 1636/1490/1542
f 1634/1488/1540 1633/1487/1539 1637/1491/1543
f 1635/1489/1541 1634/1488/1540 1637/1491/1543
f 1636/1490/1542 1610/1464/1516 1638/1492/1544
f 1610/1464/1516 1590/1444/1496 1638/1492/1544
f 1442/1260/1304 1638/1492/1544 1590/1444/1496
f 1638/1492/1544 1442/1260/1304 1639/1493/1545
f 1639/1493/1545 1442/1260/1304 1439/1257/1301
f 1436/1254/1298 1639/1493/1545 1439/1257/1301
f 1640/1494/1546 1636/1490/1542 1638/1492/1544
f 1640/1494/1546 1638/1492/1544 1639/1493/1545
f 1639/1493/1545 1436/1254/1298 1641/1495/1547
f 1641/1495/1547 1640/1494/1546 1639/1493/1545
f 1641/1495/1547 1436/1254/1298 1419/1237/1281
f 1640/1494/1546 1641/1495/1547 1642/1496/1548
f 1641/1495/1547 1419/1237/1281 1642/1496/1548
f 1643/1497/1549 1640/1494/1546 1642/1496/1548
f 1643/1497/1549 1642/1496/1548 1419/1237/1281
f 1640/1494/1546 1644/1498/1550 1636/1490/1542
f 1636/1490/1542 1644/1498/1550 1633/1487/1539
f 1645/1499/1551 1640/1494/1546 1643/1497/1549
f 1644/1498/1550 1640/1494/1546 1645/1499/1551
f 1646/1500/1552 1645/1499/1551 1643/1497/1549
f 1643/1497/1549 1419/1237/1281 1646/1500/1552
f 1645/1499/1551 1647/1501/1553 1644/1498/1550
f 1646/1500/1552 1648/1502/1554 1645/1499/1551
f 1647/1501/1553 1645/1499/1551 1648/1502/1554
f 1649/1503/1555 1646/1500/1552 1419/1237/1281
f 1649/1503/1555 1648/1502/1554 1646/1500/1552
f 1650/1504/1556 1644/1498/1550 1647/1501/1553
f 1644/1498/1550 1650/1504/1556 1633/1487/1539
f 1648/1502/1554 1651/1505/1557 1647/1501/1553
f 1651/1505/1557 1650/1504/1556 1647/1501/1553
f 1649/1503/1555 1652/1506/1558 1648/1502/1554
f 1651/1505/1557 1648/1502/1554 1652/1506/1558
f 1633/1487/1539 1650/1504/1556 1653/1507/1559
f 1637/1491/1543 1633/1487/1539 1653/1507/1559
f 1654/1508/1560 1650/1504/1556 1651/1505/1557
f 1655/1509/1561 1637/1491/1543 1653/1507/1559
f 1637/1491/1543 1655/1509/1561 1635/1489/1541
f 1653/1507/1559 1650/1504/1556 1656/1510/1562
f 1656/1510/1562 1655/1509/1561 1653/1507/1559
f 1656/1510/1562 1650/1504/1556 1654/1508/1560
f 1655/1509/1561 1657/1511/1563 1635/1489/1541
f 1655/1509/1561 1656/1510/1562 1658/1512/1564
f 1659/1513/1565 1635/1489/1541 1657/1511/1563
f 1635/1489/1541 1659/1513/1565 1632/1486/1538
f 1627/1481/1533 1632/1486/1538 1659/1513/1565
f 1657/1511/1563 1655/1509/1561 1660/1514/1566
f 1658/1512/1564 1660/1514/1566 1655/1509/1561
f 1659/1513/1565 1661/1515/1567 1627/1481/1533
f 1661/1515/1567 1624/1478/1530 1627/1481/1533
f 1661/1515/1567 1626/1480/1532 1624/1478/1530
f 1662/1516/1568 1659/1513/1565 1657/1511/1563
f 1661/1515/1567 1659/1513/1565 1663/1517/1569
f 1659/1513/1565 1662/1516/1568 1663/1517/1569
f 1626/1480/1532 1661/1515/1567 1664/1518/1570
f 1665/1519/1571 1662/1516/1568 1657/1511/1563
f 1665/1519/1571 1657/1511/1563 1660/1514/1566
f 1666/1520/1572 1661/1515/1567 1663/1517/1569
f 1661/1515/1567 1666/1520/1572 1664/1518/1570
f 1667/1521/1573 1663/1517/1569 1662/1516/1568
f 1663/1517/1569 1667/1521/1573 1666/1520/1572
f 1668/1522/1574 1662/1516/1568 1665/1519/1571
f 1662/1516/1568 1668/1522/1574 1667/1521/1573
f 1660/1514/1566 1669/1523/1575 1665/1519/1571
f 1665/1519/1571 1670/1524/1576 1668/1522/1574
f 1670/1524/1576 1665/1519/1571 1669/1523/1575
f 1671/1525/1577 1667/1521/1573 1668/1522/1574
f 1672/1526/1578 1668/1522/1574 1670/1524/1576
f 1672/1526/1578 1671/1525/1577 1668/1522/1574
f 1669/1523/1575 1673/1527/1579 1670/1524/1576
f 1672/1526/1578 1670/1524/1576 1673/1527/1579
f 1669/1523/1575 1660/1514/1566 1674/1528/1580
f 1660/1514/1566 1658/1512/1564 1674/1528/1580
f 1675/1529/1581 1669/1523/1575 1674/1528/1580
f 1673/1527/1579 1669/1523/1575 1675/1529/1581
f 1674/1528/1580 1658/1512/1564 1676/1530/1582
f 1675/1529/1581 1674/1528/1580 1677/1531/1583
f 1677/1531/1583 1674/1528/1580 1676/1530/1582
f 1658/1512/1564 1678/1532/1584 1676/1530/1582
f 1678/1532/1584 1658/1512/1564 1656/1510/1562
f 1654/1508/1560 1678/1532/1584 1656/1510/1562
f 1676/1530/1582 1678/1532/1584 1679/1533/1585
f 1678/1532/1584 1654/1508/1560 1679/1533/1585
f 1677/1531/1583 1676/1530/1582 1680/1534/1586
f 1680/1534/1586 1676/1530/1582 1679/1533/1585
f 1681/1535/1587 1675/1529/1581 1677/1531/1583
f 1681/1535/1587 1677/1531/1583 1680/1534/1586
f 1682/1536/1588 1675/1529/1581 1681/1535/1587
f 1682/1536/1588 1673/1527/1579 1675/1529/1581
f 1683/1537/1589 1681/1535/1587 1680/1534/1586
f 1681/1535/1587 1684/1538/1590 1682/1536/1588
f 1681/1535/1587 1683/1537/1589 1684/1538/1590
f 1685/1539/1591 1680/1534/1586 1679/1533/1585
f 1680/1534/1586 1685/1539/1591 1683/1537/1589
f 1686/1540/1592 1685/1539/1591 1679/1533/1585
f 1654/1508/1560 1686/1540/1592 1679/1533/1585
f 1687/1541/1593 1683/1537/1589 1685/1539/1591
f 1686/1540/1592 1687/1541/1593 1685/1539/1591
f 1654/1508/1560 1688/1542/1594 1686/1540/1592
f 1688/1542/1594 1687/1541/1593 1686/1540/1592
f 1651/1505/1557 1688/1542/1594 1654/1508/1560
f 1651/1505/1557 1652/1506/1558 1688/1542/1594
f 1687/1541/1593 1689/1543/1595 1683/1537/1589
f 1689/1543/1595 1684/1538/1590 1683/1537/1589
f 1690/1544/1596 1688/1542/1594 1652/1506/1558
f 1649/1503/1555 1690/1544/1596 1652/1506/1558
f 1687/1541/1593 1688/1542/1594 1691/1545/1597
f 1688/1542/1594 1690/1544/1596 1691/1545/1597
f 1692/1546/1598 1689/1543/1595 1687/1541/1593
f 1687/1541/1593 1691/1545/1597 1692/1546/1598
f 1690/1544/1596 1649/1503/1555 1693/1547/1599
f 1649/1503/1555 1419/1237/1281 1693/1547/1599
f 1694/1548/1600 1693/1547/1599 1419/1237/1281
f 1694/1548/1600 1419/1237/1281 1417/1235/1279
f 1417/1235/1279 1421/1239/1283 1694/1548/1600
f 1421/1239/1283 1693/1547/1599 1694/1548/1600
f 1693/1547/1599 1421/1239/1283 1690/1544/1596
f 1695/1549/1601 1690/1544/1596 1421/1239/1283
f 1690/1544/1596 1695/1549/1601 1691/1545/1597
f 1421/1239/1283 1414/1232/1276 1695/1549/1601
f 1696/1550/1602 1691/1545/1597 1695/1549/1601
f 1691/1545/1597 1696/1550/1602 1692/1546/1598
f 1695/1549/1601 1414/1232/1276 1697/1551/1603
f 1697/1551/1603 1696/1550/1602 1695/1549/1601
f 1414/1232/1276 1409/1227/1271 1697/1551/1603
f 1697/1551/1603 1409/1227/1271 1408/1226/1270
f 1697/1551/1603 1408/1226/1270 1698/1552/1604
f 1696/1550/1602 1697/1551/1603 1698/1552/1604
f 1698/1552/1604 1408/1226/1270 1406/1224/1268
f 1698/1552/1604 1699/1553/1605 1696/1550/1602
f 1699/1553/1605 1698/1552/1604 1406/1224/1268
f 1699/1553/1605 1692/1546/1598 1696/1550/1602
f 1692/1546/1598 1699/1553/1605 1700/1554/1606
f 1689/1543/1595 1692/1546/1598 1700/1554/1606
f 1699/1553/1605 1406/1224/1268 1701/1555/1607
f 1701/1555/1607 1700/1554/1606 1699/1553/1605
f 1700/1554/1606 1702/1556/1608 1689/1543/1595
f 1689/1543/1595 1702/1556/1608 1684/1538/1590
f 1406/1224/1268 1703/1557/1609 1701/1555/1607
f 1703/1557/1609 1406/1224/1268 1401/1219/1263
f 1401/1219/1263 1400/1218/1262 1703/1557/1609
f 1704/1558/1610 1684/1538/1590 1702/1556/1608
f 1704/1558/1610 1682/1536/1588 1684/1538/1590
f 1703/1557/1609 1400/1218/1262 1705/1559/1611
f 1400/1218/1262 1333/1151/1195 1705/1559/1611
f 1703/1557/1609 1705/1559/1611 1706/1560/1612
f 1703/1557/1609 1706/1560/1612 1701/1555/1607
f 1333/1151/1195 1707/1561/1613 1705/1559/1611
f 1706/1560/1612 1705/1559/1611 1707/1561/1613
f 1707/1561/1613 1333/1151/1195 1331/1149/1193
f 1701/1555/1607 1706/1560/1612 1708/1562/1614
f 1700/1554/1606 1701/1555/1607 1708/1562/1614
f 1706/1560/1612 1707/1561/1613 1709/1563/1615
f 1706/1560/1612 1709/1563/1615 1708/1562/1614
f 1708/1562/1614 1710/1564/1616 1700/1554/1606
f 1708/1562/1614 1709/1563/1615 1710/1564/1616
f 1700/1554/1606 1710/1564/1616 1702/1556/1608
f 1710/1564/1616 1704/1558/1610 1702/1556/1608
f 1709/1563/1615 1711/1565/1617 1710/1564/1616
f 1710/1564/1616 1711/1565/1617 1704/1558/1610
f 1709/1563/1615 1707/1561/1613 1712/1566/1618
f 1709/1563/1615 1712/1566/1618 1711/1565/1617
f 1707/1561/1613 1331/1149/1193 1713/1567/1619
f 1707/1561/1613 1713/1567/1619 1712/1566/1618
f 1331/1149/1193 1329/1147/1191 1713/1567/1619
f 1714/1568/1620 1704/1558/1610 1711/1565/1617
f 1704/1558/1610 1714/1568/1620 1682/1536/1588
f 1673/1527/1579 1682/1536/1588 1714/1568/1620
f 1711/1565/1617 1715/1569/1621 1714/1568/1620
f 1711/1565/1617 1712/1566/1618 1715/1569/1621
f 1716/1570/1622 1673/1527/1579 1714/1568/1620
f 1714/1568/1620 1715/1569/1621 1716/1570/1622
f 1673/1527/1579 1716/1570/1622 1672/1526/1578
f 1712/1566/1618 1717/1571/1623 1715/1569/1621
f 1712/1566/1618 1713/1567/1619 1717/1571/1623
f 1718/1572/1624 1716/1570/1622 1715/1569/1621
f 1715/1569/1621 1717/1571/1623 1718/1572/1624
f 1719/1573/1625 1672/1526/1578 1716/1570/1622
f 1716/1570/1622 1718/1572/1624 1719/1573/1625
f 1713/1567/1619 1720/1574/1626 1717/1571/1623
f 1329/1147/1191 1720/1574/1626 1713/1567/1619
f 1717/1571/1623 1721/1575/1627 1718/1572/1624
f 1720/1574/1626 1721/1575/1627 1717/1571/1623
f 1722/1576/1628 1720/1574/1626 1329/1147/1191
f 1329/1147/1191 1325/1143/1187 1722/1576/1628
f 1325/1143/1187 1324/1142/1186 1722/1576/1628
f 1720/1574/1626 1722/1576/1628 1723/1577/1629
f 1723/1577/1629 1721/1575/1627 1720/1574/1626
f 1324/1142/1186 1724/1578/1630 1722/1576/1628
f 1724/1578/1630 1723/1577/1629 1722/1576/1628
f 1721/1575/1627 1725/1579/1631 1718/1572/1624
f 1719/1573/1625 1718/1572/1624 1725/1579/1631
f 1723/1577/1629 1726/1580/1632 1721/1575/1627
f 1726/1580/1632 1725/1579/1631 1721/1575/1627
f 1724/1578/1630 1727/1581/1633 1723/1577/1629
f 1726/1580/1632 1723/1577/1629 1727/1581/1633
f 1324/1142/1186 1728/1582/1634 1724/1578/1630
f 1728/1582/1634 1324/1142/1186 1154/972/988
f 1154/972/988 1152/970/985 1728/1582/1634
f 1150/968/982 1728/1582/1634 1152/970/985
f 1729/1583/1635 1724/1578/1630 1728/1582/1634
f 1724/1578/1630 1729/1583/1635 1727/1581/1633
f 1728/1582/1634 1150/968/982 1730/1584/1636
f 1729/1583/1635 1728/1582/1634 1730/1584/1636
f 1150/968/982 1731/1585/1637 1730/1584/1636
f 1731/1585/1637 1150/968/982 1147/965/977
f 1147/965/977 1144/962/972 1731/1585/1637
f 1731/1585/1637 1732/1586/1638 1730/1584/1636
f 1729/1583/1635 1730/1584/1636 1732/1586/1638
f 1144/962/972 1733/1587/1639 1731/1585/1637
f 1732/1586/1638 1731/1585/1637 1733/1587/1639
f 1733/1587/1639 1144/962/972 1142/960/969
f 1140/958/966 1733/1587/1639 1142/960/969
f 1734/1588/1640 1729/1583/1635 1732/1586/1638
f 1734/1588/1640 1732/1586/1638 1733/1587/1639
f 1733/1587/1639 1140/958/966 1735/1589/1641
f 1733/1587/1639 1735/1589/1641 1734/1588/1640
f 1138/956/963 1735/1589/1641 1140/958/966
f 1729/1583/1635 1734/1588/1640 1736/1590/1642
f 1729/1583/1635 1736/1590/1642 1727/1581/1633
f 1735/1589/1641 1138/956/963 1737/1591/1643
f 1138/956/963 1136/953/958 1737/1591/1643
f 1735/1589/1641 1738/1592/1644 1734/1588/1640
f 1738/1592/1644 1735/1589/1641 1737/1591/1643
f 1734/1588/1640 1738/1592/1644 1736/1590/1642
f 1737/1591/1643 1136/953/958 1738/1592/1644
f 1736/1590/1642 1739/1593/1645 1727/1581/1633
f 1739/1593/1645 1726/1580/1632 1727/1581/1633
f 1740/1594/1646 1736/1590/1642 1738/1592/1644
f 1736/1590/1642 1740/1594/1646 1739/1593/1645
f 1738/1592/1644 1136/953/958 1741/1595/1647
f 1738/1592/1644 1741/1595/1647 1740/1594/1646
f 1726/1580/1632 1739/1593/1645 1742/1596/1648
f 1742/1596/1648 1725/1579/1631 1726/1580/1632
f 1740/1594/1646 1743/1597/1649 1739/1593/1645
f 1743/1597/1649 1742/1596/1648 1739/1593/1645
f 1725/1579/1631 1742/1596/1648 1744/1598/1650
f 1743/1597/1649 1744/1598/1650 1742/1596/1648
f 1725/1579/1631 1744/1598/1650 1719/1573/1625
f 1743/1597/1649 1740/1594/1646 1745/1599/1651
f 1740/1594/1646 1741/1595/1647 1745/1599/1651
f 1746/1600/1652 1719/1573/1625 1744/1598/1650
f 1746/1600/1652 1672/1526/1578 1719/1573/1625
f 1672/1526/1578 1746/1600/1652 1671/1525/1577
f 1746/1600/1652 1744/1598/1650 1747/1601/1653
f 1747/1601/1653 1671/1525/1577 1746/1600/1652
f 1744/1598/1650 1743/1597/1649 1747/1601/1653
f 1671/1525/1577 1747/1601/1653 1748/1602/1654
f 1667/1521/1573 1671/1525/1577 1748/1602/1654
f 1748/1602/1654 1666/1520/1572 1667/1521/1573
f 1747/1601/1653 1743/1597/1649 1749/1603/1655
f 1745/1599/1651 1749/1603/1655 1743/1597/1649
f 1748/1602/1654 1747/1601/1653 1750/1604/1656
f 1749/1603/1655 1750/1604/1656 1747/1601/1653
f 1666/1520/1572 1748/1602/1654 1751/1605/1657
f 1750/1604/1656 1751/1605/1657 1748/1602/1654
f 1751/1605/1657 1752/1606/1658 1666/1520/1572
f 1751/1605/1657 1750/1604/1656 1753/1607/1659
f 1753/1607/1659 1752/1606/1658 1751/1605/1657
f 1749/1603/1655 1753/1607/1659 1750/1604/1656
f 1666/1520/1572 1752/1606/1658 1664/1518/1570
f 1753/1607/1659 1749/1603/1655 1754/1608/1660
f 1752/1606/1658 1753/1607/1659 1755/1609/1661
f 1754/1608/1660 1755/1609/1661 1753/1607/1659
f 1664/1518/1570 1752/1606/1658 1756/1610/1662
f 1755/1609/1661 1756/1610/1662 1752/1606/1658
f 1756/1610/1662 1757/1611/1663 1664/1518/1570
f 1664/1518/1570 1757/1611/1663 1626/1480/1532
f 1626/1480/1532 1757/1611/1663 1625/1479/1531
f 1757/1611/1663 1628/1482/1534 1625/1479/1531
f 1756/1610/1662 1758/1612/1664 1757/1611/1663
f 1628/1482/1534 1757/1611/1663 1758/1612/1664
f 1756/1610/1662 1755/1609/1661 1758/1612/1664
f 1758/1612/1664 1759/1613/1665 1628/1482/1534
f 1628/1482/1534 1759/1613/1665 1630/1484/1536
f 1760/1614/1666 1758/1612/1664 1755/1609/1661
f 1758/1612/1664 1760/1614/1666 1759/1613/1665
f 1755/1609/1661 1754/1608/1660 1760/1614/1666
f 1759/1613/1665 1761/1615/1667 1630/1484/1536
f 1761/1615/1667 1551/1405/1457 1630/1484/1536
f 1762/1616/1668 1759/1613/1665 1760/1614/1666
f 1761/1615/1667 1759/1613/1665 1762/1616/1668
f 1763/1617/1669 1760/1614/1666 1754/1608/1660
f 1763/1617/1669 1762/1616/1668 1760/1614/1666
f 1551/1405/1457 1761/1615/1667 1764/1618/1670
f 1545/1399/1451 1551/1405/1457 1764/1618/1670
f 1764/1618/1670 1126/941/946 1545/1399/1451
f 1762/1616/1668 1765/1619/1671 1761/1615/1667
f 1764/1618/1670 1761/1615/1667 1765/1619/1671
f 1766/1620/1672 1126/941/946 1764/1618/1670
f 1765/1619/1671 1766/1620/1672 1764/1618/1670
f 1766/1620/1672 1125/940/945 1126/941/946
f 1766/1620/1672 1128/943/948 1125/940/945
f 1765/1619/1671 1767/1621/1673 1766/1620/1672
f 1128/943/948 1766/1620/1672 1767/1621/1673
f 1765/1619/1671 1762/1616/1668 1768/1622/1674
f 1762/1616/1668 1763/1617/1669 1768/1622/1674
f 1765/1619/1671 1769/1623/1675 1767/1621/1673
f 1128/943/948 1767/1621/1673 1769/1623/1675
f 1769/1623/1675 1765/1619/1671 1768/1622/1674
f 1128/943/948 1769/1623/1675 1130/945/950
f 1768/1622/1674 1763/1617/1669 1770/1624/1676
f 1770/1624/1676 1769/1623/1675 1768/1622/1674
f 1130/945/950 1769/1623/1675 1771/1625/1677
f 1771/1625/1677 1769/1623/1675 1770/1624/1676
f 1130/945/950 1771/1625/1677 1131/946/951
f 1763/1617/1669 1772/1626/1678 1770/1624/1676
f 1763/1617/1669 1754/1608/1660 1772/1626/1678
f 1772/1626/1678 1754/1608/1660 1749/1603/1655
f 1745/1599/1651 1772/1626/1678 1749/1603/1655
f 1773/1627/1679 1770/1624/1676 1772/1626/1678
f 1772/1626/1678 1745/1599/1651 1773/1627/1679
f 1770/1624/1676 1773/1627/1679 1771/1625/1677
f 1741/1595/1647 1773/1627/1679 1745/1599/1651
f 1774/1628/1680 1771/1625/1677 1773/1627/1679
f 1741/1595/1647 1774/1628/1680 1773/1627/1679
f 1131/946/951 1771/1625/1677 1774/1628/1680
f 1136/953/958 1774/1628/1680 1741/1595/1647
f 1131/946/951 1774/1628/1680 1133/948/953
f 1133/948/953 1774/1628/1680 1136/953/958
f 381/1629/1681 1775/1630/1682 1776/1631/1683
f 1775/1630/1682 381/1629/1681 377/1632/1684
f 1776/1631/1683 1775/1630/1682 1777/1633/1685
f 377/1632/1684 1778/1634/1686 1775/1630/1682
f 1778/1634/1686 377/1632/1684 374/1635/1687
f 1779/1636/1688 1777/1633/1685 1775/1630/1682
f 1775/1630/1682 1778/1634/1686 1779/1636/1688
f 1779/1636/1688 1780/1637/1689 1777/1633/1685
f 1781/1638/1690 1778/1634/1686 374/1635/1687
f 374/1635/1687 371/1639/1691 1781/1638/1690
f 1779/1636/1688 1778/1634/1686 1782/1640/1692
f 1781/1638/1690 1782/1640/1692 1778/1634/1686
f 1780/1637/1689 1779/1636/1688 1783/1641/1693
f 1783/1641/1693 1784/1642/1694 1780/1637/1689
f 1785/1643/1695 1779/1636/1688 1782/1640/1692
f 1779/1636/1688 1785/1643/1695 1783/1641/1693
f 1784/1642/1694 1783/1641/1693 110/1644/1696
f 1785/1643/1695 110/1644/1696 1783/1641/1693
f 1784/1642/1694 110/1644/1696 111/1645/1697
f 1786/1646/1698 1785/1643/1695 1782/1640/1692
f 1782/1640/1692 1781/1638/1690 1786/1646/1698
f 110/1644/1696 1785/1643/1695 1787/1647/1699
f 1785/1643/1695 1786/1646/1698 1787/1647/1699
f 1788/1648/1700 110/1644/1696 1787/1647/1699
f 1787/1647/1699 1786/1646/1698 1788/1648/1700
f 1789/1649/1701 1786/1646/1698 1781/1638/1690
f 371/1639/1691 1789/1649/1701 1781/1638/1690
f 1789/1649/1701 371/1639/1691 370/1650/1702
f 1786/1646/1698 1789/1649/1701 1790/1651/1703
f 1786/1646/1698 1790/1651/1703 1788/1648/1700
f 370/1650/1702 1791/1652/1704 1789/1649/1701
f 1791/1652/1704 1790/1651/1703 1789/1649/1701
f 1791/1652/1704 370/1650/1702 367/1653/1705
f 1788/1648/1700 1790/1651/1703 112/1654/1706
f 1791/1652/1704 367/1653/1705 1792/1655/1707
f 1792/1655/1707 367/1653/1705 364/1656/1708
f 1790/1651/1703 1791/1652/1704 1793/1657/1709
f 1792/1655/1707 1793/1657/1709 1791/1652/1704
f 1793/1657/1709 112/1654/1706 1790/1651/1703
f 364/1656/1708 1794/1658/1710 1792/1655/1707
f 364/1656/1708 360/1659/1711 1794/1658/1710
f 1793/1657/1709 1792/1655/1707 1795/1660/1712
f 1794/1658/1710 1795/1660/1712 1792/1655/1707
f 112/1654/1706 1793/1657/1709 113/1661/1713
f 1795/1660/1712 113/1661/1713 1793/1657/1709
f 114/1662/1714 1788/1648/1700 112/1654/1706
f 114/1662/1714 112/1654/1706 113/1661/1713
f 110/1644/1696 1788/1648/1700 114/1662/1714
f 111/1645/1697 110/1644/1696 114/1662/1714
f 113/1661/1713 1795/1660/1712 115/1663/1715
f 115/1663/1715 114/1662/1714 113/1661/1713
f 1795/1660/1712 1794/1658/1710 1796/1664/1716
f 1796/1664/1716 115/1663/1715 1795/1660/1712
f 360/1659/1711 1797/1665/1717 1794/1658/1710
f 1797/1665/1717 1796/1664/1716 1794/1658/1710
f 360/1659/1711 356/1666/1718 1797/1665/1717
f 115/1663/1715 1796/1664/1716 116/1667/1719
f 1798/1668/1720 1797/1665/1717 356/1666/1718
f 1798/1668/1720 356/1666/1718 351/1669/1721
f 1796/1664/1716 1797/1665/1717 1799/1670/1722
f 1797/1665/1717 1798/1668/1720 1799/1670/1722
f 1799/1670/1722 116/1667/1719 1796/1664/1716
f 1798/1668/1720 351/1669/1721 348/1671/1723
f 116/1667/1719 1799/1670/1722 117/1672/1724
f 1799/1670/1722 1798/1668/1720 1800/1673/1725
f 1800/1673/1725 117/1672/1724 1799/1670/1722
f 1798/1668/1720 348/1671/1723 1801/1674/1726
f 348/1671/1723 345/1675/1727 1801/1674/1726
f 1798/1668/1720 118/1676/1728 1800/1673/1725
f 118/1676/1728 1798/1668/1720 1801/1674/1726
f 1800/1673/1725 118/1676/1728 117/1672/1724
f 345/1675/1727 1802/1677/1729 1801/1674/1726
f 1802/1677/1729 345/1675/1727 343/1678/1730
f 1801/1674/1726 1803/1679/1731 118/1676/1728
f 1803/1679/1731 1801/1674/1726 1802/1677/1729
f 343/1678/1730 1804/1680/1732 1802/1677/1729
f 1804/1680/1732 1803/1679/1731 1802/1677/1729
f 1804/1680/1732 343/1678/1730 340/1681/1733
f 341/1682/1734 1804/1680/1732 340/1681/1733
f 1804/1680/1732 341/1682/1734 1805/1683/1735
f 1805/1683/1735 119/1684/1736 1804/1680/1732
f 1803/1679/1731 1804/1680/1732 119/1684/1736
f 119/1684/1736 1805/1683/1735 120/1685/1737
f 121/1686/1738 119/1684/1736 120/1685/1737
f 119/1684/1736 121/1686/1738 122/1687/1739
f 119/1684/1736 122/1687/1739 1803/1679/1731
f 122/1687/1739 121/1686/1738 123/1688/1740
f 124/1689/1741 118/1676/1728 1803/1679/1731
f 1803/1679/1731 122/1687/1739 124/1689/1741
f 118/1676/1728 124/1689/1741 117/1672/1724
f 123/1688/1740 125/1690/1742 122/1687/1739
f 125/1690/1742 124/1689/1741 122/1687/1739
f 111/1645/1697 125/1690/1742 123/1688/1740
f 124/1689/1741 126/1691/1743 117/1672/1724
f 126/1691/1743 124/1689/1741 125/1690/1742
f 111/1645/1697 126/1691/1743 125/1690/1742
f 126/1691/1743 116/1667/1719 117/1672/1724
f 111/1645/1697 114/1662/1714 126/1691/1743
f 116/1667/1719 126/1691/1743 115/1663/1715
f 115/1663/1715 126/1691/1743 114/1662/1714
f 1806/1692/1744 381/1629/1745 1776/1631/1746
f 381/1629/1745 1806/1692/1744 1217/1693/1747
f 1777/1633/1748 1806/1692/1744 1776/1631/1746
f 1807/1694/1749 1217/1693/1747 1806/1692/1744
f 1217/1693/1747 1807/1694/1749 1214/1695/1750
f 1777/1633/1748 1808/1696/1751 1806/1692/1744
f 1807/1694/1749 1806/1692/1744 1808/1696/1751
f 1780/1637/1752 1808/1696/1751 1777/1633/1748
f 1807/1694/1749 1809/1697/1753 1214/1695/1750
f 1809/1697/1753 1211/1698/1754 1214/1695/1750
f 1808/1696/1751 1810/1699/1755 1807/1694/1749
f 1809/1697/1753 1807/1694/1749 1810/1699/1755
f 1808/1696/1751 1780/1637/1752 1811/1700/1756
f 1784/1642/1757 1811/1700/1756 1780/1637/1752
f 1808/1696/1751 1812/1701/1758 1810/1699/1755
f 1812/1701/1758 1808/1696/1751 1811/1700/1756
f 127/1702/1759 1811/1700/1756 1784/1642/1757
f 1812/1701/1758 1811/1700/1756 127/1702/1759
f 1784/1642/1757 111/1645/1760 127/1702/1759
f 1812/1701/1758 1813/1703/1761 1810/1699/1755
f 1809/1697/1753 1810/1699/1755 1813/1703/1761
f 127/1702/1759 1814/1704/1762 1812/1701/1758
f 1813/1703/1761 1812/1701/1758 1814/1704/1762
f 1809/1697/1753 1815/1705/1763 1211/1698/1754
f 1815/1705/1763 1809/1697/1753 1813/1703/1761
f 1815/1705/1763 1210/1706/1764 1211/1698/1754
f 1814/1704/1762 1816/1707/1765 1813/1703/1761
f 1816/1707/1765 1814/1704/1762 127/1702/1759
f 1815/1705/1763 1813/1703/1761 1817/1708/1766
f 1813/1703/1761 1816/1707/1765 1817/1708/1766
f 1815/1705/1763 1818/1709/1767 1210/1706/1764
f 1818/1709/1767 1815/1705/1763 1817/1708/1766
f 1818/1709/1767 1207/1710/1768 1210/1706/1764
f 1817/1708/1766 1816/1707/1765 128/1711/1769
f 1818/1709/1767 1819/1712/1770 1207/1710/1768
f 1819/1712/1770 1203/1713/1771 1207/1710/1768
f 1818/1709/1767 1817/1708/1766 1820/1714/1772
f 1819/1712/1770 1818/1709/1767 1820/1714/1772
f 1817/1708/1766 128/1711/1769 1820/1714/1772
f 1819/1712/1770 1821/1715/1773 1203/1713/1771
f 1821/1715/1773 1200/1716/1774 1203/1713/1771
f 1819/1712/1770 1820/1714/1772 1822/1717/1775
f 1821/1715/1773 1819/1712/1770 1822/1717/1775
f 1820/1714/1772 128/1711/1769 129/1718/1776
f 1820/1714/1772 129/1718/1776 1822/1717/1775
f 130/1719/1777 128/1711/1769 1816/1707/1765
f 130/1719/1777 129/1718/1776 128/1711/1769
f 127/1702/1759 130/1719/1777 1816/1707/1765
f 111/1645/1760 130/1719/1777 127/1702/1759
f 1822/1717/1775 129/1718/1776 131/1720/1778
f 130/1719/1777 131/1720/1778 129/1718/1776
f 1821/1715/1773 1822/1717/1775 1823/1721/1779
f 1822/1717/1775 131/1720/1778 1823/1721/1779
f 1200/1716/1774 1821/1715/1773 1824/1722/1780
f 1823/1721/1779 1824/1722/1780 1821/1715/1773
f 1824/1722/1780 1196/1723/1781 1200/1716/1774
f 1823/1721/1779 131/1720/1778 132/1724/1782
f 1825/1725/1783 1196/1723/1781 1824/1722/1780
f 1825/1725/1783 1191/1726/1784 1196/1723/1781
f 1824/1722/1780 1823/1721/1779 1826/1727/1785
f 1826/1727/1785 1825/1725/1783 1824/1722/1780
f 1823/1721/1779 132/1724/1782 1826/1727/1785
f 1825/1725/1783 1188/1728/1786 1191/1726/1784
f 132/1724/1782 131/1720/1778 133/1729/1787
f 130/1719/1777 133/1729/1787 131/1720/1778
f 111/1645/1760 133/1729/1787 130/1719/1777
f 1826/1727/1785 132/1724/1782 134/1730/1788
f 133/1729/1787 134/1730/1788 132/1724/1782
f 1826/1727/1785 1827/1731/1789 1825/1725/1783
f 1826/1727/1785 134/1730/1788 1827/1731/1789
f 111/1645/1760 135/1732/1790 133/1729/1787
f 111/1645/1760 123/1688/1791 135/1732/1790
f 133/1729/1787 136/1733/1792 134/1730/1788
f 136/1733/1792 133/1729/1787 135/1732/1790
f 1827/1731/1789 134/1730/1788 137/1734/1793
f 136/1733/1792 137/1734/1793 134/1730/1788
f 137/1734/1793 1825/1725/1783 1827/1731/1789
f 123/1688/1791 138/1735/1794 135/1732/1790
f 135/1732/1790 138/1735/1794 136/1733/1792
f 138/1735/1794 123/1688/1791 121/1686/1795
f 137/1734/1793 136/1733/1792 1828/1736/1796
f 1828/1736/1796 136/1733/1792 138/1735/1794
f 1825/1725/1783 137/1734/1793 1829/1737/1797
f 1828/1736/1796 1829/1737/1797 137/1734/1793
f 1825/1725/1783 1829/1737/1797 1188/1728/1786
f 1188/1728/1786 1829/1737/1797 1185/1738/1798
f 1830/1739/1799 1185/1738/1798 1829/1737/1797
f 1829/1737/1797 1828/1736/1796 1830/1739/1799
f 1185/1738/1798 1830/1739/1799 1183/1740/1800
f 1831/1741/1801 1183/1740/1800 1830/1739/1799
f 1831/1741/1801 1830/1739/1799 1828/1736/1796
f 1183/1740/1800 1831/1741/1801 1181/1742/1802
f 341/1682/1803 1181/1742/1802 1831/1741/1801
f 341/1682/1803 1831/1741/1801 1805/1683/1804
f 1831/1741/1801 1828/1736/1796 139/1743/1805
f 1805/1683/1804 1831/1741/1801 139/1743/1805
f 139/1743/1805 1828/1736/1796 138/1735/1794
f 121/1686/1795 139/1743/1805 138/1735/1794
f 1805/1683/1804 139/1743/1805 120/1685/1806
f 139/1743/1805 121/1686/1795 120/1685/1806
f 61/1744/1807 3/1745/1808 140/1746/1809
f 140/1746/1809 63/1747/1810 61/1744/1807
f 141/1748/1811 140/1746/1809 3/1745/1808
f 63/1747/1810 140/1746/1809 142/1749/1812
f 63/1747/1810 142/1749/1812 1039/1750/1813
f 141/1748/1811 143/1751/1814 140/1746/1809
f 143/1751/1814 141/1748/1811 144/1752/1815
f 145/1753/1816 143/1751/1814 144/1752/1815
f 146/1754/1817 142/1749/1812 140/1746/1809
f 143/1751/1814 146/1754/1817 140/1746/1809
f 147/1755/1818 1039/1750/1813 142/1749/1812
f 146/1754/1817 147/1755/1818 142/1749/1812
f 1039/1750/1813 147/1755/1818 1040/1756/1819
f 143/1751/1814 145/1753/1816 148/1757/1820
f 148/1757/1820 146/1754/1817 143/1751/1814
f 145/1753/1816 149/1758/1821 148/1757/1820
f 149/1758/1821 145/1753/1816 150/1759/1822
f 146/1754/1817 148/1757/1820 151/1760/1823
f 149/1758/1821 151/1760/1823 148/1757/1820
f 1832/1761/1824 149/1758/1821 150/1759/1822
f 152/1762/1825 146/1754/1817 151/1760/1823
f 149/1758/1821 153/1763/1826 151/1760/1823
f 151/1760/1823 153/1763/1826 152/1762/1825
f 153/1763/1826 149/1758/1821 1832/1761/1824
f 146/1754/1817 152/1762/1825 154/1764/1827
f 154/1764/1827 147/1755/1818 146/1754/1817
f 153/1763/1826 155/1765/1828 152/1762/1825
f 155/1765/1828 154/1764/1827 152/1762/1825
f 154/1764/1827 156/1766/1829 147/1755/1818
f 156/1766/1829 1040/1756/1819 147/1755/1818
f 156/1766/1829 1042/1767/1830 1040/1756/1819
f 154/1764/1827 155/1765/1828 157/1768/1831
f 156/1766/1829 154/1764/1827 157/1768/1831
f 158/1769/1832 1042/1767/1830 156/1766/1829
f 158/1769/1832 156/1766/1829 157/1768/1831
f 158/1769/1832 1045/1770/1833 1042/1767/1830
f 159/1771/1834 1045/1770/1833 158/1769/1832
f 157/1768/1831 159/1771/1834 158/1769/1832
f 159/1771/1834 1053/1772/1835 1045/1770/1833
f 157/1768/1831 155/1765/1828 160/1773/1836
f 153/1763/1826 160/1773/1836 155/1765/1828
f 161/1774/1837 1053/1772/1835 159/1771/1834
f 161/1774/1837 1056/1775/1838 1053/1772/1835
f 162/1776/1839 159/1771/1834 157/1768/1831
f 159/1771/1834 162/1776/1839 161/1774/1837
f 162/1776/1839 157/1768/1831 160/1773/1836
f 163/1777/1840 1056/1775/1838 161/1774/1837
f 162/1776/1839 163/1777/1840 161/1774/1837
f 1056/1775/1838 163/1777/1840 1062/1778/1841
f 163/1777/1840 1065/1779/1842 1062/1778/1841
f 164/1780/1843 163/1777/1840 162/1776/1839
f 165/1781/1844 1065/1779/1842 163/1777/1840
f 165/1781/1844 163/1777/1840 164/1780/1843
f 1068/1782/1845 1065/1779/1842 165/1781/1844
f 165/1781/1844 1072/1783/1846 1068/1782/1845
f 162/1776/1839 166/1784/1847 164/1780/1843
f 166/1784/1847 162/1776/1839 160/1773/1836
f 167/1785/1848 165/1781/1844 164/1780/1843
f 167/1785/1848 164/1780/1843 166/1784/1847
f 1072/1783/1846 165/1781/1844 168/1786/1849
f 167/1785/1848 168/1786/1849 165/1781/1844
f 168/1786/1849 1073/1787/1850 1072/1783/1846
f 168/1786/1849 1076/1788/1851 1073/1787/1850
f 169/1789/1852 166/1784/1847 160/1773/1836
f 153/1763/1826 169/1789/1852 160/1773/1836
f 153/1763/1826 1832/1761/1824 169/1789/1852
f 169/1789/1852 170/1790/1853 166/1784/1847
f 170/1790/1853 167/1785/1848 166/1784/1847
f 169/1789/1852 171/1791/1854 170/1790/1853
f 1832/1761/1824 171/1791/1854 169/1789/1852
f 172/1792/1855 167/1785/1848 170/1790/1853
f 171/1791/1854 172/1792/1855 170/1790/1853
f 168/1786/1849 167/1785/1848 173/1793/1856
f 172/1792/1855 173/1793/1856 167/1785/1848
f 174/1794/1857 168/1786/1849 173/1793/1856
f 174/1794/1857 173/1793/1856 172/1792/1855
f 175/1795/1858 1076/1788/1851 168/1786/1849
f 168/1786/1849 174/1794/1857 175/1795/1858
f 175/1795/1858 1081/1796/1859 1076/1788/1851
f 1081/1796/1859 175/1795/1858 1084/1797/1860
f 176/1798/1861 1084/1797/1860 175/1795/1858
f 175/1795/1858 174/1794/1857 176/1798/1861
f 1084/1797/1860 176/1798/1861 1088/1799/1862
f 177/1800/1863 1088/1799/1862 176/1798/1861
f 1088/1799/1862 177/1800/1863 1091/1801/1864
f 176/1798/1861 174/1794/1857 178/1802/1865
f 176/1798/1861 178/1802/1865 177/1800/1863
f 177/1800/1863 179/1803/1866 1091/1801/1864
f 179/1803/1866 1094/1804/1867 1091/1801/1864
f 180/1805/1868 179/1803/1866 177/1800/1863
f 177/1800/1863 178/1802/1865 180/1805/1868
f 1094/1804/1867 179/1803/1866 181/1806/1869
f 180/1805/1868 181/1806/1869 179/1803/1866
f 181/1806/1869 1097/1807/1870 1094/1804/1867
f 1097/1807/1870 181/1806/1869 182/1808/1871
f 182/1808/1871 70/1809/1872 1097/1807/1870
f 183/1810/1873 181/1806/1869 180/1805/1868
f 181/1806/1869 183/1810/1873 182/1808/1871
f 70/1809/1872 182/1808/1871 184/1811/1874
f 182/1808/1871 183/1810/1873 184/1811/1874
f 184/1811/1874 93/1812/1875 70/1809/1872
f 185/1813/1876 183/1810/1873 180/1805/1868
f 178/1802/1865 185/1813/1876 180/1805/1868
f 93/1812/1875 184/1811/1874 186/1814/1877
f 186/1814/1877 92/1815/1878 93/1812/1875
f 184/1811/1874 183/1810/1873 187/1816/1879
f 184/1811/1874 187/1816/1879 186/1814/1877
f 92/1815/1878 186/1814/1877 188/1817/1880
f 188/1817/1880 39/1818/1881 92/1815/1878
f 39/1818/1881 188/1817/1880 189/1819/1882
f 186/1814/1877 190/1820/1883 188/1817/1880
f 190/1820/1883 189/1819/1882 188/1817/1880
f 190/1820/1883 186/1814/1877 187/1816/1879
f 189/1819/1882 190/1820/1883 191/1821/1884
f 191/1821/1884 190/1820/1883 192/1822/1885
f 190/1820/1883 193/1823/1886 192/1822/1885
f 187/1816/1879 193/1823/1886 190/1820/1883
f 194/1824/1887 192/1822/1885 193/1823/1886
f 193/1823/1886 187/1816/1879 195/1825/1888
f 183/1810/1873 195/1825/1888 187/1816/1879
f 196/1826/1889 194/1824/1887 193/1823/1886
f 196/1826/1889 193/1823/1886 195/1825/1888
f 196/1826/1889 1832/1761/1824 194/1824/1887
f 195/1825/1888 183/1810/1873 197/1827/1890
f 183/1810/1873 185/1813/1876 197/1827/1890
f 195/1825/1888 198/1828/1891 196/1826/1889
f 198/1828/1891 195/1825/1888 197/1827/1890
f 198/1828/1891 1832/1761/1824 196/1826/1889
f 198/1828/1891 197/1827/1890 185/1813/1876
f 198/1828/1891 199/1829/1892 1832/1761/1824
f 199/1829/1892 171/1791/1854 1832/1761/1824
f 171/1791/1854 199/1829/1892 172/1792/1855
f 200/1830/1893 198/1828/1891 185/1813/1876
f 199/1829/1892 198/1828/1891 200/1830/1893
f 185/1813/1876 178/1802/1865 200/1830/1893
f 201/1831/1894 172/1792/1855 199/1829/1892
f 199/1829/1892 200/1830/1893 201/1831/1894
f 201/1831/1894 200/1830/1893 178/1802/1865
f 172/1792/1855 201/1831/1894 174/1794/1857
f 178/1802/1865 174/1794/1857 201/1831/1894
f 202/1832/1895 3/1745/1896 2/1833/1897
f 6/1834/1898 202/1832/1895 2/1833/1897
f 202/1832/1895 141/1748/1899 3/1745/1896
f 202/1832/1895 6/1834/1898 203/1835/1900
f 6/1834/1898 259/1836/1901 203/1835/1900
f 204/1837/1902 141/1748/1899 202/1832/1895
f 141/1748/1899 204/1837/1902 144/1752/1903
f 204/1837/1902 145/1753/1904 144/1752/1903
f 259/1836/1901 205/1838/1905 203/1835/1900
f 205/1838/1905 259/1836/1901 260/1839/1906
f 206/1840/1907 202/1832/1895 203/1835/1900
f 202/1832/1895 206/1840/1907 204/1837/1902
f 206/1840/1907 203/1835/1900 205/1838/1905
f 145/1753/1904 204/1837/1902 207/1841/1908
f 206/1840/1907 207/1841/1908 204/1837/1902
f 208/1842/1909 145/1753/1904 207/1841/1908
f 145/1753/1904 208/1842/1909 150/1759/1910
f 207/1841/1908 206/1840/1907 209/1843/1911
f 208/1842/1909 207/1841/1908 209/1843/1911
f 1832/1761/1912 150/1759/1910 208/1842/1909
f 209/1843/1911 206/1840/1907 210/1844/1913
f 208/1842/1909 209/1843/1911 211/1845/1914
f 209/1843/1911 210/1844/1913 211/1845/1914
f 211/1845/1914 1832/1761/1912 208/1842/1909
f 206/1840/1907 212/1846/1915 210/1844/1913
f 206/1840/1907 205/1838/1905 212/1846/1915
f 211/1845/1914 210/1844/1913 213/1847/1916
f 212/1846/1915 213/1847/1916 210/1844/1913
f 212/1846/1915 205/1838/1905 214/1848/1917
f 205/1838/1905 260/1839/1906 214/1848/1917
f 262/1849/1918 214/1848/1917 260/1839/1906
f 213/1847/1916 212/1846/1915 215/1850/1919
f 214/1848/1917 215/1850/1919 212/1846/1915
f 214/1848/1917 262/1849/1918 216/1851/1920
f 216/1851/1920 215/1850/1919 214/1848/1917
f 265/1852/1921 216/1851/1920 262/1849/1918
f 216/1851/1920 265/1852/1921 217/1853/1922
f 215/1850/1919 216/1851/1920 217/1853/1922
f 727/1854/1923 217/1853/1922 265/1852/1921
f 215/1850/1919 218/1855/1924 213/1847/1916
f 213/1847/1916 218/1855/1924 211/1845/1914
f 217/1853/1922 727/1854/1923 219/1856/1925
f 731/1857/1926 219/1856/1925 727/1854/1923
f 217/1853/1922 220/1858/1927 215/1850/1919
f 217/1853/1922 219/1856/1925 220/1858/1927
f 218/1855/1924 215/1850/1919 220/1858/1927
f 731/1857/1926 221/1859/1928 219/1856/1925
f 220/1858/1927 219/1856/1925 221/1859/1928
f 221/1859/1928 731/1857/1926 734/1860/1929
f 737/1861/1930 221/1859/1928 734/1860/1929
f 220/1858/1927 222/1862/1931 218/1855/1924
f 221/1859/1928 737/1861/1930 223/1863/1932
f 740/1864/1933 223/1863/1932 737/1861/1930
f 221/1859/1928 224/1865/1934 220/1858/1927
f 223/1863/1932 224/1865/1934 221/1859/1928
f 222/1862/1931 220/1858/1927 224/1865/1934
f 744/1866/1935 223/1863/1932 740/1864/1933
f 225/1867/1936 222/1862/1931 224/1865/1934
f 224/1865/1934 223/1863/1932 225/1867/1936
f 223/1863/1932 744/1866/1935 226/1868/1937
f 226/1868/1937 225/1867/1936 223/1863/1932
f 226/1868/1937 744/1866/1935 745/1869/1938
f 226/1868/1937 745/1869/1938 748/1870/1939
f 222/1862/1931 225/1867/1936 227/1871/1940
f 226/1868/1937 748/1870/1939 228/1872/1941
f 228/1872/1941 748/1870/1939 753/1873/1942
f 228/1872/1941 753/1873/1942 756/1874/1943
f 225/1867/1936 226/1868/1937 229/1875/1944
f 228/1872/1941 756/1874/1943 230/1876/1945
f 230/1876/1945 756/1874/1943 760/1877/1946
f 231/1878/1947 226/1868/1937 228/1872/1941
f 228/1872/1941 230/1876/1945 231/1878/1947
f 226/1868/1937 231/1878/1947 229/1875/1944
f 230/1876/1945 760/1877/1946 232/1879/1948
f 760/1877/1946 763/1880/1949 232/1879/1948
f 233/1881/1950 225/1867/1936 229/1875/1944
f 231/1878/1947 233/1881/1950 229/1875/1944
f 225/1867/1936 233/1881/1950 227/1871/1940
f 231/1878/1947 230/1876/1945 234/1882/1951
f 232/1879/1948 234/1882/1951 230/1876/1945
f 233/1881/1950 231/1878/1947 235/1883/1952
f 234/1882/1951 235/1883/1952 231/1878/1947
f 232/1879/1948 763/1880/1949 236/1884/1953
f 766/1885/1954 236/1884/1953 763/1880/1949
f 232/1879/1948 237/1886/1955 234/1882/1951
f 237/1886/1955 232/1879/1948 236/1884/1953
f 236/1884/1953 766/1885/1954 238/1887/1956
f 237/1886/1955 236/1884/1953 238/1887/1956
f 769/1888/1957 238/1887/1956 766/1885/1954
f 234/1882/1951 237/1886/1955 239/1889/1958
f 238/1887/1956 769/1888/1957 240/1890/1959
f 19/1891/1960 240/1890/1959 769/1888/1957
f 238/1887/1956 241/1892/1961 237/1886/1955
f 241/1892/1961 238/1887/1956 240/1890/1959
f 239/1889/1958 237/1886/1955 241/1892/1961
f 240/1890/1959 19/1891/1960 242/1893/1962
f 240/1890/1959 242/1893/1962 241/1892/1961
f 34/1894/1963 242/1893/1962 19/1891/1960
f 239/1889/1958 243/1895/1964 234/1882/1951
f 235/1883/1952 234/1882/1951 243/1895/1964
f 242/1893/1962 34/1894/1963 244/1896/1965
f 38/1897/1966 244/1896/1965 34/1894/1963
f 245/1898/1967 235/1883/1952 243/1895/1964
f 245/1898/1967 233/1881/1950 235/1883/1952
f 244/1896/1965 38/1897/1966 246/1899/1968
f 39/1818/1969 246/1899/1968 38/1897/1966
f 246/1899/1968 39/1818/1969 189/1819/1970
f 189/1819/1970 247/1900/1971 246/1899/1968
f 247/1900/1971 244/1896/1965 246/1899/1968
f 247/1900/1971 189/1819/1970 191/1821/1972
f 191/1821/1972 192/1822/1973 247/1900/1971
f 244/1896/1965 248/1901/1974 242/1893/1962
f 244/1896/1965 247/1900/1971 248/1901/1974
f 241/1892/1961 242/1893/1962 248/1901/1974
f 247/1900/1971 192/1822/1973 249/1902/1975
f 249/1902/1975 248/1901/1974 247/1900/1971
f 194/1824/1976 249/1902/1975 192/1822/1973
f 241/1892/1961 248/1901/1974 250/1903/1977
f 248/1901/1974 249/1902/1975 250/1903/1977
f 249/1902/1975 194/1824/1976 251/1904/1978
f 251/1904/1978 250/1903/1977 249/1902/1975
f 251/1904/1978 194/1824/1976 1832/1761/1912
f 252/1905/1979 241/1892/1961 250/1903/1977
f 239/1889/1958 241/1892/1961 252/1905/1979
f 253/1906/1980 250/1903/1977 251/1904/1978
f 250/1903/1977 253/1906/1980 252/1905/1979
f 253/1906/1980 239/1889/1958 252/1905/1979
f 253/1906/1980 251/1904/1978 1832/1761/1912
f 239/1889/1958 253/1906/1980 243/1895/1964
f 253/1906/1980 245/1898/1967 243/1895/1964
f 253/1906/1980 1832/1761/1912 245/1898/1967
f 245/1898/1967 1832/1761/1912 254/1907/1981
f 245/1898/1967 254/1907/1981 233/1881/1950
f 254/1907/1981 227/1871/1940 233/1881/1950
f 1832/1761/1912 255/1908/1982 254/1907/1981
f 254/1907/1981 255/1908/1982 227/1871/1940
f 211/1845/1914 255/1908/1982 1832/1761/1912
f 227/1871/1940 255/1908/1982 222/1862/1931
f 255/1908/1982 211/1845/1914 218/1855/1924
f 255/1908/1982 218/1855/1924 222/1862/1931
f 1833/1909/1983 1873/1910/1984 1874/1911/1985
f 1834/1912/1986 1833/1909/1983 1874/1911/1985
f 1873/1910/1984 1833/1909/1983 1835/1913/1987
f 1833/1909/1983 1834/1912/1986 1836/1914/1988
f 1837/1915/1989 1873/1910/1984 1835/1913/1987
f 1873/1910/1984 1837/1915/1989 1838/1916/1990
f 1838/1916/1990 1837/1915/1989 1839/1917/1991
f 1835/1913/1987 1833/1909/1983 1840/1918/1992
f 1836/1914/1988 1840/1918/1992 1833/1909/1983
f 1835/1913/1987 1841/1919/1993 1837/1915/1989
f 1835/1913/1987 1840/1918/1992 1842/1920/1994
f 1841/1919/1993 1835/1913/1987 1842/1920/1994
f 1837/1915/1989 1843/1921/1995 1839/1917/1991
f 1837/1915/1989 1841/1919/1993 1843/1921/1995
f 1844/1922/1996 1842/1920/1994 1840/1918/1992
f 1844/1922/1996 1841/1919/1993 1842/1920/1994
f 1840/1918/1992 1836/1914/1988 1845/1923/1997
f 1844/1922/1996 1840/1918/1992 1845/1923/1997
f 1836/1914/1988 1846/1924/1998 1845/1923/1997
f 1844/1922/1996 1845/1923/1997 1846/1924/1998
f 1836/1914/1988 1847/1925/1999 1846/1924/1998
f 1834/1912/1986 1847/1925/1999 1836/1914/1988
f 1847/1925/1999 1834/1912/1986 1848/1926/2000
f 1849/1927/2001 1847/1925/1999 1848/1926/2000
f 1850/1928/2002 1846/1924/1998 1847/1925/1999
f 1844/1922/1996 1846/1924/1998 1850/1928/2002
f 1847/1925/1999 1849/1927/2001 1851/1929/2003
f 1851/1929/2003 1850/1928/2002 1847/1925/1999
f 1849/1927/2001 1852/1930/2004 1851/1929/2003
f 1852/1930/2004 1849/1927/2001 1853/1931/2005
f 1839/1917/1991 1852/1930/2004 1853/1931/2005
f 1852/1930/2004 1839/1917/1991 1843/1921/1995
f 1851/1929/2003 1854/1932/2006 1850/1928/2002
f 1851/1929/2003 1852/1930/2004 1854/1932/2006
f 1844/1922/1996 1850/1928/2002 1854/1932/2006
f 1843/1921/1995 1854/1932/2006 1852/1930/2004
f 1844/1922/1996 1854/1932/2006 1855/1933/2007
f 1854/1932/2006 1843/1921/1995 1855/1933/2007
f 1844/1922/1996 1855/1933/2007 1841/1919/1993
f 1841/1919/1993 1855/1933/2007 1843/1921/1995
f 1873/1910/2008 1856/1934/2009 1874/1911/2010
f 1874/1911/2010 1856/1934/2009 1834/1912/2011
f 1856/1934/2009 1873/1910/2008 1857/1935/2012
f 1856/1934/2009 1858/1936/2013 1834/1912/2011
f 1859/1937/2014 1857/1935/2012 1873/1910/2008
f 1838/1916/2015 1859/1937/2014 1873/1910/2008
f 1839/1917/2016 1859/1937/2014 1838/1916/2015
f 1857/1935/2012 1860/1938/2017 1856/1934/2009
f 1858/1936/2013 1856/1934/2009 1860/1938/2017
f 1861/1939/2018 1857/1935/2012 1859/1937/2014
f 1860/1938/2017 1857/1935/2012 1862/1940/2019
f 1857/1935/2012 1861/1939/2018 1862/1940/2019
f 1859/1937/2014 1839/1917/2016 1863/1941/2020
f 1863/1941/2020 1861/1939/2018 1859/1937/2014
f 1864/1942/2021 1860/1938/2017 1862/1940/2019
f 1864/1942/2021 1862/1940/2019 1861/1939/2018
f 1858/1936/2013 1860/1938/2017 1865/1943/2022
f 1864/1942/2021 1865/1943/2022 1860/1938/2017
f 1866/1944/2023 1858/1936/2013 1865/1943/2022
f 1864/1942/2021 1866/1944/2023 1865/1943/2022
f 1858/1936/2013 1866/1944/2023 1867/1945/2024
f 1867/1945/2024 1834/1912/2011 1858/1936/2013
f 1834/1912/2011 1867/1945/2024 1848/1926/2025
f 1848/1926/2025 1867/1945/2024 1849/1927/2026
f 1868/1946/2027 1867/1945/2024 1866/1944/2023
f 1864/1942/2021 1868/1946/2027 1866/1944/2023
f 1867/1945/2024 1869/1947/2028 1849/1927/2026
f 1867/1945/2024 1868/1946/2027 1869/1947/2028
f 1870/1948/2029 1849/1927/2026 1869/1947/2028
f 1849/1927/2026 1870/1948/2029 1853/1931/2030
f 1870/1948/2029 1839/1917/2016 1853/1931/2030
f 1839/1917/2016 1870/1948/2029 1863/1941/2020
f 1871/1949/2031 1869/1947/2028 1868/1946/2027
f 1869/1947/2028 1871/1949/2031 1870/1948/2029
f 1864/1942/2021 1871/1949/2031 1868/1946/2027
f 1870/1948/2029 1871/1949/2031 1863/1941/2020
f 1864/1942/2021 1872/1950/2032 1871/1949/2031
f 1863/1941/2020 1871/1949/2031 1872/1950/2032
f 1864/1942/2021 1861/1939/2018 1872/1950/2032
f 1861/1939/2018 1863/1941/2020 1872/1950/2032
