# Blender v3.3.21 OBJ File: 'URDF3.blend'
# www.blender.org
v -24.845764 -0.302045 -1.591339
v -25.054489 1.070879 -1.325714
v -24.460968 -0.353849 -1.639999
v -24.239075 1.316879 -1.168579
v -25.013168 1.823175 -0.589676
v -24.248169 -0.346733 -1.896210
v -24.116310 2.114841 -0.237976
v -24.791870 2.266157 0.457413
v -24.059944 1.556057 -1.426575
v -24.037468 2.498448 0.761017
v -24.772636 2.315702 1.172729
v -23.918800 2.670861 -0.419113
v -5.488724 1.377071 -4.690094
v -4.589783 2.558254 -4.614075
v -4.880100 1.325671 -4.532745
v -4.221275 2.518414 -4.455750
v -4.739689 1.306999 -4.496887
v -3.627232 3.756227 -4.493622
v -3.450462 4.540596 -4.014404
v -3.474297 3.684113 -4.360962
v -4.112202 2.506790 -4.403549
v -3.279152 4.526772 -3.947281
v -3.438519 4.919971 -3.771225
v -23.747902 3.144691 0.767471
v -24.029076 2.504801 1.443008
v -24.874466 2.190510 2.134109
v -23.784409 3.104242 1.613617
v -24.142525 2.869804 2.549591
v -24.325180 2.317698 2.241684
v -25.237473 1.953171 3.036194
v -25.106529 1.995876 3.171021
v -26.173683 1.235925 3.894028
v -24.808434 2.471262 3.442184
v -26.096596 1.148843 3.999008
v -26.465782 0.832166 4.184052
v -26.096733 1.181941 4.460419
v -26.324997 0.768157 4.207626
v -26.617744 0.335447 4.331894
v -26.486374 0.306878 4.360489
v -26.573845 -1.154030 4.373825
v -26.337448 0.738412 4.646591
v -26.447830 0.214269 4.715073
v -26.422943 -1.161211 4.737732
v -26.326385 -1.731814 4.173889
v -26.283607 0.766007 4.687561
v -26.040054 1.217537 4.496552
v -26.131622 -2.081096 4.472946
v -25.859230 -2.143749 3.798126
v -25.217377 -2.510853 3.252747
v -5.389561 -0.020944 4.366547
v -5.061863 2.154743 4.040161
v -5.373142 0.828033 4.299896
v -4.344833 3.775434 3.546814
v -3.784050 4.654686 3.136932
v -4.724720 1.991291 3.935165
v -3.934158 3.637806 3.408279
v -3.562656 5.128359 2.811615
v -5.158215 0.813138 4.106659
v -3.389065 4.482325 3.054276
v -3.392395 5.614214 2.398727
v -3.002174 5.134205 2.724152
v -3.435726 4.171349 2.773224
v -3.513294 5.769285 2.158798
v -2.974758 4.877785 2.349121
v -3.120319 5.597507 2.257202
v -3.758343 6.005281 1.832855
v -3.205677 5.912830 1.938477
v -4.667950 6.277657 0.586243
v -4.468510 6.265316 0.962158
v -3.902493 6.135147 1.393311
v -3.566792 6.050386 1.605820
v -4.413261 6.114393 0.917755
v -3.849545 6.071270 1.307678
v -3.525967 5.995840 1.539032
v -4.531094 6.201475 0.566177
v -3.816692 5.686745 1.131058
v -4.642906 6.152664 -0.431152
v -4.526669 5.709339 0.553116
v -4.470203 5.572142 0.917267
v -5.129322 5.843904 -2.341980
v -4.572571 5.960167 -1.936081
v -4.898487 5.717087 -2.635666
v -4.472469 5.844530 -2.541626
v -4.465561 5.920002 -1.898560
v -3.561111 4.978031 -3.691772
v -4.398468 5.729851 -2.719223
v -4.374821 5.786901 -2.539886
v -4.537212 6.069212 -0.432098
v -4.391041 5.437004 -1.772003
v -4.533646 5.670691 -0.417084
v -3.732422 5.929869 0.584534
v -3.618969 5.931419 -0.512085
v -3.437683 5.672997 -1.889664
v -3.409451 5.924397 -0.514069
v -3.556030 5.899914 0.629242
v -4.294262 5.229509 -2.354446
v -3.550262 5.606264 1.328445
v -4.275272 5.699587 -2.654678
v -3.127583 5.516111 1.613297
v -3.417694 5.028643 -3.556641
v -3.167027 5.845339 1.872055
v -3.332348 4.886496 -3.656586
v -3.005676 5.601637 2.181290
v -3.012009 5.318760 1.873611
v -3.429321 5.077860 1.470779
v -3.586014 4.391197 2.063782
v -3.387131 5.356495 1.255966
v -3.717106 4.171881 1.779480
v -3.323406 5.628815 0.573273
v -3.405804 5.033138 1.123322
v -3.658531 3.981287 2.372879
v -3.185246 5.648870 -0.407181
v -3.874405 3.458567 3.041946
v -4.591637 1.792779 3.440323
v -3.829796 3.406120 2.666748
v -3.801548 3.695576 2.145874
v -5.061119 0.676013 3.644333
v -2.887260 3.961462 1.824463
v -4.497364 1.694737 3.063736
v -5.183914 -0.138629 4.028351
v -4.934269 0.541395 3.199280
v -5.415482 -1.104996 4.216309
v -5.190044 -0.087153 3.595764
v -5.090641 -2.383501 3.749512
v -5.048973 -0.118672 3.248917
v -3.624264 0.124310 3.320068
v -3.439407 1.374485 3.089920
v -2.833515 2.613544 2.864563
v -3.770382 -0.646830 3.464600
v -3.243031 -1.025146 3.571106
v -2.664680 3.134236 2.739639
v -1.960869 3.247829 2.752014
v -3.398808 -1.204816 3.570770
v -2.552105 -2.022445 3.785599
v -2.107605 3.423712 2.641464
v -0.906651 3.701519 2.681244
v -2.856308 3.292161 2.570206
v -0.902031 3.931332 2.506195
v -2.964844 3.582138 2.004150
v -2.158802 3.473532 2.398468
v -2.596462 3.363222 1.844467
v -2.779568 3.784840 1.585068
v -0.923645 3.949141 2.324722
v 0.328041 3.966902 2.431427
v 0.321407 3.796564 2.651932
v -0.830345 3.992149 1.716110
v 0.364506 4.026344 2.315720
v 1.603832 3.684151 2.573471
v 1.487663 3.493746 2.757233
v 2.541458 2.829223 2.858963
v 2.667305 2.917385 2.782562
v 1.601135 3.613741 2.376587
v 2.730919 2.951654 2.647934
v 2.837841 2.885171 1.914612
v 1.566250 3.678885 1.763306
v 2.596916 2.691323 1.570114
v 0.352936 3.973160 1.658691
v 1.417267 3.368748 1.339996
v 1.680862 3.683111 1.051025
v 2.857231 2.913774 1.204453
v 0.149937 3.577370 1.295303
v 2.894203 2.806484 0.806610
v -0.966663 3.495319 1.222794
v 0.405525 4.033276 1.000153
v -1.031712 3.980389 0.969025
v 1.643337 3.627037 0.617554
v 0.358635 3.955587 0.548477
v 1.814419 3.777267 0.382828
v 3.054733 2.946800 0.494659
v 3.086834 2.607650 -1.322601
v 0.383732 4.156841 0.310181
v 1.775356 3.471140 -1.493073
v 1.665466 3.309346 -1.526001
v 2.965878 2.429399 -1.353195
v 0.297295 3.914038 -1.553253
v -1.140213 3.878809 0.511292
v -1.283970 3.793930 -1.561844
v -2.376488 3.458996 1.026611
v -1.308472 4.071701 0.249878
v -2.463818 3.267691 0.555008
v -2.794746 3.832079 1.357956
v -2.583313 3.514576 0.374405
v -1.750553 4.480556 1.514923
v -2.837425 3.869598 1.299667
v -2.763103 4.468376 0.884399
v -1.827808 4.548355 1.430725
v -1.780056 4.689573 1.648880
v -2.046841 4.764307 1.594986
v -1.858429 4.759869 1.550690
v -2.126095 4.967707 0.989807
v -2.165489 5.202597 1.127289
v -2.320271 5.218491 1.123108
v -2.749500 4.708750 0.415787
v -2.145138 5.174528 0.557556
v -2.205486 5.499840 0.608887
v -2.319782 5.529821 0.615936
v -3.210930 5.351612 0.441147
v -3.235283 5.190434 -0.325958
v -2.201977 4.829708 -1.826691
v -2.026089 4.427786 -1.724182
v -2.119305 4.804333 -1.837341
v -3.042210 5.413168 -1.716705
v -3.138813 4.895504 -1.600922
v -3.263626 5.676521 -1.848770
v -2.954731 4.916204 -2.542648
v -3.168991 4.415325 -2.179474
v -3.340088 5.288458 -2.718872
v -3.191410 5.231432 -2.685333
v -4.205887 5.161839 -2.524170
v -3.327583 4.822638 -3.220566
v -3.371960 4.997452 -3.453781
v -3.227432 4.704576 -3.144989
v -3.257168 4.862793 -3.575394
v -3.198215 4.752718 -3.333572
v -3.181641 4.518892 -3.909058
v -3.120438 4.327927 -3.609756
v -3.401268 3.649673 -4.297607
v -3.364967 3.482679 -3.964828
v -3.317993 4.152634 -3.466812
v -3.175014 3.941631 -3.280640
v -3.705402 3.069674 -3.938568
v -3.990211 2.416983 -4.076828
v -4.645599 1.209729 -4.171326
v -4.175705 1.184344 -3.863190
v -3.529251 2.891052 -3.738846
v -3.721291 2.250154 -3.775391
v -4.015602 1.270217 -3.526199
v -3.637131 2.219656 -3.627029
v -2.917320 1.160452 -3.475403
v -3.248474 3.636547 -2.695801
v -3.595680 2.581537 -2.973267
v -2.688087 1.892691 -3.572357
v -1.970234 1.982874 -3.691345
v -2.825226 2.597268 -2.972626
v -2.082855 2.124636 -3.619385
v -2.586323 3.241409 -2.799820
v -0.867779 2.605353 -3.695541
v -0.834900 2.483510 -3.779999
v -2.173599 2.246481 -3.510895
v -2.779564 2.123451 -3.530258
v 0.415684 2.685732 -3.705795
v 0.405800 2.574170 -3.782196
v -0.773781 2.808259 -3.580933
v 1.571411 2.386237 -3.645874
v 1.602184 2.243320 -3.700623
v 2.610008 1.530849 -3.545135
v 2.728390 1.651362 -3.477966
v 1.645107 2.517136 -3.527924
v 2.820686 1.744987 -3.332962
v 0.457508 2.811593 -3.626724
v 1.710033 2.812494 -2.809860
v 2.951290 1.995224 -2.585938
v 2.688358 1.931365 -2.092911
v 0.509129 3.142280 -2.870789
v 1.493126 2.735014 -2.331116
v -0.819405 3.117875 -2.808884
v 0.250885 3.006486 -2.303268
v 1.691811 3.148316 -2.077362
v 2.983620 2.248177 -1.943710
v 0.395870 3.451841 -2.238388
v 0.243423 3.624657 -1.616669
v -1.021587 3.388266 -2.246185
v -1.265602 3.620470 -1.594238
v -1.121006 2.850182 -2.216919
v -2.163971 3.021203 -2.082031
v -2.339642 3.322182 -1.472321
v -2.268566 3.248121 -1.548294
v -2.712574 3.895166 -1.792755
v -2.587715 3.396673 -2.167618
v -1.928150 4.083628 -2.073273
v -1.694855 3.676399 -2.393661
v -1.988754 4.331881 -2.283859
v -2.072590 4.334175 -2.339935
v -1.720085 3.811024 -2.645493
v -1.818756 3.631094 -2.777466
v -1.567402 3.401138 -2.555527
v -1.613472 3.524263 -2.788483
v -2.530510 3.070987 -2.742676
v -2.454113 2.951768 -2.412506
v -2.720722 2.395988 -2.857376
v -2.279392 2.676213 -2.317017
v -2.217495 2.560877 -2.763260
v -3.449963 -0.054433 -3.234558
v -4.364552 0.166911 -3.329025
v -4.556450 -0.916030 -3.088211
v -3.494633 -1.205286 -2.997284
v -4.579430 -0.010076 -3.731339
v -5.062580 -0.120049 -4.005081
v -4.685318 -0.993460 -3.384842
v -5.302628 -0.257471 -4.261307
v -5.194466 -1.070895 -3.612473
v -5.480831 -0.286213 -4.302032
v -5.373234 -1.306313 -3.922134
v -5.193085 -1.698832 -3.261688
v -6.104580 -0.386744 -4.444656
v -5.579037 -1.275968 -3.932510
v -6.231628 -1.465162 -4.118546
v -6.146854 -2.425097 -3.469238
v -24.182030 -1.384092 -1.578171
v -24.364662 -1.332639 -1.319794
v -24.734665 -1.416755 -1.235001
v -24.004700 -2.200484 -1.117035
v -24.133461 -2.011081 -0.744232
v -23.984184 -2.598737 -0.251617
v -23.993881 -3.045553 1.560410
v -24.508163 -2.851510 2.644302
v -23.815010 -2.853415 0.611816
v -24.301865 -2.844791 1.454987
v -24.305000 -2.441816 -0.078934
v -24.243431 -2.790723 0.758759
v -24.446350 -2.545583 0.825928
v -24.760460 -2.732585 2.665314
v -24.620918 -2.607023 1.566406
v -25.006516 -2.504725 2.465988
v -25.531677 -2.268883 3.130173
v -24.553520 -2.495934 1.603592
v -26.062042 -2.000881 3.445419
v -25.486389 -2.149652 3.084137
v -26.586388 -1.582229 3.843323
v -25.900993 -1.930386 3.395782
v -26.562485 -1.541802 3.779465
v -26.765923 -1.161990 3.965790
v -26.718269 -1.140698 3.899719
v -26.348465 -1.101028 3.750351
v -26.819717 0.319041 3.946701
v -26.783783 0.265491 3.859985
v -26.382149 -0.008278 3.698532
v -26.686378 0.832026 3.781631
v -26.593567 0.743237 3.705505
v -26.408913 1.152494 3.461029
v -25.467293 1.712850 2.762054
v -26.308830 1.080623 3.410477
v -26.317001 0.493061 3.569763
v -25.390839 1.625554 2.704758
v -25.002914 1.900691 1.943680
v -26.111771 0.871381 3.345230
v -24.955162 1.898220 1.097046
v -24.925835 1.785159 1.929459
v -25.284134 1.353703 2.622543
v -26.149818 0.724184 3.119553
v -26.337982 0.382265 3.370636
v -25.296730 1.143349 2.477737
v -26.395813 -0.040269 3.504028
v -23.769608 0.117796 2.020279
v -26.413460 -1.063961 3.493515
v -23.689110 -0.602570 2.012100
v -25.906578 -1.762771 3.154907
v -25.510887 -1.951744 2.846115
v -24.951035 -2.384159 2.478882
v -24.985077 -2.130556 2.450775
v -24.544327 -2.293886 1.660782
v -23.654732 -1.132197 1.518356
v -23.455872 -0.201042 1.065506
v -23.684410 -1.194627 0.796768
v -24.448662 -2.259701 0.862305
v -24.475281 -2.426752 0.717392
v -24.628372 -2.085129 0.139206
v -24.609146 -2.308472 0.014694
v -24.577103 -2.259492 0.074112
v -24.729385 -1.735840 -0.197372
v -23.762642 -0.757280 0.223984
v -24.664520 -1.887258 -0.341217
v -24.869827 -0.911499 -0.668518
v -23.848618 -0.048437 0.098999
v -24.690781 -1.948866 -0.407608
v -24.787155 -1.108382 -0.872116
v -24.557121 -2.134018 -0.628891
v -24.828903 -1.182112 -0.950500
v -24.909164 -0.334842 -1.145264
v -24.964676 -0.317336 -1.286087
v -24.932213 -0.356559 -0.853882
v -25.005875 0.282207 -0.678009
v -24.981796 0.596503 -0.894745
v -25.111946 0.868434 -0.977829
v -25.088303 1.507358 -0.325836
v -24.926407 1.141462 -0.355240
v -24.979538 0.925867 -0.183426
v -24.918465 1.845985 0.495453
v -24.868256 1.611670 0.445175
v -24.780045 1.746642 1.012238
v -24.930679 1.307380 0.405472
v -24.825592 1.463552 0.906921
v -24.924232 1.628970 1.786896
v -24.943069 1.382957 1.723389
v -23.854195 0.652881 1.538605
v -23.896683 0.632393 0.657776
v 3.315876 0.444409 -3.240173
v 3.460716 0.463474 -3.214371
v 3.574223 0.527575 -3.111603
v 3.735554 -0.588942 -2.980133
v 3.707573 0.796502 -2.373352
v 3.842705 -0.557608 -2.856552
v 3.498287 0.819842 -1.989670
v 4.024998 -0.322648 -2.152679
v 3.783409 1.008473 -1.687790
v 3.789261 -0.313365 -1.755219
v 3.707405 -1.874615 -2.613831
v 3.789810 1.146564 -1.115067
v 3.878201 -1.777065 -1.856018
v 4.084351 -0.228103 -1.359558
v 3.596844 -1.637836 -1.425034
v 3.957642 -1.560128 -1.168564
v 4.079403 -0.190956 -0.887650
v 3.979218 1.243813 -1.069107
v 4.298264 -0.127357 -0.871201
v 3.907486 1.660905 0.801514
v 3.709194 1.579098 1.044830
v 4.252796 0.355385 1.056503
v 4.162205 -1.521389 -0.634964
v 3.914261 -1.500440 -0.673080
v 4.132084 -1.220970 1.315231
v 3.258186 -2.818790 -0.428040
v 3.460560 -2.922702 -0.366455
v 3.402859 -2.638878 1.543930
v 4.039322 0.303906 1.272018
v 3.917786 -1.102647 1.476837
v 3.694653 1.675310 1.428894
v 3.864235 -1.077386 1.994415
v 3.279915 1.478101 1.668533
v 4.017212 0.446544 1.704529
v 3.778378 0.465547 2.001678
v 3.555161 1.725183 2.133606
v 3.567749 -0.882247 2.246170
v 3.849251 0.562918 2.356735
v 3.488415 1.842005 2.820312
v 3.434498 1.853620 2.963104
v 3.786472 0.704985 3.053574
v 3.232410 1.831610 3.071884
v 3.737381 0.714411 3.192307
v 3.636848 -0.603827 3.438980
v 3.575905 0.692114 3.309113
v 3.657532 -0.675743 3.337006
v 3.811588 -0.892125 2.667786
v 3.007290 -1.743037 3.724396
v 3.049290 -1.858919 3.587234
v 3.067810 -2.125089 2.878967
v 2.868309 -2.085429 2.403534
v 2.188175 -2.726593 3.682541
v 2.252552 -2.951005 2.982132
v 3.132816 -2.419415 2.243408
v 2.158581 -2.836113 2.552734
v 0.870796 -3.664092 3.132690
v 2.125698 -2.615844 3.880493
v 0.932343 -3.263328 3.854706
v 0.931431 -3.417811 2.619125
v -0.542706 -3.603187 3.104660
v 2.263561 -3.262052 2.355072
v 3.180729 -2.492293 1.700699
v 2.292896 -3.345281 1.913040
v 2.448658 -3.567022 1.688049
v 2.419926 -3.938567 -0.189240
v 1.188049 -4.182301 1.810394
v 2.355858 -3.692583 -0.293289
v 1.101124 -4.547203 -0.133026
v 1.053200 -4.289227 -0.234772
v -0.593060 -4.623557 -0.036301
v 1.091724 -3.945027 1.978333
v -0.520149 -4.305544 1.759399
v 1.005310 -3.834275 2.470291
v -0.499870 -3.981409 1.915588
v -0.577198 -3.909233 2.445663
v -0.537151 -3.505566 2.689789
v -1.823315 -3.552358 2.388275
v -1.737850 -3.216249 2.678940
v -1.849606 -3.221116 3.050690
v -2.930901 -2.377078 2.487091
v -1.946938 -3.645042 1.849045
v -2.916336 -2.869708 2.256149
v -2.040825 -3.883483 1.690811
v -3.000137 -2.914159 1.697464
v -3.423805 -2.316238 2.114517
v -1.995029 -4.242448 -0.099411
v -3.177647 -3.107721 1.537338
v -0.571545 -4.450786 -0.215561
v -3.087524 -3.506649 -0.244232
v -1.898262 -4.136842 -0.316345
v -0.534622 -4.502448 -0.725540
v -3.015800 -3.377118 -0.532806
v 1.069885 -4.430906 -0.717850
v -1.713692 -4.195559 -0.845276
v 2.373840 -3.783698 -0.777344
v 0.961330 -4.286078 -0.984695
v 3.258770 -2.919107 -0.918640
v 2.201950 -3.661106 -1.089233
v 3.058559 -2.845269 -1.245438
v 3.168495 -3.006558 -1.582245
v 2.320705 -3.876081 -1.419998
v 3.113102 -3.073153 -2.287170
v 0.940384 -4.487517 -1.338531
v 2.257710 -3.885608 -2.203094
v 0.963249 -4.478845 -2.130692
v 3.017704 -3.024351 -2.496033
v 2.170219 -3.853160 -2.324112
v -0.403484 -4.550950 -2.097214
v 2.070595 -3.685728 -2.432175
v 0.914104 -4.244417 -2.371399
v 2.882862 -2.897300 -2.563156
v 0.929646 -4.405746 -2.287674
v -0.316963 -4.313677 -2.314529
v -0.389076 -4.471400 -2.238464
v -0.512897 -4.552261 -1.336945
v -1.498932 -4.165441 -2.311676
v -1.428444 -3.989923 -2.418030
v -2.454090 -3.270957 -2.594482
v -1.546444 -4.227119 -2.194626
v -2.630260 -3.403351 -2.456116
v -3.230526 -2.359432 -2.819351
v -1.630428 -4.222862 -1.431427
v -2.661568 -3.435377 -2.397583
v -3.369514 -2.462794 -2.636642
v -0.422195 -4.254015 -0.956757
v -1.525158 -3.818058 -1.049011
v -2.809109 -3.402007 -1.623276
v -2.768314 -3.042233 -1.202408
v -3.028286 -3.313856 -0.892899
v -3.419785 -2.907887 -1.364914
v -3.365284 -3.022946 -1.073517
v -3.341099 -3.100738 -0.585510
v -3.420223 -3.314182 -0.263733
v -3.506279 -3.319570 -1.076263
v -3.436302 -2.846984 1.479874
v -3.701710 -3.577688 -0.202652
v -3.598671 -3.241501 -1.501022
v -3.346443 -2.504031 1.603806
v -3.539379 -2.522006 2.385941
v -3.712963 -2.873213 -1.999512
v -3.645481 -1.765501 2.600647
v -3.480312 -2.437320 -1.832123
v -2.956833 -2.458254 2.929077
v -3.402451 -2.457661 -2.525299
v -3.832943 -1.889222 -2.567322
v -3.783661 -2.205593 -2.471985
v -3.837490 -2.982424 -2.094345
v -3.968639 -2.137281 -2.476089
v -3.714966 -1.715305 -2.900909
v -4.014774 -1.765927 -2.576340
v -4.555485 -1.577267 -2.855591
v -4.514076 -2.233115 -2.391876
v -4.687809 -1.667748 -3.037170
v -4.590515 -2.324859 -2.638657
v -5.027351 -2.432688 -2.687042
v -5.231831 -2.289581 -3.309616
v -4.845196 -2.974257 -2.272888
v -5.354645 -2.364695 -3.386383
v -4.808201 -3.414293 -2.437134
v -4.959679 -3.462446 -2.487900
v -5.749584 -3.507026 -2.569412
v -5.701977 -3.676398 -2.203369
v -5.541744 -3.790386 -1.671265
v -4.821095 -3.914392 -2.072800
v -7.252499 -3.557426 -0.962189
v -4.682739 -3.781878 -2.074677
v -4.813995 -3.584214 -1.763321
v -4.646931 -3.466108 -1.843445
v -5.488163 -3.458592 -1.499069
v -4.483177 -2.911379 -2.204803
v -4.353542 -3.519312 -1.692200
v -4.350342 -2.821717 -2.026978
v -4.166908 -3.326241 -1.538330
v -3.719814 -3.608394 -1.550446
v -3.714500 -3.712680 -1.105423
v -4.045547 -3.621747 -1.061493
v -4.199638 -3.859682 -1.108627
v -4.415886 -3.978355 -1.085663
v -4.039642 -3.496164 -0.161224
v -4.128532 -3.904209 -0.246674
v -4.400253 -4.059709 -0.266800
v -4.189682 -3.558181 1.573792
v -3.757694 -3.215970 1.581070
v -4.066982 -3.201412 1.539642
v -3.816181 -2.947250 2.492493
v -4.383854 -3.212276 2.530945
v -3.900826 -2.474221 2.811066
v -4.193295 -2.834094 2.454742
v -4.477203 -3.793223 1.508728
v -4.443027 -3.028527 2.643860
v -4.633591 -1.978740 2.733429
v -3.798283 -1.242753 2.866455
v -2.819489 -2.269714 3.585663
v -5.057838 -0.644635 2.634308
v -1.641605 -3.015163 3.790558
v -4.805313 -2.101503 3.043671
v -0.551544 -3.419673 3.912262
v 0.907780 -3.136625 3.999649
v -0.509735 -3.231967 4.057144
v 0.859745 -2.965122 4.022339
v 1.984219 -2.469442 3.933823
v -0.369049 -3.054857 4.024872
v 2.868702 -1.626967 3.772919
v -1.553955 -2.727469 3.942657
v -1.636246 -2.880968 3.919235
v -2.686497 -2.156859 3.751648
v -3.517315 -1.263992 3.411987
v -3.940742 -0.693320 3.260880
v -5.114571 -0.914506 3.408554
v -4.624744 -2.165661 3.396759
v -5.135395 -0.945479 3.716766
v -5.204395 -1.105122 4.040527
v -4.586914 -3.051597 2.813965
v -4.788860 -2.376261 3.721359
v -4.676800 -2.384953 3.685944
v -4.979172 -3.244069 3.217163
v -4.743473 -3.283919 3.180328
v -4.635796 -3.280742 3.090851
v -4.620010 -3.393707 2.550995
v -4.805023 -3.814808 2.816284
v -4.669018 -3.761779 2.762894
v -4.746948 -3.802692 2.658539
v -4.736755 -3.465842 2.407516
v -5.199139 -3.776517 2.434479
v -4.761395 -3.700395 1.449860
v -5.186459 -3.429929 2.233627
v -4.741879 -3.990810 -0.401474
v -5.300014 -3.518742 1.387146
v -4.756573 -3.944348 -1.055771
v -5.277241 -3.730220 -0.435684
v -5.309246 -3.688156 -0.967010
v -6.278889 -3.157998 -0.651154
v -6.341423 -3.081116 1.185272
v -7.083851 -3.207435 -0.848953
v -7.401268 -3.063492 -0.463196
v -7.460320 -3.462299 -0.576935
v -7.495903 -3.031361 1.050568
v -6.044037 -3.302291 1.841049
v -7.239674 -3.124339 1.293701
v -7.509655 -3.432019 1.123199
v -7.257515 -3.429721 1.347763
v -5.822227 -3.659390 2.132797
v 3.406528 -0.539297 3.559036
v 2.855869 -1.555484 4.090973
v 3.318470 -0.446531 3.875137
v 1.955540 -2.347557 4.212601
v 2.381191 -1.144233 4.405792
v 3.440441 0.702942 3.641037
v 0.853031 -2.889918 4.338089
v 3.135406 1.880717 3.398041
v -0.421928 -2.923573 4.308914
v 0.706650 -2.259923 4.612396
v 1.643936 -1.846474 4.539902
v -1.569134 -2.576453 4.257553
v -0.317600 -2.334713 4.614502
v -2.493095 -1.926591 4.106445
v -1.313797 -1.974611 4.556763
v -3.173748 -0.956375 3.906296
v -2.105717 -1.461378 4.434540
v -3.452549 0.211461 3.686020
v -2.668137 -0.616221 4.250290
v -1.033451 -1.505337 4.410431
v -1.675434 -1.046907 4.272705
v -2.954384 0.359681 4.043167
v -3.311657 1.390922 3.419342
v -2.126282 -0.395966 4.133774
v -2.816727 2.444810 3.231216
v -2.823841 1.321359 3.863541
v -1.886028 3.262667 3.090866
v -2.352444 2.223801 3.679901
v -0.852608 3.707790 2.985748
v -1.617516 2.928355 3.548706
v 0.277431 3.776657 3.009644
v -0.758144 3.300643 3.485962
v 1.456757 3.480581 3.039658
v 0.288773 3.430498 3.443222
v -0.578121 2.733891 3.513596
v 2.453388 2.853673 3.194595
v -1.311821 2.410243 3.570343
v 2.684368 1.738383 3.820145
v -1.917446 1.893506 3.714096
v 2.108437 2.569933 3.642654
v -2.277596 1.162493 3.835922
v 1.276443 3.157603 3.511749
v -2.322304 0.367369 3.975143
v 0.996822 2.578809 3.565613
v 0.223663 2.792435 3.511963
v 1.648098 2.118784 3.668091
v 0.202293 2.694523 3.866928
v -0.541313 2.640224 3.868454
v -1.221783 2.340057 3.921082
v 0.166794 2.377180 3.995926
v -1.757038 1.830225 4.018463
v -0.459557 2.331530 3.997650
v -1.032799 2.079729 4.046982
v -2.082512 1.172214 4.148834
v -1.483658 1.650382 4.129456
v -0.446899 2.312205 4.204102
v -2.158958 0.445398 4.296494
v -1.757736 1.095018 4.233841
v -1.977154 -0.262560 4.443634
v -1.822121 0.482718 4.357758
v -1.668980 -0.113605 4.481689
v -1.559010 -0.866291 4.572510
v -1.316780 -0.622032 4.590652
v -1.762596 0.526793 4.550995
v -1.700439 1.118224 4.432236
v -1.614723 -0.049025 4.670654
v -1.435913 1.656566 4.341599
v -1.000546 2.070985 4.261169
v -0.544327 1.577979 4.767151
v -0.873848 1.266802 4.826462
v -1.001015 0.664414 4.948563
v -0.459190 1.440445 4.816330
v -0.966068 0.996765 4.881378
v -0.731888 1.182949 4.865479
v -0.235641 1.509058 4.805161
v -0.265907 1.663582 4.754013
v -0.805614 0.966907 4.908707
v -0.835751 0.680319 4.966934
v -0.602650 0.175387 5.073196
v -0.767044 0.412742 5.022537
v -0.918232 0.342104 5.015549
v -0.727135 0.066248 5.074753
v -1.274651 -0.539798 4.776718
v -0.430725 0.020152 5.107162
v -0.513008 -0.127245 5.116302
v -0.808067 -0.980372 4.675735
v -0.783546 -0.883894 4.868286
v -0.073944 -0.250605 5.147095
v -0.067390 -0.081916 5.132721
v -0.200344 -1.044784 4.909988
v 0.404675 -1.003778 4.893341
v -0.954987 -1.292924 4.667526
v -0.204082 -1.147165 4.718094
v -0.237915 -1.491051 4.717300
v -0.250996 -1.720557 4.428833
v 0.505684 -1.436749 4.715759
v 0.550789 -1.662014 4.427200
v 0.422333 -1.102542 4.711365
v 1.186161 -1.136586 4.663147
v 1.284489 -1.338366 4.370453
v 0.995506 -0.849800 4.666580
v 1.861618 -0.788650 4.265457
v 1.721416 -0.626751 4.565765
v 2.829510 -0.237877 4.226196
v 2.212547 -0.079165 4.124878
v 2.934803 0.763233 4.022812
v 2.294979 0.704504 3.965668
v 2.098934 1.467851 3.807022
v 2.046894 0.031257 4.435394
v 2.123333 0.758076 4.287720
v 1.941521 1.466034 4.140579
v 1.523392 2.069759 4.011719
v 1.631687 1.343620 4.232330
v 0.919365 2.496393 3.916702
v 1.279552 1.851021 4.118347
v 0.770786 2.210295 4.037842
v 0.157925 2.356114 4.201599
v 1.232418 1.848228 4.320709
v 0.073963 1.688333 4.752991
v 0.741150 2.194969 4.242081
v 0.056709 1.530404 4.804581
v 0.400410 1.598137 4.775650
v 0.676556 1.403147 4.819427
v 1.572304 1.360354 4.440933
v 0.869095 1.190230 4.864578
v 0.565907 1.287273 4.860870
v 0.327728 1.455523 4.823380
v 0.719837 1.117194 4.897629
v 1.720200 0.784280 4.559372
v 0.978615 0.755753 4.954926
v 1.784836 0.747207 4.355820
v 1.658211 0.190207 4.665207
v 1.720505 0.133972 4.475174
v 1.446365 -0.420365 4.584564
v 1.393494 -0.345235 4.770004
v 0.914299 0.477115 5.011871
v 0.810474 0.757629 4.972321
v 0.758842 0.533784 5.017441
v 0.765549 0.176309 5.071136
v 0.958149 -0.759910 4.849197
v 0.521870 -0.055794 5.115479
v 0.210770 -0.192959 5.139862
v 0.160263 -0.035968 5.126266
v 0.428577 0.082387 5.105515
v 0.630875 0.275090 5.068710
v 3.585323 -1.863511 -2.737885
v 3.582615 -0.675183 -3.007263
v 3.428768 -1.781756 -2.784332
v 3.399998 -1.898945 -3.092560
v 3.504543 -0.714508 -3.364563
v 3.234150 0.385877 -3.586288
v 2.880314 -2.946425 -2.879471
v 2.532833 1.385647 -3.814209
v 1.976555 -3.791205 -2.727325
v 2.470844 -2.737554 -3.324936
v 0.895531 -4.246387 -2.665314
v 1.684296 -3.442721 -3.205185
v -0.288528 -4.319005 -2.680847
v 0.770836 -3.823256 -3.173752
v -1.442219 -3.980434 -2.788696
v -0.149162 -3.878954 -3.176682
v 0.614712 -3.249833 -3.269318
v -0.187080 -3.308213 -3.266891
v -1.219444 -3.590027 -3.230453
v 1.348419 -2.926297 -3.326614
v -0.960247 -3.094400 -3.319595
v -2.044342 -3.030762 -3.342133
v -2.419228 -3.299685 -2.916229
v -3.125343 -2.296301 -3.092407
v -2.608757 -2.219592 -3.512634
v -1.611534 -2.634178 -3.421097
v -2.870499 -1.265019 -3.702560
v -3.346645 -1.210652 -3.369797
v -2.062393 -1.983062 -3.559158
v -3.230007 -0.047110 -3.599045
v -2.808598 -0.238103 -3.884857
v -2.744358 1.022836 -3.773041
v -2.258430 -1.219583 -3.717117
v -1.897099 1.797603 -3.949799
v -2.279648 0.670114 -4.100891
v -0.784744 2.331805 -4.015961
v -2.176014 -0.435827 -3.875931
v 0.435654 2.408516 -4.026642
v -0.632923 1.753778 -4.298874
v 1.540939 2.109604 -3.948685
v 0.382629 1.802983 -4.305557
v -1.564270 1.337856 -4.229645
v 1.362255 1.542182 -4.233658
v -1.247944 0.823339 -4.121658
v 2.185928 0.981780 -4.099091
v -1.825077 0.273672 -4.016418
v -0.514236 1.146873 -4.178955
v -1.685223 0.111919 -4.316956
v -1.149963 0.621724 -4.414581
v 0.287552 1.205256 -4.181396
v -0.469486 0.921786 -4.467712
v 1.060719 0.991442 -4.128677
v 0.274128 0.975935 -4.469986
v -0.386196 0.587564 -4.463577
v 0.991199 0.777634 -4.421097
v -0.959312 0.333792 -4.423859
v 0.240150 0.633262 -4.465073
v 0.844151 0.466231 -4.423889
v 1.595242 0.350800 -4.326950
v 1.712009 0.531221 -4.027176
v 1.352947 0.106625 -4.345062
v 2.756252 0.142021 -3.925369
v 2.013386 -0.253079 -4.198914
v 2.162861 -0.119897 -3.889114
v 3.004040 -0.835817 -3.722473
v 2.195206 -0.961166 -4.052414
v 2.859753 -1.835351 -3.517258
v 2.358902 -0.883376 -3.731155
v 1.925545 -2.376630 -3.431854
v 2.276489 -1.667133 -3.572357
v 2.118763 -1.688058 -3.905121
v 1.793289 -2.346087 -3.774826
v 1.258038 -2.855872 -3.677216
v 1.519756 -2.164911 -3.879532
v 0.577557 -3.155932 -3.624069
v 1.068905 -2.594312 -3.797302
v -0.166069 -3.210080 -3.621811
v 0.495739 -2.847153 -3.753006
v -0.130558 -2.893870 -3.756546
v -0.883144 -3.011775 -3.670700
v -1.487175 -2.584947 -3.764847
v -0.734558 -2.726765 -3.797272
v -1.905323 -1.981052 -3.892914
v -1.243408 -2.366199 -3.871552
v -2.087143 -1.272978 -4.039383
v -1.595623 -1.857456 -3.978973
v -2.010700 -0.546086 -4.186676
v -1.748760 -1.261027 -4.102371
v -1.684376 -0.648849 -4.226883
v -1.410156 -0.095698 -4.342087
v -1.357368 -0.172916 -4.538483
v -1.622288 -0.704990 -4.417084
v -1.684475 -1.295934 -4.295944
v -1.536594 -1.871859 -4.176804
v -0.913021 -1.321485 -4.697479
v -1.196480 -2.363275 -4.073914
v -0.830250 -1.643845 -4.630783
v -0.705017 -2.713348 -4.011597
v -0.639130 -1.919895 -4.572601
v -0.678585 -1.580880 -4.661331
v -0.121773 -2.874887 -3.973068
v -0.514187 -1.818296 -4.610992
v -0.747299 -1.313251 -4.716690
v -0.878075 -0.989229 -4.765152
v -0.717163 -1.026633 -4.774780
v -0.785877 -0.718829 -4.818298
v -0.643436 -0.810580 -4.817947
v -0.370739 -0.553105 -4.867218
v -0.456345 -0.407734 -4.877899
v -0.147186 -0.484533 -4.878555
v -0.922031 0.241953 -4.616638
v -0.177910 -0.322469 -4.892792
v -0.368740 0.488919 -4.645584
v 0.236065 0.533214 -4.646164
v 0.161961 -0.297642 -4.893524
v 0.819290 0.371929 -4.606415
v 0.145168 -0.463246 -4.879456
v 0.488411 -0.387936 -4.871246
v 0.416199 -0.538199 -4.860977
v 0.764568 -0.583142 -4.828537
v 1.310604 0.024489 -4.531174
v 0.654373 -0.706500 -4.823837
v 1.650879 -0.469813 -4.442459
v 0.957088 -0.795778 -4.782043
v 0.808300 -0.876647 -4.787338
v 1.705215 -0.403152 -4.242645
v 1.798748 -1.045486 -4.322067
v 1.858360 -0.999495 -4.118805
v 1.066624 -1.230376 -4.692230
v 1.793915 -1.610739 -3.989700
v 1.736408 -1.633794 -4.188004
v 1.471672 -2.168746 -4.080765
v 1.002323 -1.509337 -4.636902
v 1.036316 -2.583377 -4.001373
v 0.853569 -1.810023 -4.577026
v 0.482872 -2.827705 -3.959503
v 0.609886 -2.042106 -4.532608
v 0.298790 -2.179356 -4.508636
v 0.014042 -2.236597 -4.499451
v 0.248730 -2.029840 -4.558853
v -0.425018 -2.113167 -4.529877
v 0.021076 -2.075748 -4.552185
v -0.342270 -1.973585 -4.577301
v 0.517048 -1.911526 -4.579803
v 0.719349 -1.718843 -4.616699
v 0.847321 -1.460144 -4.667923
v 0.898949 -1.236279 -4.712952
v -23.153740 -0.188400 -1.848221
v -23.054230 1.671533 -1.470413
v -19.821274 0.123811 -2.316544
v -22.870346 2.830940 -0.555267
v -20.066017 1.984312 -1.917130
v -16.872124 0.253414 -3.099792
v -20.118835 3.228141 -0.982635
v -16.833229 2.286425 -2.697296
v -12.074432 1.112386 -4.612961
v -12.042217 3.160247 -4.002838
v -9.936646 1.343507 -4.980988
v -16.318085 4.331224 -1.869171
v -9.765575 3.418381 -4.395523
v -8.154274 1.536222 -5.287842
v -11.974449 5.103333 -2.648727
v -7.047359 3.726601 -4.864395
v -6.699673 1.640452 -5.394363
v -9.640835 5.304689 -3.033676
v -6.857979 5.544836 -3.492722
v -5.884430 2.743672 -5.187363
v -5.836815 1.373158 -5.217697
v -4.964863 2.662041 -5.170929
v -5.704525 1.376898 -5.092300
v -5.158096 3.892998 -4.999039
v -4.839031 2.622394 -5.106934
v -3.943211 4.042862 -5.005997
v -4.897270 5.220278 -4.187988
v -3.742085 4.910862 -4.556610
v -3.844604 4.003225 -4.974564
v -3.619797 4.871527 -4.474686
v -3.734890 5.256948 -4.335205
v -3.627495 5.196339 -4.238724
v -3.720478 5.271439 -4.139755
v -3.803612 5.330313 -4.247849
v -5.199944 6.158342 -3.025177
v -5.098129 6.137947 -2.920288
v -5.788876 6.032782 -3.003922
v -5.335697 6.341497 -2.598999
v -5.512604 6.371237 -2.620987
v -6.324043 6.395971 -2.137283
v -6.914139 6.355186 -2.103592
v -5.547531 6.560352 -1.808716
v -9.484142 6.036610 -1.760208
v -5.414345 6.478029 -1.790970
v -12.105583 5.711687 -1.409958
v -6.896519 6.655012 -0.416199
v -15.990379 4.980537 -0.708344
v -9.437737 6.242020 -0.065033
v -20.196442 3.854221 0.130981
v -11.999630 5.825693 0.288986
v -15.724232 5.111210 0.785416
v -22.815941 3.413771 0.630173
v -20.237068 3.969761 1.204285
v -22.788528 3.386158 1.568222
v -20.201195 3.682390 2.323456
v -23.055740 3.187286 2.532028
v -23.520187 2.751791 3.437378
v -26.396828 0.233867 4.760864
v -26.346710 -1.145609 4.779327
v -25.210732 0.396683 4.684662
v -24.713783 1.539437 4.314117
v -25.027420 1.008367 4.558243
v -20.273239 2.017309 3.989914
v -25.264824 -1.040255 4.669495
v -20.098053 0.529658 4.363647
v -20.389748 3.339378 3.126480
v -14.907566 1.523245 4.177017
v -15.483990 4.874084 1.974335
v -15.148567 3.105141 3.952499
v -15.406315 4.410782 3.039551
v -11.830265 5.659718 1.567200
v -9.380539 6.149845 1.160965
v -11.806923 5.291124 2.751236
v -11.694855 3.871700 3.522552
v -9.503048 5.759035 2.168579
v -9.265022 5.153643 2.782074
v -6.973293 6.631500 0.761765
v -7.028648 6.306080 1.532242
v -6.916241 6.058729 1.785812
v -6.471245 6.694550 -0.502335
v -6.420624 6.750088 0.919281
v -6.289051 6.438265 1.466461
v -5.576580 6.782843 0.897171
v -5.605843 6.746716 -0.662018
v -5.284122 6.544041 1.527817
v -5.483826 6.695383 0.852310
v -6.216087 6.288998 1.737183
v -5.494415 6.627775 -0.631180
v -6.787560 5.982882 1.944275
v -9.168629 4.951252 2.923157
v -6.382847 6.072382 2.795776
v -11.607090 3.595198 3.736954
v -5.072327 6.395094 2.460876
v -8.865593 4.971216 3.656601
v -4.368763 6.569662 1.918243
v -11.405735 3.545614 4.352341
v -8.687481 4.839628 4.037888
v -11.260448 3.392622 4.677078
v -14.458473 1.153330 4.975357
v -14.706078 1.371285 4.379333
v -14.380222 0.792964 5.294754
v -19.910370 -0.410394 4.407135
v -19.910118 -0.769670 4.626068
v -19.962891 -0.174094 4.347321
v -24.962387 -1.760983 4.457840
v -26.068336 -2.095289 4.540634
v -25.671555 -2.566460 4.289078
v -25.763779 -2.502912 4.241318
v -24.618980 -2.287482 4.099991
v -24.935463 -3.021654 3.599335
v -19.736038 -1.105841 4.533646
v -14.376751 0.056509 5.302124
v -19.726395 -1.390836 4.379715
v -14.589825 -0.772737 5.075089
v -24.106766 -2.851592 3.551804
v -14.820972 -2.410530 4.216293
v -19.772896 -2.268460 3.746262
v -11.264236 -0.944983 5.357452
v -11.204708 0.153557 5.618301
v -11.211746 -2.761987 4.395187
v -9.589653 -1.024899 5.353165
v -11.150181 1.360740 5.642960
v -9.515129 0.169335 5.554977
v -9.415325 -2.849001 4.435684
v -11.009445 2.354137 5.283417
v -7.967735 -1.150711 5.281693
v -9.464569 1.333081 5.651047
v -8.035667 0.095444 5.475967
v -11.133888 2.869006 4.982803
v -9.253262 2.759695 5.348099
v -8.789421 4.207420 4.500168
v -8.895786 3.547842 4.982452
v -7.968735 1.253166 5.511520
v -7.548061 3.088330 5.104736
v -6.839516 4.417110 4.516388
v -6.441429 5.352125 3.835251
v -6.171902 5.962191 3.233597
v -5.210236 5.092762 3.997192
v -4.806072 6.217106 2.849045
v -4.869843 5.684475 3.413452
v -5.910374 3.878727 4.667404
v -3.880913 6.586977 2.163879
v -6.348785 2.598380 5.035995
v -3.681702 6.464756 2.460342
v -6.702564 1.080235 5.260361
v -5.454853 2.416053 4.726852
v -6.753006 -0.007642 5.290573
v -5.837765 0.884941 5.009003
v -6.757542 -1.145026 5.132431
v -5.862617 -0.142850 5.050949
v -7.446453 -2.925223 4.405289
v -5.852016 -1.209576 4.957336
v -6.402283 -3.003352 4.317749
v -5.689430 -0.156837 4.948273
v -5.641010 0.880607 4.891449
v -5.643070 -1.191216 4.830811
v -5.291729 2.304920 4.604813
v -4.922112 3.908846 4.305359
v -4.181393 5.104458 3.668549
v -4.739609 3.816584 4.153519
v -3.920559 5.665367 3.232483
v -3.692509 6.236370 2.776855
v -3.837353 5.538586 3.184418
v -3.552578 6.153940 2.694931
v -4.073399 5.002018 3.602463
v -3.585442 6.365425 2.361084
v -3.815796 6.476933 2.077728
v -4.328274 6.465687 1.823593
v -5.224434 6.485126 1.413315
v -4.209572 5.988913 1.618362
v -5.258865 6.199261 0.701294
v -5.039738 6.078596 1.232254
v -5.296467 6.101105 -0.484268
v -5.188126 5.906179 -1.844894
v -5.296581 -2.909506 4.142593
v -6.270531 -0.398756 -4.882919
v -6.414204 -0.396515 -4.980682
v -6.425114 -1.704734 -4.359009
v -7.311665 -0.427094 -5.045990
v -6.587845 -1.756068 -4.417084
v -6.366009 -2.732385 -3.741837
v -8.803818 -0.580944 -4.938370
v -7.352810 -1.723104 -4.454285
v -10.021275 -0.736866 -4.850372
v -8.502048 -2.794484 -3.676804
v -11.930790 -0.835828 -4.439178
v -9.666763 -2.788125 -3.661819
v -16.560432 -1.345162 -2.731918
v -11.594242 -2.792297 -3.319473
v -19.626419 -1.320608 -1.805481
v -16.029015 -2.687005 -1.834366
v -23.108475 -1.192867 -1.597748
v -19.352455 -2.625669 -0.939117
v -23.105820 -2.027350 -1.163086
v -23.123184 -2.673651 -0.548782
v -23.745575 -2.908982 -0.480438
v -22.943794 -3.212070 0.544281
v -23.586899 -3.279721 0.586288
v -19.241371 -3.254006 0.082474
v -15.459419 -3.600398 -0.613800
v -19.370689 -3.428405 1.442291
v -11.259594 -4.125517 -1.447006
v -15.090607 -3.910073 1.511200
v -23.045906 -3.374469 1.574310
v -9.118496 -4.217230 -1.609390
v -10.833145 -4.317883 1.695343
v -14.948673 -3.451100 3.036194
v -11.137817 -3.821175 3.261597
v -19.489548 -3.097981 2.820114
v -9.282997 -3.872458 3.399109
v -23.674133 -3.172778 2.921707
v -23.727882 -3.500391 1.660690
v -24.315399 -3.352995 2.876541
v -5.952290 -3.698846 -2.838852
v -6.129189 -3.741781 -2.915680
v -5.976814 -3.944762 -2.536530
v -6.189079 -3.935484 -2.701889
v -6.494701 -2.855757 -3.736313
v -6.777130 -3.665702 -2.885193
v -7.265587 -2.855010 -3.715622
v -8.191166 -4.027188 -2.159012
v -6.377460 -4.053941 -2.522491
v -8.050079 -4.286709 -1.768265
v -8.523052 -4.341466 -1.260147
v -6.232796 -4.086266 -2.366150
v -7.880680 -4.242666 -1.605499
v -5.919804 -3.755136 -1.983490
v -8.241386 -4.317274 -1.183731
v -7.732784 -3.542366 -1.195068
v -8.007694 -3.631826 -0.731064
v -5.009483 -3.619663 2.965424
v -7.445782 -3.794972 1.494171
v -7.699753 -3.811465 1.324661
v -5.569088 -3.772510 2.645081
v -7.611778 -4.254078 1.676056
v -7.956345 -4.285324 1.341080
v -8.222954 -4.386344 1.517929
v -9.021049 -4.367418 1.726852
v -8.137611 -4.309497 2.524353
v -7.739937 -4.360161 1.815735
v -7.523777 -3.921093 3.529495
v -6.297440 -4.051627 3.502792
v -5.894993 -4.261288 3.038467
v -5.708572 -4.204843 2.931122
v -5.357838 -4.020009 3.380859
v -5.211357 -3.966870 3.285095
v -5.315392 -3.773037 3.666672
v -5.139687 -3.723784 3.583939
v -5.465153 -3.031027 4.170380
vt 0.950215 0.419457
vt 0.940846 0.421710
vt 0.951496 0.421753
vt 0.940911 0.427772
vt 0.934189 0.424245
vt 0.953155 0.424245
vt 0.932683 0.431081
vt 0.926845 0.427570
vt 0.941804 0.431007
vt 0.955395 0.431421
vt 0.925342 0.433311
vt 0.921863 0.428404
vt 0.933002 0.435312
vt 0.943998 0.437527
vt 0.963560 0.452360
vt 0.935078 0.442181
vt 0.951022 0.456544
vt 0.973215 0.470357
vt 0.940694 0.459991
vt 0.960635 0.476709
vt 0.984833 0.503477
vt 0.971288 0.508676
vt 0.988924 0.518735
vt 0.948441 0.485480
vt 0.975028 0.523742
vt 0.991356 0.532099
vt 0.955957 0.513318
vt 0.977623 0.541785
vt 0.992118 0.543536
vt 0.959616 0.527601
vt 0.962656 0.544476
vt 0.984642 0.549681
vt 0.993512 0.551363
vt 0.984168 0.556502
vt 0.993432 0.552915
vt 0.976977 0.553542
vt 0.984181 0.557586
vt 0.993577 0.556794
vt 0.974938 0.560560
vt 0.967162 0.555442
vt 0.969633 0.561811
vt 0.974939 0.561222
vt 0.984216 0.561753
vt 0.992338 0.562075
vt 0.983144 0.564750
vt 0.991981 0.563280
vt 0.975019 0.564622
vt 0.969182 0.565698
vt 0.974687 0.565879
vt 0.982773 0.565658
vt 0.969485 0.562667
vt 0.968803 0.566680
vt 0.967560 0.561950
vt 0.966269 0.565828
vt 0.967414 0.562722
vt 0.966666 0.562504
vt 0.967009 0.561681
vt 0.958291 0.555203
vt 0.957797 0.556006
vt 0.958474 0.551589
vt 0.955464 0.555019
vt 0.955463 0.553952
vt 0.952615 0.549499
vt 0.952387 0.545966
vt 0.950594 0.554690
vt 0.949976 0.530448
vt 0.950609 0.555634
vt 0.946736 0.514344
vt 0.941736 0.548323
vt 0.940163 0.489600
vt 0.938869 0.532770
vt 0.931892 0.461737
vt 0.935665 0.516762
vt 0.930493 0.492786
vt 0.926583 0.444677
vt 0.924410 0.462701
vt 0.925098 0.438240
vt 0.920422 0.445650
vt 0.916419 0.463695
vt 0.920625 0.433898
vt 0.914984 0.428672
vt 0.919605 0.438575
vt 0.913893 0.444528
vt 0.913177 0.436793
vt 0.915080 0.432532
vt 0.908152 0.427701
vt 0.907361 0.441868
vt 0.907551 0.428879
vt 0.900146 0.422119
vt 0.906711 0.433059
vt 0.899256 0.422741
vt 0.896420 0.419872
vt 0.896710 0.424308
vt 0.895947 0.420815
vt 0.892397 0.418658
vt 0.892098 0.419595
vt 0.881707 0.418463
vt 0.893829 0.422766
vt 0.890731 0.421753
vt 0.881846 0.421210
vt 0.876791 0.418349
vt 0.890741 0.422215
vt 0.881919 0.421807
vt 0.893839 0.423234
vt 0.896660 0.424825
vt 0.890802 0.430172
vt 0.898336 0.433728
vt 0.894741 0.431518
vt 0.899358 0.463759
vt 0.881605 0.429194
vt 0.888735 0.464803
vt 0.910339 0.462918
vt 0.894657 0.500286
vt 0.922649 0.495231
vt 0.904852 0.498425
vt 0.915133 0.496405
vt 0.927465 0.519083
vt 0.931014 0.534577
vt 0.919674 0.520291
vt 0.909638 0.521763
vt 0.924225 0.534880
vt 0.918901 0.537241
vt 0.934446 0.549519
vt 0.929142 0.550128
vt 0.927300 0.551109
vt 0.942400 0.550832
vt 0.933905 0.553293
vt 0.930327 0.554835
vt 0.934729 0.558568
vt 0.943697 0.555924
vt 0.931035 0.561520
vt 0.935080 0.559295
vt 0.928600 0.555644
vt 0.943668 0.556967
vt 0.926379 0.552108
vt 0.917413 0.538117
vt 0.922164 0.556430
vt 0.907496 0.522597
vt 0.925561 0.563751
vt 0.913560 0.541786
vt 0.928932 0.567491
vt 0.904320 0.525466
vt 0.911317 0.543640
vt 0.902322 0.526984
vt 0.889578 0.504561
vt 0.893168 0.501860
vt 0.886585 0.505385
vt 0.882148 0.465985
vt 0.879248 0.466030
vt 0.883844 0.465656
vt 0.876594 0.430971
vt 0.875939 0.423042
vt 0.875828 0.422384
vt 0.872604 0.425670
vt 0.872708 0.424880
vt 0.871481 0.421848
vt 0.872263 0.433005
vt 0.867023 0.430085
vt 0.865737 0.425543
vt 0.876726 0.467037
vt 0.881956 0.505147
vt 0.874494 0.466912
vt 0.876652 0.503248
vt 0.866676 0.435881
vt 0.865031 0.500736
vt 0.867095 0.465905
vt 0.875178 0.526805
vt 0.881841 0.527628
vt 0.862848 0.526125
vt 0.874545 0.538683
vt 0.888934 0.528239
vt 0.881673 0.539682
vt 0.862297 0.538707
vt 0.895165 0.529112
vt 0.873725 0.550243
vt 0.888499 0.540185
vt 0.881240 0.550457
vt 0.898699 0.528060
vt 0.896942 0.541476
vt 0.906712 0.543704
vt 0.901940 0.543624
vt 0.888077 0.551153
vt 0.899261 0.553653
vt 0.907916 0.557121
vt 0.914733 0.558030
vt 0.919739 0.558516
vt 0.914013 0.566625
vt 0.923188 0.565843
vt 0.918861 0.567090
vt 0.905332 0.564731
vt 0.927804 0.570232
vt 0.897007 0.562896
vt 0.926255 0.571446
vt 0.887319 0.560922
vt 0.896966 0.570353
vt 0.880562 0.560004
vt 0.886262 0.567727
vt 0.873445 0.558990
vt 0.879400 0.566762
vt 0.861719 0.552314
vt 0.872408 0.565423
vt 0.860797 0.559335
vt 0.879190 0.568250
vt 0.886308 0.569509
vt 0.872164 0.567130
vt 0.896614 0.572045
vt 0.879556 0.573334
vt 0.908002 0.571834
vt 0.896684 0.576837
vt 0.916637 0.573256
vt 0.908242 0.573804
vt 0.920580 0.572766
vt 0.886071 0.574582
vt 0.924379 0.572007
vt 0.920483 0.573759
vt 0.924793 0.572906
vt 0.916659 0.574385
vt 0.910830 0.579135
vt 0.917767 0.578749
vt 0.896405 0.579706
vt 0.912340 0.582804
vt 0.921419 0.577339
vt 0.886092 0.576781
vt 0.919151 0.581467
vt 0.925559 0.576073
vt 0.923510 0.579515
vt 0.919363 0.584334
vt 0.927492 0.575033
vt 0.924712 0.581584
vt 0.926681 0.572141
vt 0.926660 0.577431
vt 0.928334 0.570869
vt 0.930072 0.573130
vt 0.929621 0.567948
vt 0.929077 0.576478
vt 0.931795 0.561997
vt 0.931726 0.570125
vt 0.936525 0.562427
vt 0.933669 0.564405
vt 0.943422 0.560634
vt 0.937502 0.566207
vt 0.935439 0.568055
vt 0.932861 0.572416
vt 0.931388 0.574509
vt 0.935845 0.568945
vt 0.933300 0.573029
vt 0.931761 0.575055
vt 0.937763 0.567168
vt 0.935067 0.575158
vt 0.943506 0.564745
vt 0.938730 0.570005
vt 0.951492 0.559069
vt 0.937039 0.571362
vt 0.954480 0.558540
vt 0.952492 0.562487
vt 0.956585 0.559203
vt 0.956187 0.561917
vt 0.952407 0.563209
vt 0.965364 0.565431
vt 0.957461 0.562046
vt 0.956387 0.562517
vt 0.943670 0.565540
vt 0.952400 0.566212
vt 0.944136 0.567911
vt 0.938849 0.575209
vt 0.945464 0.573208
vt 0.954040 0.571492
vt 0.945710 0.574359
vt 0.938574 0.576373
vt 0.956106 0.565802
vt 0.933509 0.577532
vt 0.957375 0.562852
vt 0.930487 0.578908
vt 0.964845 0.566543
vt 0.929343 0.576942
vt 0.965945 0.566772
vt 0.927229 0.577980
vt 0.928600 0.579971
vt 0.931147 0.582105
vt 0.924885 0.586327
vt 0.933405 0.580070
vt 0.926003 0.588481
vt 0.938888 0.578506
vt 0.933326 0.582705
vt 0.920865 0.587395
vt 0.945539 0.576516
vt 0.913223 0.586074
vt 0.895804 0.583753
vt 0.915278 0.589342
vt 0.921331 0.589929
vt 0.884781 0.580332
vt 0.929991 0.593868
vt 0.895699 0.586734
vt 0.878208 0.576133
vt 0.883420 0.583602
vt 0.871410 0.571709
vt 0.877905 0.579550
vt 0.861422 0.571273
vt 0.876898 0.582458
vt 0.860015 0.567024
vt 0.879590 0.593183
vt 0.895240 0.594306
vt 0.912743 0.598738
vt 0.870896 0.592036
vt 0.865887 0.595686
vt 0.919548 0.600130
vt 0.925035 0.606980
vt 0.864531 0.594585
vt 0.857177 0.601177
vt 0.925969 0.605406
vt 0.932630 0.616846
vt 0.920935 0.598168
vt 0.934324 0.616082
vt 0.926632 0.595852
vt 0.927576 0.604380
vt 0.929971 0.599498
vt 0.932493 0.595959
vt 0.935173 0.615198
vt 0.942293 0.624397
vt 0.941201 0.625981
vt 0.939401 0.613777
vt 0.943047 0.623914
vt 0.950040 0.632033
vt 0.948964 0.633557
vt 0.956890 0.638798
vt 0.957650 0.638022
vt 0.950868 0.630917
vt 0.958226 0.637231
vt 0.960999 0.633749
vt 0.952890 0.627259
vt 0.962181 0.631451
vt 0.946047 0.620724
vt 0.955172 0.624435
vt 0.958669 0.623074
vt 0.965075 0.630234
vt 0.948064 0.617331
vt 0.967581 0.629211
vt 0.942601 0.610239
vt 0.952423 0.616336
vt 0.946244 0.608355
vt 0.960994 0.621315
vt 0.954922 0.614442
vt 0.963174 0.620642
vt 0.969858 0.628174
vt 0.980641 0.621819
vt 0.956771 0.613357
vt 0.974013 0.613737
vt 0.974972 0.612828
vt 0.981850 0.620936
vt 0.967738 0.606473
vt 0.948668 0.606196
vt 0.962860 0.598561
vt 0.939024 0.599962
vt 0.950549 0.604494
vt 0.943231 0.598953
vt 0.934850 0.596479
vt 0.945344 0.597626
vt 0.936549 0.592019
vt 0.935520 0.596466
vt 0.940527 0.593627
vt 0.937062 0.591632
vt 0.935909 0.591368
vt 0.935362 0.590624
vt 0.936202 0.590857
vt 0.939197 0.588970
vt 0.938035 0.587648
vt 0.937520 0.586800
vt 0.943447 0.591391
vt 0.941774 0.587329
vt 0.940822 0.585699
vt 0.940595 0.585062
vt 0.939711 0.580330
vt 0.945733 0.578793
vt 0.956879 0.581978
vt 0.957583 0.584638
vt 0.957057 0.582437
vt 0.954374 0.574402
vt 0.955302 0.577232
vt 0.954097 0.572479
vt 0.960586 0.572936
vt 0.961227 0.576267
vt 0.959531 0.570175
vt 0.959818 0.570947
vt 0.957266 0.565962
vt 0.963810 0.568890
vt 0.964523 0.567180
vt 0.964358 0.570065
vt 0.965722 0.567443
vt 0.965063 0.568985
vt 0.968612 0.567245
vt 0.968418 0.569185
vt 0.974514 0.566473
vt 0.974487 0.568573
vt 0.968925 0.570673
vt 0.969027 0.572376
vt 0.977546 0.569347
vt 0.982339 0.568452
vt 0.992031 0.565962
vt 0.990406 0.570120
vt 0.977492 0.571293
vt 0.981853 0.571938
vt 0.989115 0.572684
vt 0.981425 0.573396
vt 0.986994 0.579659
vt 0.968368 0.576373
vt 0.976282 0.576109
vt 0.981679 0.580561
vt 0.981524 0.584367
vt 0.974327 0.580968
vt 0.980302 0.584198
vt 0.969282 0.581408
vt 0.982333 0.590696
vt 0.983275 0.590285
vt 0.979055 0.584146
vt 0.980077 0.580059
vt 0.985849 0.597160
vt 0.986607 0.596630
vt 0.981319 0.591954
vt 0.990043 0.603234
vt 0.991070 0.603092
vt 0.996646 0.609215
vt 0.995899 0.610198
vt 0.989112 0.604140
vt 0.995083 0.611258
vt 0.985097 0.597887
vt 0.984811 0.607327
vt 0.991060 0.614913
vt 0.987597 0.616438
vt 0.980399 0.601041
vt 0.981343 0.608585
vt 0.976381 0.594275
vt 0.976122 0.601717
vt 0.978436 0.610837
vt 0.985427 0.618720
vt 0.973801 0.603873
vt 0.969421 0.605348
vt 0.968989 0.596753
vt 0.963952 0.597957
vt 0.971732 0.594240
vt 0.966497 0.590302
vt 0.960360 0.592660
vt 0.961484 0.592427
vt 0.959866 0.588999
vt 0.964535 0.588338
vt 0.960684 0.584670
vt 0.963853 0.584632
vt 0.960756 0.582707
vt 0.960992 0.582149
vt 0.964082 0.583384
vt 0.965401 0.582757
vt 0.965716 0.584604
vt 0.965488 0.583454
vt 0.969763 0.582747
vt 0.968629 0.586059
vt 0.974576 0.582408
vt 0.969631 0.587589
vt 0.973153 0.586059
vt 0.780960 0.569021
vt 0.774242 0.561412
vt 0.771168 0.567797
vt 0.782199 0.563024
vt 0.774969 0.559478
vt 0.790612 0.564341
vt 0.790616 0.571880
vt 0.783310 0.559966
vt 0.774868 0.556209
vt 0.784324 0.556416
vt 0.773780 0.554141
vt 0.790802 0.562091
vt 0.785044 0.554082
vt 0.773779 0.553244
vt 0.791436 0.558330
vt 0.785322 0.552908
vt 0.773834 0.549321
vt 0.792465 0.555705
vt 0.796334 0.560023
vt 0.786188 0.548778
vt 0.773285 0.546324
vt 0.792431 0.554237
vt 0.785520 0.545588
vt 0.773204 0.545116
vt 0.793544 0.549568
vt 0.785449 0.544407
vt 0.772039 0.538902
vt 0.794545 0.547173
vt 0.800878 0.552220
vt 0.786376 0.538500
vt 0.774513 0.529446
vt 0.794844 0.545988
vt 0.801988 0.549354
vt 0.789189 0.528973
vt 0.778449 0.517716
vt 0.795377 0.540749
vt 0.791845 0.521268
vt 0.784144 0.503686
vt 0.804941 0.535211
vt 0.796233 0.509021
vt 0.802428 0.474113
vt 0.806284 0.527582
vt 0.812312 0.479806
vt 0.810832 0.455495
vt 0.809945 0.515157
vt 0.820604 0.459626
vt 0.818089 0.433949
vt 0.822072 0.486021
vt 0.824783 0.435953
vt 0.820644 0.426541
vt 0.830795 0.463965
vt 0.830914 0.437515
vt 0.827434 0.428846
vt 0.821930 0.423940
vt 0.828761 0.425515
vt 0.822119 0.421241
vt 0.829896 0.422780
vt 0.832969 0.431681
vt 0.836829 0.438727
vt 0.834358 0.428950
vt 0.838608 0.434663
vt 0.844896 0.441246
vt 0.845767 0.436766
vt 0.839361 0.431558
vt 0.838871 0.466206
vt 0.831299 0.491990
vt 0.848418 0.466671
vt 0.823964 0.520446
vt 0.844935 0.496617
vt 0.852028 0.441491
vt 0.821483 0.534784
vt 0.843188 0.526471
vt 0.855065 0.498866
vt 0.853401 0.525703
vt 0.858292 0.467009
vt 0.853383 0.538654
vt 0.861655 0.438328
vt 0.853049 0.436662
vt 0.861492 0.433664
vt 0.852152 0.432961
vt 0.860095 0.429923
vt 0.845467 0.433250
vt 0.851594 0.430392
vt 0.840085 0.429030
vt 0.846554 0.430345
vt 0.846768 0.428086
vt 0.860739 0.428075
vt 0.852692 0.427743
vt 0.859985 0.425645
vt 0.866177 0.422690
vt 0.852688 0.426860
vt 0.870317 0.419592
vt 0.865676 0.422041
vt 0.874922 0.415992
vt 0.878538 0.412275
vt 0.869161 0.419415
vt 0.874426 0.415732
vt 0.875839 0.412556
vt 0.875952 0.400638
vt 0.875286 0.412521
vt 0.872708 0.412868
vt 0.873550 0.401701
vt 0.873448 0.396936
vt 0.873043 0.402260
vt 0.870816 0.405018
vt 0.871180 0.398641
vt 0.869375 0.394344
vt 0.870571 0.399432
vt 0.868010 0.396988
vt 0.859129 0.394537
vt 0.859203 0.392070
vt 0.867366 0.397561
vt 0.869080 0.401592
vt 0.858587 0.395261
vt 0.852037 0.394120
vt 0.852718 0.392047
vt 0.845942 0.391973
vt 0.866365 0.399141
vt 0.845807 0.394697
vt 0.841172 0.392898
vt 0.851892 0.395041
vt 0.858059 0.397304
vt 0.865609 0.400593
vt 0.868092 0.402723
vt 0.857602 0.398997
vt 0.869625 0.405536
vt 0.851305 0.409208
vt 0.871008 0.412625
vt 0.851414 0.413492
vt 0.867709 0.418383
vt 0.864453 0.420634
vt 0.859821 0.424797
vt 0.859786 0.423097
vt 0.852884 0.425500
vt 0.849292 0.417137
vt 0.846043 0.411702
vt 0.845073 0.417884
vt 0.846642 0.426080
vt 0.845810 0.427313
vt 0.840851 0.425186
vt 0.840408 0.426776
vt 0.840789 0.426416
vt 0.837682 0.422973
vt 0.841291 0.415280
vt 0.837088 0.424157
vt 0.832842 0.417310
vt 0.840212 0.410790
vt 0.836764 0.424618
vt 0.831786 0.419159
vt 0.835809 0.426476
vt 0.831294 0.419850
vt 0.826219 0.411953
vt 0.829222 0.412483
vt 0.828179 0.412246
vt 0.828482 0.401231
vt 0.831225 0.412671
vt 0.832431 0.407384
vt 0.831114 0.405019
vt 0.830475 0.402749
vt 0.835303 0.398026
vt 0.833866 0.395999
vt 0.835076 0.400856
vt 0.836101 0.402336
vt 0.841433 0.395532
vt 0.841047 0.397226
vt 0.845214 0.396258
vt 0.840548 0.399351
vt 0.844511 0.398217
vt 0.851057 0.396214
vt 0.850884 0.397857
vt 0.848586 0.405842
vt 0.843392 0.406162
vt 0.781693 0.648686
vt 0.782447 0.642705
vt 0.781688 0.648324
vt 0.783253 0.642384
vt 0.781903 0.649278
vt 0.784002 0.642505
vt 0.783581 0.653558
vt 0.784257 0.635633
vt 0.787224 0.644425
vt 0.785147 0.635791
vt 0.789019 0.645753
vt 0.785931 0.654743
vt 0.789122 0.637578
vt 0.791155 0.646842
vt 0.787643 0.656082
vt 0.791631 0.638134
vt 0.789855 0.658158
vt 0.785807 0.627316
vt 0.793898 0.648383
vt 0.790783 0.628699
vt 0.794527 0.639264
vt 0.794135 0.629599
vt 0.796965 0.631437
vt 0.797215 0.640095
vt 0.794887 0.648923
vt 0.790493 0.659165
vt 0.798917 0.662809
vt 0.798304 0.640900
vt 0.803919 0.653899
vt 0.805508 0.654489
vt 0.800708 0.663057
vt 0.802245 0.663921
vt 0.808722 0.647291
vt 0.801583 0.633353
vt 0.800157 0.632485
vt 0.813611 0.639657
vt 0.803203 0.624458
vt 0.804793 0.625343
vt 0.818086 0.631596
vt 0.810569 0.647924
vt 0.815276 0.640799
vt 0.807199 0.655579
vt 0.818601 0.642429
vt 0.809708 0.656881
vt 0.804451 0.664136
vt 0.805636 0.665368
vt 0.812719 0.649833
vt 0.814777 0.651214
vt 0.811940 0.658812
vt 0.807779 0.667443
vt 0.820959 0.644507
vt 0.816509 0.652815
vt 0.814166 0.661349
vt 0.814618 0.661934
vt 0.808222 0.667878
vt 0.819682 0.655891
vt 0.815099 0.662944
vt 0.820288 0.656510
vt 0.808629 0.668392
vt 0.827309 0.651286
vt 0.821140 0.657299
vt 0.827028 0.650475
vt 0.823593 0.646720
vt 0.835614 0.647122
vt 0.834624 0.645527
vt 0.830132 0.640231
vt 0.826700 0.637379
vt 0.837267 0.634852
vt 0.832530 0.631920
vt 0.823916 0.634726
vt 0.829531 0.630270
vt 0.836866 0.621512
vt 0.838797 0.635507
vt 0.841435 0.624920
vt 0.833235 0.620603
vt 0.840768 0.612049
vt 0.826865 0.627552
vt 0.820168 0.632666
vt 0.823863 0.625879
vt 0.821504 0.624687
vt 0.808819 0.618120
vt 0.825180 0.616835
vt 0.806802 0.617864
vt 0.812824 0.610394
vt 0.810974 0.609744
vt 0.818017 0.601065
vt 0.827161 0.617532
vt 0.829581 0.606461
vt 0.830447 0.618791
vt 0.831827 0.607482
vt 0.835323 0.608782
vt 0.838248 0.610459
vt 0.839551 0.600439
vt 0.843044 0.602220
vt 0.845613 0.603242
vt 0.849286 0.592762
vt 0.836432 0.597724
vt 0.844314 0.592346
vt 0.834501 0.596684
vt 0.840820 0.589545
vt 0.848341 0.588157
vt 0.821554 0.592428
vt 0.838768 0.587991
vt 0.816372 0.600500
vt 0.823297 0.583676
vt 0.819727 0.592132
vt 0.812966 0.599406
vt 0.820596 0.583067
vt 0.807697 0.608348
vt 0.815794 0.592086
vt 0.803369 0.616460
vt 0.805697 0.607084
vt 0.799479 0.622918
vt 0.800640 0.615032
vt 0.796261 0.621627
vt 0.793152 0.620314
vt 0.797790 0.613895
vt 0.787135 0.618679
vt 0.803239 0.605756
vt 0.792400 0.611597
vt 0.798049 0.603807
vt 0.784927 0.618268
vt 0.791688 0.610824
vt 0.801742 0.596564
vt 0.790336 0.610108
vt 0.795870 0.602747
vt 0.782921 0.618071
vt 0.797020 0.603186
vt 0.799435 0.596056
vt 0.800698 0.596205
vt 0.806918 0.597685
vt 0.802421 0.590105
vt 0.801009 0.589715
vt 0.801404 0.582970
vt 0.803357 0.590250
vt 0.803153 0.582763
vt 0.799103 0.576615
vt 0.808465 0.591066
vt 0.803658 0.582780
vt 0.800845 0.576233
vt 0.810068 0.598909
vt 0.812242 0.591369
vt 0.809108 0.582759
vt 0.812908 0.582042
vt 0.817630 0.582197
vt 0.812619 0.577779
vt 0.815607 0.579040
vt 0.820105 0.580570
vt 0.823841 0.581118
vt 0.816905 0.577489
vt 0.840181 0.585462
vt 0.824760 0.578729
vt 0.813609 0.575632
vt 0.843199 0.587179
vt 0.849466 0.585936
vt 0.808780 0.573319
vt 0.856666 0.588866
vt 0.806995 0.575711
vt 0.851707 0.595111
vt 0.801625 0.575983
vt 0.799094 0.571579
vt 0.802042 0.571872
vt 0.809034 0.572246
vt 0.801450 0.570695
vt 0.795474 0.571795
vt 0.798330 0.570114
vt 0.796117 0.565793
vt 0.802409 0.567335
vt 0.796350 0.564032
vt 0.802144 0.565562
vt 0.802794 0.562703
vt 0.800101 0.558655
vt 0.807695 0.564677
vt 0.800375 0.557598
vt 0.809676 0.562832
vt 0.809716 0.561698
vt 0.810091 0.556448
vt 0.809827 0.553890
vt 0.812996 0.557480
vt 0.809795 0.552552
vt 0.812112 0.554180
vt 0.811436 0.552556
vt 0.802770 0.548538
vt 0.810208 0.548221
vt 0.803635 0.543416
vt 0.816851 0.540173
vt 0.812780 0.551693
vt 0.819590 0.541822
vt 0.823337 0.539263
vt 0.813475 0.552933
vt 0.820347 0.543237
vt 0.815098 0.556725
vt 0.823633 0.541233
vt 0.823453 0.547511
vt 0.816402 0.560038
vt 0.826171 0.546346
vt 0.813092 0.563367
vt 0.823837 0.551002
vt 0.812724 0.564164
vt 0.814871 0.565390
vt 0.813132 0.566414
vt 0.818435 0.561750
vt 0.807841 0.567124
vt 0.814227 0.568640
vt 0.808166 0.568715
vt 0.813961 0.570660
vt 0.815074 0.573916
vt 0.817959 0.575023
vt 0.818734 0.573105
vt 0.819132 0.571481
vt 0.819786 0.570206
vt 0.825888 0.576758
vt 0.825455 0.574111
vt 0.825575 0.572208
vt 0.840108 0.577019
vt 0.840616 0.581905
vt 0.840572 0.579683
vt 0.848760 0.582120
vt 0.848817 0.576388
vt 0.853182 0.583954
vt 0.850171 0.579759
vt 0.839154 0.574416
vt 0.850725 0.576916
vt 0.859369 0.580870
vt 0.862562 0.588958
vt 0.855357 0.598757
vt 0.870532 0.582713
vt 0.849493 0.607332
vt 0.859970 0.578435
vt 0.845651 0.614808
vt 0.842625 0.625492
vt 0.846943 0.615767
vt 0.843718 0.625967
vt 0.840198 0.635669
vt 0.847655 0.617239
vt 0.836857 0.648635
vt 0.851626 0.608562
vt 0.850674 0.607813
vt 0.856319 0.600152
vt 0.863920 0.593246
vt 0.869744 0.590273
vt 0.870804 0.578125
vt 0.860563 0.575966
vt 0.871280 0.576108
vt 0.870827 0.573548
vt 0.851905 0.575603
vt 0.860656 0.573106
vt 0.860231 0.573770
vt 0.853908 0.570749
vt 0.853034 0.572202
vt 0.852445 0.573062
vt 0.848141 0.573999
vt 0.849319 0.570570
vt 0.849104 0.571474
vt 0.848442 0.571108
vt 0.846564 0.572896
vt 0.850744 0.569313
vt 0.846610 0.568348
vt 0.838778 0.572325
vt 0.844301 0.569277
vt 0.824982 0.569895
vt 0.838260 0.568473
vt 0.820408 0.568243
vt 0.825315 0.566251
vt 0.821678 0.564752
vt 0.825102 0.558888
vt 0.836666 0.561022
vt 0.825076 0.553401
vt 0.827513 0.552425
vt 0.826668 0.550063
vt 0.835887 0.554079
vt 0.841098 0.563016
vt 0.837162 0.555254
vt 0.837001 0.552023
vt 0.838392 0.553982
vt 0.844060 0.563978
vt 0.839840 0.551634
vt 0.838702 0.549676
vt 0.847272 0.565421
vt 0.841906 0.549165
vt 0.839626 0.546171
vt 0.840880 0.544428
vt 0.842493 0.539101
vt 0.847151 0.545859
vt 0.842812 0.548171
vt 0.853648 0.550790
vt 0.852979 0.559003
vt 0.850073 0.561637
vt 0.849525 0.563022
vt 0.852204 0.565137
vt 0.851798 0.566227
vt 0.854257 0.565597
vt 0.853921 0.566828
vt 0.859661 0.565674
vt 0.828388 0.652697
vt 0.837354 0.651916
vt 0.848781 0.658648
vt 0.829257 0.654845
vt 0.847064 0.659782
vt 0.854778 0.669117
vt 0.837246 0.658167
vt 0.822450 0.658849
vt 0.852687 0.669590
vt 0.856372 0.679863
vt 0.816061 0.664314
vt 0.854289 0.680047
vt 0.854672 0.689969
vt 0.848347 0.671071
vt 0.844015 0.663465
vt 0.852456 0.689310
vt 0.849909 0.679314
vt 0.848394 0.696928
vt 0.849924 0.698667
vt 0.848146 0.687360
vt 0.841873 0.702826
vt 0.842751 0.705044
vt 0.845065 0.693821
vt 0.833789 0.706025
vt 0.834186 0.708780
vt 0.839525 0.698824
vt 0.844907 0.685706
vt 0.842082 0.691275
vt 0.832860 0.701935
vt 0.825207 0.706480
vt 0.824741 0.708881
vt 0.837724 0.695440
vt 0.817304 0.704150
vt 0.815025 0.705807
vt 0.808914 0.700756
vt 0.826040 0.702083
vt 0.810474 0.698958
vt 0.804208 0.693637
vt 0.819266 0.699983
vt 0.805990 0.692470
vt 0.801950 0.684654
vt 0.813530 0.696027
vt 0.804398 0.684636
vt 0.810026 0.690734
vt 0.805380 0.676137
vt 0.803557 0.675578
vt 0.808084 0.683888
vt 0.813497 0.688844
vt 0.810034 0.669645
vt 0.816531 0.693431
vt 0.818354 0.666502
vt 0.821044 0.696787
vt 0.813123 0.671394
vt 0.826647 0.698375
vt 0.809233 0.677115
vt 0.832387 0.697789
vt 0.813257 0.678020
vt 0.812303 0.683475
vt 0.816226 0.673135
vt 0.814727 0.683181
vt 0.815733 0.687811
vt 0.818346 0.691795
vt 0.816945 0.682900
vt 0.822178 0.694757
vt 0.817786 0.686857
vt 0.820003 0.690255
vt 0.826961 0.695988
vt 0.823274 0.692725
vt 0.818975 0.686306
vt 0.831946 0.695457
vt 0.827314 0.693756
vt 0.836584 0.693349
vt 0.831560 0.693301
vt 0.835527 0.691454
vt 0.840360 0.689708
vt 0.838749 0.688316
vt 0.831346 0.692055
vt 0.827519 0.692488
vt 0.834920 0.690368
vt 0.823945 0.691480
vt 0.821005 0.689325
vt 0.824611 0.685403
vt 0.826704 0.686920
vt 0.830423 0.686849
vt 0.825418 0.684706
vt 0.828396 0.687110
vt 0.827152 0.685958
vt 0.824861 0.683491
vt 0.823905 0.683900
vt 0.828500 0.686088
vt 0.830244 0.685854
vt 0.833126 0.683698
vt 0.831808 0.685048
vt 0.832309 0.685893
vt 0.833844 0.684341
vt 0.837815 0.687521
vt 0.833938 0.682433
vt 0.834857 0.682759
vt 0.840868 0.684206
vt 0.839657 0.683804
vt 0.835291 0.679862
vt 0.834303 0.680051
vt 0.840182 0.679633
vt 0.839466 0.675495
vt 0.842895 0.684912
vt 0.841479 0.679519
vt 0.843579 0.679365
vt 0.845858 0.679244
vt 0.842490 0.673826
vt 0.844597 0.672746
vt 0.840559 0.674881
vt 0.839715 0.669064
vt 0.841283 0.666975
vt 0.838251 0.670972
vt 0.836307 0.663373
vt 0.835596 0.666125
vt 0.830391 0.659040
vt 0.830823 0.663379
vt 0.824050 0.662114
vt 0.825437 0.665476
vt 0.820513 0.668923
vt 0.830858 0.665880
vt 0.826121 0.667504
vt 0.821756 0.670413
vt 0.818054 0.674127
vt 0.822896 0.671837
vt 0.815536 0.678454
vt 0.819740 0.675058
vt 0.817625 0.678831
vt 0.818217 0.682732
vt 0.820706 0.675599
vt 0.823515 0.681967
vt 0.818826 0.679041
vt 0.824520 0.681819
vt 0.823831 0.679947
vt 0.824816 0.678039
vt 0.823602 0.672759
vt 0.825976 0.676573
vt 0.825628 0.678463
vt 0.824780 0.680125
vt 0.826550 0.677280
vt 0.827008 0.670603
vt 0.828500 0.675155
vt 0.826694 0.669422
vt 0.830715 0.669503
vt 0.830796 0.668180
vt 0.834826 0.668557
vt 0.834345 0.669912
vt 0.830211 0.675007
vt 0.828644 0.676132
vt 0.830025 0.676045
vt 0.832119 0.675340
vt 0.837393 0.672050
vt 0.833707 0.676430
vt 0.834760 0.678154
vt 0.833875 0.678717
vt 0.832987 0.677253
vt 0.831669 0.676357
vt 0.784684 0.627136
vt 0.783411 0.635086
vt 0.783583 0.627417
vt 0.781461 0.627271
vt 0.781319 0.635315
vt 0.780355 0.642830
vt 0.780558 0.652086
vt 0.780042 0.619128
vt 0.770526 0.612172
vt 0.778492 0.651254
vt 0.773030 0.660695
vt 0.768946 0.613785
vt 0.757976 0.610771
vt 0.775141 0.621698
vt 0.758233 0.612696
vt 0.767060 0.617867
vt 0.748675 0.615210
vt 0.747250 0.613169
vt 0.739286 0.618545
vt 0.758667 0.617102
vt 0.740869 0.620418
vt 0.733045 0.626444
vt 0.751352 0.618842
vt 0.758660 0.620948
vt 0.752148 0.622387
vt 0.743900 0.623257
vt 0.765322 0.621699
vt 0.746579 0.625701
vt 0.738960 0.628939
vt 0.735066 0.627324
vt 0.731794 0.635767
vt 0.729853 0.635183
vt 0.736405 0.635719
vt 0.742517 0.630454
vt 0.736192 0.642826
vt 0.732352 0.643869
vt 0.729657 0.644073
vt 0.732208 0.652336
vt 0.740318 0.636085
vt 0.735071 0.651714
vt 0.737973 0.660164
vt 0.738229 0.649768
vt 0.739884 0.658447
vt 0.745968 0.664735
vt 0.740214 0.641936
vt 0.746826 0.662610
vt 0.754838 0.666724
vt 0.743159 0.655226
vt 0.755238 0.664722
vt 0.764118 0.665451
vt 0.742005 0.647397
vt 0.764040 0.663304
vt 0.755907 0.660147
vt 0.771892 0.659096
vt 0.763112 0.658797
vt 0.748942 0.658735
vt 0.769786 0.655148
vt 0.750405 0.654816
vt 0.774847 0.649423
vt 0.745542 0.651857
vt 0.756079 0.655890
vt 0.747206 0.649967
vt 0.751420 0.652496
vt 0.761934 0.654907
vt 0.756323 0.653392
vt 0.767263 0.651862
vt 0.761357 0.652520
vt 0.756522 0.651108
vt 0.765887 0.649924
vt 0.752342 0.650358
vt 0.760794 0.650351
vt 0.764628 0.648147
vt 0.769287 0.645952
vt 0.771218 0.647253
vt 0.767537 0.644755
vt 0.776787 0.642383
vt 0.771152 0.641024
vt 0.773229 0.641537
vt 0.777662 0.635277
vt 0.771746 0.635787
vt 0.777022 0.628232
vt 0.773938 0.635541
vt 0.770774 0.624729
vt 0.773250 0.629719
vt 0.771002 0.630754
vt 0.768639 0.626520
vt 0.764139 0.623965
vt 0.766790 0.628224
vt 0.758589 0.623312
vt 0.763059 0.626068
vt 0.753033 0.624519
vt 0.758464 0.625506
vt 0.753789 0.626504
vt 0.748222 0.627370
vt 0.744685 0.631470
vt 0.749696 0.628928
vt 0.742754 0.636331
vt 0.746658 0.632421
vt 0.742612 0.641398
vt 0.744986 0.636569
vt 0.744165 0.646113
vt 0.744834 0.640902
vt 0.746145 0.644930
vt 0.748737 0.648219
vt 0.749671 0.647141
vt 0.747274 0.644258
vt 0.746116 0.640615
vt 0.746270 0.636706
vt 0.751489 0.639458
vt 0.747796 0.632971
vt 0.751621 0.637366
vt 0.750571 0.629868
vt 0.752463 0.635366
vt 0.752635 0.637499
vt 0.754235 0.627736
vt 0.753375 0.635772
vt 0.752516 0.639240
vt 0.752081 0.641412
vt 0.753018 0.640929
vt 0.752959 0.642891
vt 0.753706 0.642116
vt 0.755631 0.643230
vt 0.755279 0.644239
vt 0.757043 0.643277
vt 0.752879 0.649070
vt 0.757029 0.644314
vt 0.756617 0.649791
vt 0.760460 0.649110
vt 0.759074 0.643928
vt 0.763911 0.647123
vt 0.758801 0.642945
vt 0.760910 0.642857
vt 0.760330 0.642051
vt 0.762339 0.641216
vt 0.766555 0.644067
vt 0.761569 0.640630
vt 0.767999 0.640265
vt 0.763246 0.639579
vt 0.762311 0.639325
vt 0.769219 0.640552
vt 0.768449 0.636254
vt 0.769699 0.636058
vt 0.763486 0.636699
vt 0.768949 0.631771
vt 0.767774 0.632392
vt 0.765771 0.629218
vt 0.762870 0.635065
vt 0.762454 0.627286
vt 0.761720 0.633439
vt 0.758374 0.626753
vt 0.760007 0.632411
vt 0.757935 0.632121
vt 0.756102 0.632302
vt 0.757786 0.633153
vt 0.753543 0.633828
vt 0.756342 0.633278
vt 0.754236 0.634539
vt 0.759553 0.633398
vt 0.760966 0.634257
vt 0.761974 0.635646
vt 0.762493 0.636950
vn -0.1004 0.1743 -0.9796
vn 0.0431 0.4075 -0.9122
vn -0.3498 0.2684 -0.8975
vn -0.3904 0.5100 -0.7664
vn -0.0635 0.8071 -0.5869
vn -0.1894 0.2624 -0.9462
vn -0.5854 0.7228 -0.3673
vn -0.1851 0.9424 -0.2786
vn -0.3018 0.4089 -0.8612
vn -0.1150 0.2118 -0.9705
vn -0.6766 0.7295 -0.0996
vn -0.2698 0.9625 0.0291
vn -0.4918 0.7203 -0.4892
vn -0.1560 0.3780 -0.9126
vn -0.2129 0.1813 -0.9601
vn -0.2077 0.7592 -0.6168
vn -0.2164 0.3747 -0.9015
vn -0.2958 0.1883 -0.9365
vn -0.2648 0.6935 -0.6700
vn -0.3035 0.3217 -0.8969
vn -0.2742 0.2642 -0.9247
vn -0.2536 0.4188 -0.8719
vn -0.1928 0.2816 -0.9400
vn -0.3126 0.6260 -0.7144
vn -0.1975 0.4534 -0.8691
vn -0.1681 0.2689 -0.9484
vn -0.2197 0.6952 -0.6844
vn -0.1711 0.4646 -0.8688
vn -0.0289 0.1962 -0.9801
vn -0.1794 0.7028 -0.6884
vn -0.1715 0.7012 -0.6920
vn -0.0264 0.1663 -0.9857
vn 0.2038 -0.0215 -0.9788
vn 0.0682 0.0521 -0.9963
vn 0.7127 -0.4857 -0.5062
vn -0.0802 0.3865 -0.9188
vn 0.6870 -0.4642 -0.5591
vn 0.6088 -0.4096 -0.6794
vn -0.0003 0.3180 -0.9481
vn -0.1336 0.6388 -0.7577
vn -0.0437 0.5132 -0.8571
vn 0.7646 -0.2583 -0.5905
vn 0.6215 -0.3979 -0.6748
vn 0.2513 -0.1160 -0.9609
vn 0.3830 -0.1802 -0.9060
vn 0.7122 -0.3417 -0.6132
vn 0.7591 -0.2483 -0.6017
vn 0.8604 0.1262 -0.4938
vn 0.6245 -0.0659 -0.7783
vn 0.7453 -0.3715 -0.5537
vn 0.9029 0.0889 -0.4205
vn 0.3847 0.4007 -0.8315
vn -0.0155 0.5873 -0.8092
vn 0.8615 0.4373 -0.2580
vn 0.8909 0.3939 -0.2263
vn 0.6274 0.7462 0.2225
vn 0.0567 0.8450 -0.5318
vn -0.0739 0.8075 -0.5852
vn 0.6799 0.6939 0.2372
vn -0.1453 0.8114 -0.5661
vn 0.7600 0.6496 0.0197
vn -0.1452 0.9051 -0.3996
vn -0.1226 0.9371 -0.3268
vn -0.1427 0.9274 -0.3458
vn -0.0232 0.9829 -0.1828
vn -0.1600 0.9444 -0.2873
vn 0.8757 0.4828 -0.0072
vn -0.1988 0.9477 -0.2497
vn -0.1501 0.9843 -0.0927
vn -0.2603 0.9405 -0.2184
vn -0.1622 0.9862 -0.0317
vn -0.2586 0.9174 -0.3026
vn -0.1816 0.9828 0.0326
vn -0.2143 0.9732 0.0836
vn -0.2354 0.9437 -0.2322
vn -0.2200 0.9720 0.0829
vn -0.5416 0.8305 -0.1297
vn -0.2038 0.9725 0.1131
vn -0.1950 0.9368 0.2905
vn -0.6797 0.7321 -0.0451
vn -0.2584 0.9572 0.1305
vn -0.5359 0.8442 0.0137
vn -0.1747 0.9462 0.2726
vn -0.5023 0.8632 0.0506
vn -0.6617 0.7340 -0.1528
vn -0.3838 0.9137 0.1333
vn -0.0611 0.6990 0.7125
vn -0.6963 0.6932 -0.1861
vn -0.1254 0.7469 0.6530
vn -0.3993 0.8251 0.3998
vn -0.6297 0.7665 0.1262
vn -0.0102 0.3969 0.9178
vn -0.7605 0.6488 -0.0250
vn -0.8034 0.5122 0.3035
vn -0.1793 0.1179 0.9767
vn -0.8886 0.1534 0.4322
vn -0.9189 -0.1605 0.3603
vn -0.9152 0.3797 0.1349
vn -0.9619 0.0781 0.2621
vn -0.8662 -0.1613 0.4729
vn -0.8073 -0.5763 0.1270
vn 0.0322 0.0295 0.9990
vn 0.0617 -0.0788 0.9950
vn 0.0023 0.2292 0.9734
vn -0.0906 0.5792 0.8102
vn 0.0646 0.0539 0.9964
vn -0.0179 0.5478 0.8364
vn 0.0596 0.2588 0.9641
vn -0.0226 0.3826 0.9236
vn 0.0826 -0.0957 0.9920
vn 0.0327 0.1533 0.9876
vn -0.1127 0.6963 0.7088
vn -0.0375 0.2550 0.9662
vn -0.1833 0.9328 0.3104
vn -0.0241 0.3581 0.9334
vn -0.1208 0.7272 0.6757
vn -0.1738 0.9580 0.2282
vn -0.1483 0.9667 0.2088
vn -0.0934 0.7380 0.6683
vn -0.0319 0.4722 0.8809
vn -0.0566 0.8561 0.5137
vn 0.0211 0.6377 0.7700
vn -0.1687 0.9762 0.1365
vn -0.0941 0.8732 0.4783
vn -0.0409 0.7658 0.6418
vn -0.0911 0.9903 -0.1047
vn -0.1096 0.9823 0.1521
vn -0.1053 0.8602 0.4990
vn 0.0123 0.9909 0.1338
vn 0.0237 0.9941 -0.1055
vn -0.1195 0.9697 0.2130
vn 0.8503 0.5207 -0.0766
vn -0.2391 0.9394 0.2456
vn 0.8945 0.4468 -0.0183
vn -0.3443 0.9239 0.1669
vn -0.3303 0.8850 0.3280
vn -0.2979 0.9336 0.1991
vn -0.4126 0.7821 0.4670
vn -0.1077 0.9547 0.2773
vn -0.3709 0.8936 0.2526
vn -0.0591 0.9907 0.1224
vn -0.4675 0.8142 0.3443
vn -0.1860 0.7330 0.6543
vn -0.2621 0.6155 0.7433
vn -0.3526 0.7221 0.5951
vn -0.3453 0.7705 0.5359
vn -0.1897 0.2640 0.9457
vn -0.1185 0.4201 0.8997
vn -0.1129 0.1455 0.9829
vn 0.0275 0.0417 0.9988
vn 0.1066 -0.3373 0.9353
vn 0.0775 -0.2948 0.9524
vn -0.8432 -0.5375 0.0096
vn 0.1609 -0.5495 0.8199
vn -0.7159 -0.6441 -0.2695
vn -0.6754 -0.7069 -0.2102
vn 0.1090 -0.5782 0.8086
vn -0.2493 -0.9190 0.3054
vn -0.6455 -0.6961 -0.3143
vn -0.0394 -0.3650 0.9302
vn -0.1032 -0.1154 0.9879
vn -0.0310 -0.5436 0.8387
vn -0.0841 -0.3816 0.9205
vn 0.0957 -0.7240 0.6832
vn -0.0876 -0.5939 0.7997
vn -0.0257 -0.6757 0.7367
vn -0.0672 -0.3878 0.9193
vn -0.0544 -0.1137 0.9920
vn -0.0809 -0.5945 0.8000
vn 0.0001 -0.3565 0.9343
vn -0.0877 0.1697 0.9816
vn 0.0332 -0.1182 0.9924
vn -0.0292 -0.5732 0.8189
vn -0.1382 0.3834 0.9132
vn 0.0507 -0.3413 0.9386
vn 0.0199 0.0923 0.9955
vn 0.0913 -0.0985 0.9909
vn -0.1760 0.4705 0.8647
vn -0.0076 0.2914 0.9566
vn -0.1111 0.5956 0.7956
vn -0.0712 0.5091 0.8578
vn 0.1413 0.1040 0.9845
vn 0.1002 0.2654 0.9589
vn 0.0076 0.5051 0.8631
vn -0.0400 0.6607 0.7496
vn -0.1107 0.8221 0.5585
vn 0.1669 0.5003 0.8496
vn 0.0116 0.8133 0.5817
vn 0.1003 0.6727 0.7331
vn 0.2036 0.2961 0.9332
vn -0.0285 0.9711 0.2370
vn 0.2122 0.1453 0.9664
vn 0.1029 0.8863 0.4516
vn 0.2242 0.0825 0.9710
vn 0.3936 0.0986 0.9140
vn 0.1925 -0.0667 0.9790
vn 0.3335 0.0503 0.9414
vn 0.1345 -0.2944 0.9462
vn 0.2850 -0.0455 0.9574
vn 0.0083 -0.5314 0.8471
vn 0.2187 -0.2723 0.9370
vn 0.0706 -0.4882 0.8699
vn 0.8153 -0.0180 0.5788
vn 0.8115 -0.0446 0.5827
vn 0.8230 -0.0547 0.5654
vn 0.8365 -0.1222 0.5341
vn 0.8810 -0.0370 0.4717
vn 0.3878 0.2023 0.8993
vn 0.7531 -0.0888 0.6518
vn 0.3120 0.4108 0.8567
vn 0.7823 -0.1425 0.6063
vn 0.2558 0.5303 0.8083
vn 0.8558 -0.0539 0.5144
vn 0.1706 0.6925 0.7010
vn 0.8267 0.0777 0.5572
vn 0.9065 0.1532 0.3935
vn 0.7748 -0.0682 0.6286
vn 0.6740 -0.0719 0.7352
vn 0.6451 0.0453 0.7628
vn 0.7172 -0.1375 0.6831
vn 0.6762 -0.0894 0.7312
vn 0.5724 0.2931 0.7658
vn 0.8508 -0.1305 0.5090
vn 0.6818 -0.0616 0.7290
vn 0.7471 0.4044 0.5276
vn 0.7308 0.2040 0.6513
vn 0.8537 -0.5206 0.0155
vn 0.7588 0.6442 0.0960
vn 0.8746 -0.4425 -0.1982
vn 0.9154 0.3358 -0.2221
vn 0.3158 0.7298 0.6064
vn 0.5654 0.5004 -0.6557
vn 0.5009 0.7934 -0.3459
vn 0.3677 0.5057 -0.7805
vn 0.2752 0.8622 0.4253
vn 0.6015 0.6274 -0.4945
vn 0.2109 0.9100 -0.3570
vn 0.5714 0.8195 -0.0443
vn 0.3534 0.9045 -0.2388
vn 0.5147 0.8518 -0.0975
vn -0.0515 0.9986 -0.0147
vn -0.0123 0.9736 0.2279
vn 0.0066 0.9776 0.2103
vn 0.2155 0.9691 0.1202
vn 0.7020 0.1583 -0.6944
vn 0.5429 0.5002 -0.6746
vn 0.6131 0.4743 -0.6318
vn 0.9466 0.2999 -0.1186
vn 0.1980 0.9500 -0.2413
vn 0.0444 0.9907 -0.1288
vn 0.3725 0.9278 0.0189
vn 0.4492 0.8903 -0.0741
vn 0.3130 0.8753 -0.3685
vn 0.5920 0.8058 -0.0112
vn -0.0216 0.9897 -0.1415
vn 0.5979 0.7868 0.1532
vn 0.0196 0.9522 -0.3047
vn 0.9344 0.3554 0.0239
vn 0.5392 0.8385 0.0789
vn -0.0492 0.7781 -0.6262
vn 0.9306 0.3478 0.1143
vn 0.9698 0.2434 0.0158
vn 0.2522 0.9470 -0.1989
vn 0.1904 0.9772 -0.0942
vn -0.1977 0.9761 0.0898
vn -0.2241 0.9661 -0.1280
vn -0.2014 0.9343 -0.2943
vn 0.5354 0.8442 -0.0259
vn 0.5622 0.8013 0.2043
vn 0.1999 0.9298 -0.3092
vn 0.7629 0.4942 -0.4168
vn 0.7653 0.5091 0.3938
vn 0.7659 0.0990 -0.6353
vn 0.3512 0.8630 -0.3631
vn 0.8086 0.4575 -0.3701
vn 0.6628 0.5859 -0.4663
vn 0.9686 0.2436 0.0498
vn 0.9120 -0.2052 -0.3552
vn 0.8669 -0.3827 -0.3194
vn 0.7875 -0.5156 -0.3377
vn 0.9501 0.2120 0.2289
vn 0.2518 0.4948 0.8317
vn 0.8791 0.4387 0.1865
vn 0.0762 0.6852 0.7243
vn 0.8901 -0.4134 -0.1921
vn 0.9584 0.2690 0.0956
vn 0.9041 -0.3612 0.2283
vn 0.8970 -0.2980 0.3265
vn 0.4468 0.2165 0.8680
vn 0.5581 0.5948 0.5786
vn 0.9317 -0.2341 0.2779
vn 0.1907 0.1680 0.9672
vn 0.2983 0.0671 0.9521
vn 0.9448 -0.0559 0.3227
vn 0.2464 0.0227 0.9689
vn 0.8909 0.0078 0.4542
vn 0.9875 -0.0543 0.1483
vn 0.7747 -0.1130 0.6222
vn 0.2546 -0.2574 0.9322
vn 0.8078 -0.1369 0.5733
vn -0.0448 0.1627 0.9857
vn 0.0204 0.1941 0.9808
vn -0.0329 0.2071 0.9778
vn -0.1823 0.0611 0.9813
vn -0.1080 0.1393 0.9843
vn -0.0265 0.3822 0.9237
vn -0.1096 0.4139 0.9037
vn -0.4313 -0.1222 0.8939
vn -0.2119 -0.0194 0.9771
vn -0.2709 0.7631 0.5868
vn -0.0826 0.6107 0.7875
vn 0.0890 0.9054 0.4152
vn -0.1263 0.8266 0.5484
vn 0.3537 0.7260 0.5897
vn -0.3209 0.9408 0.1092
vn -0.0797 0.9924 0.0941
vn 0.7973 -0.4399 0.4133
vn -0.2279 0.9720 0.0571
vn 0.0351 0.8249 0.5641
vn 0.0340 0.7831 0.6210
vn -0.1902 0.9113 -0.3653
vn 0.1256 0.9913 0.0399
vn 0.3794 0.8648 0.3290
vn 0.1943 0.6172 0.7624
vn 0.1997 0.5004 0.8425
vn 0.3334 0.7204 0.6081
vn 0.4490 0.8933 -0.0186
vn 0.4932 0.8676 0.0636
vn 0.5225 0.8155 -0.2491
vn 0.4172 0.8677 -0.2703
vn 0.5296 0.8478 -0.0283
vn 0.1168 0.9035 -0.4124
vn 0.3413 0.9369 0.0753
vn 0.3472 0.8628 0.3674
vn 0.4992 0.8195 0.2816
vn 0.0411 0.9917 0.1216
vn 0.5254 0.8227 0.2168
vn -0.0682 0.9928 0.0986
vn 0.0968 0.8865 0.4524
vn -0.0845 0.9244 0.3718
vn 0.3719 0.8996 0.2289
vn 0.0799 0.9793 0.1860
vn 0.4166 0.9079 -0.0469
vn 0.5582 0.8290 -0.0350
vn 0.5562 0.7930 -0.2486
vn 0.1072 0.9930 -0.0492
vn 0.4230 0.8752 -0.2347
vn 0.3813 0.7630 -0.5220
vn 0.5387 0.6926 -0.4797
vn 0.1018 0.9624 -0.2520
vn -0.2203 0.9491 0.2251
vn -0.2069 0.9528 -0.2220
vn 0.0283 0.9976 -0.0630
vn -0.2159 0.9758 -0.0340
vn 0.1655 0.9831 0.0779
vn 0.9982 0.0047 -0.0590
vn 0.5712 0.8174 0.0745
vn 0.6278 -0.6312 0.4555
vn 0.9782 -0.1642 -0.1275
vn 0.8688 -0.3133 -0.3835
vn 0.5753 -0.3819 -0.7233
vn 0.3321 -0.0839 0.9395
vn -0.0828 0.5604 0.8241
vn 0.7887 0.6142 0.0254
vn 0.7341 -0.3998 -0.5488
vn 0.7461 0.6221 0.2374
vn -0.1103 0.7657 0.6336
vn 0.8890 -0.4293 0.1593
vn 0.8717 -0.4769 0.1123
vn 0.8368 0.5452 -0.0507
vn -0.0766 0.9959 -0.0475
vn 0.0951 0.9908 0.0962
vn 0.2344 0.9444 -0.2306
vn -0.0174 0.9051 -0.4248
vn 0.8126 -0.5162 0.2705
vn 0.9174 0.3857 -0.0986
vn 0.9749 0.2216 0.0219
vn 0.5918 0.7685 -0.2432
vn 0.5915 0.7845 -0.1865
vn 0.9978 0.0042 -0.0664
vn 0.6353 0.4285 -0.6424
vn -0.1363 0.8191 -0.5572
vn 0.7291 0.5729 -0.3743
vn 0.6508 0.6981 0.2986
vn 0.4199 0.8927 -0.1637
vn 0.6937 0.6344 0.3410
vn 0.9081 0.1750 -0.3804
vn 0.8800 0.4537 -0.1402
vn 0.9486 0.3026 0.0924
vn 0.9231 0.0949 -0.3728
vn 0.9800 -0.1836 0.0773
vn 0.8662 -0.2883 -0.4082
vn 0.8849 -0.4621 0.0584
vn 0.9725 -0.2232 -0.0668
vn 0.9673 -0.1621 -0.1950
vn 0.9430 -0.2552 -0.2137
vn 0.7528 -0.3253 -0.5722
vn 0.6994 -0.3300 -0.6340
vn 0.6549 -0.2637 -0.7082
vn 0.9387 -0.2035 -0.2781
vn 0.7252 -0.2407 -0.6451
vn 0.3650 -0.2274 -0.9028
vn 0.4119 0.1247 -0.9027
vn -0.0016 -0.1195 -0.9928
vn 0.6332 0.1696 -0.7552
vn 0.7566 0.2578 -0.6009
vn -0.0510 -0.0555 -0.9972
vn -0.1819 0.1902 -0.9647
vn 0.2327 0.5193 -0.8223
vn -0.2281 0.4312 -0.8730
vn 0.0116 0.1631 -0.9865
vn -0.1800 0.5373 -0.8240
vn -0.1598 0.5331 -0.8309
vn -0.2975 0.8297 -0.4723
vn 0.0694 0.7047 -0.7061
vn 0.0662 0.5360 -0.8416
vn 0.0679 0.5538 -0.8299
vn -0.1976 0.8581 -0.4739
vn 0.2796 0.4845 -0.8289
vn 0.3033 0.3884 -0.8702
vn 0.3002 0.2222 -0.9277
vn 0.4223 0.4463 -0.7889
vn 0.4096 0.7886 -0.4587
vn 0.5504 0.7295 -0.4061
vn 0.1168 0.8684 -0.4820
vn 0.4367 0.8926 -0.1118
vn 0.5579 0.8264 -0.0765
vn 0.5365 0.7635 -0.3596
vn 0.1321 0.9822 -0.1333
vn 0.4225 0.8245 -0.3764
vn -0.2040 0.9747 -0.0911
vn 0.0437 0.8795 -0.4739
vn 0.4139 0.7202 -0.5568
vn 0.4991 0.6275 -0.5976
vn 0.0951 0.7733 -0.6269
vn 0.0762 0.8155 -0.5737
vn -0.1291 0.6612 -0.7391
vn -0.1715 0.8016 -0.5727
vn -0.2801 0.8340 -0.4754
vn 0.0187 0.7245 -0.6891
vn 0.3482 0.9176 -0.1916
vn -0.0561 0.8830 -0.4661
vn 0.9501 -0.2292 0.2115
vn 0.7617 -0.1540 0.6294
vn 0.6725 -0.2877 0.6819
vn 0.6115 -0.2272 0.7579
vn 0.8875 0.4435 -0.1253
vn -0.0291 0.5948 -0.8033
vn 0.7124 0.5772 -0.3991
vn -0.0303 0.3915 -0.9197
vn 0.6191 -0.6873 0.3799
vn 0.5017 -0.4749 -0.7230
vn 0.6192 -0.4995 -0.6059
vn 0.9305 -0.3579 0.0782
vn 0.2392 0.7785 -0.5804
vn 0.1545 0.8410 -0.5185
vn -0.2505 0.9026 -0.3501
vn 0.0380 -0.2059 -0.9778
vn 0.2363 -0.2552 -0.9376
vn 0.0248 -0.2048 -0.9785
vn 0.3971 -0.2769 -0.8750
vn 0.7214 -0.3133 -0.6177
vn 0.2958 -0.2581 -0.9197
vn 0.0219 -0.1980 -0.9800
vn 0.6971 -0.2995 -0.6515
vn 0.7015 -0.3011 -0.6460
vn 0.6478 -0.3348 -0.6843
vn 0.6950 -0.3188 -0.6444
vn 0.6430 -0.3509 -0.6808
vn 0.6134 -0.3160 -0.7239
vn 0.2241 -0.2204 -0.9493
vn 0.6773 -0.3382 -0.6534
vn 0.2500 -0.2646 -0.9314
vn 0.5142 -0.2962 -0.8049
vn 0.6491 -0.3120 -0.6938
vn 0.7447 -0.2899 -0.6011
vn 0.6330 -0.3101 -0.7093
vn 0.7999 -0.3356 -0.4976
vn 0.2370 -0.4036 -0.8837
vn 0.8072 -0.3113 -0.5015
vn 0.2404 -0.2028 -0.9492
vn 0.6123 -0.3678 -0.6998
vn 0.1470 -0.2710 -0.9513
vn 0.0185 -0.1628 -0.9865
vn 0.7343 -0.3216 -0.5978
vn 0.4773 -0.4282 -0.7674
vn -0.0076 -0.2540 -0.9672
vn -0.1005 -0.1334 -0.9860
vn 0.0899 -0.4684 -0.8790
vn 0.7544 -0.2695 -0.5985
vn -0.0668 -0.2944 -0.9533
vn -0.1493 -0.0767 -0.9858
vn -0.0530 -0.4879 -0.8713
vn -0.1202 -0.3131 -0.9421
vn -0.2501 -0.0964 -0.9634
vn -0.0520 -0.6637 -0.7462
vn -0.2541 -0.3337 -0.9078
vn -0.2772 -0.2398 -0.9304
vn -0.0791 -0.6826 -0.7265
vn -0.2554 -0.4533 -0.8540
vn -0.1797 -0.3359 -0.9246
vn -0.2139 -0.6701 -0.7108
vn -0.1617 -0.4645 -0.8707
vn -0.0463 -0.2705 -0.9616
vn -0.2128 -0.7095 -0.6718
vn -0.0382 -0.3483 -0.9366
vn -0.1145 -0.2778 -0.9538
vn -0.1297 -0.7234 -0.6781
vn -0.0361 -0.5773 -0.8157
vn -0.1649 -0.3977 -0.9026
vn -0.4693 -0.3015 -0.8300
vn -0.4800 -0.4548 -0.7502
vn -0.1570 -0.3195 -0.9345
vn -0.6076 -0.4618 -0.6462
vn -0.2912 -0.6284 -0.7213
vn -0.0104 -0.8204 -0.5717
vn -0.5987 -0.6564 -0.4590
vn -0.1686 -0.8549 -0.4906
vn -0.0182 -0.9508 -0.3093
vn -0.2646 -0.9215 -0.2841
vn -0.7512 -0.6198 -0.2269
vn -0.0990 -0.9420 -0.3207
vn -0.1613 -0.9350 -0.3157
vn -0.0661 -0.9962 0.0560
vn -0.1254 -0.9483 -0.2915
vn -0.1160 -0.9918 0.0544
vn 0.0241 -0.9981 0.0574
vn -0.0753 -0.9505 -0.3016
vn -0.0756 -0.9949 0.0663
vn -0.1049 -0.8655 0.4898
vn -0.0938 -0.8748 0.4754
vn -0.0449 -0.8895 0.4547
vn -0.0597 -0.8482 0.5264
vn 0.0791 -0.9264 0.3682
vn -0.2268 -0.9724 -0.0546
vn -0.3105 -0.9469 0.0838
vn -0.7254 -0.6472 -0.2343
vn -0.7161 -0.6308 -0.2988
vn -0.6763 -0.7105 -0.1943
vn -0.5746 -0.8071 -0.1358
vn -0.4744 -0.8168 -0.3282
vn -0.4691 -0.8482 -0.2460
vn -0.7955 -0.5865 -0.1520
vn -0.5292 -0.8413 -0.1101
vn -0.7872 -0.5693 -0.2370
vn -0.7390 -0.6025 -0.3013
vn -0.6439 -0.7138 -0.2755
vn -0.9125 0.3012 -0.2769
vn -0.6545 -0.6987 -0.2889
vn -0.7349 -0.3996 -0.5480
vn -0.7467 -0.6428 0.1711
vn -0.8947 -0.1316 0.4268
vn -0.7071 -0.2176 -0.6728
vn -0.4978 0.0715 -0.8643
vn -0.9398 -0.1307 0.3158
vn -0.8871 0.0797 0.4546
vn -0.4896 -0.0285 -0.8715
vn -0.7531 -0.0993 -0.6504
vn -0.9343 0.0849 0.3462
vn -0.7462 0.5314 0.4010
vn -0.5961 -0.0572 -0.8009
vn -0.6221 -0.0480 -0.7815
vn -0.8370 0.5212 0.1669
vn -0.5508 0.8264 0.1172
vn -0.5880 -0.1267 -0.7989
vn -0.6046 0.7950 -0.0482
vn -0.6899 0.6841 -0.2366
vn -0.6646 0.7357 -0.1301
vn -0.5290 -0.1974 -0.8253
vn -0.7305 -0.0235 -0.6825
vn -0.7193 -0.1299 -0.6825
vn -0.9372 0.3007 -0.1768
vn -0.8673 0.4773 -0.1414
vn -0.9127 0.4076 -0.0301
vn -0.7092 0.1418 -0.6906
vn -0.9985 0.0226 -0.0501
vn -0.9495 0.3130 0.0232
vn -0.9378 -0.1450 -0.3156
vn -0.7908 0.1420 -0.5954
vn -0.5662 -0.1897 -0.8021
vn -0.5473 -0.2133 -0.8093
vn -0.5700 -0.3204 -0.7566
vn -0.5379 -0.0370 -0.8422
vn -0.6514 -0.2456 -0.7179
vn -0.5767 0.0014 -0.8169
vn -0.6822 0.1029 -0.7239
vn -0.5498 0.0184 -0.8351
vn -0.5909 0.0985 -0.8007
vn -0.8199 0.0199 -0.5722
vn -0.6513 0.2648 -0.7111
vn -0.8051 0.4840 -0.3429
vn -0.8527 0.4398 -0.2820
vn -0.9897 -0.1304 0.0597
vn -0.8678 0.4515 0.2074
vn -0.8428 0.5299 0.0945
vn -0.9966 -0.0029 0.0826
vn -0.8304 0.3601 0.4251
vn -0.5918 -0.7629 -0.2604
vn -0.9814 -0.1096 0.1574
vn -0.7781 0.2770 0.5638
vn -0.7885 0.2254 0.5722
vn -0.9858 -0.1667 0.0174
vn -0.7761 0.1464 0.6134
vn -0.7479 -0.2503 0.6148
vn -0.9141 -0.3902 -0.1104
vn -0.9883 -0.1507 0.0233
vn -0.4203 -0.7442 -0.5191
vn -0.9826 -0.1751 -0.0613
vn -0.9290 -0.1381 -0.3433
vn -0.9876 -0.1001 0.1210
vn -0.9661 -0.1533 -0.2076
vn -0.9853 0.0241 -0.1689
vn -0.7791 -0.0692 0.6231
vn -0.7634 -0.3252 0.5581
vn -0.9682 -0.1188 0.2201
vn -0.9969 -0.0778 0.0077
vn -0.9922 -0.0100 0.1243
vn -0.9762 0.2162 -0.0198
vn -0.9606 -0.1747 0.2163
vn -0.7284 -0.4575 0.5100
vn -0.9872 0.1376 0.0807
vn -0.9778 -0.0880 0.1900
vn -0.9664 -0.2537 -0.0401
vn -0.7436 -0.5558 0.3715
vn -0.7436 -0.6669 0.0476
vn -0.9533 0.1721 -0.2484
vn -0.6777 -0.6409 -0.3606
vn -0.7271 -0.6336 -0.2644
vn -0.7443 -0.5899 0.3130
vn 0.6087 0.1887 -0.7707
vn 0.7901 0.2087 -0.5763
vn 0.4563 0.0470 -0.8886
vn 0.4682 0.0246 -0.8833
vn 0.8205 0.4358 -0.3700
vn 0.8761 0.3102 -0.3692
vn 0.8437 0.5368 -0.0098
vn 0.5622 -0.1335 -0.8162
vn 0.9124 0.4059 -0.0529
vn 0.9506 -0.0073 -0.3103
vn 0.8930 0.4109 -0.1833
vn 0.8115 0.4754 -0.3398
vn 0.9958 0.0880 0.0271
vn 0.8630 0.3201 -0.3909
vn 0.7728 0.3962 -0.4958
vn 0.9961 0.0383 -0.0794
vn 0.7749 0.4091 -0.4818
vn 0.9117 -0.3285 -0.2466
vn 0.8484 0.3073 -0.4311
vn 0.9558 -0.2734 0.1083
vn 0.9562 0.0108 -0.2926
vn 0.9467 -0.3175 -0.0545
vn 0.8960 -0.3289 -0.2983
vn 0.9017 -0.0306 -0.4313
vn 0.9174 0.3717 -0.1421
vn 0.8365 0.5234 -0.1624
vn 0.8353 0.5498 -0.0001
vn 0.9953 0.0447 -0.0856
vn 0.9055 0.4226 0.0372
vn 0.8434 0.4473 0.2977
vn 0.7822 0.5688 0.2544
vn 0.7588 0.5195 0.3929
vn 0.9908 0.1018 0.0896
vn 0.9585 -0.2826 -0.0381
vn 0.8684 -0.3444 -0.3567
vn 0.9565 -0.2520 0.1467
vn 0.7509 -0.5853 -0.3060
vn 0.8155 -0.5786 0.0133
vn 0.8095 -0.5482 0.2100
vn 0.9317 0.1022 0.3484
vn 0.8871 -0.1925 0.4196
vn 0.7315 0.4778 0.4865
vn 0.8724 -0.2165 0.4383
vn 0.8335 0.5154 0.1990
vn 0.8661 0.4939 0.0774
vn 0.8416 0.4862 -0.2354
vn 0.9452 0.1255 0.3013
vn 0.9668 0.1090 0.2309
vn 0.8928 0.3758 -0.2484
vn 0.8241 0.5544 0.1164
vn 0.9482 -0.2683 0.1700
vn 0.9977 0.0623 -0.0250
vn 0.9003 0.4312 0.0585
vn 0.6474 0.4218 0.6348
vn 0.5063 0.4985 0.7037
vn 0.9893 0.0933 0.1124
vn 0.7356 0.4421 0.5133
vn 0.7609 0.1905 0.6202
vn 0.6397 0.7015 0.3141
vn 0.6930 -0.0370 0.7200
vn 0.7977 0.1938 0.5711
vn 0.9438 -0.1904 0.2701
vn 0.9612 -0.2740 -0.0310
vn 0.5632 -0.2388 0.7910
vn 0.7877 -0.5303 0.3135
vn 0.7950 -0.6065 0.0028
vn 0.7953 -0.4933 0.3523
vn 0.5562 -0.7475 0.3631
vn 0.5736 -0.8166 0.0651
vn 0.7281 -0.4409 0.5248
vn 0.5540 -0.7419 0.3776
vn 0.1732 -0.9763 0.1295
vn 0.4165 -0.4782 0.7732
vn 0.2235 -0.8571 0.4642
vn 0.2365 -0.9010 0.3636
vn -0.1078 -0.9889 0.1027
vn 0.4818 -0.6463 0.5917
vn 0.7506 -0.4678 0.4667
vn 0.5485 -0.6894 0.4732
vn 0.5720 -0.7848 0.2384
vn 0.5623 -0.8261 0.0377
vn 0.2476 -0.9337 0.2587
vn 0.5198 -0.8009 -0.2973
vn 0.2208 -0.9740 0.0512
vn 0.2052 -0.9468 -0.2478
vn -0.0887 -0.9920 0.0895
vn 0.1940 -0.8273 0.5272
vn -0.0921 -0.9499 0.2988
vn 0.1706 -0.7650 0.6210
vn -0.1030 -0.8391 0.5342
vn -0.0986 -0.8609 0.4992
vn -0.0730 -0.8999 0.4300
vn -0.3619 -0.7930 0.4901
vn -0.4211 -0.8243 0.3783
vn -0.4480 -0.8745 0.1858
vn -0.6139 -0.7181 0.3278
vn -0.3809 -0.7794 0.4974
vn -0.5674 -0.6404 0.5176
vn -0.4138 -0.8698 0.2688
vn -0.6122 -0.6509 0.4489
vn -0.1493 -0.7321 0.6646
vn -0.4088 -0.9079 0.0925
vn -0.5965 -0.7586 0.2621
vn -0.0584 -0.9756 -0.2115
vn -0.5505 -0.8327 0.0595
vn -0.3934 -0.8943 -0.2133
vn -0.0654 -0.9761 -0.2074
vn -0.5167 -0.8077 -0.2841
vn 0.2357 -0.9715 -0.0242
vn -0.3275 -0.8303 -0.4510
vn 0.5567 -0.8222 -0.1182
vn 0.2407 -0.9705 0.0159
vn 0.7943 -0.5856 -0.1620
vn 0.5532 -0.8308 0.0604
vn 0.8233 -0.5677 0.0027
vn 0.8147 -0.5598 0.1515
vn 0.5487 -0.8122 0.1981
vn 0.7993 -0.5901 -0.1135
vn 0.2328 -0.9582 0.1660
vn 0.5406 -0.8344 -0.1075
vn 0.2447 -0.9662 -0.0810
vn 0.5107 -0.5030 -0.6973
vn 0.3148 -0.6106 -0.7267
vn -0.0874 -0.9920 -0.0908
vn 0.2033 -0.4369 -0.8762
vn 0.0900 -0.4530 -0.8870
vn 0.6920 -0.5814 -0.4280
vn 0.1439 -0.7163 -0.6828
vn -0.0305 -0.4294 -0.9026
vn -0.0618 -0.6851 -0.7259
vn -0.1277 -0.9630 0.2374
vn -0.2150 -0.6320 -0.7445
vn -0.1232 -0.4776 -0.8699
vn -0.2713 -0.4939 -0.8261
vn -0.4323 -0.8940 -0.1174
vn -0.3413 -0.5403 -0.7692
vn -0.4376 -0.4620 -0.7714
vn -0.4635 -0.8374 0.2896
vn -0.6674 -0.7331 -0.1306
vn -0.6237 -0.5555 -0.5499
vn -0.1398 -0.9894 0.0393
vn -0.4778 -0.8764 -0.0606
vn -0.6505 -0.7469 0.1377
vn -0.4927 -0.8672 -0.0726
vn -0.4584 -0.7344 -0.5005
vn -0.0809 -0.8704 -0.4857
vn 0.2543 -0.8732 -0.4157
vn 0.2058 -0.9334 -0.2941
vn 0.2128 -0.9725 0.0944
vn 0.8789 -0.4697 -0.0828
vn 0.4004 -0.8441 0.3565
vn 0.3487 -0.9227 0.1643
vn 0.8817 -0.2826 -0.3777
vn 0.0953 -0.8334 0.5445
vn 0.8553 -0.2711 0.4415
vn 0.8181 -0.3142 -0.4817
vn -0.3065 -0.5932 0.7444
vn -0.4544 -0.7973 -0.3973
vn -0.6480 -0.7469 0.1492
vn -0.7891 -0.6077 -0.0896
vn -0.6009 -0.6036 -0.5239
vn 0.6464 -0.2396 -0.7244
vn 0.0138 -0.6140 -0.7891
vn -0.0871 -0.3735 -0.9235
vn -0.1523 -0.3515 -0.9237
vn -0.0258 -0.7149 -0.6987
vn 0.2574 -0.4325 -0.8641
vn 0.3793 -0.4132 -0.8279
vn 0.5242 -0.4115 -0.7456
vn 0.5630 -0.4067 -0.7195
vn 0.7934 -0.1669 -0.5854
vn 0.8809 -0.1144 -0.4594
vn 0.7573 -0.2253 -0.6130
vn 0.2043 -0.5164 -0.8316
vn 0.8734 -0.0788 -0.4806
vn 0.1319 -0.6294 -0.7658
vn 0.3723 -0.5878 -0.7182
vn 0.7677 -0.2971 -0.5677
vn 0.1241 -0.9348 -0.3326
vn 0.0665 -0.6778 -0.7322
vn 0.6516 -0.7449 -0.1435
vn 0.0397 -0.7896 -0.6124
vn 0.0419 -0.6165 -0.7862
vn -0.1334 -0.7462 -0.6522
vn -0.0598 -0.6750 -0.7354
vn -0.1360 -0.8008 -0.5832
vn -0.1068 -0.8519 -0.5127
vn -0.0913 -0.9185 -0.3846
vn -0.1013 -0.9915 -0.0821
vn 0.2835 -0.9062 0.3137
vn 0.3600 -0.7146 0.5999
vn 0.1401 -0.9390 0.3142
vn 0.6891 -0.7228 0.0523
vn 0.3383 -0.7242 0.6009
vn 0.0616 -0.8934 0.4450
vn 0.8312 -0.5523 -0.0641
vn 0.0957 -0.9755 -0.1979
vn 0.0843 -0.9143 0.3961
vn 0.9131 -0.3374 -0.2290
vn 0.0839 -0.9960 0.0320
vn 0.6931 -0.4358 -0.5742
vn -0.0783 -0.9106 0.4058
vn 0.5330 -0.4347 -0.7259
vn 0.4793 -0.6436 -0.5967
vn 0.1181 -0.5830 -0.8038
vn 0.0496 -0.7197 -0.6925
vn 0.1663 -0.7943 -0.5844
vn 0.4657 -0.8849 0.0060
vn 0.3044 -0.9389 -0.1607
vn 0.6572 -0.6950 -0.2916
vn 0.1032 -0.9322 -0.3469
vn 0.6101 -0.7771 0.1548
vn 0.8034 -0.5898 0.0817
vn 0.1034 -0.9896 0.1003
vn 0.8020 -0.5603 0.2073
vn 0.4952 -0.8421 0.2136
vn 0.5856 -0.7760 0.2341
vn 0.3924 -0.7700 0.5032
vn 0.7499 -0.5248 0.4027
vn 0.0899 -0.2483 0.9645
vn 0.2415 -0.5861 0.7734
vn 0.2242 -0.9501 0.2170
vn 0.7712 -0.0735 0.6324
vn 0.1675 0.0424 0.9850
vn -0.4448 -0.3140 0.8388
vn -0.6352 -0.6268 0.4514
vn 0.3213 -0.3165 0.8925
vn -0.4145 -0.8203 0.3940
vn 0.9446 0.3249 0.0475
vn -0.1052 -0.9305 0.3509
vn 0.1716 -0.4855 0.8572
vn -0.0555 -0.3127 0.9482
vn 0.0767 -0.1148 0.9904
vn 0.2095 -0.1495 0.9663
vn 0.0129 0.1592 0.9872
vn 0.7181 -0.4222 0.5533
vn -0.1578 -0.0445 0.9865
vn -0.3247 -0.3942 0.8598
vn -0.4244 -0.2896 0.8579
vn -0.7675 -0.4510 0.4555
vn -0.4714 -0.6344 0.6126
vn 0.9804 0.1717 0.0961
vn 0.9630 0.2691 0.0141
vn 0.9629 0.1882 0.1933
vn 0.8149 0.0621 0.5762
vn 0.9335 -0.1953 0.3008
vn 0.1491 -0.3372 0.9296
vn 0.8931 0.0062 0.4498
vn 0.7932 -0.2619 0.5498
vn 0.2746 -0.5195 0.8092
vn 0.9396 -0.1952 0.2811
vn 0.7868 -0.5710 0.2345
vn -0.0752 -0.8447 0.5300
vn 0.9127 -0.3630 0.1875
vn 0.3927 -0.7411 -0.5445
vn 0.1092 -0.9927 -0.0519
vn 0.5099 -0.8355 0.2050
vn 0.1595 -0.8964 -0.4136
vn -0.3208 -0.9343 0.1552
vn -0.0605 -0.9820 -0.1787
vn -0.3477 -0.9355 0.0626
vn -0.3571 -0.9287 0.0994
vn -0.2870 -0.9119 -0.2933
vn -0.4599 -0.8870 0.0413
vn -0.4593 -0.8720 -0.1693
vn -0.2578 -0.9622 0.0882
vn -0.2425 -0.9699 -0.0213
vn 0.2089 -0.7374 0.6424
vn 0.2468 -0.9633 0.1059
vn 0.5880 -0.8086 0.0208
vn 0.3462 -0.9377 -0.0295
vn 0.0223 -0.8744 -0.4847
vn 0.2507 -0.6910 -0.6780
vn 0.9480 -0.3074 -0.0829
vn 0.4109 -0.4013 -0.8186
vn 0.2574 -0.7933 -0.5517
vn 0.4380 -0.5071 -0.7423
vn 0.8091 -0.5417 -0.2279
vn 0.3937 -0.7521 -0.5285
vn 0.4433 -0.6367 -0.6310
vn 0.6710 -0.7239 -0.1602
vn 0.0366 -0.9993 -0.0025
vn -0.0434 -0.9967 0.0692
vn -0.0452 -0.9672 0.2498
vn 0.0930 -0.9955 0.0191
vn -0.0647 -0.7794 0.6232
vn -0.0375 -0.8133 0.5806
vn -0.0097 -0.9782 0.2075
vn 0.4524 -0.7132 -0.5354
vn 0.1999 -0.8445 0.4968
vn 0.6953 -0.6888 -0.2052
vn 0.1173 -0.5966 0.7939
vn 0.8827 -0.2416 0.4030
vn 0.1577 -0.4596 0.8740
vn 0.7758 -0.0948 0.6238
vn 0.6285 -0.3293 0.7047
vn 0.5266 -0.7648 0.3711
vn 0.7523 -0.0746 0.6546
vn 0.4271 -0.5142 0.7437
vn 0.2619 -0.9341 0.2427
vn 0.2598 -0.0073 0.9656
vn 0.7521 0.1871 0.6319
vn 0.1904 -0.6179 0.7628
vn -0.1052 -0.9171 0.3845
vn 0.7113 0.4481 0.5416
vn -0.1127 -0.6421 0.7583
vn -0.4199 -0.8277 0.3723
vn 0.0715 -0.1388 0.9877
vn 0.1828 -0.0957 0.9785
vn -0.3518 -0.5604 0.7498
vn -0.0445 -0.1656 0.9852
vn -0.5678 -0.4158 0.7104
vn -0.7091 -0.6303 0.3160
vn -0.1459 -0.0945 0.9848
vn -0.7198 -0.1896 0.6677
vn -0.8967 -0.3389 0.2847
vn -0.2638 -0.0453 0.9635
vn -0.7585 0.0748 0.6473
vn -0.9065 0.0000 0.4222
vn -0.3051 0.0687 0.9498
vn -0.0974 0.0081 0.9952
vn -0.1853 0.0566 0.9811
vn -0.3447 0.1694 0.9233
vn -0.7391 0.3352 0.5842
vn -0.8886 0.3261 0.3225
vn -0.2240 0.1010 0.9693
vn -0.6122 0.5417 0.5760
vn -0.6640 0.6672 0.3375
vn -0.5301 0.8407 0.1108
vn -0.3466 0.2856 0.8934
vn -0.4304 0.7681 0.4742
vn -0.2465 0.9689 0.0233
vn -0.3060 0.3985 0.8646
vn -0.1844 0.8822 0.4333
vn 0.1022 0.9928 0.0629
vn -0.1890 0.4542 0.8706
vn 0.0687 0.9075 0.4145
vn -0.0879 0.5026 0.8601
vn 0.3262 0.8380 0.4375
vn 0.3887 0.9176 0.0830
vn 0.0377 0.5236 0.8511
vn -0.0679 0.4150 0.9073
vn 0.5371 0.6862 0.4905
vn -0.1302 0.3859 0.9133
vn 0.2960 0.3277 0.8972
vn -0.2119 0.3625 0.9076
vn 0.2217 0.4279 0.8762
vn -0.2409 0.2340 0.9419
vn 0.1374 0.4871 0.8625
vn -0.2487 0.1641 0.9546
vn 0.0811 0.3845 0.9195
vn 0.0267 0.4230 0.9058
vn 0.1589 0.3610 0.9189
vn 0.0596 0.7841 0.6177
vn -0.1681 0.7764 0.6074
vn -0.3781 0.6875 0.6200
vn 0.0394 0.6459 0.7624
vn -0.4816 0.5176 0.7072
vn -0.1334 0.6496 0.7485
vn -0.2982 0.5905 0.7499
vn -0.6160 0.3049 0.7263
vn -0.4325 0.4666 0.7715
vn -0.1458 0.7480 0.6475
vn -0.6656 0.1010 0.7394
vn -0.5076 0.3045 0.8060
vn -0.6093 -0.1158 0.7844
vn -0.5060 0.1384 0.8514
vn -0.4641 -0.0248 0.8854
vn -0.4845 -0.2897 0.8254
vn -0.3709 -0.1630 0.9143
vn -0.6183 0.1167 0.7773
vn -0.6150 0.3105 0.7248
vn -0.5680 -0.0830 0.8188
vn -0.5150 0.5041 0.6933
vn -0.3465 0.6569 0.6696
vn -0.2422 0.5347 0.8096
vn -0.3688 0.4112 0.8336
vn -0.4418 0.1582 0.8830
vn -0.0558 0.2607 0.9638
vn -0.4285 0.2639 0.8641
vn -0.0258 0.2094 0.9775
vn -0.0140 0.2074 0.9782
vn -0.0801 0.5964 0.7987
vn -0.0979 0.2164 0.9714
vn -0.0449 0.1982 0.9791
vn -0.0180 0.1960 0.9804
vn -0.0851 0.1685 0.9820
vn -0.4086 0.0162 0.9126
vn -0.3448 -0.0860 0.9347
vn -0.4629 -0.2535 0.8494
vn -0.0460 0.1318 0.9902
vn -0.2137 -0.1864 0.9590
vn -0.2310 -0.2681 0.9353
vn -0.2879 -0.3810 0.8786
vn -0.0427 -0.2393 0.9700
vn -0.0154 0.1700 0.9853
vn -0.0673 -0.4392 0.8958
vn 0.1557 -0.4245 0.8919
vn -0.2735 -0.3751 0.8857
vn -0.0622 -0.3349 0.9402
vn -0.0709 -0.4917 0.8679
vn -0.0183 -0.0401 0.9990
vn 0.1503 -0.4754 0.8668
vn 0.0440 -0.0349 0.9984
vn 0.1149 -0.2972 0.9479
vn 0.3580 -0.3830 0.8515
vn 0.1207 -0.0020 0.9927
vn 0.2681 -0.2271 0.9362
vn 0.1877 0.0516 0.9809
vn 0.5359 -0.2371 0.8103
vn 0.3158 0.0976 0.9438
vn 0.2420 0.1246 0.9622
vn 0.3378 0.2161 0.9161
vn 0.2278 0.2145 0.9498
vn 0.2065 0.2937 0.9333
vn 0.6246 -0.0235 0.7806
vn 0.6509 0.2001 0.7323
vn 0.5934 0.4192 0.6871
vn 0.4541 0.5979 0.6606
vn 0.4642 0.3835 0.7984
vn 0.2801 0.7354 0.6171
vn 0.3367 0.5095 0.7919
vn 0.2105 0.6210 0.7551
vn 0.0577 0.7525 0.6560
vn 0.4202 0.5914 0.6882
vn 0.0423 0.5984 0.8001
vn 0.2575 0.7007 0.6653
vn -0.0041 0.2780 0.9606
vn 0.1751 0.5589 0.8105
vn 0.2677 0.4994 0.8240
vn 0.5460 0.4100 0.7306
vn 0.3748 0.3648 0.8523
vn 0.0479 0.2657 0.9629
vn 0.0011 0.2277 0.9737
vn -0.0031 0.2044 0.9789
vn 0.6063 0.1932 0.7714
vn 0.4168 0.1939 0.8881
vn 0.5053 0.2066 0.8378
vn 0.5790 -0.0201 0.8151
vn 0.4659 0.0376 0.8840
vn 0.4053 -0.1224 0.9060
vn 0.4900 -0.1965 0.8493
vn 0.3904 0.0320 0.9201
vn 0.0617 0.2041 0.9770
vn 0.0112 0.1916 0.9814
vn 0.3352 -0.0641 0.9400
vn 0.3353 -0.3326 0.8815
vn 0.2384 -0.1625 0.9575
vn 0.1306 -0.2164 0.9675
vn 0.0165 0.1174 0.9929
vn -0.0083 0.1942 0.9809
vn 0.0504 0.1557 0.9865
vn 0.4621 -0.3006 -0.8343
vn 0.8450 -0.0642 -0.5309
vn 0.8331 -0.3335 -0.4413
vn 0.7869 -0.3472 -0.5101
vn 0.7970 -0.0699 -0.5999
vn 0.7331 0.1931 -0.6522
vn 0.6795 0.5600 -0.4740
vn 0.6654 -0.5817 -0.4677
vn 0.5963 -0.7964 0.1009
vn 0.5398 0.3781 -0.7522
vn 0.4252 0.7470 -0.5111
vn 0.4525 -0.7826 -0.4276
vn 0.2304 -0.9730 0.0117
vn 0.3321 -0.4132 -0.8479
vn 0.1896 -0.8669 -0.4611
vn 0.2252 -0.4909 -0.8416
vn -0.0869 -0.8962 -0.4350
vn -0.1145 -0.9934 0.0056
vn -0.4208 -0.9071 -0.0070
vn 0.1095 -0.5402 -0.8344
vn -0.3484 -0.8220 -0.4505
vn -0.6931 -0.7198 -0.0389
vn -0.0312 -0.5410 -0.8405
vn 0.0954 -0.4787 -0.8728
vn -0.0218 -0.4995 -0.8660
vn -0.1401 -0.4825 -0.8646
vn 0.1960 -0.4501 -0.8712
vn -0.1259 -0.4462 -0.8860
vn -0.2528 -0.4381 -0.8626
vn -0.5692 -0.6643 -0.4844
vn -0.6505 -0.4326 -0.6242
vn -0.7677 -0.4980 -0.4032
vn -0.3405 -0.3423 -0.8757
vn -0.2285 -0.4176 -0.8794
vn -0.3457 -0.2144 -0.9135
vn -0.7520 -0.1851 -0.6327
vn -0.9180 -0.1614 -0.3623
vn -0.8617 0.1009 -0.4973
vn -0.2941 -0.3217 -0.9000
vn -0.7114 0.0773 -0.6985
vn -0.7131 0.3918 -0.5813
vn -0.3518 -0.0853 -0.9322
vn -0.5787 0.2851 -0.7641
vn -0.4888 0.6349 -0.5983
vn -0.3224 -0.2057 -0.9240
vn -0.4008 0.4502 -0.7979
vn -0.2349 0.7904 -0.5658
vn -0.2974 0.0343 -0.9541
vn -0.1711 0.5565 -0.8131
vn 0.0893 0.8304 -0.5500
vn -0.3179 -0.1090 -0.9418
vn 0.0917 0.5812 -0.8085
vn -0.0812 0.1836 -0.9796
vn 0.3273 0.5266 -0.7846
vn 0.0517 0.1679 -0.9845
vn -0.1823 0.1028 -0.9779
vn 0.1693 0.1201 -0.9782
vn -0.1698 0.0740 -0.9827
vn 0.2663 0.0656 -0.9617
vn -0.2750 0.0151 -0.9613
vn -0.0641 0.1148 -0.9913
vn -0.5402 0.2391 -0.8069
vn -0.3600 0.3876 -0.8486
vn 0.0419 0.1180 -0.9921
vn -0.1499 0.4754 -0.8669
vn 0.1444 0.0666 -0.9873
vn 0.0781 0.4910 -0.8677
vn -0.1111 0.3023 -0.9467
vn 0.2895 0.4145 -0.8628
vn -0.2795 0.2522 -0.9264
vn 0.0603 0.3105 -0.9487
vn 0.2195 0.2482 -0.9435
vn 0.4799 0.3012 -0.8240
vn 0.2395 0.0295 -0.9704
vn 0.3685 0.1700 -0.9139
vn 0.3469 -0.0358 -0.9372
vn 0.6116 0.1192 -0.7822
vn 0.3008 -0.0605 -0.9518
vn 0.3755 -0.1714 -0.9108
vn 0.6691 -0.0998 -0.7365
vn 0.3621 -0.2857 -0.8873
vn 0.3322 -0.1657 -0.9285
vn 0.2796 -0.3838 -0.8801
vn 0.3610 -0.2828 -0.8887
vn 0.6564 -0.3278 -0.6795
vn 0.5407 -0.5287 -0.6544
vn 0.3762 -0.6844 -0.6245
vn 0.4125 -0.4570 -0.7880
vn 0.1685 -0.7764 -0.6073
vn 0.2891 -0.5746 -0.7657
vn -0.0609 -0.7876 -0.6132
vn 0.1359 -0.6444 -0.7526
vn -0.0413 -0.6652 -0.7456
vn -0.2834 -0.7368 -0.6138
vn -0.4549 -0.5974 -0.6605
vn -0.2257 -0.6355 -0.7384
vn -0.5912 -0.4169 -0.6904
vn -0.3382 -0.5060 -0.7935
vn -0.6474 -0.2001 -0.7354
vn -0.4431 -0.3721 -0.8156
vn -0.6250 0.0228 -0.7803
vn -0.4850 -0.2088 -0.8492
vn -0.4716 -0.0408 -0.8809
vn -0.4297 0.1379 -0.8924
vn -0.4966 0.1902 -0.8469
vn -0.5943 -0.0037 -0.8043
vn -0.5991 -0.2003 -0.7752
vn -0.5420 -0.4020 -0.7380
vn -0.4201 -0.2028 -0.8846
vn -0.4340 -0.5721 -0.6959
vn -0.3864 -0.3544 -0.8515
vn -0.2675 -0.6983 -0.6639
vn -0.3094 -0.4668 -0.8285
vn -0.0610 -0.2304 -0.9712
vn -0.0505 -0.7561 -0.6524
vn 0.0062 -0.2041 -0.9789
vn -0.0208 -0.2017 -0.9792
vn -0.4042 -0.0985 -0.9093
vn -0.0756 -0.1802 -0.9807
vn -0.3481 0.0508 -0.9361
vn -0.0009 -0.1910 -0.9816
vn -0.0318 -0.1381 -0.9899
vn -0.2260 0.1673 -0.9596
vn 0.0102 -0.1927 -0.9812
vn -0.3305 0.3410 -0.8800
vn -0.0828 0.2339 -0.9687
vn -0.1324 0.4239 -0.8960
vn 0.0725 0.4292 -0.9003
vn 0.0555 0.2441 -0.9682
vn 0.2766 0.3851 -0.8804
vn 0.0188 -0.1223 -0.9923
vn 0.1954 0.1935 -0.9615
vn 0.0263 -0.1697 -0.9852
vn 0.2909 0.1392 -0.9466
vn 0.4392 0.2763 -0.8548
vn 0.0719 -0.1343 -0.9883
vn 0.5651 0.0935 -0.8197
vn 0.3967 0.0033 -0.9180
vn 0.0211 -0.1957 -0.9804
vn 0.4847 0.0423 -0.8736
vn 0.6254 -0.1217 -0.7708
vn 0.5260 -0.1359 -0.8395
vn 0.4386 -0.1677 -0.8829
vn 0.5043 -0.3120 -0.8052
vn 0.6070 -0.3333 -0.7214
vn 0.5045 -0.5054 -0.7000
vn 0.4109 -0.3222 -0.8529
vn 0.3544 -0.6499 -0.6723
vn 0.3649 -0.4197 -0.8311
vn 0.1668 -0.7316 -0.6610
vn 0.2602 -0.5237 -0.8112
vn 0.1387 -0.5890 -0.7961
vn -0.0303 -0.5960 -0.8024
vn 0.0406 -0.2811 -0.9588
vn -0.1841 -0.5526 -0.8129
vn 0.0081 -0.2320 -0.9727
vn -0.0220 -0.2644 -0.9642
vn 0.0159 -0.2059 -0.9784
vn 0.0757 -0.2436 -0.9669
vn 0.0342 -0.2077 -0.9776
vn 0.0859 -0.1949 -0.9771
s 1
f 1/1/1 2/2/2 3/3/3
f 4/4/4 3/3/3 2/2/2
f 4/4/4 2/2/2 5/5/5
f 4/4/4 6/6/6 3/3/3
f 7/7/7 4/4/4 5/5/5
f 5/5/5 8/8/8 7/7/7
f 6/6/6 4/4/4 9/9/9
f 7/7/7 9/9/9 4/4/4
f 6/6/6 9/9/9 921/10/10
f 7/7/7 8/8/8 10/11/11
f 8/8/8 11/12/12 10/11/11
f 9/9/9 7/7/7 12/13/13
f 10/11/11 12/13/13 7/7/7
f 922/14/14 921/10/10 9/9/9
f 922/14/14 923/15/15 921/10/10
f 924/16/16 9/9/9 12/13/13
f 9/9/9 924/16/16 922/14/14
f 923/15/15 922/14/14 925/17/17
f 925/17/17 926/18/18 923/15/15
f 922/14/14 927/19/19 925/17/17
f 927/19/19 922/14/14 924/16/16
f 926/18/18 925/17/17 928/20/20
f 927/19/19 928/20/20 925/17/17
f 929/21/21 926/18/18 928/20/20
f 928/20/20 930/22/22 929/21/21
f 931/23/23 929/21/21 930/22/22
f 928/20/20 927/19/19 932/24/24
f 930/22/22 928/20/20 932/24/24
f 933/25/25 931/23/23 930/22/22
f 933/25/25 934/26/26 931/23/23
f 932/24/24 935/27/27 930/22/22
f 934/26/26 933/25/25 936/28/28
f 934/26/26 936/28/28 937/29/29
f 930/22/22 938/30/30 933/25/25
f 938/30/30 930/22/22 935/27/27
f 933/25/25 939/31/31 936/28/28
f 939/31/31 933/25/25 938/30/30
f 937/29/29 936/28/28 940/32/32
f 937/29/29 940/32/32 941/33/33
f 942/34/34 941/33/33 940/32/32
f 941/33/33 942/34/34 943/35/35
f 936/28/28 944/36/36 940/32/32
f 940/32/32 944/36/36 942/34/34
f 945/37/37 943/35/35 942/34/34
f 943/35/35 945/37/37 13/38/38
f 946/39/39 942/34/34 944/36/36
f 942/34/34 946/39/39 945/37/37
f 936/28/28 947/40/40 944/36/36
f 947/40/40 936/28/28 939/31/31
f 944/36/36 948/41/41 946/39/39
f 948/41/41 944/36/36 947/40/40
f 945/37/37 946/39/39 949/42/42
f 946/39/39 948/41/41 949/42/42
f 14/43/43 13/38/38 945/37/37
f 949/42/42 14/43/43 945/37/37
f 13/38/38 14/43/43 15/44/44
f 16/45/45 15/44/44 14/43/43
f 15/44/44 16/45/45 17/46/46
f 14/43/43 949/42/42 18/47/47
f 14/43/43 18/47/47 16/45/45
f 949/42/42 19/48/48 18/47/47
f 20/49/49 16/45/45 18/47/47
f 18/47/47 19/48/48 20/49/49
f 21/50/50 17/46/46 16/45/45
f 16/45/45 20/49/49 21/50/50
f 19/48/48 949/42/42 950/51/51
f 950/51/51 949/42/42 948/41/41
f 22/52/52 20/49/49 19/48/48
f 951/53/53 950/51/51 948/41/41
f 948/41/41 947/40/40 951/53/53
f 19/48/48 950/51/51 23/54/54
f 19/48/48 23/54/54 22/52/52
f 950/51/51 951/53/53 952/55/55
f 950/51/51 952/55/55 23/54/54
f 953/56/56 952/55/55 951/53/53
f 23/54/54 952/55/55 953/56/56
f 947/40/40 954/57/57 951/53/53
f 953/56/56 951/53/53 954/57/57
f 955/58/58 954/57/57 947/40/40
f 954/57/57 956/59/59 953/56/56
f 956/59/59 954/57/57 955/58/58
f 947/40/40 957/60/60 955/58/58
f 939/31/31 957/60/60 947/40/40
f 955/58/58 958/61/61 956/59/59
f 957/60/60 959/62/62 955/58/58
f 958/61/61 955/58/58 959/62/62
f 939/31/31 960/63/63 957/60/60
f 959/62/62 957/60/60 960/63/63
f 960/63/63 939/31/31 961/64/64
f 938/30/30 961/64/64 939/31/31
f 959/62/62 960/63/63 962/65/65
f 938/30/30 963/66/66 961/64/64
f 935/27/27 963/66/66 938/30/30
f 964/67/67 959/62/62 962/65/65
f 959/62/62 964/67/67 958/61/61
f 935/27/27 965/68/68 963/66/66
f 935/27/27 932/24/24 965/68/68
f 963/66/66 966/69/69 961/64/64
f 965/68/68 932/24/24 967/70/70
f 927/19/19 967/70/70 932/24/24
f 965/68/68 968/71/71 963/66/66
f 963/66/66 968/71/71 966/69/69
f 967/70/70 927/19/19 969/72/72
f 924/16/16 969/72/72 927/19/19
f 967/70/70 970/73/73 965/68/68
f 970/73/73 968/71/71 965/68/68
f 969/72/72 971/74/74 967/70/70
f 971/74/74 970/73/73 967/70/70
f 969/72/72 924/16/16 972/75/75
f 12/13/13 972/75/75 924/16/16
f 973/76/76 971/74/74 969/72/72
f 972/75/75 973/76/76 969/72/72
f 12/13/13 24/77/77 972/75/75
f 12/13/13 10/11/11 24/77/77
f 974/78/78 973/76/76 972/75/75
f 24/77/77 974/78/78 972/75/75
f 975/79/79 971/74/74 973/76/76
f 974/78/78 975/79/79 973/76/76
f 25/80/80 24/77/77 10/11/11
f 10/11/11 11/12/12 25/80/80
f 26/81/81 25/80/80 11/12/12
f 24/77/77 27/82/82 974/78/78
f 24/77/77 25/80/80 27/82/82
f 27/82/82 976/83/83 974/78/78
f 976/83/83 975/79/79 974/78/78
f 27/82/82 25/80/80 28/84/84
f 27/82/82 28/84/84 976/83/83
f 25/80/80 26/81/81 29/85/85
f 25/80/80 29/85/85 28/84/84
f 30/86/86 29/85/85 26/81/81
f 976/83/83 28/84/84 977/87/87
f 29/85/85 30/86/86 31/88/88
f 32/89/89 31/88/88 30/86/86
f 33/90/90 28/84/84 29/85/85
f 29/85/85 31/88/88 33/90/90
f 28/84/84 33/90/90 977/87/87
f 31/88/88 32/89/89 34/91/91
f 32/89/89 35/92/92 34/91/91
f 36/93/93 31/88/88 34/91/91
f 31/88/88 36/93/93 33/90/90
f 37/94/94 34/91/91 35/92/92
f 34/91/91 37/94/94 36/93/93
f 35/92/92 38/95/95 37/94/94
f 37/94/94 38/95/95 39/96/96
f 39/96/96 38/95/95 40/97/97
f 37/94/94 39/96/96 41/98/98
f 41/98/98 36/93/93 37/94/94
f 39/96/96 40/97/97 42/99/99
f 42/99/99 41/98/98 39/96/96
f 43/100/100 42/99/99 40/97/97
f 44/101/101 43/100/100 40/97/97
f 978/102/102 41/98/98 42/99/99
f 979/103/103 42/99/99 43/100/100
f 42/99/99 979/103/103 978/102/102
f 45/104/104 36/93/93 41/98/98
f 41/98/98 978/102/102 45/104/104
f 36/93/93 45/104/104 46/105/105
f 46/105/105 33/90/90 36/93/93
f 978/102/102 980/106/106 45/104/104
f 981/107/107 33/90/90 46/105/105
f 33/90/90 981/107/107 977/87/87
f 982/108/108 46/105/105 45/104/104
f 46/105/105 982/108/108 981/107/107
f 982/108/108 45/104/104 980/106/106
f 983/109/109 981/107/107 982/108/108
f 981/107/107 983/109/109 977/87/87
f 983/109/109 982/108/108 980/106/106
f 978/102/102 984/110/110 980/106/106
f 984/110/110 978/102/102 979/103/103
f 983/109/109 980/106/106 985/111/111
f 985/111/111 980/106/106 984/110/110
f 977/87/87 983/109/109 986/112/112
f 977/87/87 986/112/112 976/83/83
f 976/83/83 986/112/112 975/79/79
f 987/113/113 983/109/109 985/111/111
f 986/112/112 988/114/114 975/79/79
f 971/74/74 975/79/79 988/114/114
f 988/114/114 970/73/73 971/74/74
f 989/115/115 986/112/112 983/109/109
f 983/109/109 987/113/113 989/115/115
f 988/114/114 986/112/112 990/116/116
f 986/112/112 989/115/115 990/116/116
f 970/73/73 988/114/114 991/117/117
f 990/116/116 991/117/117 988/114/114
f 970/73/73 991/117/117 992/118/118
f 970/73/73 992/118/118 968/71/71
f 991/117/117 990/116/116 993/119/119
f 994/120/120 990/116/116 989/115/115
f 990/116/116 994/120/120 993/119/119
f 994/120/120 989/115/115 987/113/113
f 993/119/119 995/121/121 991/117/117
f 991/117/117 995/121/121 992/118/118
f 994/120/120 996/122/122 993/119/119
f 993/119/119 996/122/122 995/121/121
f 968/71/71 992/118/118 997/123/123
f 968/71/71 997/123/123 966/69/69
f 995/121/121 998/124/124 992/118/118
f 992/118/118 998/124/124 997/123/123
f 995/121/121 996/122/122 999/125/125
f 995/121/121 999/125/125 998/124/124
f 966/69/69 997/123/123 1000/126/126
f 961/64/64 966/69/69 1000/126/126
f 1000/126/126 960/63/63 961/64/64
f 1001/127/127 997/123/123 998/124/124
f 1001/127/127 1000/126/126 997/123/123
f 1001/127/127 998/124/124 1002/128/128
f 1002/128/128 998/124/124 999/125/125
f 1003/129/129 1000/126/126 1001/127/127
f 1002/128/128 1003/129/129 1001/127/127
f 960/63/63 1000/126/126 1004/130/130
f 1000/126/126 1003/129/129 1004/130/130
f 960/63/63 1004/130/130 962/65/65
f 1004/130/130 964/67/67 962/65/65
f 1003/129/129 1002/128/128 1005/131/131
f 1004/130/130 1003/129/129 1006/132/132
f 1005/131/131 1002/128/128 1007/133/133
f 999/125/125 1007/133/133 1002/128/128
f 1006/132/132 1008/134/134 1004/130/130
f 964/67/67 1004/130/130 1008/134/134
f 999/125/125 1009/135/135 1007/133/133
f 999/125/125 996/122/122 1009/135/135
f 1010/136/136 1009/135/135 996/122/122
f 996/122/122 994/120/120 1010/136/136
f 1011/137/137 1007/133/133 1009/135/135
f 1010/136/136 1011/137/137 1009/135/135
f 1012/138/138 1010/136/136 994/120/120
f 987/113/113 1012/138/138 994/120/120
f 1013/139/139 1007/133/133 1011/137/137
f 1005/131/131 1007/133/133 1013/139/139
f 1011/137/137 1010/136/136 1014/140/140
f 1015/141/141 1005/131/131 1013/139/139
f 1016/142/142 1014/140/140 1010/136/136
f 1016/142/142 1010/136/136 1012/138/138
f 1011/137/137 1014/140/140 1017/143/143
f 1018/144/144 1014/140/140 1016/142/142
f 1014/140/140 1018/144/144 1017/143/143
f 1019/145/145 1016/142/142 1012/138/138
f 1019/145/145 1018/144/144 1016/142/142
f 1019/145/145 1012/138/138 1020/146/146
f 1012/138/138 987/113/113 1020/146/146
f 1018/144/144 1019/145/145 1021/147/147
f 987/113/113 1022/148/148 1020/146/146
f 1023/149/149 1019/145/145 1020/146/146
f 1020/146/146 1022/148/148 1023/149/149
f 1023/149/149 1021/147/147 1019/145/145
f 1022/148/148 987/113/113 1024/150/150
f 985/111/111 1024/150/150 987/113/113
f 985/111/111 984/110/110 1024/150/150
f 1024/150/150 1025/151/151 1022/148/148
f 1025/151/151 1024/150/150 984/110/110
f 1022/148/148 1025/151/151 1023/149/149
f 984/110/110 1026/152/152 1025/151/151
f 1026/152/152 984/110/110 979/103/103
f 43/100/100 1026/152/152 979/103/103
f 1026/152/152 43/100/100 47/153/153
f 43/100/100 44/101/101 47/153/153
f 1027/154/154 1025/151/151 1026/152/152
f 47/153/153 1028/155/155 1026/152/152
f 1027/154/154 1026/152/152 1028/155/155
f 48/156/156 47/153/153 44/101/101
f 47/153/153 48/156/156 1028/155/155
f 1025/151/151 1027/154/154 1029/157/157
f 1023/149/149 1025/151/151 1029/157/157
f 1027/154/154 1028/155/155 1030/158/158
f 1030/158/158 1029/157/157 1027/154/154
f 49/159/159 1028/155/155 48/156/156
f 1028/155/155 49/159/159 1030/158/158
f 1023/149/149 1029/157/157 1031/160/160
f 1031/160/160 1032/161/161 1023/149/149
f 1021/147/147 1023/149/149 1032/161/161
f 1029/157/157 1033/162/162 1031/160/160
f 1032/161/161 1031/160/160 1034/163/163
f 1033/162/162 1034/163/163 1031/160/160
f 1035/164/164 1033/162/162 1029/157/157
f 1035/164/164 1029/157/157 1030/158/158
f 1033/162/162 1036/165/165 1034/163/163
f 1033/162/162 1035/164/164 1037/166/166
f 1036/165/165 1033/162/162 1037/166/166
f 1034/163/163 1038/167/167 1032/161/161
f 1036/165/165 1038/167/167 1034/163/163
f 1032/161/161 1038/167/167 1039/168/168
f 1039/168/168 1021/147/147 1032/161/161
f 1038/167/167 1036/165/165 1040/169/169
f 1038/167/167 1041/170/170 1039/168/168
f 1040/169/169 1041/170/170 1038/167/167
f 1021/147/147 1039/168/168 1042/171/171
f 1039/168/168 1041/170/170 1043/172/172
f 1042/171/171 1039/168/168 1043/172/172
f 1041/170/170 1040/169/169 1044/173/173
f 1021/147/147 1042/171/171 1045/174/174
f 1046/175/175 1043/172/172 1041/170/170
f 1041/170/170 1044/173/173 1046/175/175
f 1042/171/171 1043/172/172 1047/176/176
f 1047/176/176 1045/174/174 1042/171/171
f 1043/172/172 1046/175/175 1048/177/177
f 1048/177/177 1047/176/176 1043/172/172
f 1049/178/178 1021/147/147 1045/174/174
f 1021/147/147 1049/178/178 1018/144/144
f 1045/174/174 1047/176/176 1050/179/179
f 1049/178/178 1051/180/180 1018/144/144
f 1045/174/174 1052/181/181 1049/178/178
f 1051/180/180 1049/178/178 1052/181/181
f 1045/174/174 1050/179/179 1052/181/181
f 1051/180/180 1017/143/143 1018/144/144
f 1050/179/179 1047/176/176 1053/182/182
f 1047/176/176 1048/177/177 1053/182/182
f 1052/181/181 1050/179/179 1054/183/183
f 1053/182/182 1054/183/183 1050/179/179
f 1052/181/181 1055/184/184 1051/180/180
f 1054/183/183 1055/184/184 1052/181/181
f 1051/180/180 1056/185/185 1017/143/143
f 1056/185/185 1051/180/180 1055/184/184
f 1056/185/185 1057/186/186 1017/143/143
f 1017/143/143 1057/186/186 1011/137/137
f 1057/186/186 1013/139/139 1011/137/137
f 1055/184/184 1058/187/187 1056/185/185
f 1057/186/186 1059/188/188 1013/139/139
f 1056/185/185 1060/189/189 1057/186/186
f 1060/189/189 1059/188/188 1057/186/186
f 1060/189/189 1056/185/185 1058/187/187
f 1059/188/188 1015/141/141 1013/139/139
f 1061/190/190 1058/187/187 1055/184/184
f 1055/184/184 1054/183/183 1061/190/190
f 1059/188/188 1062/191/191 1015/141/141
f 1054/183/183 1063/192/192 1061/190/190
f 1062/191/191 1059/188/188 1064/193/193
f 1063/192/192 1054/183/183 1065/194/194
f 1054/183/183 1053/182/182 1065/194/194
f 1061/190/190 1063/192/192 1066/195/195
f 1053/182/182 1067/196/196 1065/194/194
f 1067/196/196 1053/182/182 1048/177/177
f 1068/197/197 1063/192/192 1065/194/194
f 1067/196/196 1068/197/197 1065/194/194
f 1063/192/192 1068/197/197 1066/195/195
f 1048/177/177 1069/198/198 1067/196/196
f 1069/198/198 1048/177/177 1046/175/175
f 1068/197/197 1067/196/196 1070/199/199
f 1069/198/198 1070/199/199 1067/196/196
f 1046/175/175 1071/200/200 1069/198/198
f 1071/200/200 1046/175/175 1044/173/173
f 1070/199/199 1069/198/198 1072/201/201
f 1073/202/202 1069/198/198 1071/200/200
f 1073/202/202 1072/201/201 1069/198/198
f 1068/197/197 1070/199/199 1074/203/203
f 1072/201/201 1074/203/203 1070/199/199
f 1074/203/203 1075/204/204 1068/197/197
f 1066/195/195 1068/197/197 1075/204/204
f 1074/203/203 1072/201/201 1076/205/205
f 1075/204/204 1077/206/206 1066/195/195
f 1076/205/205 50/207/207 1074/203/203
f 1075/204/204 1074/203/203 50/207/207
f 1077/206/206 1078/208/208 1066/195/195
f 1078/208/208 1061/190/190 1066/195/195
f 1078/208/208 1058/187/187 1061/190/190
f 1075/204/204 51/209/209 1077/206/206
f 1058/187/187 1078/208/208 1079/210/210
f 1079/210/210 1060/189/189 1058/187/187
f 1078/208/208 1077/206/206 1080/211/211
f 1079/210/210 1078/208/208 1080/211/211
f 1080/211/211 1077/206/206 51/209/209
f 1060/189/189 1079/210/210 1081/212/212
f 51/209/209 1075/204/204 52/213/213
f 1075/204/204 50/207/207 52/213/213
f 1082/214/214 1060/189/189 1081/212/212
f 1060/189/189 1082/214/214 1059/188/188
f 1064/193/193 1059/188/188 1082/214/214
f 1083/215/215 1082/214/214 1081/212/212
f 1081/212/212 1079/210/210 1083/215/215
f 1084/216/216 1064/193/193 1082/214/214
f 1082/214/214 1083/215/215 1084/216/216
f 1080/211/211 1085/217/217 1079/210/210
f 1085/217/217 1083/215/215 1079/210/210
f 53/218/218 1085/217/217 1080/211/211
f 51/209/209 53/218/218 1080/211/211
f 1083/215/215 1085/217/217 54/219/219
f 1085/217/217 53/218/218 54/219/219
f 55/220/220 53/218/218 51/209/209
f 56/221/221 54/219/219 53/218/218
f 53/218/218 55/220/220 56/221/221
f 54/219/219 57/222/222 1083/215/215
f 51/209/209 58/223/223 55/220/220
f 58/223/223 51/209/209 52/213/213
f 50/207/207 58/223/223 52/213/213
f 59/224/224 57/222/222 54/219/219
f 54/219/219 56/221/221 59/224/224
f 60/225/225 1083/215/215 57/222/222
f 1083/215/215 60/225/225 1084/216/216
f 57/222/222 59/224/224 61/226/226
f 60/225/225 57/222/222 61/226/226
f 59/224/224 56/221/221 62/227/227
f 63/228/228 1084/216/216 60/225/225
f 64/229/229 59/224/224 62/227/227
f 59/224/224 64/229/229 61/226/226
f 1084/216/216 63/228/228 1086/230/230
f 1064/193/193 1084/216/216 1086/230/230
f 65/231/231 63/228/228 60/225/225
f 61/226/226 65/231/231 60/225/225
f 1087/232/232 1064/193/193 1086/230/230
f 1064/193/193 1087/232/232 1062/191/191
f 66/233/233 1086/230/230 63/228/228
f 1086/230/230 66/233/233 1087/232/232
f 1088/234/234 1062/191/191 1087/232/232
f 66/233/233 1088/234/234 1087/232/232
f 1062/191/191 1088/234/234 1015/141/141
f 67/235/235 66/233/233 63/228/228
f 63/228/228 65/231/231 67/235/235
f 1089/236/236 1015/141/141 1088/234/234
f 1015/141/141 1089/236/236 1005/131/131
f 1089/236/236 1003/129/129 1005/131/131
f 1003/129/129 1089/236/236 1006/132/132
f 1089/236/236 1088/234/234 1090/237/237
f 1088/234/234 66/233/233 1090/237/237
f 1089/236/236 1091/238/238 1006/132/132
f 1008/134/134 1006/132/132 1091/238/238
f 1090/237/237 1092/239/239 1089/236/236
f 1091/238/238 1089/236/236 1092/239/239
f 1008/134/134 1091/238/238 1093/240/240
f 1093/240/240 964/67/67 1008/134/134
f 1091/238/238 1092/239/239 68/241/241
f 1093/240/240 1091/238/238 68/241/241
f 69/242/242 1092/239/239 1090/237/237
f 1092/239/239 69/242/242 68/241/241
f 70/243/243 1090/237/237 66/233/233
f 70/243/243 69/242/242 1090/237/237
f 71/244/244 70/243/243 66/233/233
f 66/233/233 67/235/235 71/244/244
f 69/242/242 70/243/243 72/245/245
f 71/244/244 73/246/246 70/243/243
f 73/246/246 72/245/245 70/243/243
f 67/235/235 74/247/247 71/244/244
f 73/246/246 71/244/244 74/247/247
f 72/245/245 75/248/248 69/242/242
f 68/241/241 69/242/242 75/248/248
f 76/249/249 72/245/245 73/246/246
f 77/250/250 68/241/241 75/248/248
f 1093/240/240 68/241/241 77/250/250
f 72/245/245 78/251/251 75/248/248
f 77/250/250 1094/252/252 1093/240/240
f 964/67/67 1093/240/240 1094/252/252
f 72/245/245 79/253/253 78/251/251
f 72/245/245 76/249/249 79/253/253
f 80/254/254 964/67/67 1094/252/252
f 964/67/67 80/254/254 958/61/61
f 80/254/254 956/59/59 958/61/61
f 81/255/255 80/254/254 1094/252/252
f 1094/252/252 77/250/250 81/255/255
f 956/59/59 80/254/254 82/256/256
f 82/256/256 953/56/56 956/59/59
f 80/254/254 81/255/255 83/257/257
f 80/254/254 83/257/257 82/256/256
f 81/255/255 77/250/250 84/258/258
f 84/258/258 83/257/257 81/255/255
f 82/256/256 85/259/259 953/56/56
f 953/56/56 85/259/259 23/54/54
f 82/256/256 83/257/257 86/260/260
f 86/260/260 85/259/259 82/256/256
f 83/257/257 84/258/258 87/261/261
f 87/261/261 86/260/260 83/257/257
f 84/258/258 77/250/250 88/262/262
f 75/248/248 88/262/262 77/250/250
f 89/263/263 87/261/261 84/258/258
f 88/262/262 89/263/263 84/258/258
f 75/248/248 90/264/264 88/262/262
f 89/263/263 88/262/262 90/264/264
f 90/264/264 75/248/248 78/251/251
f 90/264/264 78/251/251 91/265/265
f 91/265/265 78/251/251 79/253/253
f 79/253/253 76/249/249 91/265/265
f 92/266/266 89/263/263 90/264/264
f 90/264/264 91/265/265 92/266/266
f 89/263/263 92/266/266 93/267/267
f 92/266/266 91/265/265 94/268/268
f 93/267/267 92/266/266 94/268/268
f 91/265/265 76/249/249 95/269/269
f 95/269/269 94/268/268 91/265/265
f 93/267/267 96/270/270 89/263/263
f 87/261/261 89/263/263 96/270/270
f 97/271/271 95/269/269 76/249/249
f 73/246/246 97/271/271 76/249/249
f 97/271/271 73/246/246 74/247/247
f 87/261/261 96/270/270 98/272/272
f 98/272/272 86/260/260 87/261/261
f 74/247/247 99/273/273 97/271/271
f 98/272/272 100/274/274 86/260/260
f 85/259/259 86/260/260 100/274/274
f 100/274/274 23/54/54 85/259/259
f 99/273/273 74/247/247 101/275/275
f 74/247/247 67/235/235 101/275/275
f 100/274/274 102/276/276 23/54/54
f 102/276/276 22/52/52 23/54/54
f 103/277/277 101/275/275 67/235/235
f 67/235/235 65/231/231 103/277/277
f 65/231/231 61/226/226 103/277/277
f 104/278/278 101/275/275 103/277/277
f 61/226/226 104/278/278 103/277/277
f 101/275/275 104/278/278 99/273/273
f 104/278/278 61/226/226 64/229/229
f 105/279/279 99/273/273 104/278/278
f 64/229/229 105/279/279 104/278/278
f 97/271/271 99/273/273 105/279/279
f 105/279/279 64/229/229 106/280/280
f 106/280/280 64/229/229 62/227/227
f 97/271/271 105/279/279 107/281/281
f 95/269/269 97/271/271 107/281/281
f 108/282/282 105/279/279 106/280/280
f 95/269/269 107/281/281 109/283/283
f 110/284/284 107/281/281 105/279/279
f 110/284/284 109/283/283 107/281/281
f 105/279/279 108/282/282 110/284/284
f 109/283/283 94/268/268 95/269/269
f 106/280/280 111/285/285 108/282/282
f 106/280/280 62/227/227 111/285/285
f 94/268/268 109/283/283 112/286/286
f 113/287/287 111/285/285 62/227/227
f 113/287/287 62/227/227 56/221/221
f 55/220/220 113/287/287 56/221/221
f 113/287/287 55/220/220 114/288/288
f 58/223/223 114/288/288 55/220/220
f 111/285/285 113/287/287 115/289/289
f 113/287/287 114/288/288 115/289/289
f 116/290/290 108/282/282 111/285/285
f 116/290/290 111/285/285 115/289/289
f 114/288/288 58/223/223 117/291/291
f 116/290/290 118/292/292 108/282/282
f 114/288/288 117/291/291 119/293/293
f 115/289/289 114/288/288 119/293/293
f 58/223/223 120/294/294 117/291/291
f 58/223/223 50/207/207 120/294/294
f 119/293/293 117/291/291 121/295/295
f 122/296/296 120/294/294 50/207/207
f 50/207/207 1076/205/205 122/296/296
f 120/294/294 123/297/297 117/291/291
f 117/291/291 123/297/297 121/295/295
f 1076/205/205 124/298/298 122/296/296
f 121/295/295 123/297/297 125/299/299
f 124/298/298 1076/205/205 1095/300/300
f 1072/201/201 1095/300/300 1076/205/205
f 119/293/293 121/295/295 126/301/301
f 126/301/301 121/295/295 125/299/299
f 127/302/302 119/293/293 126/301/301
f 127/302/302 115/289/289 119/293/293
f 115/289/289 127/302/302 128/303/303
f 126/301/301 125/299/299 129/304/304
f 130/305/305 126/301/301 129/304/304
f 131/306/306 115/289/289 128/303/303
f 128/303/303 132/307/307 131/306/306
f 129/304/304 133/308/308 130/305/305
f 134/309/309 130/305/305 133/308/308
f 131/306/306 132/307/307 135/310/310
f 136/311/311 135/310/310 132/307/307
f 137/312/312 115/289/289 131/306/306
f 135/310/310 136/311/311 138/313/313
f 139/314/314 115/289/289 137/312/312
f 115/289/289 139/314/314 116/290/290
f 118/292/292 116/290/290 139/314/314
f 137/312/312 131/306/306 140/315/315
f 131/306/306 135/310/310 140/315/315
f 137/312/312 141/316/316 139/314/314
f 137/312/312 140/315/315 141/316/316
f 139/314/314 142/317/317 118/292/292
f 142/317/317 139/314/314 141/316/316
f 135/310/310 143/318/318 140/315/315
f 143/318/318 135/310/310 138/313/313
f 136/311/311 144/319/319 138/313/313
f 144/319/319 143/318/318 138/313/313
f 144/319/319 136/311/311 145/320/320
f 146/321/321 140/315/315 143/318/318
f 140/315/315 146/321/321 141/316/316
f 143/318/318 144/319/319 147/322/322
f 147/322/322 146/321/321 143/318/318
f 148/323/323 144/319/319 145/320/320
f 144/319/319 148/323/323 147/322/322
f 148/323/323 145/320/320 149/324/324
f 150/325/325 148/323/323 149/324/324
f 148/323/323 150/325/325 151/326/326
f 151/326/326 152/327/327 148/323/323
f 147/322/322 148/323/323 152/327/327
f 152/327/327 151/326/326 153/328/328
f 154/329/329 152/327/327 153/328/328
f 152/327/327 154/329/329 155/330/330
f 155/330/330 147/322/322 152/327/327
f 156/331/331 155/330/330 154/329/329
f 147/322/322 155/330/330 157/332/332
f 146/321/321 147/322/322 157/332/332
f 155/330/330 156/331/331 158/333/333
f 158/333/333 157/332/332 155/330/330
f 156/331/331 159/334/334 158/333/333
f 159/334/334 156/331/331 160/335/335
f 157/332/332 158/333/333 161/336/336
f 161/336/336 146/321/321 157/332/332
f 159/334/334 161/336/336 158/333/333
f 162/337/337 159/334/334 160/335/335
f 146/321/321 161/336/336 163/338/338
f 163/338/338 141/316/316 146/321/321
f 159/334/334 164/339/339 161/336/336
f 161/336/336 165/340/340 163/338/338
f 165/340/340 161/336/336 164/339/339
f 141/316/316 163/338/338 165/340/340
f 166/341/341 164/339/339 159/334/334
f 159/334/334 162/337/337 166/341/341
f 167/342/342 165/340/340 164/339/339
f 164/339/339 166/341/341 167/342/342
f 162/337/337 168/343/343 166/341/341
f 168/343/343 162/337/337 169/344/344
f 170/345/345 168/343/343 169/344/344
f 166/341/341 171/346/346 167/342/342
f 171/346/346 166/341/341 168/343/343
f 168/343/343 170/345/345 172/347/347
f 172/347/347 171/346/346 168/343/343
f 170/345/345 173/348/348 172/347/347
f 173/348/348 170/345/345 174/349/349
f 171/346/346 172/347/347 175/350/350
f 173/348/348 175/350/350 172/347/347
f 171/346/346 176/351/351 167/342/342
f 165/340/340 167/342/342 176/351/351
f 177/352/352 171/346/346 175/350/350
f 176/351/351 178/353/353 165/340/340
f 165/340/340 178/353/353 141/316/316
f 176/351/351 171/346/346 179/354/354
f 171/346/346 177/352/352 179/354/354
f 178/353/353 176/351/351 180/355/355
f 179/354/354 180/355/355 176/351/351
f 141/316/316 178/353/353 181/356/356
f 142/317/317 141/316/316 181/356/356
f 180/355/355 179/354/354 182/357/357
f 142/317/317 181/356/356 183/358/358
f 183/358/358 118/292/292 142/317/317
f 184/359/359 181/356/356 178/353/353
f 178/353/353 180/355/355 185/360/360
f 184/359/359 178/353/353 185/360/360
f 185/360/360 180/355/355 182/357/357
f 184/359/359 186/361/361 181/356/356
f 184/359/359 185/360/360 186/361/361
f 181/356/356 186/361/361 183/358/358
f 118/292/292 183/358/358 187/362/362
f 187/362/362 183/358/358 186/361/361
f 118/292/292 187/362/362 188/363/363
f 188/363/363 108/282/282 118/292/292
f 186/361/361 189/364/364 187/362/362
f 189/364/364 188/363/363 187/362/362
f 188/363/363 110/284/284 108/282/282
f 186/361/361 190/365/365 189/364/364
f 185/360/360 190/365/365 186/361/361
f 189/364/364 191/366/366 188/363/363
f 191/366/366 189/364/364 190/365/365
f 110/284/284 188/363/363 192/367/367
f 188/363/363 191/366/366 192/367/367
f 190/365/365 185/360/360 193/368/368
f 182/357/357 193/368/368 185/360/360
f 190/365/365 194/369/369 191/366/366
f 193/368/368 194/369/369 190/365/365
f 195/370/370 192/367/367 191/366/366
f 191/366/366 194/369/369 195/370/370
f 110/284/284 192/367/367 196/371/371
f 192/367/367 195/370/370 196/371/371
f 196/371/371 197/372/372 110/284/284
f 109/283/283 110/284/284 197/372/372
f 198/373/373 109/283/283 197/372/372
f 197/372/372 196/371/371 198/373/373
f 109/283/283 198/373/373 112/286/286
f 195/370/370 199/374/374 196/371/371
f 199/374/374 198/373/373 196/371/371
f 200/375/375 195/370/370 194/369/369
f 200/375/375 194/369/369 193/368/368
f 199/374/374 195/370/370 201/376/376
f 195/370/370 200/375/375 201/376/376
f 198/373/373 202/377/377 112/286/286
f 202/377/377 94/268/268 112/286/286
f 203/378/378 198/373/373 199/374/374
f 202/377/377 198/373/373 203/378/378
f 94/268/268 202/377/377 204/379/379
f 93/267/267 94/268/268 204/379/379
f 205/380/380 202/377/377 203/378/378
f 205/380/380 204/379/379 202/377/377
f 206/381/381 203/378/378 199/374/374
f 205/380/380 203/378/378 206/381/381
f 204/379/379 207/382/382 93/267/267
f 96/270/270 93/267/267 207/382/382
f 208/383/383 204/379/379 205/380/380
f 207/382/382 204/379/379 208/383/383
f 96/270/270 207/382/382 209/384/384
f 96/270/270 209/384/384 98/272/272
f 208/383/383 210/385/385 207/382/382
f 210/385/385 209/384/384 207/382/382
f 211/386/386 98/272/272 209/384/384
f 211/386/386 209/384/384 210/385/385
f 100/274/274 98/272/272 211/386/386
f 210/385/385 208/383/383 212/387/387
f 212/387/387 208/383/383 205/380/380
f 211/386/386 213/388/388 100/274/274
f 213/388/388 102/276/276 100/274/274
f 211/386/386 210/385/385 214/389/389
f 214/389/389 213/388/388 211/386/386
f 210/385/385 212/387/387 214/389/389
f 215/390/390 102/276/276 213/388/388
f 214/389/389 215/390/390 213/388/388
f 22/52/52 102/276/276 215/390/390
f 215/390/390 214/389/389 216/391/391
f 212/387/387 216/391/391 214/389/389
f 215/390/390 217/392/392 22/52/52
f 216/391/391 217/392/392 215/390/390
f 20/49/49 22/52/52 217/392/392
f 21/50/50 20/49/49 217/392/392
f 217/392/392 216/391/391 218/393/393
f 21/50/50 217/392/392 218/393/393
f 216/391/391 212/387/387 219/394/394
f 218/393/393 216/391/391 219/394/394
f 219/394/394 212/387/387 220/395/395
f 205/380/380 220/395/395 212/387/387
f 220/395/395 205/380/380 206/381/381
f 219/394/394 221/396/396 218/393/393
f 220/395/395 221/396/396 219/394/394
f 218/393/393 222/397/397 21/50/50
f 222/397/397 218/393/393 221/396/396
f 222/397/397 17/46/46 21/50/50
f 222/397/397 223/398/398 17/46/46
f 223/398/398 222/397/397 224/399/399
f 221/396/396 220/395/395 225/400/400
f 225/400/400 222/397/397 221/396/396
f 226/401/401 224/399/399 222/397/397
f 226/401/401 222/397/397 225/400/400
f 224/399/399 226/401/401 227/402/402
f 228/403/403 227/402/402 226/401/401
f 228/403/403 226/401/401 225/400/400
f 229/404/404 227/402/402 228/403/403
f 230/405/405 225/400/400 220/395/395
f 206/381/381 230/405/405 220/395/395
f 225/400/400 231/406/406 228/403/403
f 225/400/400 230/405/405 231/406/406
f 229/404/404 228/403/403 232/407/407
f 233/408/408 229/404/404 232/407/407
f 234/409/409 228/403/403 231/406/406
f 233/408/408 232/407/407 235/410/410
f 231/406/406 236/411/411 234/409/409
f 236/411/411 231/406/406 230/405/405
f 237/412/412 233/408/408 235/410/410
f 233/408/408 237/412/412 238/413/413
f 232/407/407 239/414/414 235/410/410
f 239/414/414 237/412/412 235/410/410
f 240/415/415 232/407/407 228/403/403
f 239/414/414 232/407/407 240/415/415
f 228/403/403 234/409/409 240/415/415
f 241/416/416 238/413/413 237/412/412
f 238/413/413 241/416/416 242/417/417
f 239/414/414 243/418/418 237/412/412
f 243/418/418 241/416/416 237/412/412
f 241/416/416 244/419/419 242/417/417
f 245/420/420 242/417/417 244/419/419
f 246/421/421 245/420/420 247/422/422
f 244/419/419 247/422/422 245/420/420
f 248/423/423 247/422/422 244/419/419
f 241/416/416 248/423/423 244/419/419
f 247/422/422 248/423/423 249/424/424
f 248/423/423 241/416/416 250/425/425
f 241/416/416 243/418/418 250/425/425
f 251/426/426 249/424/424 248/423/423
f 250/425/425 251/426/426 248/423/423
f 249/424/424 251/426/426 252/427/427
f 251/426/426 253/428/428 252/427/427
f 243/418/418 254/429/429 250/425/425
f 251/426/426 250/425/425 254/429/429
f 253/428/428 251/426/426 255/430/430
f 254/429/429 255/430/430 251/426/426
f 254/429/429 243/418/418 256/431/431
f 239/414/414 256/431/431 243/418/418
f 255/430/430 254/429/429 257/432/432
f 256/431/431 257/432/432 254/429/429
f 253/428/428 255/430/430 258/433/433
f 253/428/428 258/433/433 259/434/434
f 258/433/433 174/349/349 259/434/434
f 174/349/349 258/433/433 173/348/348
f 255/430/430 260/435/435 258/433/433
f 260/435/435 173/348/348 258/433/433
f 255/430/430 257/432/432 260/435/435
f 173/348/348 260/435/435 261/436/436
f 175/350/350 173/348/348 261/436/436
f 261/436/436 177/352/352 175/350/350
f 257/432/432 262/437/437 260/435/435
f 262/437/437 261/436/436 260/435/435
f 177/352/352 261/436/436 263/438/438
f 261/436/436 262/437/437 263/438/438
f 257/432/432 264/439/439 262/437/437
f 257/432/432 256/431/431 264/439/439
f 265/440/440 263/438/438 262/437/437
f 264/439/439 265/440/440 262/437/437
f 263/438/438 266/441/441 177/352/352
f 266/441/441 179/354/354 177/352/352
f 179/354/354 266/441/441 182/357/357
f 266/441/441 193/368/368 182/357/357
f 263/438/438 265/440/440 267/442/442
f 266/441/441 263/438/438 267/442/442
f 193/368/368 266/441/441 268/443/443
f 200/375/375 193/368/368 268/443/443
f 266/441/441 267/442/442 269/444/444
f 269/444/444 267/442/442 265/440/440
f 266/441/441 269/444/444 268/443/443
f 268/443/443 270/445/445 200/375/375
f 270/445/445 201/376/376 200/375/375
f 270/445/445 268/443/443 271/446/446
f 268/443/443 269/444/444 271/446/446
f 272/447/447 201/376/376 270/445/445
f 271/446/446 272/447/447 270/445/445
f 201/376/376 272/447/447 273/448/448
f 273/448/448 199/374/374 201/376/376
f 199/374/374 273/448/448 206/381/381
f 273/448/448 230/405/405 206/381/381
f 272/447/447 271/446/446 274/449/449
f 274/449/449 273/448/448 272/447/447
f 230/405/405 273/448/448 275/450/450
f 273/448/448 274/449/449 275/450/450
f 275/450/450 236/411/411 230/405/405
f 276/451/451 274/449/449 271/446/446
f 269/444/444 276/451/451 271/446/446
f 277/452/452 275/450/450 274/449/449
f 274/449/449 276/451/451 277/452/452
f 275/450/450 278/453/453 236/411/411
f 278/453/453 275/450/450 277/452/452
f 236/411/411 278/453/453 234/409/409
f 279/454/454 277/452/452 276/451/451
f 277/452/452 279/454/454 278/453/453
f 269/444/444 279/454/454 276/451/451
f 278/453/453 280/455/455 234/409/409
f 280/455/455 278/453/453 279/454/454
f 240/415/415 234/409/409 280/455/455
f 269/444/444 281/456/456 279/454/454
f 281/456/456 269/444/444 265/440/440
f 265/440/440 264/439/439 281/456/456
f 279/454/454 282/457/457 280/455/455
f 282/457/457 279/454/454 281/456/456
f 282/457/457 240/415/415 280/455/455
f 281/456/456 264/439/439 282/457/457
f 240/415/415 282/457/457 239/414/414
f 256/431/431 282/457/457 264/439/439
f 256/431/431 239/414/414 282/457/457
f 283/458/458 227/459/459 229/460/460
f 227/459/459 283/458/458 284/461/461
f 227/459/459 284/461/461 224/462/462
f 283/458/458 285/463/463 284/461/461
f 285/463/463 283/458/458 286/464/464
f 287/465/465 224/462/462 284/461/461
f 284/461/461 285/463/463 287/465/465
f 287/465/465 223/466/466 224/462/462
f 223/466/466 287/465/465 288/467/467
f 288/467/467 17/468/468 223/466/466
f 287/465/465 289/469/469 288/467/467
f 287/465/465 285/463/463 289/469/469
f 17/468/468 288/467/467 290/470/470
f 290/470/470 15/471/471 17/468/468
f 288/467/467 289/469/469 291/472/472
f 288/467/467 291/472/472 290/470/470
f 15/471/471 290/470/470 292/473/473
f 292/473/473 13/474/474 15/471/471
f 290/470/470 291/472/472 293/475/475
f 290/470/470 293/475/475 292/473/473
f 289/469/469 294/476/476 291/472/472
f 291/472/472 294/476/476 293/475/475
f 13/474/474 292/473/473 295/477/477
f 13/474/474 295/477/477 943/478/478
f 293/475/475 296/479/479 292/473/473
f 292/473/473 296/479/479 295/477/477
f 1096/480/480 943/478/478 295/477/477
f 943/478/478 1096/480/480 941/481/481
f 295/477/477 296/479/479 297/482/482
f 295/477/477 297/482/482 1096/480/480
f 1097/483/483 941/481/481 1096/480/480
f 1097/483/483 937/484/484 941/481/481
f 1096/480/480 297/482/482 1098/485/485
f 1098/485/485 1097/483/483 1096/480/480
f 296/479/479 298/486/486 297/482/482
f 298/486/486 1098/485/485 297/482/482
f 937/484/484 1097/483/483 1099/487/487
f 937/484/484 1099/487/487 934/488/488
f 1097/483/483 1098/485/485 1100/489/489
f 1100/489/489 1099/487/487 1097/483/483
f 1098/485/485 298/486/486 1101/490/490
f 1101/490/490 1100/489/489 1098/485/485
f 1102/491/491 934/488/488 1099/487/487
f 1102/491/491 931/492/492 934/488/488
f 1099/487/487 1100/489/489 1103/493/493
f 1102/491/491 1099/487/487 1103/493/493
f 931/492/492 1102/491/491 1104/494/494
f 931/492/492 1104/494/494 929/495/495
f 1102/491/491 1103/493/493 1105/496/496
f 1104/494/494 1106/497/497 929/495/495
f 926/498/498 929/495/495 1106/497/497
f 1107/499/499 1104/494/494 1102/491/491
f 1107/499/499 1106/497/497 1104/494/494
f 1102/491/491 1105/496/496 1107/499/499
f 1106/497/497 1108/500/500 926/498/498
f 1108/500/500 923/501/501 926/498/498
f 1106/497/497 1107/499/499 1109/502/502
f 923/501/501 1108/500/500 1110/503/503
f 921/504/504 923/501/501 1110/503/503
f 1106/497/497 1111/505/505 1108/500/500
f 1111/505/505 1106/497/497 1109/502/502
f 1110/503/503 1112/506/506 921/504/504
f 1112/506/506 6/507/507 921/504/504
f 1108/500/500 1113/508/508 1110/503/503
f 1113/508/508 1108/500/500 1111/505/505
f 1112/506/506 1110/503/503 1114/509/509
f 1113/508/508 1114/509/509 1110/503/503
f 6/507/507 1112/506/506 299/510/510
f 1114/509/509 299/510/510 1112/506/506
f 299/510/510 3/511/511 6/507/507
f 3/511/511 299/510/510 300/512/512
f 300/512/512 1/513/513 3/511/511
f 1/513/513 300/512/512 301/514/514
f 299/510/510 1114/509/509 302/515/515
f 302/515/515 300/512/512 299/510/510
f 1115/516/516 302/515/515 1114/509/509
f 1114/509/509 1113/508/508 1115/516/516
f 302/515/515 303/517/517 300/512/512
f 303/517/517 301/514/514 300/512/512
f 302/515/515 1115/516/516 1116/518/518
f 1116/518/518 303/517/517 302/515/515
f 1115/516/516 1113/508/508 1117/519/519
f 1115/516/516 1118/520/520 1116/518/518
f 1118/520/520 1115/516/516 1117/519/519
f 303/517/517 1116/518/518 304/521/521
f 1118/520/520 304/521/521 1116/518/518
f 1117/519/519 1113/508/508 1119/522/522
f 1111/505/505 1119/522/522 1113/508/508
f 1119/522/522 1111/505/505 1120/523/523
f 1109/502/502 1120/523/523 1111/505/505
f 1117/519/519 1119/522/522 1121/524/524
f 1120/523/523 1121/524/524 1119/522/522
f 1120/523/523 1109/502/502 1122/525/525
f 1107/499/499 1122/525/525 1109/502/502
f 1121/524/524 1120/523/523 1123/526/526
f 1120/523/523 1122/525/525 1123/526/526
f 1121/524/524 1124/527/527 1117/519/519
f 1124/527/527 1118/520/520 1117/519/519
f 1122/525/525 1107/499/499 1125/528/528
f 1125/528/528 1107/499/499 1105/496/496
f 1122/525/525 1126/529/529 1123/526/526
f 1125/528/528 1126/529/529 1122/525/525
f 1121/524/524 1123/526/526 1127/530/530
f 1128/531/531 1123/526/526 1126/529/529
f 1123/526/526 1128/531/531 1127/530/530
f 1121/524/524 1127/530/530 1129/532/532
f 1124/527/527 1121/524/524 1129/532/532
f 1040/169/169 1127/530/530 1128/531/531
f 1127/530/530 1040/169/169 1036/165/165
f 1129/532/532 1127/530/530 1036/165/165
f 1128/531/531 1044/173/173 1040/169/169
f 1036/165/165 1037/166/166 1129/532/532
f 1044/173/173 1128/531/531 1130/533/533
f 1126/529/529 1130/533/533 1128/531/531
f 1044/173/173 1130/533/533 1071/200/200
f 1131/534/534 1129/532/532 1037/166/166
f 1124/527/527 1129/532/532 1131/534/534
f 1037/166/166 1035/164/164 1131/534/534
f 1124/527/527 1131/534/534 1132/535/535
f 1118/520/520 1124/527/527 1132/535/535
f 1131/534/534 1035/164/164 1133/536/536
f 1131/534/534 1133/536/536 1132/535/535
f 1035/164/164 1030/158/158 1133/536/536
f 305/537/537 1118/520/520 1132/535/535
f 1133/536/536 305/537/537 1132/535/535
f 1030/158/158 306/538/538 1133/536/536
f 305/537/537 1133/536/536 306/538/538
f 306/538/538 1030/158/158 49/159/159
f 1118/520/520 305/537/537 307/539/539
f 304/521/521 1118/520/520 307/539/539
f 305/537/537 306/538/538 308/540/540
f 307/539/539 309/541/541 304/521/521
f 305/537/537 310/542/542 307/539/539
f 309/541/541 307/539/539 310/542/542
f 310/542/542 305/537/537 308/540/540
f 304/521/521 309/541/541 303/517/517
f 308/540/540 311/543/543 310/542/542
f 311/543/543 309/541/541 310/542/542
f 308/540/540 306/538/538 312/544/544
f 306/538/538 49/159/159 312/544/544
f 308/540/540 312/544/544 313/545/545
f 311/543/543 308/540/540 313/545/545
f 312/544/544 49/159/159 314/546/546
f 313/545/545 312/544/544 314/546/546
f 49/159/159 315/547/547 314/546/546
f 49/159/159 48/156/156 315/547/547
f 313/545/545 314/546/546 316/548/548
f 316/548/548 311/543/543 313/545/545
f 315/547/547 48/156/156 317/549/549
f 44/101/101 317/549/549 48/156/156
f 318/550/550 314/546/546 315/547/547
f 317/549/549 44/101/101 319/551/551
f 44/101/101 40/552/552 319/551/551
f 315/547/547 317/549/549 320/553/553
f 315/547/547 320/553/553 318/550/550
f 321/554/554 317/549/549 319/551/551
f 317/549/549 321/554/554 320/553/553
f 40/552/552 322/555/555 319/551/551
f 40/552/552 38/556/556 322/555/555
f 319/551/551 323/557/557 321/554/554
f 323/557/557 319/551/551 322/555/555
f 324/558/558 320/553/553 321/554/554
f 324/558/558 321/554/554 323/557/557
f 325/559/559 322/555/555 38/556/556
f 35/560/560 325/559/559 38/556/556
f 322/555/555 326/561/561 323/557/557
f 326/561/561 322/555/555 325/559/559
f 327/562/562 324/558/558 323/557/557
f 323/557/557 326/561/561 327/562/562
f 325/559/559 35/560/560 328/563/563
f 32/564/564 328/563/563 35/560/560
f 325/559/559 329/565/565 326/561/561
f 329/565/565 325/559/559 328/563/563
f 32/564/564 330/566/566 328/563/563
f 328/563/563 330/566/566 329/565/565
f 32/564/564 331/567/567 330/566/566
f 331/567/567 32/564/564 30/568/568
f 332/569/569 329/565/565 330/566/566
f 330/566/566 331/567/567 332/569/569
f 326/561/561 329/565/565 333/570/570
f 332/569/569 333/570/570 329/565/565
f 327/562/562 326/561/561 333/570/570
f 334/571/571 332/569/569 331/567/567
f 30/568/568 335/572/572 331/567/567
f 331/567/567 335/572/572 334/571/571
f 335/572/572 30/568/568 26/573/573
f 11/574/574 335/572/572 26/573/573
f 332/569/569 334/571/571 336/575/575
f 333/570/570 332/569/569 336/575/575
f 335/572/572 11/574/574 337/576/576
f 337/576/576 11/574/574 8/577/577
f 338/578/578 334/571/571 335/572/572
f 335/572/572 337/576/576 338/578/578
f 339/579/579 336/575/575 334/571/571
f 338/578/578 339/579/579 334/571/571
f 333/570/570 336/575/575 340/580/580
f 339/579/579 340/580/580 336/575/575
f 333/570/570 340/580/580 341/581/581
f 341/581/581 327/562/562 333/570/570
f 340/580/580 339/579/579 342/582/582
f 327/562/562 341/581/581 343/583/583
f 344/584/584 341/581/581 340/580/580
f 344/584/584 343/583/583 341/581/581
f 342/582/582 344/584/584 340/580/580
f 345/585/585 327/562/562 343/583/583
f 327/562/562 345/585/585 324/558/558
f 345/585/585 320/553/553 324/558/558
f 343/583/583 346/586/586 345/585/585
f 346/586/586 343/583/583 344/584/584
f 320/553/553 345/585/585 347/587/587
f 346/586/586 347/587/587 345/585/585
f 347/587/587 318/550/550 320/553/553
f 318/550/550 347/587/587 348/588/588
f 346/586/586 348/588/588 347/587/587
f 348/588/588 349/589/589 318/550/550
f 314/546/546 318/550/550 349/589/589
f 349/589/589 316/548/548 314/546/546
f 349/589/589 348/588/588 350/590/590
f 348/588/588 346/586/586 350/590/590
f 316/548/548 349/589/589 351/591/591
f 350/590/590 351/591/591 349/589/589
f 352/592/592 350/590/590 346/586/586
f 352/592/592 351/591/591 350/590/590
f 353/593/593 352/592/592 346/586/586
f 353/593/593 346/586/586 344/584/584
f 354/594/594 351/591/591 352/592/592
f 353/593/593 354/594/594 352/592/592
f 355/595/595 316/548/548 351/591/591
f 351/591/591 354/594/594 355/595/595
f 316/548/548 355/595/595 356/596/596
f 311/543/543 316/548/548 356/596/596
f 354/594/594 357/597/597 355/595/595
f 356/596/596 358/598/598 311/543/543
f 311/543/543 358/598/598 309/541/541
f 355/595/595 359/599/599 356/596/596
f 359/599/599 355/595/595 357/597/597
f 358/598/598 356/596/596 359/599/599
f 357/597/597 354/594/594 360/600/600
f 360/600/600 359/599/599 357/597/597
f 360/600/600 354/594/594 361/601/601
f 353/593/593 361/601/601 354/594/594
f 359/599/599 360/600/600 362/602/602
f 359/599/599 362/602/602 358/598/598
f 361/601/601 363/603/603 360/600/600
f 360/600/600 363/603/603 362/602/602
f 353/593/593 364/604/604 361/601/601
f 364/604/604 363/603/603 361/601/601
f 365/605/605 358/598/598 362/602/602
f 365/605/605 309/541/541 358/598/598
f 362/602/602 363/603/603 366/606/606
f 309/541/541 365/605/605 367/607/607
f 309/541/541 367/607/607 303/517/517
f 301/514/514 303/517/517 367/607/607
f 362/602/602 368/608/608 365/605/605
f 365/605/605 368/608/608 367/607/607
f 367/607/607 368/608/608 301/514/514
f 368/608/608 362/602/602 366/606/606
f 368/608/608 1/609/609 301/514/514
f 368/608/608 366/606/606 369/610/610
f 369/610/610 366/606/606 363/603/603
f 1/609/609 368/608/608 370/611/611
f 370/611/611 368/608/608 369/610/610
f 370/611/611 2/612/612 1/609/609
f 363/603/603 371/613/613 369/610/610
f 363/603/603 364/604/604 371/613/613
f 372/614/614 369/610/610 371/613/613
f 364/604/604 372/614/614 371/613/613
f 373/615/615 370/611/611 369/610/610
f 369/610/610 372/614/614 373/615/615
f 2/612/612 370/611/611 374/616/616
f 370/611/611 373/615/615 374/616/616
f 2/612/612 374/616/616 375/617/617
f 5/618/618 2/612/612 375/617/617
f 373/615/615 376/619/619 374/616/616
f 375/617/617 374/616/616 376/619/619
f 377/620/620 373/615/615 372/614/614
f 373/615/615 377/620/620 376/619/619
f 372/614/614 364/604/604 377/620/620
f 375/617/617 378/621/621 5/618/618
f 8/577/577 5/618/618 378/621/621
f 337/576/576 8/577/577 378/621/621
f 378/621/621 375/617/617 379/622/622
f 376/619/619 379/622/622 375/617/617
f 337/576/576 378/621/621 380/623/623
f 379/622/622 380/623/623 378/621/621
f 380/623/623 338/578/578 337/576/576
f 379/622/622 376/619/619 381/624/624
f 381/624/624 376/619/619 377/620/620
f 380/623/623 379/622/622 382/625/625
f 382/625/625 379/622/622 381/624/624
f 383/626/626 338/578/578 380/623/623
f 383/626/626 339/579/579 338/578/578
f 383/626/626 342/582/582 339/579/579
f 380/623/623 384/627/627 383/626/626
f 342/582/582 383/626/626 384/627/627
f 384/627/627 380/623/623 382/625/625
f 385/628/628 342/582/582 384/627/627
f 382/625/625 385/628/628 384/627/627
f 344/584/584 342/582/582 385/628/628
f 353/593/593 344/584/584 385/628/628
f 385/628/628 382/625/625 386/629/629
f 353/593/593 385/628/628 386/629/629
f 386/629/629 382/625/625 381/624/624
f 386/629/629 381/624/624 377/620/620
f 353/593/593 386/629/629 364/604/604
f 386/629/629 377/620/620 364/604/604
f 247/630/630 387/631/631 246/632/632
f 387/631/631 247/630/630 388/633/633
f 249/634/634 388/633/633 247/630/630
f 388/633/633 249/634/634 389/635/635
f 252/636/636 389/635/635 249/634/634
f 390/637/637 387/631/631 388/633/633
f 389/635/635 390/637/637 388/633/633
f 389/635/635 252/636/636 391/638/638
f 390/637/637 389/635/635 392/639/639
f 392/639/639 389/635/635 391/638/638
f 252/636/636 393/640/640 391/638/638
f 393/640/640 252/636/636 253/641/641
f 391/638/638 394/642/642 392/639/639
f 253/641/641 395/643/643 393/640/640
f 395/643/643 253/641/641 259/644/644
f 396/645/645 391/638/638 393/640/640
f 396/645/645 393/640/640 395/643/643
f 391/638/638 396/645/645 394/642/642
f 174/646/646 395/643/643 259/644/644
f 394/642/642 397/647/647 392/639/639
f 395/643/643 174/646/646 398/648/648
f 397/647/647 394/642/642 399/649/649
f 396/645/645 399/649/649 394/642/642
f 395/643/643 400/650/650 396/645/645
f 398/648/648 400/650/650 395/643/643
f 399/649/649 396/645/645 401/651/651
f 402/652/652 396/645/645 400/650/650
f 396/645/645 402/652/652 401/651/651
f 400/650/650 398/648/648 403/653/653
f 403/653/653 402/652/652 400/650/650
f 174/646/646 404/654/654 398/648/648
f 404/654/654 174/646/646 170/655/655
f 169/656/656 404/654/654 170/655/655
f 405/657/657 398/648/648 404/654/654
f 398/648/648 405/657/657 403/653/653
f 404/654/654 169/656/656 406/658/658
f 406/658/658 405/657/657 404/654/654
f 169/656/656 407/659/659 406/658/658
f 407/659/659 169/656/656 162/660/660
f 160/661/661 407/659/659 162/660/660
f 405/657/657 406/658/658 408/662/662
f 407/659/659 408/662/662 406/658/658
f 409/663/663 403/653/653 405/657/657
f 408/662/662 409/663/663 405/657/657
f 403/653/653 409/663/663 410/664/664
f 402/652/652 403/653/653 410/664/664
f 409/663/663 408/662/662 411/665/665
f 410/664/664 412/666/666 402/652/652
f 413/667/667 410/664/664 409/663/663
f 410/664/664 413/667/667 412/666/666
f 411/665/665 414/668/668 409/663/663
f 414/668/668 413/667/667 409/663/663
f 415/669/669 411/665/665 408/662/662
f 407/659/659 415/669/669 408/662/662
f 416/670/670 414/668/668 411/665/665
f 411/665/665 415/669/669 416/670/670
f 417/671/671 415/669/669 407/659/659
f 407/659/659 160/661/661 417/671/671
f 415/669/669 418/672/672 416/670/670
f 160/661/661 419/673/673 417/671/671
f 419/673/673 160/661/661 156/674/674
f 154/675/675 419/673/673 156/674/674
f 415/669/669 417/671/671 420/676/676
f 418/672/672 415/669/669 420/676/676
f 421/677/677 417/671/671 419/673/673
f 417/671/671 421/677/677 420/676/676
f 419/673/673 154/675/675 422/678/678
f 422/678/678 421/677/677 419/673/673
f 153/679/679 422/678/678 154/675/675
f 423/680/680 420/676/676 421/677/677
f 420/676/676 423/680/680 418/672/672
f 421/677/677 422/678/678 424/681/681
f 424/681/681 423/680/680 421/677/677
f 422/678/678 153/679/679 425/682/682
f 425/682/682 424/681/681 422/678/678
f 153/679/679 426/683/683 425/682/682
f 426/683/683 153/679/679 151/684/684
f 424/681/681 425/682/682 427/685/685
f 426/683/683 151/684/684 428/686/686
f 426/683/683 429/687/687 425/682/682
f 427/685/685 425/682/682 429/687/687
f 428/686/686 429/687/687 426/683/683
f 428/686/686 151/684/684 150/688/688
f 430/689/689 427/685/685 429/687/687
f 429/687/687 428/686/686 431/690/690
f 430/689/689 429/687/687 431/690/690
f 432/691/691 424/681/681 427/685/685
f 427/685/685 430/689/689 432/691/691
f 424/681/681 432/691/691 433/692/692
f 423/680/680 424/681/681 433/692/692
f 434/693/693 432/691/691 430/689/689
f 435/694/694 433/692/692 432/691/691
f 432/691/691 434/693/693 435/694/694
f 433/692/692 436/695/695 423/680/680
f 433/692/692 435/694/694 436/695/695
f 437/696/696 423/680/680 436/695/695
f 437/696/696 418/672/672 423/680/680
f 435/694/694 438/697/697 436/695/695
f 439/698/698 437/696/696 436/695/695
f 436/695/695 438/697/697 439/698/698
f 418/672/672 437/696/696 440/699/699
f 437/696/696 439/698/698 441/700/700
f 441/700/700 440/699/699 437/696/696
f 442/701/701 439/698/698 438/697/697
f 439/698/698 442/701/701 441/700/700
f 435/694/694 443/702/702 438/697/697
f 434/693/693 443/702/702 435/694/694
f 442/701/701 438/697/697 444/703/703
f 444/703/703 438/697/697 443/702/702
f 441/700/700 442/701/701 445/704/704
f 446/705/705 442/701/701 444/703/703
f 446/705/705 445/704/704 442/701/701
f 440/699/699 441/700/700 447/706/706
f 445/704/704 447/706/706 441/700/700
f 448/707/707 418/672/672 440/699/699
f 418/672/672 448/707/707 416/670/670
f 414/668/668 416/670/670 448/707/707
f 440/699/699 449/708/708 448/707/707
f 449/708/708 440/699/699 447/706/706
f 448/707/707 450/709/709 414/668/668
f 450/709/709 448/707/707 449/708/708
f 451/710/710 414/668/668 450/709/709
f 414/668/668 451/710/710 413/667/667
f 452/711/711 450/709/709 449/708/708
f 453/712/712 413/667/667 451/710/710
f 413/667/667 453/712/712 412/666/666
f 450/709/709 454/713/713 451/710/710
f 454/713/713 450/709/709 452/711/711
f 455/714/714 451/710/710 454/713/713
f 451/710/710 455/714/714 453/712/712
f 452/711/711 456/715/715 454/713/713
f 456/715/715 455/714/714 454/713/713
f 452/711/711 449/708/708 457/716/716
f 457/716/716 449/708/708 447/706/706
f 456/715/715 452/711/711 458/717/717
f 458/717/717 452/711/711 457/716/716
f 457/716/716 447/706/706 459/718/718
f 447/706/706 445/704/704 459/718/718
f 457/716/716 460/719/719 458/717/717
f 460/719/719 457/716/716 459/718/718
f 461/720/720 459/718/718 445/704/704
f 460/719/719 459/718/718 461/720/720
f 445/704/704 462/721/721 461/720/720
f 445/704/704 446/705/705 462/721/721
f 463/722/722 460/719/719 461/720/720
f 463/722/722 461/720/720 462/721/721
f 446/705/705 464/723/723 462/721/721
f 462/721/721 464/723/723 463/722/722
f 464/723/723 446/705/705 465/724/724
f 466/725/725 463/722/722 464/723/723
f 465/724/724 466/725/725 464/723/723
f 460/719/719 463/722/722 467/726/726
f 463/722/722 466/725/725 468/727/727
f 468/727/727 467/726/726 463/722/722
f 460/719/719 467/726/726 469/728/728
f 469/728/728 458/717/717 460/719/719
f 467/726/726 468/727/727 470/729/729
f 470/729/729 469/728/728 467/726/726
f 471/730/730 468/727/727 466/725/725
f 471/730/730 470/729/729 468/727/727
f 472/731/731 458/717/717 469/728/728
f 458/717/717 472/731/731 456/715/715
f 469/728/728 470/729/729 473/732/732
f 472/731/731 474/733/733 456/715/715
f 455/714/714 456/715/715 474/733/733
f 472/731/731 469/728/728 475/734/734
f 475/734/734 469/728/728 473/732/732
f 474/733/733 472/731/731 476/735/735
f 475/734/734 476/735/735 472/731/731
f 477/736/736 455/714/714 474/733/733
f 476/735/735 475/734/734 478/737/737
f 455/714/714 477/736/736 479/738/738
f 479/738/738 453/712/712 455/714/714
f 480/739/739 474/733/733 476/735/735
f 474/733/733 480/739/739 477/736/736
f 453/712/712 479/738/738 481/740/740
f 481/740/740 412/666/666 453/712/712
f 477/736/736 482/741/741 479/738/738
f 412/666/666 481/740/740 483/742/742
f 402/652/652 412/666/666 483/742/742
f 483/742/742 401/651/651 402/652/652
f 479/738/738 484/743/743 481/740/740
f 484/743/743 479/738/738 482/741/741
f 481/740/740 485/744/744 483/742/742
f 401/651/651 483/742/742 485/744/744
f 485/744/744 481/740/740 484/743/743
f 485/744/744 399/649/649 401/651/651
f 399/649/649 485/744/744 486/745/745
f 399/649/649 486/745/745 397/647/647
f 487/746/746 485/744/744 484/743/743
f 487/746/746 486/745/745 485/744/744
f 486/745/745 488/747/747 397/647/647
f 487/746/746 488/747/747 486/745/745
f 489/748/748 487/746/746 484/743/743
f 489/748/748 484/743/743 482/741/741
f 488/747/747 487/746/746 490/749/749
f 491/750/750 487/746/746 489/748/748
f 487/746/746 491/750/750 490/749/749
f 492/751/751 397/647/647 488/747/747
f 490/749/749 492/751/751 488/747/747
f 491/750/750 493/752/752 490/749/749
f 492/751/751 490/749/749 493/752/752
f 489/748/748 494/753/753 491/750/750
f 495/754/754 492/751/751 493/752/752
f 493/752/752 496/755/755 495/754/754
f 492/751/751 495/754/754 497/756/756
f 496/755/755 493/752/752 498/757/757
f 498/757/757 493/752/752 491/750/750
f 491/750/750 494/753/753 498/757/757
f 499/758/758 496/755/755 498/757/757
f 500/759/759 498/757/757 494/753/753
f 499/758/758 498/757/757 500/759/759
f 494/753/753 489/748/748 501/760/760
f 482/741/741 501/760/760 489/748/748
f 502/761/761 499/758/758 500/759/759
f 499/758/758 502/761/761 503/762/762
f 502/761/761 504/763/763 503/762/762
f 505/764/764 500/759/759 494/753/753
f 500/759/759 505/764/764 502/761/761
f 505/764/764 494/753/753 501/760/760
f 504/763/763 502/761/761 506/765/765
f 506/765/765 502/761/761 505/764/764
f 506/765/765 507/766/766 504/763/763
f 505/764/764 501/760/760 508/767/767
f 505/764/764 509/768/768 506/765/765
f 509/768/768 505/764/764 508/767/767
f 507/766/766 506/765/765 510/769/769
f 509/768/768 510/769/769 506/765/765
f 501/760/760 482/741/741 511/770/770
f 508/767/767 501/760/760 511/770/770
f 482/741/741 477/736/736 511/770/770
f 480/739/739 511/770/770 477/736/736
f 508/767/767 511/770/770 512/771/771
f 511/770/770 480/739/739 512/771/771
f 513/772/772 508/767/767 512/771/771
f 509/768/768 508/767/767 513/772/772
f 480/739/739 514/773/773 512/771/771
f 513/772/772 512/771/771 514/773/773
f 514/773/773 480/739/739 515/774/774
f 476/735/735 515/774/774 480/739/739
f 515/774/774 476/735/735 478/737/737
f 516/775/775 513/772/772 514/773/773
f 517/776/776 514/773/773 515/774/774
f 514/773/773 517/776/776 516/775/775
f 518/777/777 515/774/774 478/737/737
f 515/774/774 518/777/777 517/776/776
f 478/737/737 519/778/778 518/777/777
f 519/778/778 478/737/737 475/734/734
f 473/732/732 519/778/778 475/734/734
f 520/779/779 517/776/776 518/777/777
f 519/778/778 520/779/779 518/777/777
f 519/778/778 473/732/732 521/780/780
f 521/780/780 473/732/732 470/729/729
f 520/779/779 519/778/778 522/781/781
f 521/780/780 522/781/781 519/778/778
f 517/776/776 520/779/779 523/782/782
f 523/782/782 516/775/775 517/776/776
f 470/729/729 524/783/783 521/780/780
f 470/729/729 471/730/730 524/783/783
f 524/783/783 525/784/784 521/780/780
f 524/783/783 471/730/730 525/784/784
f 526/785/785 516/775/775 523/782/782
f 525/784/784 471/730/730 527/786/786
f 466/725/725 527/786/786 471/730/730
f 516/775/775 526/785/785 528/787/787
f 513/772/772 516/775/775 528/787/787
f 528/787/787 509/768/768 513/772/772
f 529/788/788 527/786/786 466/725/725
f 466/725/725 465/724/724 529/788/788
f 509/768/768 528/787/787 530/789/789
f 510/769/769 509/768/768 530/789/789
f 531/790/790 530/789/789 528/787/787
f 531/790/790 510/769/769 530/789/789
f 532/791/791 528/787/787 526/785/785
f 531/790/790 528/787/787 532/791/791
f 533/792/792 532/791/791 526/785/785
f 523/782/782 533/792/792 526/785/785
f 534/793/793 531/790/790 532/791/791
f 532/791/791 533/792/792 534/793/793
f 510/769/769 531/790/790 535/794/794
f 510/769/769 535/794/794 507/766/766
f 286/464/464 507/766/766 535/794/794
f 535/794/794 285/463/463 286/464/464
f 531/790/790 534/793/793 536/795/795
f 535/794/794 531/790/790 536/795/795
f 285/463/463 535/794/794 537/796/796
f 535/794/794 536/795/795 537/796/796
f 538/797/797 536/795/795 534/793/793
f 536/795/795 538/797/797 537/796/796
f 533/792/792 538/797/797 534/793/793
f 539/798/798 285/463/463 537/796/796
f 285/463/463 539/798/798 289/469/469
f 294/476/476 289/469/469 539/798/798
f 537/796/796 540/799/799 539/798/798
f 540/799/799 537/796/796 538/797/797
f 539/798/798 541/800/800 294/476/476
f 541/800/800 539/798/798 540/799/799
f 541/800/800 542/801/801 294/476/476
f 542/801/801 293/475/475 294/476/476
f 543/802/802 541/800/800 540/799/799
f 544/803/803 293/475/475 542/801/801
f 293/475/475 544/803/803 296/479/479
f 298/486/486 296/479/479 544/803/803
f 545/804/804 542/801/801 541/800/800
f 545/804/804 541/800/800 543/802/802
f 542/801/801 546/805/805 544/803/803
f 546/805/805 542/801/801 545/804/804
f 544/803/803 547/806/806 298/486/486
f 547/806/806 544/803/803 546/805/805
f 1134/807/807 298/486/486 547/806/806
f 298/486/486 1134/807/807 1101/490/490
f 547/806/806 546/805/805 548/808/808
f 1135/809/809 1101/490/490 1134/807/807
f 547/806/806 1136/810/810 1134/807/807
f 1136/810/810 547/806/806 548/808/808
f 1134/807/807 1137/811/811 1135/809/809
f 1137/811/811 1134/807/807 1136/810/810
f 1101/490/490 1135/809/809 1138/812/812
f 1100/489/489 1101/490/490 1138/812/812
f 1139/813/813 1135/809/809 1137/811/811
f 1135/809/809 1139/813/813 1138/812/812
f 1140/814/814 1100/489/489 1138/812/812
f 1139/813/813 1140/814/814 1138/812/812
f 1100/489/489 1140/814/814 1103/493/493
f 1105/496/496 1103/493/493 1140/814/814
f 1140/814/814 1141/815/815 1105/496/496
f 1141/815/815 1140/814/814 1139/813/813
f 1125/528/528 1105/496/496 1141/815/815
f 1139/813/813 1137/811/811 1142/816/816
f 1136/810/810 1142/816/816 1137/811/811
f 1141/815/815 1139/813/813 1143/817/817
f 1142/816/816 1143/817/817 1139/813/813
f 1141/815/815 1144/818/818 1125/528/528
f 1144/818/818 1141/815/815 1143/817/817
f 1136/810/810 1145/819/819 1142/816/816
f 1142/816/816 1146/820/820 1143/817/817
f 1146/820/820 1142/816/816 1145/819/819
f 1145/819/819 1136/810/810 1147/821/821
f 1147/821/821 1146/820/820 1145/819/819
f 1147/821/821 1136/810/810 548/808/808
f 1148/822/822 1143/817/817 1146/820/820
f 1143/817/817 1148/822/822 1144/818/818
f 1146/820/820 1147/821/821 1149/823/823
f 1149/823/823 1148/822/822 1146/820/820
f 548/808/808 549/824/824 1147/821/821
f 1148/822/822 1149/823/823 1150/825/825
f 549/824/824 548/808/808 550/826/826
f 550/826/826 548/808/808 546/805/805
f 1149/823/823 1147/821/821 551/827/827
f 551/827/827 1147/821/821 549/824/824
f 550/826/826 546/805/805 552/828/828
f 545/804/804 552/828/828 546/805/805
f 553/829/829 549/824/824 550/826/826
f 553/829/829 550/826/826 552/828/828
f 545/804/804 554/830/830 552/828/828
f 552/828/828 554/830/830 553/829/829
f 554/830/830 545/804/804 543/802/802
f 549/824/824 553/829/829 555/831/831
f 555/831/831 551/827/827 549/824/824
f 556/832/832 554/830/830 543/802/802
f 540/799/799 556/832/832 543/802/802
f 556/832/832 540/799/799 538/797/797
f 554/830/830 556/832/832 557/833/833
f 554/830/830 557/833/833 553/829/829
f 538/797/797 558/834/834 556/832/832
f 557/833/833 556/832/832 558/834/834
f 538/797/797 533/792/792 558/834/834
f 533/792/792 559/835/835 558/834/834
f 557/833/833 558/834/834 559/835/835
f 559/835/835 533/792/792 560/836/836
f 560/836/836 533/792/792 523/782/782
f 520/779/779 560/836/836 523/782/782
f 560/836/836 520/779/779 561/837/837
f 522/781/781 561/837/837 520/779/779
f 562/838/838 560/836/836 561/837/837
f 522/781/781 562/838/838 561/837/837
f 562/838/838 559/835/835 560/836/836
f 559/835/835 563/839/839 557/833/833
f 563/839/839 559/835/835 562/838/838
f 557/833/833 563/839/839 564/840/840
f 562/838/838 522/781/781 565/841/841
f 562/838/838 566/842/842 563/839/839
f 566/842/842 562/838/838 565/841/841
f 567/843/843 563/839/839 566/842/842
f 563/839/839 567/843/843 564/840/840
f 565/841/841 568/844/844 566/842/842
f 566/842/842 568/844/844 567/843/843
f 569/845/845 565/841/841 522/781/781
f 522/781/781 521/780/780 569/845/845
f 565/841/841 569/845/845 570/846/846
f 568/844/844 565/841/841 570/846/846
f 521/780/780 571/847/847 569/845/845
f 571/847/847 570/846/846 569/845/845
f 571/847/847 521/780/780 525/784/784
f 570/846/846 572/848/848 568/844/844
f 571/847/847 525/784/784 573/849/849
f 570/846/846 571/847/847 574/850/850
f 573/849/849 574/850/850 571/847/847
f 572/848/848 570/846/846 574/850/850
f 525/784/784 527/786/786 573/849/849
f 572/848/848 575/851/851 568/844/844
f 567/843/843 568/844/844 575/851/851
f 576/852/852 572/848/848 574/850/850
f 574/850/850 573/849/849 577/853/853
f 574/850/850 577/853/853 576/852/852
f 527/786/786 578/854/854 573/849/849
f 578/854/854 577/853/853 573/849/849
f 527/786/786 579/855/855 578/854/854
f 579/855/855 527/786/786 529/788/788
f 465/724/724 579/855/855 529/788/788
f 577/853/853 578/854/854 580/856/856
f 579/855/855 465/724/724 581/857/857
f 446/705/705 581/857/857 465/724/724
f 580/856/856 582/858/858 577/853/853
f 576/852/852 577/853/853 582/858/858
f 581/857/857 446/705/705 583/859/859
f 446/705/705 444/703/703 583/859/859
f 583/859/859 444/703/703 584/860/860
f 444/703/703 443/702/702 584/860/860
f 585/861/861 581/857/857 583/859/859
f 583/859/859 584/860/860 585/861/861
f 443/702/702 586/862/862 584/860/860
f 586/862/862 443/702/702 587/863/863
f 588/864/864 584/860/860 586/862/862
f 585/861/861 584/860/860 588/864/864
f 443/702/702 589/865/865 587/863/863
f 588/864/864 590/866/866 585/861/861
f 443/702/702 434/693/693 589/865/865
f 585/861/861 590/866/866 591/867/867
f 581/857/857 585/861/861 591/867/867
f 590/866/866 134/309/309 591/867/867
f 592/868/868 581/857/857 591/867/867
f 592/868/868 591/867/867 134/309/309
f 579/855/855 581/857/857 592/868/868
f 133/308/308 592/868/868 134/309/309
f 133/308/308 579/855/855 592/868/868
f 579/855/855 133/308/308 593/869/869
f 579/855/855 593/869/869 578/854/854
f 129/304/304 593/869/869 133/308/308
f 578/854/854 593/869/869 594/870/870
f 594/870/870 593/869/869 129/304/304
f 580/856/856 578/854/854 594/870/870
f 129/304/304 125/299/299 594/870/870
f 580/856/856 594/870/870 125/299/299
f 125/299/299 595/871/871 580/856/856
f 123/297/297 595/871/871 125/299/299
f 582/858/858 580/856/856 595/871/871
f 120/294/294 595/871/871 123/297/297
f 596/872/872 582/858/858 595/871/871
f 596/872/872 576/852/852 582/858/858
f 595/871/871 120/294/294 597/873/873
f 597/873/873 596/872/872 595/871/871
f 597/873/873 120/294/294 598/874/874
f 598/874/874 596/872/872 597/873/873
f 120/294/294 122/296/296 598/874/874
f 122/296/296 124/298/298 598/874/874
f 596/872/872 599/875/875 576/852/852
f 600/876/876 598/874/874 124/298/298
f 596/872/872 598/874/874 601/877/877
f 598/874/874 600/876/876 601/877/877
f 599/875/875 596/872/872 601/877/877
f 124/298/298 602/878/878 600/876/876
f 1095/300/300 602/878/878 124/298/298
f 600/876/876 603/879/879 601/877/877
f 603/879/879 600/876/876 602/878/878
f 601/877/877 604/880/880 599/875/875
f 604/880/880 601/877/877 603/879/879
f 605/881/881 576/852/852 599/875/875
f 605/881/881 599/875/875 604/880/880
f 576/852/852 605/881/881 572/848/848
f 575/851/851 572/848/848 605/881/881
f 603/879/879 606/882/882 604/880/880
f 607/883/883 605/881/881 604/880/880
f 607/883/883 604/880/880 606/882/882
f 605/881/881 607/883/883 608/884/884
f 606/882/882 608/884/884 607/883/883
f 575/851/851 605/881/881 609/885/885
f 608/884/884 609/885/885 605/881/881
f 606/882/882 603/879/879 1151/886/886
f 602/878/878 1151/886/886 603/879/879
f 606/882/882 610/887/887 608/884/884
f 609/885/885 608/884/884 610/887/887
f 1151/886/886 610/887/887 606/882/882
f 575/851/851 609/885/885 611/888/888
f 611/888/888 567/843/843 575/851/851
f 612/889/889 609/885/885 610/887/887
f 612/889/889 611/888/888 609/885/885
f 567/843/843 611/888/888 613/890/890
f 613/890/890 564/840/840 567/843/843
f 611/888/888 612/889/889 614/891/891
f 614/891/891 613/890/890 611/888/888
f 564/840/840 613/890/890 615/892/892
f 615/892/892 557/833/833 564/840/840
f 557/833/833 615/892/892 553/829/829
f 616/893/893 615/892/892 613/890/890
f 613/890/890 614/891/891 616/893/893
f 617/894/894 553/829/829 615/892/892
f 615/892/892 616/893/893 617/894/894
f 555/831/831 553/829/829 617/894/894
f 617/894/894 616/893/893 618/895/895
f 555/831/831 617/894/894 618/895/895
f 619/896/896 616/893/893 614/891/891
f 616/893/893 619/896/896 618/895/895
f 620/897/897 555/831/831 618/895/895
f 551/827/827 555/831/831 620/897/897
f 618/895/895 621/898/898 620/897/897
f 619/896/896 621/898/898 618/895/895
f 620/897/897 622/899/899 551/827/827
f 622/899/899 620/897/897 621/898/898
f 622/899/899 1149/823/823 551/827/827
f 1149/823/823 622/899/899 1150/825/825
f 621/898/898 619/896/896 623/900/900
f 623/900/900 622/899/899 621/898/898
f 614/891/891 624/901/901 619/896/896
f 624/901/901 614/891/891 612/889/889
f 619/896/896 625/902/902 623/900/900
f 619/896/896 624/901/901 625/902/902
f 622/899/899 623/900/900 626/903/903
f 625/902/902 626/903/903 623/900/900
f 625/902/902 624/901/901 627/904/904
f 626/903/903 625/902/902 627/904/904
f 624/901/901 612/889/889 628/905/905
f 628/905/905 627/904/904 624/901/901
f 610/887/887 628/905/905 612/889/889
f 627/904/904 1152/906/906 626/903/903
f 628/905/905 1152/906/906 627/904/904
f 622/899/899 626/903/903 1153/907/907
f 1152/906/906 1153/907/907 626/903/903
f 1153/907/907 1150/825/825 622/899/899
f 1154/908/908 628/905/905 610/887/887
f 1152/906/906 628/905/905 1154/908/908
f 610/887/887 1151/886/886 1154/908/908
f 1152/906/906 1155/909/909 1153/907/907
f 1154/908/908 1155/909/909 1152/906/906
f 1156/910/910 1150/825/825 1153/907/907
f 1155/909/909 1156/910/910 1153/907/907
f 1156/910/910 1148/822/822 1150/825/825
f 1156/910/910 1144/818/818 1148/822/822
f 1144/818/818 1156/910/910 1157/911/911
f 1155/909/909 1157/911/911 1156/910/910
f 1158/912/912 1144/818/818 1157/911/911
f 1158/912/912 1125/528/528 1144/818/818
f 1126/529/529 1125/528/528 1158/912/912
f 1130/533/533 1126/529/529 1158/912/912
f 1159/913/913 1158/912/912 1157/911/911
f 1158/912/912 1159/913/913 1130/533/533
f 1157/911/911 1155/909/909 1160/914/914
f 1159/913/913 1157/911/911 1160/914/914
f 1130/533/533 1159/913/913 1161/915/915
f 1130/533/533 1161/915/915 1071/200/200
f 1071/200/200 1161/915/915 1073/202/202
f 1159/913/913 1162/916/916 1161/915/915
f 1162/916/916 1073/202/202 1161/915/915
f 1160/914/914 1162/916/916 1159/913/913
f 1155/909/909 1163/917/917 1160/914/914
f 1162/916/916 1160/914/914 1163/917/917
f 1163/917/917 1155/909/909 1164/918/918
f 1155/909/909 1154/908/908 1164/918/918
f 1165/919/919 1162/916/916 1163/917/917
f 1165/919/919 1163/917/917 1164/918/918
f 1154/908/908 1166/920/920 1164/918/918
f 1164/918/918 1166/920/920 1165/919/919
f 1154/908/908 1151/886/886 1166/920/920
f 1162/916/916 1165/919/919 1167/921/921
f 1151/886/886 1168/922/922 1166/920/920
f 1168/922/922 1165/919/919 1166/920/920
f 1165/919/919 1168/922/922 1167/921/921
f 1168/922/922 1151/886/886 602/878/878
f 602/878/878 1095/300/300 1168/922/922
f 1169/923/923 1162/916/916 1167/921/921
f 1168/922/922 1169/923/923 1167/921/921
f 1169/923/923 1168/922/922 1095/300/300
f 1162/916/916 1169/923/923 1073/202/202
f 1095/300/300 1072/201/201 1169/923/923
f 1072/201/201 1073/202/202 1169/923/923
f 629/924/924 434/693/693 430/689/689
f 434/693/693 629/924/924 589/865/865
f 431/690/690 629/924/924 430/689/689
f 629/924/924 630/925/925 589/865/865
f 630/925/925 587/926/926 589/865/865
f 431/690/690 631/927/927 629/924/924
f 631/927/927 630/925/925 629/924/924
f 587/926/926 630/925/925 632/928/928
f 632/928/928 586/929/929 587/926/926
f 631/927/927 633/930/930 630/925/925
f 632/928/928 630/925/925 633/930/930
f 631/927/927 431/690/690 634/931/931
f 428/686/686 634/931/931 431/690/690
f 586/929/929 632/928/928 635/932/932
f 635/932/932 588/933/933 586/929/929
f 636/934/934 634/931/931 428/686/686
f 428/686/686 150/688/688 636/934/934
f 588/933/933 635/932/932 637/935/935
f 637/935/935 590/936/936 588/933/933
f 632/928/928 638/937/937 635/932/932
f 638/937/937 637/935/935 635/932/932
f 638/937/937 632/928/928 639/938/938
f 632/928/928 633/930/930 639/938/938
f 590/936/936 637/935/935 640/939/939
f 637/935/935 638/937/937 641/940/940
f 641/940/940 640/939/939 637/935/935
f 640/939/939 642/941/941 590/936/936
f 134/942/942 590/936/936 642/941/941
f 640/939/939 641/940/940 643/943/943
f 642/941/941 644/944/944 134/942/942
f 130/945/945 134/942/942 644/944/944
f 640/939/939 645/946/946 642/941/941
f 645/946/946 640/939/939 643/943/943
f 644/944/944 642/941/941 645/946/946
f 130/945/945 644/944/944 646/947/947
f 126/948/948 130/945/945 646/947/947
f 644/944/944 645/946/946 647/949/949
f 647/949/949 646/947/947 644/944/944
f 648/950/950 645/946/946 643/943/943
f 641/940/940 648/950/950 643/943/943
f 649/951/951 647/949/949 645/946/946
f 645/946/946 648/950/950 649/951/951
f 646/947/947 647/949/949 650/952/952
f 651/953/953 126/948/948 646/947/947
f 650/952/952 651/953/953 646/947/947
f 126/948/948 651/953/953 127/954/954
f 652/955/955 650/952/952 647/949/949
f 647/949/949 649/951/951 652/955/955
f 653/956/956 127/954/954 651/953/953
f 127/954/954 653/956/956 128/957/957
f 653/956/956 132/958/958 128/957/957
f 651/953/953 650/952/952 654/959/959
f 132/958/958 653/956/956 655/960/960
f 655/960/960 136/961/961 132/958/958
f 651/953/953 656/962/962 653/956/956
f 656/962/962 655/960/960 653/956/956
f 656/962/962 651/953/953 654/959/959
f 136/961/961 655/960/960 657/963/963
f 657/963/963 145/964/964 136/961/961
f 656/962/962 658/965/965 655/960/960
f 655/960/960 658/965/965 657/963/963
f 145/964/964 657/963/963 659/966/966
f 658/965/965 660/967/967 657/963/963
f 659/966/966 657/963/963 660/967/967
f 659/966/966 661/968/968 145/964/964
f 145/964/964 661/968/968 149/969/969
f 660/967/967 662/970/970 659/966/966
f 661/968/968 659/966/966 662/970/970
f 658/965/965 663/971/971 660/967/967
f 661/968/968 664/972/972 149/969/969
f 150/688/688 149/969/969 664/972/972
f 664/972/972 636/934/934 150/688/688
f 663/971/971 658/965/965 665/973/973
f 656/962/962 665/973/973 658/965/965
f 664/972/972 666/974/974 636/934/934
f 665/973/973 656/962/962 667/975/975
f 666/974/974 664/972/972 668/976/976
f 661/968/968 668/976/976 664/972/972
f 669/977/977 667/975/975 656/962/962
f 656/962/962 654/959/959 669/977/977
f 668/976/976 661/968/968 670/978/978
f 662/970/970 670/978/978 661/968/968
f 654/959/959 671/979/979 669/977/977
f 654/959/959 650/952/952 671/979/979
f 650/952/952 652/955/955 671/979/979
f 670/978/978 662/970/970 672/980/980
f 668/976/976 670/978/978 672/980/980
f 660/967/967 673/981/981 662/970/970
f 662/970/970 673/981/981 672/980/980
f 673/981/981 660/967/967 663/971/971
f 674/982/982 668/976/976 672/980/980
f 666/974/974 668/976/976 674/982/982
f 675/983/983 672/980/980 673/981/981
f 676/984/984 673/981/981 663/971/971
f 673/981/981 676/984/984 675/983/983
f 663/971/971 677/985/985 676/984/984
f 677/985/985 663/971/971 665/973/973
f 676/984/984 678/986/986 675/983/983
f 679/987/987 677/985/985 665/973/973
f 679/987/987 665/973/973 667/975/975
f 677/985/985 680/988/988 676/984/984
f 678/986/986 676/984/984 680/988/988
f 679/987/987 681/989/989 677/985/985
f 680/988/988 677/985/985 681/989/989
f 682/990/990 679/987/987 667/975/975
f 667/975/975 669/977/977 682/990/990
f 671/979/979 682/990/990 669/977/977
f 681/989/989 679/987/987 683/991/991
f 682/990/990 683/991/991 679/987/987
f 681/989/989 684/992/992 680/988/988
f 684/992/992 678/986/986 680/988/988
f 682/990/990 671/979/979 685/993/993
f 652/955/955 685/993/993 671/979/979
f 683/991/991 682/990/990 686/994/994
f 685/993/993 652/955/955 687/995/995
f 649/951/951 687/995/995 652/955/955
f 682/990/990 685/993/993 688/996/996
f 688/996/996 686/994/994 682/990/990
f 685/993/993 687/995/995 689/997/997
f 685/993/993 689/997/997 688/996/996
f 687/995/995 649/951/951 690/998/998
f 648/950/950 690/998/998 649/951/951
f 687/995/995 691/999/999 689/997/997
f 687/995/995 690/998/998 691/999/999
f 688/996/996 689/997/997 692/1000/1000
f 686/994/994 688/996/996 693/1001/1001
f 693/1001/1001 688/996/996 692/1000/1000
f 693/1001/1001 683/991/991 686/994/994
f 689/997/997 694/1002/1002 692/1000/1000
f 689/997/997 691/999/999 694/1002/1002
f 683/991/991 693/1001/1001 695/1003/1003
f 695/1003/1003 681/989/989 683/991/991
f 681/989/989 695/1003/1003 696/1004/1004
f 696/1004/1004 684/992/992 681/989/989
f 695/1003/1003 697/1005/1005 696/1004/1004
f 697/1005/1005 684/992/992 696/1004/1004
f 693/1001/1001 698/1006/1006 695/1003/1003
f 697/1005/1005 695/1003/1003 698/1006/1006
f 693/1001/1001 692/1000/1000 699/1007/1007
f 698/1006/1006 700/1008/1008 697/1005/1005
f 698/1006/1006 693/1001/1001 701/1009/1009
f 701/1009/1009 693/1001/1001 699/1007/1007
f 700/1008/1008 698/1006/1006 702/1010/1010
f 701/1009/1009 702/1010/1010 698/1006/1006
f 703/1011/1011 697/1005/1005 700/1008/1008
f 702/1010/1010 703/1011/1011 700/1008/1008
f 684/992/992 697/1005/1005 704/1012/1012
f 697/1005/1005 703/1011/1011 704/1012/1012
f 702/1010/1010 701/1009/1009 705/1013/1013
f 701/1009/1009 706/1014/1014 705/1013/1013
f 705/1013/1013 706/1014/1014 702/1010/1010
f 706/1014/1014 701/1009/1009 699/1007/1007
f 702/1010/1010 706/1014/1014 707/1015/1015
f 707/1015/1015 703/1011/1011 702/1010/1010
f 699/1007/1007 708/1016/1016 706/1014/1014
f 707/1015/1015 706/1014/1014 708/1016/1016
f 699/1007/1007 709/1017/1017 708/1016/1016
f 699/1007/1007 692/1000/1000 709/1017/1017
f 709/1017/1017 707/1015/1015 708/1016/1016
f 694/1002/1002 709/1017/1017 692/1000/1000
f 694/1002/1002 710/1018/1018 709/1017/1017
f 709/1017/1017 710/1018/1018 707/1015/1015
f 711/1019/1019 710/1018/1018 694/1002/1002
f 711/1019/1019 694/1002/1002 691/999/999
f 712/1020/1020 707/1015/1015 710/1018/1018
f 711/1019/1019 713/1021/1021 710/1018/1018
f 710/1018/1018 713/1021/1021 712/1020/1020
f 691/999/999 714/1022/1022 711/1019/1019
f 690/998/998 714/1022/1022 691/999/999
f 713/1021/1021 711/1019/1019 715/1023/1023
f 715/1023/1023 711/1019/1019 714/1022/1022
f 716/1024/1024 712/1020/1020 713/1021/1021
f 713/1021/1021 715/1023/1023 716/1024/1024
f 717/1025/1025 707/1015/1015 712/1020/1020
f 712/1020/1020 716/1024/1024 717/1025/1025
f 715/1023/1023 718/1026/1026 716/1024/1024
f 714/1022/1022 718/1026/1026 715/1023/1023
f 719/1027/1027 716/1024/1024 718/1026/1026
f 714/1022/1022 690/998/998 720/1028/1028
f 690/998/998 648/950/950 720/1028/1028
f 718/1026/1026 714/1022/1022 721/1029/1029
f 721/1029/1029 719/1027/1027 718/1026/1026
f 722/1030/1030 714/1022/1022 720/1028/1028
f 714/1022/1022 722/1030/1030 721/1029/1029
f 648/950/950 722/1030/1030 720/1028/1028
f 648/950/950 723/1031/1031 722/1030/1030
f 648/950/950 641/940/940 723/1031/1031
f 638/937/937 723/1031/1031 641/940/940
f 724/1032/1032 721/1029/1029 722/1030/1030
f 723/1031/1031 724/1032/1032 722/1030/1030
f 723/1031/1031 638/937/937 725/1033/1033
f 723/1031/1031 725/1033/1033 724/1032/1032
f 639/938/938 725/1033/1033 638/937/937
f 721/1029/1029 724/1032/1032 726/1034/1034
f 721/1029/1029 726/1034/1034 719/1027/1027
f 725/1033/1033 727/1035/1035 724/1032/1032
f 727/1035/1035 726/1034/1034 724/1032/1032
f 725/1033/1033 639/938/938 728/1036/1036
f 725/1033/1033 728/1036/1036 727/1035/1035
f 639/938/938 633/930/930 728/1036/1036
f 726/1034/1034 727/1035/1035 729/1037/1037
f 633/930/930 730/1038/1038 728/1036/1036
f 728/1036/1036 731/1039/1039 727/1035/1035
f 731/1039/1039 728/1036/1036 730/1038/1038
f 731/1039/1039 729/1037/1037 727/1035/1035
f 732/1040/1040 730/1038/1038 633/930/930
f 633/930/930 631/927/927 732/1040/1040
f 733/1041/1041 731/1039/1039 730/1038/1038
f 730/1038/1038 732/1040/1040 733/1041/1041
f 734/1042/1042 732/1040/1040 631/927/927
f 634/931/931 734/1042/1042 631/927/927
f 636/934/934 734/1042/1042 634/931/931
f 734/1042/1042 636/934/934 666/974/974
f 732/1040/1040 735/1043/1043 733/1041/1041
f 735/1043/1043 732/1040/1040 734/1042/1042
f 736/1044/1044 734/1042/1042 666/974/974
f 734/1042/1042 736/1044/1044 735/1043/1043
f 674/982/982 736/1044/1044 666/974/974
f 735/1043/1043 737/1045/1045 733/1041/1041
f 731/1039/1039 733/1041/1041 737/1045/1045
f 736/1044/1044 738/1046/1046 735/1043/1043
f 737/1045/1045 735/1043/1043 738/1046/1046
f 674/982/982 739/1047/1047 736/1044/1044
f 738/1046/1046 736/1044/1044 739/1047/1047
f 739/1047/1047 674/982/982 740/1048/1048
f 672/980/980 740/1048/1048 674/982/982
f 738/1046/1046 739/1047/1047 741/1049/1049
f 740/1048/1048 672/980/980 742/1050/1050
f 672/980/980 675/983/983 742/1050/1050
f 742/1050/1050 675/983/983 678/986/986
f 739/1047/1047 740/1048/1048 743/1051/1051
f 742/1050/1050 743/1051/1051 740/1048/1048
f 743/1051/1051 741/1049/1049 739/1047/1047
f 742/1050/1050 678/986/986 744/1052/1052
f 743/1051/1051 742/1050/1050 744/1052/1052
f 745/1053/1053 744/1052/1052 678/986/986
f 678/986/986 684/992/992 745/1053/1053
f 704/1012/1012 745/1053/1053 684/992/992
f 743/1051/1051 744/1052/1052 746/1054/1054
f 745/1053/1053 704/1012/1012 747/1055/1055
f 744/1052/1052 745/1053/1053 748/1056/1056
f 747/1055/1055 748/1056/1056 745/1053/1053
f 748/1056/1056 746/1054/1054 744/1052/1052
f 704/1012/1012 749/1057/1057 747/1055/1055
f 749/1057/1057 704/1012/1012 703/1011/1011
f 748/1056/1056 747/1055/1055 750/1058/1058
f 750/1058/1058 747/1055/1055 749/1057/1057
f 748/1056/1056 751/1059/1059 746/1054/1054
f 751/1059/1059 748/1056/1056 750/1058/1058
f 752/1060/1060 743/1051/1051 746/1054/1054
f 743/1051/1051 752/1060/1060 741/1049/1049
f 753/1061/1061 746/1054/1054 751/1059/1059
f 746/1054/1054 753/1061/1061 752/1060/1060
f 750/1058/1058 754/1062/1062 751/1059/1059
f 754/1062/1062 753/1061/1061 751/1059/1059
f 750/1058/1058 749/1057/1057 755/1063/1063
f 754/1062/1062 750/1058/1058 755/1063/1063
f 703/1011/1011 755/1063/1063 749/1057/1057
f 755/1063/1063 756/1064/1064 754/1062/1062
f 703/1011/1011 756/1064/1064 755/1063/1063
f 753/1061/1061 754/1062/1062 756/1064/1064
f 753/1061/1061 757/1065/1065 752/1060/1060
f 752/1060/1060 757/1065/1065 741/1049/1049
f 756/1064/1064 758/1066/1066 753/1061/1061
f 757/1065/1065 753/1061/1061 758/1066/1066
f 741/1049/1049 757/1065/1065 759/1067/1067
f 741/1049/1049 759/1067/1067 738/1046/1046
f 759/1067/1067 737/1045/1045 738/1046/1046
f 757/1065/1065 760/1068/1068 759/1067/1067
f 758/1066/1066 760/1068/1068 757/1065/1065
f 737/1045/1045 759/1067/1067 761/1069/1069
f 759/1067/1067 760/1068/1068 761/1069/1069
f 761/1069/1069 731/1039/1039 737/1045/1045
f 731/1039/1039 761/1069/1069 762/1070/1070
f 729/1037/1037 731/1039/1039 762/1070/1070
f 761/1069/1069 763/1071/1071 762/1070/1070
f 763/1071/1071 729/1037/1037 762/1070/1070
f 760/1068/1068 763/1071/1071 761/1069/1069
f 760/1068/1068 758/1066/1066 764/1072/1072
f 764/1072/1072 763/1071/1071 760/1068/1068
f 758/1066/1066 765/1073/1073 764/1072/1072
f 756/1064/1064 765/1073/1073 758/1066/1066
f 765/1073/1073 766/1074/1074 764/1072/1072
f 756/1064/1064 766/1074/1074 765/1073/1073
f 763/1071/1071 764/1072/1072 767/1075/1075
f 767/1075/1075 764/1072/1072 766/1074/1074
f 729/1037/1037 763/1071/1071 768/1076/1076
f 768/1076/1076 726/1034/1034 729/1037/1037
f 726/1034/1034 768/1076/1076 719/1027/1027
f 763/1071/1071 769/1077/1077 768/1076/1076
f 769/1077/1077 763/1071/1071 767/1075/1075
f 768/1076/1076 770/1078/1078 719/1027/1027
f 770/1078/1078 768/1076/1076 769/1077/1077
f 716/1024/1024 719/1027/1027 770/1078/1078
f 770/1078/1078 717/1025/1025 716/1024/1024
f 769/1077/1077 771/1079/1079 770/1078/1078
f 717/1025/1025 770/1078/1078 771/1079/1079
f 771/1079/1079 769/1077/1077 772/1080/1080
f 772/1080/1080 717/1025/1025 771/1079/1079
f 767/1075/1075 772/1080/1080 769/1077/1077
f 772/1080/1080 707/1015/1015 717/1025/1025
f 703/1011/1011 707/1015/1015 772/1080/1080
f 703/1011/1011 772/1080/1080 756/1064/1064
f 756/1064/1064 772/1080/1080 766/1074/1074
f 772/1080/1080 767/1075/1075 773/1081/1081
f 766/1074/1074 772/1080/1080 773/1081/1081
f 766/1074/1074 773/1081/1081 767/1075/1075
f 397/647/647 492/751/751 774/1082/1082
f 774/1082/1082 392/639/639 397/647/647
f 392/639/639 774/1082/1082 390/637/637
f 774/1082/1082 492/751/751 497/756/756
f 390/637/637 774/1082/1082 775/1083/1083
f 387/631/631 390/637/637 775/1083/1083
f 774/1082/1082 497/756/756 776/1084/1084
f 775/1083/1083 774/1082/1082 776/1084/1084
f 497/756/756 777/1085/1085 776/1084/1084
f 775/1083/1083 776/1084/1084 777/1085/1085
f 387/631/631 775/1083/1083 778/1086/1086
f 777/1085/1085 778/1086/1086 775/1083/1083
f 778/1086/1086 779/1087/1087 387/631/631
f 246/1088/1088 387/631/631 779/1087/1087
f 777/1085/1085 497/756/756 780/1089/1089
f 495/1090/1090 780/1089/1089 497/756/756
f 779/1087/1087 781/1091/1091 246/1088/1088
f 245/1092/1092 246/1088/1088 781/1091/1091
f 780/1089/1089 495/1090/1090 782/1093/1093
f 496/1094/1094 782/1093/1093 495/1090/1090
f 782/1093/1093 783/1095/1095 780/1089/1089
f 783/1095/1095 777/1085/1085 780/1089/1089
f 782/1093/1093 496/1094/1094 784/1096/1096
f 783/1095/1095 782/1093/1093 785/1097/1097
f 784/1096/1096 785/1097/1097 782/1093/1093
f 496/1094/1094 786/1098/1098 784/1096/1096
f 786/1098/1098 496/1094/1094 499/1099/1099
f 503/1100/1100 786/1098/1098 499/1099/1099
f 784/1096/1096 787/1101/1101 785/1097/1097
f 787/1101/1101 784/1096/1096 786/1098/1098
f 786/1098/1098 503/1100/1100 788/1102/1102
f 504/1103/1103 788/1102/1102 503/1100/1100
f 789/1104/1104 787/1101/1101 786/1098/1098
f 789/1104/1104 786/1098/1098 788/1102/1102
f 790/1105/1105 785/1097/1097 787/1101/1101
f 791/1106/1106 787/1101/1101 789/1104/1104
f 787/1101/1101 791/1106/1106 790/1105/1105
f 792/1107/1107 789/1104/1104 788/1102/1102
f 785/1097/1097 790/1105/1105 793/1108/1108
f 793/1108/1108 783/1095/1095 785/1097/1097
f 794/1109/1109 789/1104/1104 792/1107/1107
f 789/1104/1104 794/1109/1109 791/1106/1106
f 788/1102/1102 795/1110/1110 792/1107/1107
f 792/1107/1107 795/1110/1110 794/1109/1109
f 795/1110/1110 788/1102/1102 796/1111/1111
f 788/1102/1102 504/1103/1103 796/1111/1111
f 504/1103/1103 797/1112/1112 796/1111/1111
f 797/1112/1112 504/1103/1103 507/1113/1113
f 796/1111/1111 798/1114/1114 795/1110/1110
f 798/1114/1114 796/1111/1111 797/1112/1112
f 795/1110/1110 798/1114/1114 799/1115/1115
f 795/1110/1110 799/1115/1115 794/1109/1109
f 797/1112/1112 800/1116/1116 798/1114/1114
f 801/1117/1117 797/1112/1112 507/1113/1113
f 800/1116/1116 797/1112/1112 801/1117/1117
f 507/1113/1113 286/1118/1118 801/1117/1117
f 286/1118/1118 283/1119/1119 801/1117/1117
f 800/1116/1116 802/1120/1120 798/1114/1114
f 798/1114/1114 802/1120/1120 799/1115/1115
f 801/1117/1117 283/1119/1119 803/1121/1121
f 229/1122/1122 803/1121/1121 283/1119/1119
f 801/1117/1117 804/1123/1123 800/1116/1116
f 804/1123/1123 801/1117/1117 803/1121/1121
f 803/1121/1121 229/1122/1122 805/1124/1124
f 803/1121/1121 805/1124/1124 804/1123/1123
f 233/1125/1125 805/1124/1124 229/1122/1122
f 804/1123/1123 806/1126/1126 800/1116/1116
f 802/1120/1120 800/1116/1116 806/1126/1126
f 805/1124/1124 233/1125/1125 807/1127/1127
f 238/1128/1128 807/1127/1127 233/1125/1125
f 804/1123/1123 805/1124/1124 808/1129/1129
f 807/1127/1127 808/1129/1129 805/1124/1124
f 807/1127/1127 238/1128/1128 809/1130/1130
f 242/1131/1131 809/1130/1130 238/1128/1128
f 804/1123/1123 808/1129/1129 810/1132/1132
f 806/1126/1126 804/1123/1123 810/1132/1132
f 809/1130/1130 242/1131/1131 811/1133/1133
f 245/1092/1092 811/1133/1133 242/1131/1131
f 812/1134/1134 807/1127/1127 809/1130/1130
f 811/1133/1133 812/1134/1134 809/1130/1130
f 811/1133/1133 245/1092/1092 813/1135/1135
f 781/1091/1091 813/1135/1135 245/1092/1092
f 811/1133/1133 814/1136/1136 812/1134/1134
f 814/1136/1136 811/1133/1133 813/1135/1135
f 807/1127/1127 812/1134/1134 815/1137/1137
f 808/1129/1129 807/1127/1127 815/1137/1137
f 816/1138/1138 814/1136/1136 813/1135/1135
f 817/1139/1139 808/1129/1129 815/1137/1137
f 813/1135/1135 818/1140/1140 816/1138/1138
f 818/1140/1140 813/1135/1135 781/1091/1091
f 808/1129/1129 817/1139/1139 819/1141/1141
f 808/1129/1129 819/1141/1141 810/1132/1132
f 815/1137/1137 820/1142/1142 817/1139/1139
f 820/1142/1142 815/1137/1137 812/1134/1134
f 817/1139/1139 821/1143/1143 819/1141/1141
f 810/1132/1132 819/1141/1141 821/1143/1143
f 820/1142/1142 822/1144/1144 817/1139/1139
f 821/1143/1143 817/1139/1139 822/1144/1144
f 812/1134/1134 823/1145/1145 820/1142/1142
f 823/1145/1145 812/1134/1134 814/1136/1136
f 822/1144/1144 820/1142/1142 824/1146/1146
f 823/1145/1145 824/1146/1146 820/1142/1142
f 814/1136/1136 825/1147/1147 823/1145/1145
f 825/1147/1147 814/1136/1136 816/1138/1138
f 818/1140/1140 825/1147/1147 816/1138/1138
f 824/1146/1146 823/1145/1145 826/1148/1148
f 825/1147/1147 826/1148/1148 823/1145/1145
f 827/1149/1149 822/1144/1144 824/1146/1146
f 826/1148/1148 825/1147/1147 828/1150/1150
f 822/1144/1144 827/1149/1149 829/1151/1151
f 821/1143/1143 822/1144/1144 829/1151/1151
f 830/1152/1152 824/1146/1146 826/1148/1148
f 824/1146/1146 830/1152/1152 827/1149/1149
f 831/1153/1153 826/1148/1148 828/1150/1150
f 826/1148/1148 831/1153/1153 830/1152/1152
f 832/1154/1154 828/1150/1150 825/1147/1147
f 832/1154/1154 831/1153/1153 828/1150/1150
f 825/1147/1147 833/1155/1155 832/1154/1154
f 825/1147/1147 818/1140/1140 833/1155/1155
f 831/1153/1153 832/1154/1154 834/1156/1156
f 835/1157/1157 833/1155/1155 818/1140/1140
f 781/1091/1091 835/1157/1157 818/1140/1140
f 835/1157/1157 781/1091/1091 779/1087/1087
f 779/1087/1087 778/1086/1086 835/1157/1157
f 836/1158/1158 832/1154/1154 833/1155/1155
f 836/1158/1158 834/1156/1156 832/1154/1154
f 833/1155/1155 835/1157/1157 837/1159/1159
f 833/1155/1155 837/1159/1159 836/1158/1158
f 835/1157/1157 778/1086/1086 838/1160/1160
f 838/1160/1160 837/1159/1159 835/1157/1157
f 778/1086/1086 777/1085/1085 838/1160/1160
f 839/1161/1161 836/1158/1158 837/1159/1159
f 838/1160/1160 777/1085/1085 840/1162/1162
f 777/1085/1085 783/1095/1095 840/1162/1162
f 837/1159/1159 838/1160/1160 841/1163/1163
f 838/1160/1160 840/1162/1162 841/1163/1163
f 837/1159/1159 841/1163/1163 839/1161/1161
f 842/1164/1164 840/1162/1162 783/1095/1095
f 783/1095/1095 793/1108/1108 842/1164/1164
f 840/1162/1162 843/1165/1165 841/1163/1163
f 840/1162/1162 842/1164/1164 843/1165/1165
f 841/1163/1163 843/1165/1165 844/1166/1166
f 842/1164/1164 844/1166/1166 843/1165/1165
f 841/1163/1163 844/1166/1166 839/1161/1161
f 793/1108/1108 845/1167/1167 842/1164/1164
f 844/1166/1166 842/1164/1164 845/1167/1167
f 845/1167/1167 793/1108/1108 846/1168/1168
f 790/1105/1105 846/1168/1168 793/1108/1108
f 844/1166/1166 845/1167/1167 847/1169/1169
f 846/1168/1168 790/1105/1105 848/1170/1170
f 791/1106/1106 848/1170/1170 790/1105/1105
f 849/1171/1171 845/1167/1167 846/1168/1168
f 845/1167/1167 849/1171/1171 847/1169/1169
f 848/1170/1170 791/1106/1106 850/1172/1172
f 794/1109/1109 850/1172/1172 791/1106/1106
f 851/1173/1173 846/1168/1168 848/1170/1170
f 846/1168/1168 851/1173/1173 849/1171/1171
f 852/1174/1174 848/1170/1170 850/1172/1172
f 848/1170/1170 852/1174/1174 851/1173/1173
f 850/1172/1172 794/1109/1109 853/1175/1175
f 853/1175/1175 852/1174/1174 850/1172/1172
f 794/1109/1109 854/1176/1176 853/1175/1175
f 854/1176/1176 794/1109/1109 799/1115/1115
f 852/1174/1174 853/1175/1175 855/1177/1177
f 856/1178/1178 854/1176/1176 799/1115/1115
f 856/1178/1178 799/1115/1115 802/1120/1120
f 857/1179/1179 853/1175/1175 854/1176/1176
f 856/1178/1178 857/1179/1179 854/1176/1176
f 853/1175/1175 857/1179/1179 855/1177/1177
f 858/1180/1180 856/1178/1178 802/1120/1120
f 802/1120/1120 806/1126/1126 858/1180/1180
f 857/1179/1179 856/1178/1178 859/1181/1181
f 858/1180/1180 859/1181/1181 856/1178/1178
f 860/1182/1182 858/1180/1180 806/1126/1126
f 806/1126/1126 810/1132/1132 860/1182/1182
f 810/1132/1132 821/1143/1143 860/1182/1182
f 860/1182/1182 861/1183/1183 858/1180/1180
f 859/1181/1181 858/1180/1180 861/1183/1183
f 821/1143/1143 862/1184/1184 860/1182/1182
f 861/1183/1183 860/1182/1182 862/1184/1184
f 862/1184/1184 821/1143/1143 863/1185/1185
f 821/1143/1143 829/1151/1151 863/1185/1185
f 864/1186/1186 862/1184/1184 863/1185/1185
f 829/1151/1151 864/1186/1186 863/1185/1185
f 861/1183/1183 862/1184/1184 865/1187/1187
f 862/1184/1184 864/1186/1186 865/1187/1187
f 859/1181/1181 861/1183/1183 866/1188/1188
f 865/1187/1187 866/1188/1188 861/1183/1183
f 866/1188/1188 867/1189/1189 859/1181/1181
f 867/1189/1189 857/1179/1179 859/1181/1181
f 865/1187/1187 868/1190/1190 866/1188/1188
f 867/1189/1189 869/1191/1191 857/1179/1179
f 869/1191/1191 855/1177/1177 857/1179/1179
f 866/1188/1188 870/1192/1192 867/1189/1189
f 870/1192/1192 869/1191/1191 867/1189/1189
f 870/1192/1192 866/1188/1188 868/1190/1190
f 855/1177/1177 869/1191/1191 871/1193/1193
f 869/1191/1191 870/1192/1192 872/1194/1194
f 872/1194/1194 871/1193/1193 869/1191/1191
f 870/1192/1192 868/1190/1190 873/1195/1195
f 874/1196/1196 855/1177/1177 871/1193/1193
f 855/1177/1177 874/1196/1196 852/1174/1174
f 873/1195/1195 875/1197/1197 870/1192/1192
f 875/1197/1197 872/1194/1194 870/1192/1192
f 876/1198/1198 873/1195/1195 868/1190/1190
f 876/1198/1198 875/1197/1197 873/1195/1195
f 868/1190/1190 877/1199/1199 876/1198/1198
f 868/1190/1190 865/1187/1187 877/1199/1199
f 876/1198/1198 877/1199/1199 878/1200/1200
f 877/1199/1199 865/1187/1187 879/1201/1201
f 877/1199/1199 879/1201/1201 878/1200/1200
f 864/1186/1186 879/1201/1201 865/1187/1187
f 878/1200/1200 880/1202/1202 876/1198/1198
f 878/1200/1200 879/1201/1201 880/1202/1202
f 876/1198/1198 880/1202/1202 875/1197/1197
f 879/1201/1201 881/1203/1203 880/1202/1202
f 864/1186/1186 882/1204/1204 879/1201/1201
f 881/1203/1203 879/1201/1201 882/1204/1204
f 883/1205/1205 880/1202/1202 881/1203/1203
f 882/1204/1204 883/1205/1205 881/1203/1203
f 883/1205/1205 875/1197/1197 880/1202/1202
f 884/1206/1206 882/1204/1204 864/1186/1186
f 864/1186/1186 829/1151/1151 884/1206/1206
f 827/1149/1149 884/1206/1206 829/1151/1151
f 884/1206/1206 885/1207/1207 882/1204/1204
f 883/1205/1205 882/1204/1204 885/1207/1207
f 884/1206/1206 827/1149/1149 886/1208/1208
f 885/1207/1207 884/1206/1206 886/1208/1208
f 830/1152/1152 886/1208/1208 827/1149/1149
f 886/1208/1208 830/1152/1152 887/1209/1209
f 831/1153/1153 887/1209/1209 830/1152/1152
f 886/1208/1208 888/1210/1210 885/1207/1207
f 888/1210/1210 886/1208/1208 887/1209/1209
f 887/1209/1209 831/1153/1153 889/1211/1211
f 889/1211/1211 888/1210/1210 887/1209/1209
f 890/1212/1212 885/1207/1207 888/1210/1210
f 885/1207/1207 890/1212/1212 883/1205/1205
f 888/1210/1210 889/1211/1211 891/1213/1213
f 888/1210/1210 892/1214/1214 890/1212/1212
f 892/1214/1214 888/1210/1210 891/1213/1213
f 892/1214/1214 883/1205/1205 890/1212/1212
f 889/1211/1211 893/1215/1215 891/1213/1213
f 892/1214/1214 891/1213/1213 893/1215/1215
f 894/1216/1216 889/1211/1211 831/1153/1153
f 893/1215/1215 889/1211/1211 894/1216/1216
f 831/1153/1153 834/1156/1156 894/1216/1216
f 895/1217/1217 892/1214/1214 893/1215/1215
f 834/1156/1156 896/1218/1218 894/1216/1216
f 893/1215/1215 894/1216/1216 897/1219/1219
f 895/1217/1217 893/1215/1215 897/1219/1219
f 894/1216/1216 896/1218/1218 897/1219/1219
f 898/1220/1220 892/1214/1214 895/1217/1217
f 898/1220/1220 895/1217/1217 897/1219/1219
f 898/1220/1220 883/1205/1205 892/1214/1214
f 896/1218/1218 834/1156/1156 899/1221/1221
f 834/1156/1156 836/1158/1158 899/1221/1221
f 839/1161/1161 899/1221/1221 836/1158/1158
f 900/1222/1222 896/1218/1218 899/1221/1221
f 900/1222/1222 897/1219/1219 896/1218/1218
f 899/1221/1221 839/1161/1161 901/1223/1223
f 899/1221/1221 901/1223/1223 900/1222/1222
f 844/1166/1166 901/1223/1223 839/1161/1161
f 897/1219/1219 900/1222/1222 902/1224/1224
f 897/1219/1219 902/1224/1224 898/1220/1220
f 901/1223/1223 844/1166/1166 903/1225/1225
f 844/1166/1166 847/1169/1169 903/1225/1225
f 904/1226/1226 900/1222/1222 901/1223/1223
f 901/1223/1223 903/1225/1225 904/1226/1226
f 847/1169/1169 904/1226/1226 903/1225/1225
f 904/1226/1226 902/1224/1224 900/1222/1222
f 904/1226/1226 847/1169/1169 905/1227/1227
f 849/1171/1171 905/1227/1227 847/1169/1169
f 902/1224/1224 904/1226/1226 906/1228/1228
f 905/1227/1227 849/1171/1171 907/1229/1229
f 851/1173/1173 907/1229/1229 849/1171/1171
f 905/1227/1227 908/1230/1230 904/1226/1226
f 904/1226/1226 908/1230/1230 906/1228/1228
f 907/1229/1229 851/1173/1173 909/1231/1231
f 909/1231/1231 851/1173/1173 852/1174/1174
f 874/1196/1196 909/1231/1231 852/1174/1174
f 910/1232/1232 905/1227/1227 907/1229/1229
f 905/1227/1227 910/1232/1232 908/1230/1230
f 911/1233/1233 907/1229/1229 909/1231/1231
f 874/1196/1196 911/1233/1233 909/1231/1231
f 907/1229/1229 911/1233/1233 910/1232/1232
f 911/1233/1233 874/1196/1196 912/1234/1234
f 871/1193/1193 912/1234/1234 874/1196/1196
f 913/1235/1235 910/1232/1232 911/1233/1233
f 912/1234/1234 871/1193/1193 914/1236/1236
f 871/1193/1193 872/1194/1194 914/1236/1236
f 915/1237/1237 911/1233/1233 912/1234/1234
f 912/1234/1234 914/1236/1236 915/1237/1237
f 911/1233/1233 915/1237/1237 913/1235/1235
f 872/1194/1194 916/1238/1238 914/1236/1236
f 915/1237/1237 914/1236/1236 916/1238/1238
f 872/1194/1194 875/1197/1197 916/1238/1238
f 875/1197/1197 915/1237/1237 916/1238/1238
f 915/1237/1237 917/1239/1239 913/1235/1235
f 875/1197/1197 917/1239/1239 915/1237/1237
f 910/1232/1232 913/1235/1235 917/1239/1239
f 875/1197/1197 883/1205/1205 917/1239/1239
f 917/1239/1239 908/1230/1230 910/1232/1232
f 917/1239/1239 883/1205/1205 898/1220/1220
f 908/1230/1230 917/1239/1239 918/1240/1240
f 918/1240/1240 906/1228/1228 908/1230/1230
f 917/1239/1239 919/1241/1241 918/1240/1240
f 906/1228/1228 918/1240/1240 919/1241/1241
f 917/1239/1239 898/1220/1220 919/1241/1241
f 920/1242/1242 906/1228/1228 919/1241/1241
f 919/1241/1241 898/1220/1220 920/1242/1242
f 902/1224/1224 906/1228/1228 920/1242/1242
f 898/1220/1220 902/1224/1224 920/1242/1242
