# Blender v3.3.21 OBJ File: 'URDF3.blend'
# www.blender.org
v -1.245727 -5.360747 -1.991624
v -0.000006 -5.504827 -2.020616
v -2.613629 -4.146343 0.911346
v -2.502158 -5.087762 -1.817628
v -2.830679 -5.015685 -1.601853
v -3.516722 -4.565563 -0.155747
v -3.909896 -4.126341 0.287856
v -4.404142 -3.637893 0.603164
v -4.920277 -1.977025 2.671753
v -4.840452 -3.019190 0.830032
v -5.211149 -2.385498 1.167816
v -4.840649 1.244430 4.449982
v -5.491761 -1.848082 1.714569
v -3.045115 3.533787 5.365098
v -0.000006 4.162175 5.429688
v -1.422489 4.549428 4.901124
v -0.000006 4.717462 4.911073
v -2.844945 4.251744 4.831513
v -3.703688 3.920000 4.858490
v -4.202186 3.250190 4.936463
v -4.651843 2.584408 4.944031
v -5.113640 1.746330 4.685349
v -5.827447 0.338279 3.995636
v -5.968070 -0.558778 3.244873
v -5.749886 -1.332265 2.406051
v -6.445217 -2.129895 1.588333
v -6.716038 -1.524335 2.328796
v -6.148478 -2.733923 1.003494
v -5.717651 -3.468535 0.590606
v -5.221212 -4.188158 0.288635
v -4.688848 -4.770449 -0.074738
v -4.158004 -5.263195 -0.570466
v -5.229366 -4.295252 -2.600068
v -3.297742 -5.781370 -2.002320
v -4.569829 -4.900584 -3.206910
v -2.939424 -5.902580 -2.206758
v -4.436872 -4.677579 -3.393937
v -1.464740 -6.239103 -2.470460
v -0.000006 -6.416177 -2.551362
v -3.360897 -5.236533 -4.729447
v -2.941895 -5.359719 -4.997895
v -1.614685 -5.638871 -5.220933
v -0.000006 -5.757528 -5.285020
v -2.794588 -4.480225 -4.224732
v -1.450296 -4.775694 -4.660417
v -0.000006 -4.878985 -4.743882
v -2.398045 -4.581409 -4.536180
v -3.567273 -4.055642 -2.962388
v -4.328778 -2.758419 0.043045
v -4.322866 -3.506485 -2.311783
v -5.080075 -4.084693 -2.795365
v -5.036286 -2.856627 -1.972428
v -5.738298 -3.344939 -2.373017
v -5.544553 -2.239591 -1.856247
v -6.289292 -2.717433 -2.114609
v -5.958407 -1.618638 -1.613907
v -6.745854 -2.086012 -1.730027
v -6.223298 -1.081504 -1.046906
v -6.334172 -0.553560 -0.412476
v -5.427539 0.316631 2.442154
v -6.355461 0.112945 0.422775
v -6.919811 -0.579720 3.210083
v -6.823271 0.422411 3.867706
v -6.211180 0.990152 1.200241
v -6.008372 2.253834 4.641510
v -5.462091 3.174078 4.916077
v -5.095921 3.808827 4.928330
v -4.680905 4.447608 4.870210
v -5.363881 2.965033 2.038483
v -4.787547 4.034029 2.232163
v -4.027927 3.698831 3.353669
v -0.000006 5.534764 3.772889
v -4.378000 4.653207 2.268540
v -3.990973 5.191255 2.193635
v -4.092482 6.181932 2.198426
v -3.699104 5.444319 2.170854
v -2.932932 5.743640 2.150773
v -3.090962 6.385045 2.232713
v -1.466483 5.969292 2.153123
v -0.000006 6.138952 2.155473
v -1.545498 6.654721 2.222154
v -0.000006 6.750592 2.211610
v -1.517051 5.527021 4.897004
v -0.000006 5.677495 4.920976
v -3.034068 5.263661 4.873033
v -3.962106 4.996258 4.896150
v 1.245715 -5.360747 -1.991624
v 2.502146 -5.087762 -1.817628
v 2.830667 -5.015685 -1.601853
v 3.516711 -4.565563 -0.155747
v 3.909884 -4.126341 0.287856
v 4.404130 -3.637893 0.603164
v 4.920264 -1.977025 2.671753
v 4.840439 -3.019190 0.830032
v 5.211136 -2.385498 1.167816
v 4.840637 1.244430 4.449982
v 5.491749 -1.848082 1.714569
v 3.045103 3.533787 5.365098
v 1.422477 4.549428 4.901124
v 2.844933 4.251744 4.831513
v 3.703676 3.920000 4.858490
v 4.202173 3.250190 4.936463
v 4.651830 2.584408 4.944031
v 5.113627 1.746330 4.685349
v 5.827435 0.338279 3.995636
v 5.968058 -0.558778 3.244873
v 5.749873 -1.332265 2.406051
v 6.445204 -2.129895 1.588333
v 6.148466 -2.733923 1.003494
v 7.398387 -0.907653 0.016662
v 5.717639 -3.468535 0.590606
v 5.221200 -4.188158 0.288635
v 4.688836 -4.770449 -0.074738
v 5.903905 -3.543055 -2.169388
v 4.157992 -5.263195 -0.570466
v 5.229354 -4.295252 -2.600068
v 5.738286 -3.344939 -2.373017
v 5.080063 -4.084693 -2.795365
v 4.569817 -4.900584 -3.206910
v 6.289279 -2.717433 -2.114609
v 3.297730 -5.781370 -2.002320
v 4.436859 -4.677579 -3.393937
v 2.939412 -5.902580 -2.206758
v 1.464728 -6.239103 -2.470460
v 1.656285 -5.902336 -5.042558
v 3.360885 -5.236533 -4.729447
v 2.941883 -5.359719 -4.997895
v 1.614673 -5.638871 -5.220933
v 2.794576 -4.480225 -4.224732
v 1.450284 -4.775694 -4.660417
v 2.398033 -4.581409 -4.536180
v 3.567261 -4.055642 -2.962388
v 4.322854 -3.506485 -2.311783
v 4.328765 -2.758419 0.043045
v 5.036273 -2.856627 -1.972428
v 5.544540 -2.239591 -1.856247
v 5.958395 -1.618638 -1.613907
v 6.745842 -2.086012 -1.730027
v 6.223285 -1.081504 -1.046906
v 6.334159 -0.553560 -0.412476
v 6.355449 0.112945 0.422775
v 7.335683 1.109215 1.473358
v 6.823259 0.422411 3.867706
v 6.211168 0.990152 1.200241
v 6.229276 3.215193 2.075638
v 6.008359 2.253834 4.641510
v 5.462079 3.174078 4.916077
v 4.680892 4.447608 4.870210
v 5.608497 4.373399 2.338044
v 5.363868 2.965033 2.038483
v 4.787534 4.034029 2.232163
v 4.377987 4.653207 2.268540
v 4.701612 5.730833 2.222688
v 3.990961 5.191255 2.193635
v 4.190813 6.293161 2.472947
v 4.092470 6.181932 2.198426
v 3.699092 5.444319 2.170854
v 3.962095 4.996258 4.896150
v 3.034056 5.263661 4.873033
v 3.090951 6.385045 2.232713
v 1.558187 6.779888 2.494584
v 1.545486 6.654721 2.222154
v 2.932920 5.743640 2.150773
v 1.466471 5.969292 2.153123
v -0.000006 -4.856309 0.572967
v -0.000006 -1.621794 5.802368
v -7.398400 -0.907632 0.016693
v -7.224492 -1.589564 -0.806519
v -6.887730 -2.280941 -1.562897
v -6.443025 -2.913947 -1.929230
v -5.903917 -3.543034 -2.169358
v -3.455667 -5.483404 -4.551347
v -3.034410 -5.609093 -4.814256
v -1.656296 -5.902323 -5.042542
v -0.000006 -6.024877 -5.108140
v -0.000006 -4.822084 -2.135102
v -1.804750 -4.549122 -1.970032
v -0.000006 -1.151293 4.934464
v -7.058376 -1.443042 -1.058121
v -7.208042 -0.809611 -0.319519
v -7.304112 0.094865 0.535385
v -7.495277 0.003593 0.752731
v -7.151145 1.184130 1.240616
v -7.335695 1.109215 1.473358
v -6.229289 3.215196 2.075638
v -6.383132 3.211516 2.314393
v -5.608510 4.373402 2.338044
v -5.756041 4.379884 2.598008
v -5.311667 5.100303 2.599442
v -5.162310 5.064286 2.334809
v -4.701624 5.730835 2.222688
v -4.852808 5.796360 2.491975
v -4.190825 6.293185 2.472978
v -0.000006 6.876493 2.483705
v -1.558199 6.779896 2.494600
v -3.116364 6.509499 2.505509
v 2.613617 -4.146364 0.911331
v 6.716026 -1.524356 2.328781
v 7.224479 -1.589563 -0.806519
v 6.887718 -2.280941 -1.562897
v 6.443012 -2.913947 -1.929230
v 3.455655 -5.483391 -4.551332
v 3.034399 -5.609074 -4.814225
v 1.804738 -4.549140 -1.970048
v 7.058363 -1.443042 -1.058121
v 7.208030 -0.809610 -0.319519
v 5.427527 0.316652 2.442184
v 7.304100 0.094866 0.535385
v 7.495265 0.003593 0.752731
v 7.151132 1.184130 1.240616
v 6.919799 -0.579741 3.210068
v 6.383120 3.211538 2.314423
v 5.756029 4.379884 2.598023
v 5.095908 3.808806 4.928315
v 5.311655 5.100303 2.599442
v 5.162297 5.064288 2.334809
v 4.027915 3.698853 3.353699
v 4.852796 5.796360 2.491975
v 3.116353 6.509508 2.505525
v 1.517039 5.526998 4.896989
v -1.228886 -5.756089 0.688933
v -0.000006 -7.198421 0.140486
v -0.000006 -5.900129 0.611861
v -1.543556 -7.056945 0.239547
v -2.143724 -5.514280 1.016219
v -2.774741 -6.734102 0.606185
v -2.671683 -5.301111 1.747863
v -3.378194 -6.435328 1.312438
v -3.168860 -5.012503 2.498245
v -3.950868 -6.061112 2.037398
v -3.582255 -4.705870 2.841430
v -4.441398 -5.707827 2.433867
v -4.880919 -5.303347 2.697783
v -3.944641 -4.348040 3.052047
v -5.498353 -4.589058 3.086593
v -4.417802 -3.784044 3.322387
v -4.801379 -3.213329 3.684875
v -6.026204 -3.868046 3.567565
v -6.341450 -3.180198 4.271072
v -5.041381 -2.667365 4.328811
v -5.223796 -2.133715 5.065048
v -6.599107 -2.504667 5.066940
v -5.318560 -1.157303 6.238144
v -6.676470 -1.179481 6.223221
v -5.987763 1.134187 7.299286
v -4.729849 0.584696 7.228867
v -5.475893 2.093732 7.577729
v -4.312680 1.322139 7.454727
v -3.995573 1.949755 7.429200
v -5.087894 2.819910 7.558625
v -3.701444 2.550856 7.334305
v -4.722871 3.519568 7.470154
v -3.394307 2.816654 7.310532
v -4.051908 4.030442 7.467194
v -3.114206 4.264972 7.493622
v -2.841781 2.935354 7.295105
v -1.441488 3.155681 7.316956
v -1.565628 4.511619 7.504151
v -0.000006 3.292184 7.338807
v -0.000006 4.674439 7.514665
v -0.000006 4.724428 4.801423
v 1.228874 -5.756089 0.688933
v 1.543545 -7.056945 0.239547
v 2.143712 -5.514280 1.016219
v 2.774729 -6.734102 0.606185
v 2.671671 -5.301111 1.747863
v 3.168848 -5.012503 2.498245
v 3.582243 -4.705870 2.841430
v 3.944629 -4.348040 3.052047
v 4.417790 -3.784044 3.322387
v 4.801367 -3.213329 3.684875
v 5.041369 -2.667365 4.328811
v 5.223784 -2.133715 5.065048
v 5.498341 -4.589058 3.086593
v 4.880907 -5.303347 2.697783
v 4.441386 -5.707827 2.433867
v 3.950856 -6.061112 2.037398
v 3.378182 -6.435328 1.312438
v 6.026191 -3.868046 3.567565
v 6.341438 -3.180198 4.271072
v 6.599095 -2.504667 5.066940
v 5.318548 -1.157303 6.238144
v 6.676458 -1.179481 6.223221
v 5.987751 1.134187 7.299286
v 4.729837 0.584696 7.228867
v 4.312667 1.322139 7.454727
v 3.995560 1.949755 7.429200
v 3.701432 2.550856 7.334305
v 5.475881 2.093732 7.577729
v 5.087882 2.819910 7.558625
v 4.722858 3.519568 7.470154
v 3.394295 2.816654 7.310532
v 4.051895 4.030442 7.467194
v 3.114195 4.264972 7.493622
v 2.841769 2.935354 7.295105
v 1.441476 3.155681 7.316956
v 1.565616 4.511619 7.504151
v -1.792929 -6.990437 -2.485063
v -0.000006 -7.113109 -2.607911
v -0.000006 -6.854760 -2.781816
v -3.088850 -6.759857 -2.262864
v -1.775146 -6.731604 -2.656450
v -3.502946 -6.591791 -2.034532
v -4.107945 -6.283133 -1.328324
v -4.679621 -5.895319 -0.642854
v -5.258903 -5.348927 -0.143754
v -4.576429 -5.698822 -0.821107
v -5.787178 -4.751336 0.222778
v -6.248468 -4.213587 0.447143
v -5.143237 -5.152374 -0.328477
v -5.659038 -4.554728 0.031600
v -6.999131 -3.213952 1.008102
v -6.091940 -4.022156 0.252273
v -7.300203 -2.523177 1.725341
v -7.491681 -1.803928 2.530517
v -7.329531 -1.679650 2.345306
v -7.570881 -0.317266 3.728088
v -6.697385 2.447152 4.844590
v -7.395215 -0.248774 3.503296
v -6.513483 2.423640 4.597077
v -6.067531 3.536188 5.097580
v -5.590292 4.311985 5.087555
v -5.927092 3.500999 4.850800
v -5.451112 4.264512 4.841324
v -5.136036 5.061264 5.008164
v -4.998109 5.001497 4.762467
v -4.471133 5.574899 5.008470
v -3.406568 5.803707 5.035508
v -0.000006 6.174987 5.119721
v -1.707449 6.031259 5.077622
v -1.667083 5.915394 4.811357
v -0.000006 6.052026 4.838777
v -3.378001 5.694936 4.783967
v -1.585212 4.619081 4.750367
v -3.163144 4.429960 4.699388
v -4.396106 5.460617 4.754930
v -3.826380 4.300651 4.670456
v -4.060647 4.069290 4.703598
v -4.435255 3.395113 4.780015
v -4.832837 2.694409 4.787064
v -5.356225 1.737942 4.548645
v -6.063793 -0.302396 3.502701
v -5.995482 -1.441371 2.281601
v -7.136156 -2.363421 1.534500
v -5.855422 -2.003089 1.569534
v -6.812039 -3.034297 0.794357
v -5.606557 -2.578510 0.928176
v -5.031034 -3.373554 0.590957
v -4.583145 -3.854860 0.443710
v -4.182768 -4.279823 0.162978
v -3.771600 -4.673083 -0.282670
v -3.332302 -5.040573 -0.993546
v -4.024193 -6.061010 -1.477525
v -3.438627 -6.344058 -2.154634
v -2.858252 -5.333187 -1.704636
v -3.017546 -6.459851 -2.415940
v -2.465930 -5.437293 -1.994233
v -1.512393 -5.592237 -2.150620
v -0.000006 -5.695278 -2.260621
v 1.792917 -6.990437 -2.485063
v 3.088838 -6.759857 -2.262864
v 1.775134 -6.731604 -2.656450
v 1.512381 -5.592237 -2.150620
v 2.465917 -5.437293 -1.994233
v 3.017534 -6.459851 -2.415940
v 2.858240 -5.333187 -1.704636
v 3.332290 -5.040573 -0.993546
v 3.438615 -6.344058 -2.154634
v 3.502934 -6.591791 -2.034532
v 4.024181 -6.061010 -1.477525
v 4.107933 -6.283133 -1.328324
v 3.771589 -4.673083 -0.282670
v 4.576416 -5.698822 -0.821107
v 4.182756 -4.279823 0.162978
v 5.143225 -5.152374 -0.328477
v 4.583132 -3.854860 0.443710
v 5.031022 -3.373554 0.590957
v 5.659026 -4.554728 0.031600
v 5.606545 -2.578510 0.928176
v 6.091928 -4.022156 0.252273
v 5.855410 -2.003089 1.569534
v 6.812027 -3.034297 0.794357
v 5.995470 -1.441371 2.281601
v 7.136144 -2.363421 1.534500
v 6.999118 -3.213952 1.008102
v 6.248456 -4.213587 0.447143
v 5.787165 -4.751336 0.222778
v 5.258891 -5.348927 -0.143754
v 4.679609 -5.895319 -0.642854
v 7.300190 -2.523177 1.725341
v 7.491668 -1.803928 2.530517
v 7.329519 -1.679650 2.345306
v 7.395202 -0.248774 3.503296
v 7.570869 -0.317266 3.728088
v 6.063781 -0.302396 3.502701
v 6.513470 2.423640 4.597077
v 5.356213 1.737942 4.548645
v 4.832824 2.694409 4.787064
v 6.697373 2.447152 4.844590
v 5.927080 3.500999 4.850800
v 4.435242 3.395113 4.780015
v 6.067519 3.536188 5.097580
v 5.451100 4.264512 4.841324
v 4.060635 4.069290 4.703598
v 5.590280 4.311985 5.087555
v 4.998096 5.001497 4.762467
v 5.136024 5.061264 5.008164
v 4.471120 5.574899 5.008470
v 3.406556 5.803707 5.035508
v 4.396094 5.460617 4.754930
v 1.707437 6.031259 5.077622
v 1.667071 5.915394 4.811357
v 3.377990 5.694936 4.783967
v 1.585200 4.619081 4.750367
v 3.163132 4.429960 4.699388
v 3.826368 4.300651 4.670456
v -2.898345 4.799273 7.771836
v -0.000006 5.284087 7.750001
v -4.026707 4.602740 7.739274
v -2.872943 4.674851 7.499040
v -0.000006 5.158210 7.477906
v -3.928364 4.491506 7.464768
v -3.656637 3.085292 7.434693
v -4.490974 3.995363 7.468384
v -4.642151 4.060870 7.737656
v -4.627967 1.879423 7.569123
v -5.845064 2.627378 7.859238
v -5.133977 1.077277 7.307007
v -5.672168 2.584625 7.594941
v -5.543062 0.189484 7.015610
v -6.238655 1.616676 7.392899
v -6.421849 1.642264 7.656952
v -6.922706 0.612348 7.374222
v -6.729220 0.603913 7.110382
v -7.318277 -1.470245 6.285903
v -7.102304 -1.415152 6.020477
v -7.219567 -2.882074 5.195343
v -6.958042 -3.722158 4.142776
v -7.013242 -2.759710 4.935852
v -6.486967 -4.550369 3.457961
v -6.758167 -3.580798 3.893966
v -5.747392 -2.417646 4.891555
v -6.374337 -4.331637 3.223266
v -5.740914 -5.087989 2.860305
v -4.694113 -4.394393 3.218871
v -5.903627 -5.283194 3.081786
v -5.007214 -5.855793 2.483596
v -4.004305 -5.089247 2.898971
v -5.110724 -6.082421 2.639480
v -4.280689 -6.477407 1.935912
v -4.325707 -6.763526 2.015929
v -2.850556 -6.019614 1.555434
v -3.569368 -6.961116 1.088454
v -2.538378 -6.184597 0.988067
v -2.191509 -6.295647 0.666152
v -3.172149 -7.173054 0.541991
v -1.223037 -6.446592 0.526198
v -0.000006 -7.749466 -0.101426
v -1.476039 -7.605355 0.011351
v -2.740225 -7.331067 0.240996
v -1.497563 -7.863642 0.185759
v -0.000006 -7.975860 0.054595
v -3.251507 -7.432882 0.698470
v -2.831025 -7.582131 0.422942
v -3.637274 -7.229711 1.219435
v 2.898333 4.799273 7.771836
v 2.872931 4.674851 7.499040
v 3.928352 4.491506 7.464768
v 4.026695 4.602740 7.739274
v 4.490962 3.995363 7.468384
v 4.627955 1.879423 7.569123
v 5.672155 2.584625 7.594941
v 6.238643 1.616676 7.392899
v 5.845051 2.627378 7.859238
v 6.421836 1.642264 7.656952
v 4.642138 4.060870 7.737656
v 6.922693 0.612348 7.374222
v 6.729208 0.603913 7.110382
v 7.318265 -1.470245 6.285903
v 7.219554 -2.882074 5.195343
v 6.958030 -3.722158 4.142776
v 7.102293 -1.415152 6.020477
v 7.013230 -2.759710 4.935852
v 5.747380 -2.417646 4.891555
v 6.758154 -3.580798 3.893966
v 5.575523 -2.999532 4.152450
v 5.320266 -3.578616 3.530151
v 6.486955 -4.550369 3.457961
v 6.374324 -4.331637 3.223266
v 4.694101 -4.394393 3.218871
v 5.740901 -5.087989 2.860305
v 4.004293 -5.089247 2.898971
v 5.007202 -5.855793 2.483596
v 5.903615 -5.283194 3.081786
v 5.110712 -6.082421 2.639480
v 4.280676 -6.477407 1.935912
v 3.391781 -5.629810 2.444701
v 4.325695 -6.763526 2.015929
v 2.850544 -6.019614 1.555434
v 3.569356 -6.961116 1.088454
v 2.538366 -6.184597 0.988067
v 2.191498 -6.295647 0.666152
v 3.172137 -7.173054 0.541991
v 1.223025 -6.446592 0.526198
v 1.476027 -7.605355 0.011351
v 2.740213 -7.331067 0.240996
v 1.497551 -7.863642 0.185759
v 3.251495 -7.432882 0.698470
v 2.831013 -7.582131 0.422942
v 3.637262 -7.229711 1.219435
v -0.000006 -5.364317 5.525664
v -1.792744 -7.469468 6.840041
v -0.000006 -7.697269 6.611540
v -2.266479 -4.805888 5.952147
v -3.233693 -6.509547 7.138366
v -0.000006 -0.050870 7.013794
v -3.892420 -5.525050 7.340178
v -4.113942 -3.059778 7.192123
v -4.523101 -1.618835 8.637970
v -4.402740 -4.412827 7.657744
v -4.143703 -0.415388 9.984070
v -4.628191 -3.509120 8.043639
v -2.266486 0.776194 11.687347
v -0.000006 1.263799 12.176620
v -1.793164 0.688623 12.539093
v -0.000006 0.912365 12.681427
v -3.358342 0.197715 11.853439
v -4.116882 -0.408315 10.901077
v -4.458961 -0.933538 10.216232
v -4.717842 -1.481833 9.531326
v -4.746283 -2.589277 8.517120
v -5.264310 -2.601510 8.554550
v -5.108154 -3.621854 7.829422
v -5.264249 -1.396784 9.579498
v -4.857150 -4.454976 7.315642
v -5.850503 -2.621583 8.763840
v -4.284461 -5.613312 6.945678
v -4.963045 -0.705145 10.263733
v -5.693162 -1.273322 9.585800
v -4.578642 -0.036583 10.947906
v -5.228955 -0.446196 10.059799
v -6.741127 -2.691782 8.771042
v -3.694434 0.686766 11.999084
v -6.471716 -0.834038 9.832596
v -1.974255 1.229329 12.745865
v -0.000006 1.496944 12.907425
v -0.000006 1.997954 12.399323
v -1.951727 1.697300 12.131805
v -0.000006 2.148804 11.219330
v -3.708716 1.057050 11.476685
v -2.092719 1.851526 11.195969
v -0.000006 2.890280 11.298416
v -4.693899 0.437485 10.490143
v -3.741989 1.234368 10.884445
v -3.093928 2.360121 11.250198
v -3.134485 2.645010 11.045502
v -0.000006 3.178166 11.093064
v -3.989275 2.082673 11.120926
v -4.090851 2.349623 10.911362
v -4.537507 1.705916 10.879486
v -4.688087 1.936288 10.662735
v -0.000006 3.883907 7.421784
v -2.723250 3.493914 7.471909
v -0.000006 2.745776 9.113525
v -2.767454 2.257439 9.092239
v -3.411948 2.073621 8.986450
v -4.434926 1.029687 8.937927
v -5.289547 -0.522480 8.085098
v -5.494509 -1.682094 7.408294
v -5.613202 1.115275 10.359741
v -5.435404 0.917287 10.577148
v -6.193294 0.258385 9.999847
v -6.002024 0.084448 10.219513
v -6.676460 -0.684153 9.610657
v -6.957955 -2.622284 8.533234
v -5.828125 -1.288286 6.140839
v -6.817185 -4.103534 7.588760
v -6.616265 -4.126526 7.826110
v -5.808421 -3.948693 7.801300
v -6.290370 -4.882558 7.022658
v -5.445570 -4.588359 6.976684
v -6.488884 -4.865694 6.787230
v -5.842806 -5.589076 6.307097
v -5.016135 -5.247691 6.268355
v -6.038916 -5.578349 6.073638
v -5.257785 -6.403461 5.542617
v -4.558744 -5.893810 5.714797
v -5.426024 -6.459248 5.282165
v -5.483337 -2.732671 6.129638
v -5.261531 -3.367863 5.086120
v -5.575535 -2.999553 4.152435
v -5.045509 -3.974927 4.362167
v -5.320278 -3.578645 3.530136
v -4.446923 -4.601042 4.011779
v -3.964547 -5.165640 3.705321
v -3.162059 -5.800302 3.343520
v -4.895110 -6.856483 4.988936
v -3.391793 -5.629814 2.444701
v -2.180015 -6.389771 2.728637
v -1.220699 -6.613093 2.579024
v -0.000006 -6.737436 2.415190
v -0.000006 -6.559863 0.400985
v -0.000006 -8.438834 3.891951
v -1.566570 -8.251090 3.950102
v -2.736185 -7.946843 4.180739
v -3.545185 -7.598448 4.435256
v -4.330980 -7.186886 4.715911
v -3.445814 -7.524672 4.711592
v -4.727942 -6.818936 5.232177
v -4.218845 -7.128610 4.972762
v -4.151691 -6.211044 5.464828
v -3.563367 -6.643916 6.691436
v -3.693822 -6.473028 5.226989
v -1.969200 -7.662544 6.332182
v -2.400274 -7.110149 4.727981
v -0.000006 -7.943019 6.111205
v -1.337753 -7.348474 4.519545
v -0.000006 -7.523530 4.497206
v -2.649579 -7.857570 4.476546
v -1.520543 -8.150434 4.250762
v -0.000006 -8.333432 4.197005
v 1.792732 -7.469468 6.840041
v 2.266467 -4.805888 5.952147
v 3.233681 -6.509547 7.138366
v 3.892408 -5.525050 7.340178
v 4.113929 -3.059778 7.192123
v 4.523089 -1.618835 8.637970
v 4.402728 -4.412827 7.657744
v 4.143691 -0.415388 9.984070
v 4.284448 -5.613312 6.945678
v 2.266474 0.776194 11.687347
v 1.793152 0.688623 12.539093
v 3.358330 0.197715 11.853439
v 4.116869 -0.408315 10.901077
v 4.458949 -0.933538 10.216232
v 4.717830 -1.481833 9.531326
v 4.746271 -2.589277 8.517120
v 4.628178 -3.509120 8.043639
v 5.264298 -2.601510 8.554550
v 4.857137 -4.454976 7.315642
v 5.108141 -3.621854 7.829422
v 5.016122 -5.247691 6.268355
v 5.445558 -4.588359 6.976684
v 5.850491 -2.621583 8.763840
v 5.808409 -3.948693 7.801300
v 5.264237 -1.396784 9.579498
v 4.963032 -0.705145 10.263733
v 5.693150 -1.273322 9.585800
v 6.741114 -2.691782 8.771042
v 5.228943 -0.446196 10.059799
v 4.578629 -0.036583 10.947906
v 6.471704 -0.834038 9.832596
v 3.694422 0.686766 11.999084
v 4.693886 0.437485 10.490143
v 1.974243 1.229329 12.745865
v 1.951715 1.697300 12.131805
v 3.708704 1.057050 11.476685
v 2.092707 1.851526 11.195969
v 3.741977 1.234368 10.884445
v 3.093916 2.360121 11.250198
v 3.134473 2.645010 11.045502
v 3.989263 2.082673 11.120926
v 4.090838 2.349623 10.911362
v 4.537494 1.705916 10.879486
v 2.723238 3.493914 7.471909
v 2.767442 2.257439 9.092239
v 3.411937 2.073621 8.986450
v 3.656626 3.085284 7.434693
v 4.434913 1.029687 8.937927
v 5.133965 1.077269 7.307007
v 5.289535 -0.522480 8.085098
v 5.543049 0.189453 7.015594
v 5.494497 -1.682094 7.408294
v 4.688074 1.936288 10.662735
v 5.613190 1.115275 10.359741
v 5.435391 0.917287 10.577148
v 6.193282 0.258385 9.999847
v 6.002012 0.084448 10.219513
v 6.676448 -0.684153 9.610657
v 6.957942 -2.622284 8.533234
v 6.616252 -4.126526 7.826110
v 6.817173 -4.103534 7.588760
v 6.290357 -4.882558 7.022658
v 5.842793 -5.589076 6.307097
v 6.488872 -4.865694 6.787230
v 5.257772 -6.403461 5.542617
v 6.038904 -5.578349 6.073638
v 5.828113 -1.288289 6.140839
v 5.483325 -2.732671 6.129638
v 5.261519 -3.367863 5.086120
v 5.045496 -3.974927 4.362167
v 4.446911 -4.601042 4.011779
v 3.964535 -5.165640 3.705321
v 3.162047 -5.800302 3.343520
v 5.426012 -6.459248 5.282165
v 4.895098 -6.856483 4.988936
v 2.180003 -6.389771 2.728637
v 1.220687 -6.613093 2.579024
v 1.566558 -8.251090 3.950102
v 2.736173 -7.946843 4.180739
v 3.545173 -7.598448 4.435256
v 4.330968 -7.186886 4.715911
v 3.445802 -7.524672 4.711592
v 4.727930 -6.818936 5.232177
v 4.218833 -7.128610 4.972762
v 4.558732 -5.893810 5.714797
v 4.151679 -6.211044 5.464828
v 3.563355 -6.643916 6.691436
v 3.693810 -6.473028 5.226989
v 1.969188 -7.662544 6.332182
v 2.400262 -7.110149 4.727981
v 1.337742 -7.348474 4.519545
v 2.649567 -7.857570 4.476546
v 1.520531 -8.150434 4.250762
v -0.000006 -2.178867 3.648391
vt 0.597022 0.794017
vt 0.603164 0.809081
vt 0.608537 0.802990
vt 0.581639 0.800694
vt 0.596397 0.813833
vt 0.593806 0.814391
vt 0.582604 0.810092
vt 0.576942 0.807967
vt 0.570781 0.805919
vt 0.586512 0.766863
vt 0.559094 0.788996
vt 0.565374 0.803417
vt 0.560534 0.799644
vt 0.552569 0.762273
vt 0.555976 0.795069
vt 0.561634 0.742573
vt 0.579758 0.734240
vt 0.570103 0.732989
vt 0.578583 0.729718
vt 0.561574 0.736734
vt 0.556579 0.740464
vt 0.554317 0.746013
vt 0.551985 0.751287
vt 0.550215 0.758533
vt 0.547874 0.771145
vt 0.548480 0.780058
vt 0.551366 0.788934
vt 0.550709 0.798794
vt 0.546481 0.793619
vt 0.543927 0.783093
vt 0.554611 0.803674
vt 0.538769 0.807300
vt 0.559010 0.808608
vt 0.564294 0.804633
vt 0.542102 0.812112
vt 0.545133 0.817114
vt 0.563038 0.813338
vt 0.568336 0.809402
vt 0.547870 0.820970
vt 0.566340 0.817947
vt 0.571962 0.814092
vt 0.550802 0.824755
vt 0.568945 0.822893
vt 0.574349 0.819256
vt 0.577488 0.831029
vt 0.554536 0.829989
vt 0.571539 0.833745
vt 0.558039 0.835340
vt 0.573009 0.836300
vt 0.579144 0.833801
vt 0.561392 0.844134
vt 0.556345 0.836651
vt 0.578275 0.845217
vt 0.584107 0.842354
vt 0.562366 0.846679
vt 0.582539 0.853835
vt 0.588106 0.850075
vt 0.565785 0.853718
vt 0.568900 0.862921
vt 0.560200 0.845323
vt 0.561164 0.847730
vt 0.564099 0.854501
vt 0.566761 0.863538
vt 0.554898 0.847520
vt 0.557941 0.855731
vt 0.559569 0.864476
vt 0.543757 0.864136
vt 0.556455 0.850133
vt 0.542214 0.852673
vt 0.487072 0.837359
vt 0.549452 0.840988
vt 0.530070 0.833320
vt 0.545887 0.835116
vt 0.552810 0.831451
vt 0.543240 0.829429
vt 0.549118 0.826234
vt 0.541603 0.824933
vt 0.546492 0.822180
vt 0.539518 0.820846
vt 0.543931 0.818130
vt 0.540930 0.813707
vt 0.536500 0.817241
vt 0.533017 0.813838
vt 0.537664 0.809541
vt 0.513803 0.812082
vt 0.528047 0.809554
vt 0.532486 0.804484
vt 0.533675 0.802861
vt 0.526025 0.799679
vt 0.540144 0.788057
vt 0.527263 0.798088
vt 0.534112 0.783551
vt 0.536880 0.777336
vt 0.521597 0.804811
vt 0.513186 0.791395
vt 0.514359 0.789888
vt 0.523428 0.775936
vt 0.526813 0.770164
vt 0.520980 0.766474
vt 0.517855 0.772239
vt 0.515834 0.763789
vt 0.506214 0.786752
vt 0.513863 0.770439
vt 0.507511 0.785231
vt 0.509604 0.768834
vt 0.510038 0.761245
vt 0.503322 0.782910
vt 0.502022 0.784404
vt 0.508451 0.795723
vt 0.501726 0.791079
vt 0.494025 0.796715
vt 0.467127 0.782910
vt 0.497642 0.788498
vt 0.498085 0.782296
vt 0.494304 0.785842
vt 0.499322 0.781098
vt 0.495557 0.778849
vt 0.494604 0.780171
vt 0.492302 0.784400
vt 0.487819 0.781759
vt 0.489679 0.777667
vt 0.479778 0.777461
vt 0.471909 0.772614
vt 0.481745 0.773302
vt 0.473446 0.768749
vt 0.474224 0.767040
vt 0.482549 0.771645
vt 0.490467 0.775964
vt 0.491719 0.757406
vt 0.483319 0.752833
vt 0.486748 0.747650
vt 0.495134 0.751975
vt 0.499953 0.762512
vt 0.504051 0.757418
vt 0.504879 0.766090
vt 0.603164 0.809081
vt 0.581639 0.800694
vt 0.596397 0.813833
vt 0.593806 0.814391
vt 0.582604 0.810092
vt 0.576942 0.807967
vt 0.570781 0.805919
vt 0.559094 0.788996
vt 0.565374 0.803417
vt 0.560534 0.799644
vt 0.552569 0.762273
vt 0.555976 0.795069
vt 0.561634 0.742573
vt 0.570103 0.732989
vt 0.561574 0.736734
vt 0.556579 0.740464
vt 0.554317 0.746013
vt 0.551985 0.751287
vt 0.550215 0.758533
vt 0.547874 0.771145
vt 0.548480 0.780058
vt 0.551366 0.788934
vt 0.550709 0.798794
vt 0.546481 0.793619
vt 0.543927 0.783093
vt 0.554611 0.803674
vt 0.538769 0.807300
vt 0.559010 0.808608
vt 0.564294 0.804633
vt 0.542102 0.812112
vt 0.545133 0.817114
vt 0.563038 0.813338
vt 0.568336 0.809402
vt 0.547870 0.820970
vt 0.566340 0.817947
vt 0.571962 0.814092
vt 0.550802 0.824755
vt 0.568945 0.822893
vt 0.574349 0.819256
vt 0.577488 0.831029
vt 0.554536 0.829989
vt 0.549118 0.826234
vt 0.552810 0.831451
vt 0.558039 0.835340
vt 0.546492 0.822180
vt 0.571539 0.833745
vt 0.556345 0.836651
vt 0.561392 0.844134
vt 0.573009 0.836300
vt 0.579144 0.833801
vt 0.578275 0.845217
vt 0.584107 0.842354
vt 0.562366 0.846679
vt 0.565785 0.853718
vt 0.560200 0.845323
vt 0.561164 0.847730
vt 0.564099 0.854501
vt 0.554898 0.847520
vt 0.557941 0.855731
vt 0.556455 0.850133
vt 0.542214 0.852673
vt 0.549452 0.840988
vt 0.545887 0.835116
vt 0.530070 0.833320
vt 0.543240 0.829429
vt 0.541603 0.824933
vt 0.539518 0.820846
vt 0.543931 0.818130
vt 0.536500 0.817241
vt 0.540930 0.813707
vt 0.533017 0.813838
vt 0.537664 0.809541
vt 0.513803 0.812082
vt 0.528047 0.809554
vt 0.532486 0.804484
vt 0.533675 0.802861
vt 0.526025 0.799679
vt 0.540144 0.788057
vt 0.527263 0.798088
vt 0.534112 0.783551
vt 0.536880 0.777336
vt 0.521597 0.804811
vt 0.513186 0.791395
vt 0.514359 0.789888
vt 0.523428 0.775936
vt 0.526813 0.770164
vt 0.520980 0.766474
vt 0.517855 0.772239
vt 0.515834 0.763789
vt 0.507511 0.785231
vt 0.513863 0.770439
vt 0.509604 0.768834
vt 0.510038 0.761245
vt 0.503322 0.782910
vt 0.506214 0.786752
vt 0.502022 0.784404
vt 0.508451 0.795723
vt 0.501726 0.791079
vt 0.494025 0.796715
vt 0.497642 0.788498
vt 0.498085 0.782296
vt 0.494304 0.785842
vt 0.499322 0.781098
vt 0.495557 0.778849
vt 0.494604 0.780171
vt 0.492302 0.784400
vt 0.504879 0.766090
vt 0.504051 0.757418
vt 0.490467 0.775964
vt 0.499953 0.762512
vt 0.495134 0.751975
vt 0.489679 0.777667
vt 0.482549 0.771645
vt 0.491719 0.757406
vt 0.481745 0.773302
vt 0.487819 0.781759
vt 0.479778 0.777461
vt 0.719603 0.970653
vt 0.711826 0.983074
vt 0.721211 0.979403
vt 0.709517 0.972780
vt 0.718822 0.963207
vt 0.692038 0.978163
vt 0.693237 0.989601
vt 0.690730 0.989643
vt 0.707818 0.963644
vt 0.718883 0.956198
vt 0.691192 0.970510
vt 0.690059 0.978322
vt 0.708624 0.957202
vt 0.718952 0.948764
vt 0.690906 0.967677
vt 0.709408 0.950791
vt 0.718478 0.943796
vt 0.691328 0.962352
vt 0.691434 0.956797
vt 0.709059 0.946137
vt 0.690728 0.951142
vt 0.689361 0.957234
vt 0.708317 0.941976
vt 0.717935 0.939430
vt 0.689974 0.945837
vt 0.707102 0.935342
vt 0.716941 0.933489
vt 0.716320 0.927693
vt 0.689230 0.941481
vt 0.688548 0.951568
vt 0.687727 0.946224
vt 0.688125 0.933482
vt 0.687123 0.941863
vt 0.705914 0.928627
vt 0.705678 0.921808
vt 0.715874 0.921172
vt 0.715718 0.914123
vt 0.688126 0.927504
vt 0.705371 0.914988
vt 0.714589 0.902590
vt 0.688000 0.921172
vt 0.705207 0.904090
vt 0.686109 0.921515
vt 0.703657 0.887853
vt 0.713496 0.886311
vt 0.686736 0.909527
vt 0.702778 0.880938
vt 0.712671 0.879348
vt 0.711132 0.873723
vt 0.683636 0.890297
vt 0.684720 0.910019
vt 0.681456 0.890649
vt 0.701157 0.876162
vt 0.709131 0.868439
vt 0.682771 0.882441
vt 0.699028 0.871831
vt 0.708359 0.865053
vt 0.681767 0.877275
vt 0.680666 0.882725
vt 0.679759 0.877385
vt 0.680761 0.872661
vt 0.679121 0.872525
vt 0.680047 0.868122
vt 0.698192 0.866518
vt 0.698137 0.860196
vt 0.708257 0.860282
vt 0.706919 0.849452
vt 0.678981 0.862197
vt 0.696799 0.849809
vt 0.705585 0.839222
vt 0.695233 0.839195
vt 0.675185 0.840857
vt 0.677152 0.851903
vt 0.675155 0.852286
vt 0.672996 0.841501
vt 0.663781 0.845268
vt 0.677268 0.862715
vt 0.647978 0.861413
vt 0.645529 0.851649
vt 0.666592 0.855768
vt 0.650620 0.871540
vt 0.669380 0.866293
vt 0.651740 0.875581
vt 0.678488 0.868390
vt 0.670863 0.870779
vt 0.651852 0.878573
vt 0.670849 0.873131
vt 0.670449 0.878567
vt 0.651051 0.883161
vt 0.670589 0.884385
vt 0.650526 0.887897
vt 0.671698 0.892655
vt 0.651290 0.893833
vt 0.654387 0.907495
vt 0.674388 0.910814
vt 0.657576 0.917174
vt 0.676257 0.922773
vt 0.659236 0.923820
vt 0.686246 0.927890
vt 0.677427 0.928994
vt 0.660321 0.930612
vt 0.686281 0.934023
vt 0.678567 0.935012
vt 0.660169 0.936636
vt 0.678052 0.942091
vt 0.659387 0.942556
vt 0.677477 0.946630
vt 0.659014 0.946521
vt 0.677674 0.951225
vt 0.659421 0.950918
vt 0.678520 0.956273
vt 0.662087 0.957238
vt 0.680185 0.962193
vt 0.664414 0.963657
vt 0.689451 0.962680
vt 0.689370 0.968013
vt 0.681818 0.967795
vt 0.689309 0.970840
vt 0.682233 0.971122
vt 0.663664 0.971667
vt 0.681581 0.977534
vt 0.661698 0.980447
vt 0.680512 0.987717
vt 0.719603 0.970653
vt 0.709517 0.972780
vt 0.718822 0.963207
vt 0.692038 0.978163
vt 0.707818 0.963644
vt 0.718883 0.956198
vt 0.691192 0.970510
vt 0.690059 0.978322
vt 0.681581 0.977534
vt 0.663664 0.971667
vt 0.682233 0.971122
vt 0.664414 0.963657
vt 0.689309 0.970840
vt 0.681818 0.967795
vt 0.680185 0.962193
vt 0.662087 0.957238
vt 0.689370 0.968013
vt 0.690906 0.967677
vt 0.689451 0.962680
vt 0.691328 0.962352
vt 0.678520 0.956273
vt 0.659421 0.950918
vt 0.689361 0.957234
vt 0.677674 0.951225
vt 0.659014 0.946521
vt 0.688548 0.951568
vt 0.677477 0.946630
vt 0.659387 0.942556
vt 0.678052 0.942091
vt 0.660169 0.936636
vt 0.687727 0.946224
vt 0.678567 0.935012
vt 0.660321 0.930612
vt 0.687123 0.941863
vt 0.677427 0.928994
vt 0.659236 0.923820
vt 0.686281 0.934023
vt 0.676257 0.922773
vt 0.657576 0.917174
vt 0.686246 0.927890
vt 0.688125 0.933482
vt 0.689230 0.941481
vt 0.689974 0.945837
vt 0.707102 0.935342
vt 0.690728 0.951142
vt 0.708317 0.941976
vt 0.709059 0.946137
vt 0.691434 0.956797
vt 0.709408 0.950791
vt 0.718478 0.943796
vt 0.717935 0.939430
vt 0.718952 0.948764
vt 0.716941 0.933489
vt 0.716320 0.927693
vt 0.708624 0.957202
vt 0.705914 0.928627
vt 0.705678 0.921808
vt 0.715874 0.921172
vt 0.715718 0.914123
vt 0.688126 0.927504
vt 0.705371 0.914988
vt 0.714589 0.902590
vt 0.688000 0.921172
vt 0.686109 0.921515
vt 0.684720 0.910019
vt 0.686736 0.909527
vt 0.705207 0.904090
vt 0.703657 0.887853
vt 0.713496 0.886311
vt 0.674388 0.910814
vt 0.654387 0.907495
vt 0.681456 0.890649
vt 0.671698 0.892655
vt 0.651290 0.893833
vt 0.650526 0.887897
vt 0.670589 0.884385
vt 0.651051 0.883161
vt 0.683636 0.890297
vt 0.680666 0.882725
vt 0.670449 0.878567
vt 0.651852 0.878573
vt 0.682771 0.882441
vt 0.679759 0.877385
vt 0.670849 0.873131
vt 0.702778 0.880938
vt 0.712671 0.879348
vt 0.711132 0.873723
vt 0.701157 0.876162
vt 0.709131 0.868439
vt 0.681767 0.877275
vt 0.699028 0.871831
vt 0.708359 0.865053
vt 0.679121 0.872525
vt 0.680761 0.872661
vt 0.680047 0.868122
vt 0.698192 0.866518
vt 0.698137 0.860196
vt 0.708257 0.860282
vt 0.706919 0.849452
vt 0.678981 0.862197
vt 0.678488 0.868390
vt 0.696799 0.849809
vt 0.677152 0.851903
vt 0.675155 0.852286
vt 0.677268 0.862715
vt 0.666592 0.855768
vt 0.647978 0.861413
vt 0.650620 0.871540
vt 0.669380 0.866293
vt 0.651740 0.875581
vt 0.670863 0.870779
vt 0.567604 0.987950
vt 0.552113 0.977807
vt 0.552931 0.989591
vt 0.569479 0.973309
vt 0.557697 0.966214
vt 0.593576 0.988585
vt 0.565566 0.960376
vt 0.583033 0.961018
vt 0.597406 0.958083
vt 0.574616 0.956784
vt 0.610593 0.962558
vt 0.582469 0.955082
vt 0.622074 0.979385
vt 0.622011 0.994986
vt 0.627403 0.983829
vt 0.625760 0.995682
vt 0.624229 0.971547
vt 0.617532 0.963645
vt 0.611239 0.958292
vt 0.602600 0.954088
vt 0.590681 0.954467
vt 0.590316 0.951183
vt 0.581149 0.952190
vt 0.601635 0.950050
vt 0.573810 0.953308
vt 0.590375 0.946998
vt 0.564932 0.956860
vt 0.608513 0.949462
vt 0.608775 0.953105
vt 0.615245 0.953728
vt 0.601030 0.946929
vt 0.615487 0.949895
vt 0.607987 0.946596
vt 0.589300 0.941430
vt 0.625640 0.952125
vt 0.625214 0.955876
vt 0.601455 0.940813
vt 0.638176 0.953745
vt 0.638310 0.957386
vt 0.650781 0.952977
vt 0.650529 0.956920
vt 0.650516 0.948059
vt 0.637993 0.948398
vt 0.649539 0.941218
vt 0.625245 0.947860
vt 0.636194 0.942772
vt 0.649855 0.936978
vt 0.615310 0.945203
vt 0.624079 0.944263
vt 0.630688 0.938933
vt 0.630713 0.936820
vt 0.650040 0.934846
vt 0.624972 0.938849
vt 0.631867 0.913716
vt 0.649301 0.910856
vt 0.624736 0.936861
vt 0.620822 0.939079
vt 0.620276 0.936834
vt 0.625697 0.914659
vt 0.631330 0.911976
vt 0.648755 0.909034
vt 0.645432 0.901569
vt 0.625648 0.913195
vt 0.628150 0.905124
vt 0.641490 0.889562
vt 0.622971 0.893801
vt 0.618185 0.895973
vt 0.621590 0.906830
vt 0.621629 0.913731
vt 0.621526 0.915605
vt 0.610967 0.907622
vt 0.608050 0.897870
vt 0.611922 0.918626
vt 0.604147 0.909422
vt 0.595561 0.902282
vt 0.611760 0.916510
vt 0.596924 0.910600
vt 0.587000 0.903366
vt 0.605118 0.917754
vt 0.605481 0.919923
vt 0.613117 0.937337
vt 0.613696 0.939478
vt 0.607083 0.937954
vt 0.607606 0.940216
vt 0.600934 0.938620
vt 0.598840 0.921472
vt 0.588640 0.939387
vt 0.598261 0.919379
vt 0.584734 0.923144
vt 0.584070 0.911929
vt 0.583853 0.920980
vt 0.578673 0.940886
vt 0.574181 0.924422
vt 0.579380 0.942575
vt 0.579739 0.947606
vt 0.572853 0.943259
vt 0.572699 0.948922
vt 0.572255 0.941398
vt 0.566412 0.944172
vt 0.565942 0.949955
vt 0.565919 0.942274
vt 0.558976 0.944896
vt 0.559859 0.950498
vt 0.566334 0.924631
vt 0.558176 0.943078
vt 0.573226 0.922362
vt 0.559752 0.925909
vt 0.565328 0.922808
vt 0.571966 0.913482
vt 0.559238 0.924054
vt 0.575165 0.905676
vt 0.566205 0.908379
vt 0.565217 0.914720
vt 0.558248 0.910376
vt 0.559147 0.916233
vt 0.550721 0.911759
vt 0.553376 0.925565
vt 0.551632 0.917177
vt 0.544900 0.913117
vt 0.554199 0.927537
vt 0.546800 0.927522
vt 0.544355 0.918386
vt 0.537440 0.913787
vt 0.554264 0.944258
vt 0.547326 0.929538
vt 0.540208 0.929122
vt 0.537763 0.919776
vt 0.527658 0.914594
vt 0.540375 0.931281
vt 0.531259 0.922788
vt 0.533531 0.930592
vt 0.527831 0.924913
vt 0.525039 0.926188
vt 0.519962 0.914644
vt 0.529768 0.931282
vt 0.518918 0.927302
vt 0.511594 0.916155
vt 0.511574 0.929189
vt 0.511942 0.938434
vt 0.520125 0.934942
vt 0.526945 0.932160
vt 0.520713 0.936579
vt 0.512447 0.940343
vt 0.525769 0.959247
vt 0.530647 0.932558
vt 0.527900 0.933374
vt 0.533992 0.954005
vt 0.534154 0.932478
vt 0.540630 0.950320
vt 0.545555 0.947704
vt 0.550455 0.945493
vt 0.546356 0.949468
vt 0.554817 0.946109
vt 0.551200 0.947219
vt 0.556327 0.951479
vt 0.557621 0.960644
vt 0.558676 0.964125
vt 0.552879 0.952684
vt 0.546924 0.967045
vt 0.548221 0.970368
vt 0.544003 0.956419
vt 0.535449 0.972776
vt 0.537269 0.975675
vt 0.537747 0.959744
vt 0.530487 0.964194
vt 0.541541 0.951993
vt 0.535056 0.955509
vt 0.527042 0.960651
vt 0.552113 0.977807
vt 0.569479 0.973309
vt 0.557697 0.966214
vt 0.565566 0.960376
vt 0.583033 0.961018
vt 0.597406 0.958083
vt 0.574616 0.956784
vt 0.610593 0.962558
vt 0.564932 0.956860
vt 0.622074 0.979385
vt 0.627403 0.983829
vt 0.624229 0.971547
vt 0.617532 0.963645
vt 0.611239 0.958292
vt 0.602600 0.954088
vt 0.590681 0.954467
vt 0.582469 0.955082
vt 0.590316 0.951183
vt 0.573810 0.953308
vt 0.581149 0.952190
vt 0.565942 0.949955
vt 0.572699 0.948922
vt 0.590375 0.946998
vt 0.579739 0.947606
vt 0.601635 0.950050
vt 0.608513 0.949462
vt 0.608775 0.953105
vt 0.615245 0.953728
vt 0.601030 0.946929
vt 0.589300 0.941430
vt 0.607987 0.946596
vt 0.615487 0.949895
vt 0.601455 0.940813
vt 0.625640 0.952125
vt 0.625214 0.955876
vt 0.615310 0.945203
vt 0.638176 0.953745
vt 0.638310 0.957386
vt 0.637993 0.948398
vt 0.625245 0.947860
vt 0.636194 0.942772
vt 0.624079 0.944263
vt 0.630688 0.938933
vt 0.630713 0.936820
vt 0.624972 0.938849
vt 0.631867 0.913716
vt 0.624736 0.936861
vt 0.631330 0.911976
vt 0.620822 0.939079
vt 0.628150 0.905124
vt 0.622971 0.893801
vt 0.618185 0.895973
vt 0.625648 0.913195
vt 0.621590 0.906830
vt 0.625697 0.914659
vt 0.621629 0.913731
vt 0.610967 0.907622
vt 0.608050 0.897870
vt 0.611760 0.916510
vt 0.604147 0.909422
vt 0.595561 0.902282
vt 0.596924 0.910600
vt 0.587000 0.903366
vt 0.605118 0.917754
vt 0.611922 0.918626
vt 0.605481 0.919923
vt 0.621526 0.915605
vt 0.620276 0.936834
vt 0.613117 0.937337
vt 0.613696 0.939478
vt 0.607083 0.937954
vt 0.607606 0.940216
vt 0.598840 0.921472
vt 0.600934 0.938620
vt 0.598261 0.919379
vt 0.584734 0.923144
vt 0.588640 0.939387
vt 0.579380 0.942575
vt 0.578673 0.940886
vt 0.572853 0.943259
vt 0.574181 0.924422
vt 0.566412 0.944172
vt 0.572255 0.941398
vt 0.558976 0.944896
vt 0.565919 0.942274
vt 0.566334 0.924631
vt 0.583853 0.920980
vt 0.573226 0.922362
vt 0.584070 0.911929
vt 0.571966 0.913482
vt 0.575165 0.905676
vt 0.565328 0.922808
vt 0.566205 0.908379
vt 0.565217 0.914720
vt 0.558248 0.910376
vt 0.559147 0.916233
vt 0.550721 0.911759
vt 0.559752 0.925909
vt 0.559238 0.924054
vt 0.551632 0.917177
vt 0.544900 0.913117
vt 0.553376 0.925565
vt 0.544355 0.918386
vt 0.537440 0.913787
vt 0.546800 0.927522
vt 0.554199 0.927537
vt 0.558176 0.943078
vt 0.554264 0.944258
vt 0.547326 0.929538
vt 0.540208 0.929122
vt 0.537763 0.919776
vt 0.527658 0.914594
vt 0.540375 0.931281
vt 0.531259 0.922788
vt 0.533531 0.930592
vt 0.527831 0.924913
vt 0.525039 0.926188
vt 0.519962 0.914644
vt 0.529768 0.931282
vt 0.518918 0.927302
vt 0.520125 0.934942
vt 0.526945 0.932160
vt 0.520713 0.936579
vt 0.530647 0.932558
vt 0.527900 0.933374
vt 0.533992 0.954005
vt 0.534154 0.932478
vt 0.540630 0.950320
vt 0.545555 0.947704
vt 0.550455 0.945493
vt 0.546356 0.949468
vt 0.554817 0.946109
vt 0.551200 0.947219
vt 0.559859 0.950498
vt 0.556327 0.951479
vt 0.557621 0.960644
vt 0.558676 0.964125
vt 0.552879 0.952684
vt 0.546924 0.967045
vt 0.548221 0.970368
vt 0.544003 0.956419
vt 0.537747 0.959744
vt 0.541541 0.951993
vt 0.535056 0.955509
vt 0.602857 0.869678
vt 0.595291 0.853145
vt 0.557274 0.870499
vt 0.603457 0.874299
vt 0.602981 0.884589
vt 0.594942 0.896683
vt 0.565636 0.904691
vt 0.557987 0.903325
vt 0.551251 0.900212
vt 0.545830 0.897045
vt 0.540164 0.890920
vt 0.535662 0.882280
vt 0.534865 0.875358
vt 0.535642 0.867383
vt 0.602857 0.869678
vt 0.603457 0.874299
vt 0.602981 0.884589
vt 0.594942 0.896683
vt 0.565636 0.904691
vt 0.557987 0.903325
vt 0.551251 0.900212
vt 0.545830 0.897045
vt 0.540164 0.890920
vt 0.535662 0.882280
vt 0.534865 0.875358
vn -0.1764 -0.8804 0.4403
vn -0.1717 -0.9438 0.2826
vn -0.1060 -0.9647 0.2412
vn -0.2319 -0.8307 0.5062
vn -0.1405 -0.9377 0.3177
vn 0.0256 -0.9454 0.3248
vn -0.0187 -0.9251 0.3793
vn -0.2962 -0.7497 0.5918
vn -0.3478 -0.7674 0.5386
vn -0.3065 -0.4658 0.8301
vn -0.3915 -0.6266 0.6739
vn -0.7205 -0.6164 0.3176
vn -0.3913 -0.6743 0.6263
vn -0.3798 -0.2915 0.8779
vn -0.2860 -0.7825 0.5530
vn -0.1922 0.0148 0.9813
vn -0.0431 0.1232 0.9914
vn -0.1360 0.5961 0.7913
vn -0.0854 0.6801 0.7282
vn -0.1787 0.6185 0.7652
vn -0.3351 0.4868 0.8067
vn -0.3012 -0.0825 0.9500
vn 0.5052 -0.3603 0.7842
vn 0.0742 -0.3901 0.9178
vn 0.2334 -0.6269 0.7433
vn -0.1872 -0.5028 0.8439
vn -0.2907 -0.7664 0.5728
vn -0.6659 -0.6652 0.3378
vn -0.7499 -0.5614 0.3501
vn -0.0247 -0.6442 0.7645
vn -0.6822 -0.6382 0.3568
vn -0.9430 -0.3126 0.1143
vn -0.6924 -0.6242 0.3619
vn -0.0323 -0.4360 0.8994
vn -0.8874 -0.4526 0.0876
vn -0.8457 -0.5325 0.0349
vn -0.6469 -0.6877 0.3295
vn -0.0291 -0.4596 0.8876
vn -0.7988 -0.6014 -0.0177
vn -0.5575 -0.7776 0.2906
vn 0.0928 -0.5668 0.8186
vn -0.7618 -0.6459 -0.0503
vn -0.3135 -0.9163 0.2492
vn 0.3812 -0.7056 0.5974
vn 0.5038 -0.6487 0.5704
vn -0.7303 -0.6806 -0.0588
vn -0.3528 -0.9289 0.1123
vn -0.6192 -0.7787 -0.1014
vn -0.1997 -0.9641 0.1747
vn 0.1077 -0.4867 0.8669
vn -0.5444 -0.8167 -0.1914
vn -0.3812 0.6147 -0.6905
vn -0.1513 -0.9745 0.1659
vn -0.0024 -0.4843 0.8749
vn -0.2693 -0.9451 -0.1849
vn -0.0999 -0.9875 0.1222
vn -0.0381 -0.5029 0.8635
vn -0.1609 -0.9638 -0.2127
vn -0.0809 -0.9695 -0.2312
vn -0.4807 0.5727 -0.6641
vn -0.1930 0.3288 -0.9245
vn -0.0480 0.2900 -0.9558
vn -0.0252 0.2818 -0.9592
vn -0.0225 0.9473 -0.3196
vn 0.1025 0.9478 -0.3021
vn 0.0503 0.9515 -0.3036
vn 0.1022 0.9288 -0.3562
vn 0.0882 0.9207 -0.3802
vn 0.1987 0.8985 -0.3915
vn 0.3493 0.3767 -0.8579
vn 0.2436 0.9078 -0.3414
vn 0.3847 0.7697 -0.5094
vn 0.3256 0.8206 -0.4697
vn -0.1841 0.4883 -0.8530
vn 0.5334 0.6952 -0.4818
vn -0.1001 0.3446 -0.9334
vn 0.5809 0.6051 -0.5444
vn -0.1877 0.2930 -0.9375
vn 0.5002 0.6893 -0.5241
vn -0.3676 0.4456 -0.8163
vn -0.4775 0.5659 -0.6721
vn 0.5099 0.7127 -0.4818
vn 0.6146 0.6391 -0.4624
vn -0.4496 0.6283 -0.6349
vn 0.5423 0.3732 -0.7527
vn 0.4773 0.6097 -0.6328
vn -0.3016 0.5854 -0.7525
vn -0.9835 -0.1184 0.1367
vn -0.2177 0.5092 -0.8326
vn -0.8476 -0.3270 0.4179
vn -0.9578 0.2108 0.1956
vn -0.8754 0.0621 0.4794
vn -0.1651 -0.4226 0.8912
vn 0.6149 0.2236 -0.7562
vn -0.1665 0.4017 -0.9005
vn -0.9057 0.3610 0.2224
vn -0.8261 0.2046 0.5251
vn -0.2083 -0.2865 0.9352
vn -0.1073 -0.1078 0.9884
vn -0.7373 0.3182 0.5959
vn 0.0175 0.0447 0.9988
vn -0.2601 0.2724 -0.9264
vn -0.6491 0.4138 0.6383
vn -0.8533 0.4523 0.2594
vn -0.5603 0.5311 0.6356
vn 0.0349 0.0101 0.9993
vn -0.7949 0.5374 0.2817
vn -0.3024 0.1332 -0.9438
vn 0.6010 -0.0147 -0.7991
vn 0.4842 -0.1697 -0.8583
vn 0.3381 -0.1402 -0.9306
vn 0.2059 -0.2913 -0.9342
vn 0.3813 -0.3155 -0.8689
vn -0.2772 0.1643 -0.9467
vn 0.2403 -0.3334 -0.9116
vn -0.6475 0.6850 0.3339
vn -0.3432 0.8515 0.3964
vn -0.1233 0.3400 -0.9323
vn 0.1592 -0.3955 -0.9046
vn 0.2908 -0.5626 -0.7739
vn -0.0748 0.3986 -0.9141
vn 0.1084 -0.7486 -0.6541
vn 0.0877 -0.7564 -0.6482
vn -0.0520 0.4086 -0.9112
vn -0.0321 0.4182 -0.9078
vn -0.0675 0.9222 0.3807
vn -0.1049 0.9155 0.3885
vn -0.1729 0.9018 0.3960
vn -0.1050 0.7398 0.6646
vn -0.0853 0.7564 0.6486
vn -0.0121 -0.0053 0.9999
vn -0.0164 -0.0068 0.9998
vn -0.1585 0.7160 0.6799
vn -0.0056 -0.0401 0.9992
vn -0.3369 0.6669 0.6646
vn 0.1717 -0.9438 0.2826
vn 0.1764 -0.8804 0.4403
vn 0.1060 -0.9647 0.2412
vn 0.2319 -0.8307 0.5062
vn 0.1405 -0.9377 0.3177
vn -0.0255 -0.9454 0.3248
vn 0.0187 -0.9251 0.3793
vn 0.2962 -0.7497 0.5918
vn 0.3478 -0.7674 0.5386
vn 0.3065 -0.4658 0.8301
vn 0.3915 -0.6266 0.6739
vn 0.7205 -0.6164 0.3176
vn 0.3913 -0.6743 0.6263
vn 0.3798 -0.2916 0.8779
vn 0.2860 -0.7826 0.5530
vn 0.1922 0.0148 0.9812
vn 0.0431 0.1232 0.9914
vn 0.1360 0.5961 0.7913
vn 0.0854 0.6801 0.7282
vn 0.1787 0.6185 0.7652
vn 0.3351 0.4868 0.8067
vn 0.3012 -0.0825 0.9500
vn -0.5052 -0.3603 0.7842
vn -0.0742 -0.3901 0.9178
vn -0.2334 -0.6269 0.7433
vn 0.1872 -0.5028 0.8439
vn 0.2907 -0.7664 0.5728
vn 0.6659 -0.6652 0.3378
vn 0.7499 -0.5614 0.3501
vn 0.0247 -0.6442 0.7644
vn 0.6822 -0.6382 0.3568
vn 0.9430 -0.3126 0.1142
vn 0.6924 -0.6242 0.3618
vn 0.0323 -0.4360 0.8994
vn 0.8874 -0.4526 0.0876
vn 0.8457 -0.5325 0.0349
vn 0.6469 -0.6877 0.3295
vn 0.0292 -0.4596 0.8876
vn 0.7988 -0.6013 -0.0177
vn 0.5575 -0.7776 0.2906
vn -0.0931 -0.5668 0.8186
vn 0.7618 -0.6458 -0.0503
vn 0.3135 -0.9163 0.2492
vn -0.3812 -0.7056 0.5974
vn -0.5038 -0.6487 0.5704
vn 0.7303 -0.6805 -0.0588
vn 0.1000 0.3446 -0.9334
vn 0.1842 0.4883 -0.8530
vn 0.6192 -0.7786 -0.1014
vn 0.1877 0.2930 -0.9375
vn 0.3528 -0.9289 0.1122
vn 0.3812 0.6147 -0.6905
vn 0.5444 -0.8167 -0.1914
vn 0.1997 -0.9641 0.1747
vn -0.1077 -0.4867 0.8669
vn 0.1513 -0.9745 0.1659
vn 0.0023 -0.4846 0.8747
vn 0.2693 -0.9451 -0.1849
vn 0.0961 -0.9879 0.1221
vn 0.0381 -0.5029 0.8635
vn 0.1609 -0.9638 -0.2127
vn 0.0809 -0.9695 -0.2312
vn 0.4807 0.5726 -0.6641
vn 0.1930 0.3288 -0.9245
vn 0.0480 0.2900 -0.9558
vn 0.0252 0.2818 -0.9592
vn 0.0225 0.9473 -0.3196
vn -0.1025 0.9478 -0.3021
vn -0.0503 0.9515 -0.3036
vn -0.0882 0.9207 -0.3801
vn -0.1022 0.9288 -0.3562
vn -0.1987 0.8985 -0.3914
vn -0.3493 0.3767 -0.8579
vn -0.2436 0.9078 -0.3414
vn -0.3256 0.8206 -0.4697
vn -0.3847 0.7697 -0.5094
vn -0.5334 0.6952 -0.4818
vn -0.5809 0.6050 -0.5444
vn -0.5002 0.6893 -0.5241
vn 0.3676 0.4456 -0.8163
vn -0.5099 0.7127 -0.4818
vn 0.4775 0.5658 -0.6721
vn -0.6146 0.6391 -0.4624
vn 0.4496 0.6283 -0.6349
vn -0.5423 0.3732 -0.7527
vn -0.4773 0.6097 -0.6328
vn 0.3016 0.5854 -0.7525
vn 0.9835 -0.1184 0.1367
vn 0.2177 0.5092 -0.8326
vn 0.8476 -0.3270 0.4179
vn 0.9578 0.2108 0.1956
vn 0.8754 0.0622 0.4794
vn 0.1651 -0.4226 0.8912
vn -0.6149 0.2236 -0.7562
vn 0.1665 0.4017 -0.9005
vn 0.9057 0.3610 0.2224
vn 0.8261 0.2046 0.5251
vn 0.2083 -0.2865 0.9352
vn 0.1073 -0.1078 0.9884
vn 0.7373 0.3182 0.5959
vn -0.0175 0.0446 0.9989
vn 0.8533 0.4523 0.2595
vn 0.6491 0.4138 0.6383
vn 0.5603 0.5311 0.6356
vn -0.0349 0.0101 0.9993
vn 0.7949 0.5374 0.2817
vn 0.2601 0.2724 -0.9264
vn 0.3024 0.1332 -0.9438
vn -0.6010 -0.0147 -0.7991
vn -0.4842 -0.1697 -0.8583
vn -0.3381 -0.1402 -0.9306
vn -0.3814 -0.3155 -0.8689
vn -0.2059 -0.2913 -0.9342
vn 0.2771 0.1643 -0.9467
vn -0.2403 -0.3334 -0.9116
vn 0.6475 0.6850 0.3340
vn 0.3433 0.8515 0.3964
vn 0.1234 0.3400 -0.9323
vn -0.1592 -0.3955 -0.9046
vn 0.3369 0.6669 0.6646
vn 0.0056 -0.0401 0.9992
vn 0.1728 0.9018 0.3960
vn 0.1585 0.7160 0.6799
vn 0.0164 -0.0068 0.9998
vn 0.0748 0.3986 -0.9141
vn 0.1049 0.9155 0.3885
vn 0.1049 0.7398 0.6646
vn 0.0121 -0.0053 0.9999
vn 0.0853 0.7564 0.6486
vn 0.0675 0.9222 0.3807
vn 0.0509 0.4087 -0.9112
vn 0.0321 0.4182 -0.9078
vn -0.0877 -0.7564 -0.6482
vn -0.2908 -0.5626 -0.7739
vn -0.1084 -0.7486 -0.6540
vn 0.1107 -0.3508 0.9299
vn -0.0622 -0.9544 0.2920
vn 0.0189 -0.3412 0.9398
vn -0.0963 -0.9399 0.3275
vn 0.4000 -0.4598 0.7929
vn -0.1289 -0.9857 -0.1084
vn -0.0759 -0.9900 -0.1189
vn -0.0548 0.2118 -0.9758
vn -0.1431 -0.9349 0.3248
vn 0.5652 -0.5594 0.6063
vn -0.2568 -0.9628 -0.0844
vn -0.0840 0.2235 -0.9711
vn -0.1354 -0.9329 0.3337
vn 0.4019 -0.5783 0.7100
vn -0.4480 -0.8931 -0.0411
vn -0.2328 -0.8970 0.3758
vn 0.1784 -0.4915 0.8524
vn -0.4885 -0.8726 0.0022
vn -0.5850 -0.8102 0.0369
vn -0.4059 -0.8225 0.3984
vn -0.6885 -0.7235 0.0499
vn -0.4309 0.4906 -0.7574
vn -0.5220 -0.7396 0.4249
vn 0.0875 -0.4076 0.9090
vn -0.7384 -0.6730 0.0421
vn -0.5845 -0.7029 0.4054
vn 0.1155 -0.4189 0.9007
vn 0.2097 -0.5745 0.7912
vn -0.7749 -0.6311 0.0338
vn -0.2481 0.4415 -0.8623
vn -0.1231 0.3611 -0.9244
vn -0.8278 -0.5584 0.0531
vn -0.1572 0.3231 -0.9332
vn -0.5836 -0.6935 0.4225
vn -0.5857 -0.6983 0.4115
vn 0.2564 -0.7223 0.6423
vn 0.2143 -0.7407 0.6367
vn -0.8815 -0.4561 0.1219
vn -0.7136 -0.5382 0.4485
vn 0.0067 -0.5384 0.8426
vn -0.9362 -0.3083 0.1690
vn -0.7807 -0.2057 0.5900
vn -0.2860 0.6327 -0.7196
vn -0.7883 0.0360 0.6142
vn -0.1209 -0.3899 0.9129
vn -0.9666 -0.0005 0.2562
vn -0.6587 0.2461 0.7110
vn 0.0007 -0.1564 0.9877
vn 0.1291 0.0200 0.9914
vn -0.9194 0.2505 0.3032
vn -0.1988 0.5219 -0.8295
vn -0.0899 0.3830 -0.9194
vn -0.5649 0.3589 0.7430
vn 0.1476 0.0284 0.9886
vn -0.8191 0.4434 0.3640
vn -0.5226 0.4653 0.7145
vn 0.0553 -0.1005 0.9934
vn -0.7847 0.5008 0.3652
vn -0.1310 0.2020 -0.9706
vn -0.2159 0.0707 -0.9738
vn -0.6492 0.6393 0.4121
vn -0.2223 0.1317 -0.9660
vn -0.3447 0.8109 0.4728
vn -0.2876 0.5933 0.7519
vn -0.1301 0.6276 0.7676
vn 0.0214 -0.1434 0.9894
vn 0.0049 -0.1387 0.9903
vn -0.1574 0.8657 0.4752
vn -0.0866 0.6201 0.7797
vn 0.0026 -0.1311 0.9914
vn -0.0706 0.6289 0.7743
vn -0.0878 0.8834 0.4603
vn -0.1089 0.8792 0.4639
vn -0.0040 0.2286 -0.9735
vn -0.0027 0.2284 -0.9736
vn 0.0672 -0.6493 -0.7575
vn -0.0159 0.2511 -0.9678
vn 0.1129 -0.8619 -0.4944
vn 0.0896 -0.8673 -0.4896
vn 0.0855 -0.6518 -0.7536
vn 0.1436 -0.8529 -0.5020
vn 0.1190 -0.6461 -0.7539
vn 0.3482 -0.7906 -0.5037
vn -0.0908 0.2507 -0.9638
vn 0.1978 -0.5213 -0.8301
vn 0.7428 -0.5272 -0.4128
vn 0.4642 -0.4337 -0.7723
vn 0.6087 -0.3821 -0.6953
vn 0.8127 -0.4407 -0.3811
vn 0.6829 -0.2855 -0.6724
vn 0.8426 -0.3935 -0.3676
vn 0.7912 -0.0551 -0.6090
vn 0.9220 -0.2274 -0.3133
vn 0.9619 -0.0475 -0.2692
vn 0.7639 0.2679 -0.5870
vn 0.9318 0.3232 -0.1650
vn 0.6325 0.6080 -0.4799
vn 0.8662 0.4829 -0.1282
vn -0.3160 0.6621 -0.6796
vn 0.5871 0.7001 -0.4064
vn 0.8271 0.5505 -0.1133
vn -0.2754 0.4744 -0.8361
vn 0.5560 0.6830 -0.4736
vn 0.7754 0.6260 -0.0827
vn 0.6236 0.6604 -0.4184
vn 0.7253 0.6864 -0.0534
vn 0.5793 0.7237 -0.3751
vn 0.6521 0.7578 -0.0222
vn 0.4935 0.8005 -0.3401
vn 0.5656 0.8246 -0.0084
vn 0.3443 0.8789 -0.3301
vn 0.4717 0.8817 -0.0081
vn 0.1600 0.9326 -0.3235
vn 0.3232 0.9463 -0.0062
vn -0.5255 0.5020 -0.6869
vn -0.5047 0.4618 -0.7294
vn 0.0028 0.9419 -0.3358
vn -0.2212 0.2861 -0.9323
vn 0.0744 0.9288 -0.3631
vn 0.1769 0.9839 0.0261
vn 0.0698 0.9424 -0.3271
vn 0.1029 0.9932 0.0544
vn 0.0433 0.9536 -0.2979
vn -0.1107 -0.3508 0.9299
vn -0.0189 -0.3412 0.9398
vn 0.0622 -0.9544 0.2920
vn 0.0963 -0.9399 0.3275
vn -0.4000 -0.4598 0.7929
vn 0.1289 -0.9857 -0.1084
vn 0.0759 -0.9900 -0.1189
vn 0.0548 0.2119 -0.9758
vn 0.1431 -0.9349 0.3248
vn -0.5652 -0.5594 0.6063
vn 0.2568 -0.9628 -0.0844
vn 0.0840 0.2235 -0.9711
vn -0.0698 0.9424 -0.3271
vn -0.0433 0.9536 -0.2979
vn -0.1028 0.9932 0.0544
vn -0.1770 0.9839 0.0261
vn -0.0744 0.9288 -0.3631
vn -0.3232 0.9463 -0.0062
vn 0.2212 0.2861 -0.9323
vn -0.0028 0.9419 -0.3358
vn -0.1600 0.9326 -0.3235
vn -0.4717 0.8817 -0.0081
vn 0.5047 0.4618 -0.7294
vn 0.4480 -0.8931 -0.0411
vn 0.5255 0.5020 -0.6869
vn 0.4885 -0.8726 0.0022
vn -0.3443 0.8789 -0.3301
vn -0.5656 0.8246 -0.0084
vn 0.4309 0.4906 -0.7574
vn -0.4935 0.8005 -0.3401
vn -0.6520 0.7579 -0.0222
vn 0.2481 0.4415 -0.8623
vn -0.5793 0.7237 -0.3751
vn -0.7252 0.6864 -0.0534
vn -0.6236 0.6604 -0.4184
vn -0.7754 0.6260 -0.0827
vn 0.1230 0.3611 -0.9244
vn -0.5560 0.6830 -0.4736
vn -0.8271 0.5505 -0.1133
vn 0.1572 0.3231 -0.9332
vn -0.5871 0.7001 -0.4064
vn -0.8662 0.4829 -0.1282
vn 0.2754 0.4744 -0.8361
vn -0.6325 0.6080 -0.4799
vn -0.9318 0.3232 -0.1650
vn 0.3160 0.6620 -0.6796
vn 0.8279 -0.5584 0.0532
vn 0.7750 -0.6311 0.0338
vn 0.7384 -0.6730 0.0421
vn 0.5845 -0.7029 0.4055
vn 0.6885 -0.7235 0.0500
vn 0.5220 -0.7396 0.4249
vn 0.4059 -0.8225 0.3984
vn 0.5850 -0.8102 0.0369
vn 0.2328 -0.8970 0.3758
vn -0.1784 -0.4915 0.8524
vn -0.0875 -0.4075 0.9090
vn -0.4019 -0.5783 0.7100
vn -0.1155 -0.4189 0.9007
vn -0.2097 -0.5746 0.7911
vn 0.1355 -0.9329 0.3337
vn 0.5836 -0.6934 0.4225
vn 0.5857 -0.6983 0.4115
vn -0.2564 -0.7223 0.6423
vn -0.2143 -0.7407 0.6367
vn 0.8815 -0.4561 0.1219
vn 0.7136 -0.5382 0.4485
vn -0.0067 -0.5384 0.8426
vn 0.9356 -0.3115 0.1661
vn 0.2860 0.6327 -0.7196
vn 0.1988 0.5219 -0.8295
vn 0.9666 -0.0004 0.2563
vn 0.7807 -0.2057 0.5900
vn 0.7883 0.0360 0.6142
vn 0.1209 -0.3899 0.9129
vn -0.7639 0.2679 -0.5870
vn -0.9619 -0.0475 -0.2692
vn 0.0899 0.3830 -0.9194
vn -0.7912 -0.0552 -0.6090
vn -0.9221 -0.2275 -0.3130
vn -0.8427 -0.3935 -0.3675
vn -0.6829 -0.2855 -0.6724
vn -0.8127 -0.4407 -0.3811
vn 0.9194 0.2505 0.3032
vn 0.1310 0.2020 -0.9706
vn -0.6087 -0.3821 -0.6953
vn -0.7428 -0.5272 -0.4128
vn 0.8191 0.4434 0.3640
vn 0.2159 0.0707 -0.9739
vn -0.4642 -0.4337 -0.7723
vn 0.6587 0.2461 0.7110
vn -0.0007 -0.1565 0.9877
vn -0.1291 0.0200 0.9914
vn 0.5649 0.3589 0.7430
vn -0.1476 0.0284 0.9886
vn 0.7848 0.5008 0.3652
vn 0.5226 0.4653 0.7145
vn -0.0553 -0.1005 0.9934
vn 0.2223 0.1317 -0.9660
vn 0.6492 0.6393 0.4121
vn 0.3447 0.8110 0.4728
vn 0.2876 0.5933 0.7519
vn 0.1301 0.6276 0.7676
vn -0.0214 -0.1434 0.9894
vn -0.0049 -0.1387 0.9903
vn 0.1574 0.8657 0.4752
vn 0.0908 0.2507 -0.9638
vn 0.0866 0.6201 0.7797
vn -0.0026 -0.1311 0.9914
vn 0.0706 0.6289 0.7743
vn 0.0878 0.8834 0.4603
vn 0.1089 0.8792 0.4639
vn 0.0040 0.2287 -0.9735
vn 0.0027 0.2284 -0.9736
vn -0.0672 -0.6493 -0.7575
vn 0.0158 0.2511 -0.9678
vn -0.0855 -0.6518 -0.7536
vn -0.1129 -0.8619 -0.4944
vn -0.0896 -0.8673 -0.4896
vn -0.1436 -0.8529 -0.5020
vn -0.1191 -0.6461 -0.7539
vn -0.3482 -0.7906 -0.5037
vn -0.1978 -0.5213 -0.8301
vn 0.1657 -0.0297 0.9857
vn 0.2689 0.3740 0.8876
vn 0.1668 0.4161 0.8939
vn 0.2856 -0.1204 0.9507
vn 0.4698 0.3090 0.8269
vn 0.3015 -0.6825 0.6658
vn 0.4683 0.0331 0.8829
vn 0.4338 -0.3623 0.8249
vn 0.5066 -0.6230 0.5960
vn 0.3778 -0.1443 0.9146
vn 0.3972 -0.8408 0.3677
vn 0.6019 -0.2653 0.7532
vn 0.2521 -0.9426 0.2191
vn 0.1613 -0.9726 0.1675
vn 0.2759 -0.9195 -0.2801
vn 0.1462 -0.8119 -0.5652
vn 0.4761 -0.8757 0.0800
vn 0.5654 -0.8248 0.0111
vn 0.8607 -0.5080 0.0350
vn 0.5277 -0.6591 0.5359
vn 0.6488 -0.4112 0.6403
vn 0.1890 -0.6013 0.7764
vn 0.0641 -0.5935 0.8023
vn -0.0572 -0.6271 0.7768
vn -0.4542 -0.5622 0.6912
vn 0.1246 -0.5671 0.8142
vn -0.6711 -0.5695 0.4746
vn -0.4528 -0.4956 0.7411
vn -0.2561 -0.7031 0.6634
vn -0.3788 -0.5778 0.7230
vn -0.0486 -0.5061 0.8611
vn -0.7069 -0.0902 0.7016
vn -0.2997 -0.3104 0.9022
vn -0.2235 -0.5113 0.8299
vn -0.5926 0.1818 0.7847
vn -0.3407 -0.4744 0.8117
vn -0.2783 -0.3895 0.8780
vn -0.3032 0.3301 0.8939
vn -0.1330 -0.3921 0.9103
vn -0.1201 0.3131 0.9421
vn -0.0290 -0.3604 0.9323
vn -0.1742 0.9176 0.3572
vn -0.2860 0.8878 0.3606
vn -0.1238 0.7034 0.6999
vn -0.5725 0.7262 0.3806
vn -0.1872 0.5083 0.8406
vn -0.0507 0.2134 0.9756
vn -0.4559 -0.0416 0.8891
vn -0.4105 0.2796 0.8679
vn -0.0933 0.0516 0.9943
vn -0.1932 0.8078 0.5569
vn -0.1425 0.8186 0.5564
vn -0.2106 -0.0621 0.9756
vn -0.1558 0.8578 0.4899
vn -0.1418 0.8686 0.4748
vn -0.4474 0.7276 0.5200
vn -0.2823 -0.1147 0.9525
vn -0.6525 0.6000 0.4629
vn -0.3110 0.8113 0.4951
vn -0.0403 0.2274 -0.9730
vn -0.0497 0.2534 -0.9661
vn 0.0629 -0.5224 -0.8504
vn -0.0739 0.2417 -0.9675
vn 0.1167 -0.5366 -0.8357
vn 0.1224 -0.8107 -0.5725
vn 0.1800 -0.7844 -0.5936
vn 0.5406 -0.6649 -0.5155
vn 0.2720 -0.3977 -0.8763
vn -0.1945 0.1172 -0.9739
vn -0.6649 0.6529 0.3628
vn 0.4948 -0.3431 -0.7984
vn 0.7854 -0.4470 -0.4281
vn -0.7480 0.5702 0.3396
vn 0.6605 -0.1052 -0.7435
vn 0.9292 -0.1675 -0.3295
vn -0.1945 0.1841 -0.9635
vn 0.6042 0.1892 -0.7740
vn -0.2056 0.6245 -0.7534
vn -0.1426 0.3133 -0.9389
vn -0.8754 0.4189 0.2410
vn -0.7532 0.5009 0.4264
vn -0.2702 -0.1426 0.9522
vn -0.8612 0.3585 0.3602
vn -0.2675 -0.2492 0.9308
vn -0.9564 0.1281 0.2624
vn -0.9636 0.2224 0.1487
vn -0.9793 -0.0692 0.1902
vn -0.1677 0.4440 -0.8802
vn -0.9976 0.0178 0.0670
vn 0.5800 0.4661 -0.6681
vn -0.2148 0.5741 -0.7901
vn -0.9604 -0.2619 0.0952
vn -0.9824 -0.1867 -0.0009
vn -0.0975 -0.6231 0.7760
vn 0.2009 -0.6186 0.7596
vn 0.0265 -0.7263 0.6868
vn 0.1143 -0.6928 0.7120
vn -0.8940 -0.4479 0.0089
vn 0.0628 -0.6798 0.7307
vn -0.2203 -0.6934 0.6860
vn -0.8427 -0.5382 -0.0146
vn -0.0138 -0.6504 0.7595
vn -0.3759 -0.7306 0.5700
vn -0.9334 -0.3509 -0.0749
vn -0.7720 -0.6304 -0.0813
vn -0.3565 0.6266 -0.6930
vn -0.8651 -0.4843 -0.1307
vn -0.3670 0.6025 -0.7087
vn 0.3618 0.7147 -0.5986
vn -0.2822 0.3927 -0.8753
vn -0.1384 0.7857 -0.6030
vn 0.8905 0.4428 -0.1042
vn 0.3052 0.7716 -0.5581
vn 0.8255 0.5641 -0.0170
vn 0.2671 0.6696 -0.6930
vn 0.7545 0.6556 -0.0304
vn -0.1438 0.3125 -0.9390
vn 0.3606 0.6045 -0.7103
vn 0.6866 0.7269 0.0162
vn -0.7800 -0.5878 -0.2147
vn -0.1843 0.4026 -0.8966
vn 0.3000 0.7315 -0.6123
vn 0.5808 0.8138 0.0175
vn -0.6309 -0.7610 -0.1515
vn -0.7279 -0.6571 -0.1960
vn -0.3406 0.5437 -0.7670
vn 0.2015 0.8750 -0.4402
vn 0.3655 0.9306 0.0203
vn -0.6706 -0.7258 -0.1533
vn -0.0098 0.9330 -0.3597
vn -0.5433 0.5411 -0.6419
vn -0.1004 0.9239 -0.3693
vn 0.0304 0.8932 -0.4486
vn 0.1618 0.9845 0.0671
vn -0.5161 0.4556 -0.7253
vn 0.0676 0.9157 -0.3961
vn 0.1080 0.9907 0.0826
vn 0.0415 0.9083 -0.4162
vn -0.0623 0.2169 -0.9742
vn -0.0842 0.2265 -0.9704
vn -0.2239 0.2677 -0.9371
vn -0.1557 -0.9736 -0.1669
vn -0.0885 -0.9812 -0.1716
vn -0.1132 -0.9906 -0.0765
vn -0.4761 -0.8675 -0.1444
vn -0.2749 -0.9485 -0.1572
vn -0.1838 -0.9806 -0.0679
vn -0.6310 -0.7618 -0.1470
vn -0.3281 -0.9434 -0.0483
vn -0.4644 -0.8836 -0.0602
vn -0.5506 -0.8270 -0.1138
vn 0.0386 -0.5419 0.8396
vn 0.0014 -0.6212 0.7837
vn -0.0039 -0.6010 0.7993
vn -0.3417 -0.8455 0.4104
vn -0.5854 -0.7878 0.1913
vn -0.4712 -0.6935 0.5451
vn -0.3929 -0.8857 0.2473
vn -0.3207 -0.9468 -0.0273
vn -0.2489 -0.8708 0.4239
vn -0.2957 -0.9308 0.2151
vn -0.1379 -0.9867 -0.0862
vn -0.0578 -0.8961 0.4401
vn -0.1462 -0.9751 0.1669
vn -0.1137 -0.9585 0.2614
vn 0.0121 -0.5662 0.8242
vn -0.0183 -0.5690 0.8221
vn -0.0397 -0.5706 0.8202
vn -0.2689 0.3740 0.8876
vn -0.1657 -0.0297 0.9857
vn -0.1668 0.4161 0.8939
vn -0.2856 -0.1204 0.9507
vn -0.4698 0.3090 0.8269
vn -0.3015 -0.6825 0.6658
vn -0.4683 0.0331 0.8829
vn -0.4338 -0.3623 0.8249
vn -0.5066 -0.6230 0.5960
vn -0.3778 -0.1444 0.9146
vn -0.3972 -0.8408 0.3677
vn 0.6711 -0.5695 0.4746
vn -0.2520 -0.9426 0.2191
vn -0.1613 -0.9726 0.1675
vn -0.2759 -0.9195 -0.2801
vn -0.1462 -0.8119 -0.5652
vn -0.4761 -0.8757 0.0800
vn -0.5654 -0.8248 0.0111
vn -0.8607 -0.5080 0.0350
vn -0.5277 -0.6591 0.5359
vn -0.6488 -0.4112 0.6403
vn -0.6019 -0.2653 0.7532
vn -0.1890 -0.6013 0.7764
vn 0.4542 -0.5622 0.6912
vn -0.0641 -0.5935 0.8023
vn 0.2203 -0.6934 0.6860
vn -0.1143 -0.6928 0.7120
vn -0.1246 -0.5671 0.8142
vn -0.2009 -0.6186 0.7596
vn 0.0572 -0.6271 0.7768
vn 0.4528 -0.4956 0.7411
vn 0.2561 -0.7031 0.6634
vn 0.3788 -0.5777 0.7230
vn 0.0486 -0.5061 0.8611
vn 0.2235 -0.5113 0.8299
vn 0.2997 -0.3103 0.9022
vn 0.7069 -0.0902 0.7016
vn 0.2783 -0.3895 0.8780
vn 0.5926 0.1817 0.7847
vn 0.3407 -0.4744 0.8117
vn 0.4559 -0.0416 0.8891
vn 0.3032 0.3301 0.8939
vn 0.1331 -0.3921 0.9102
vn 0.1201 0.3131 0.9421
vn 0.0290 -0.3604 0.9323
vn 0.1742 0.9176 0.3572
vn 0.2860 0.8878 0.3606
vn 0.1238 0.7034 0.6999
vn 0.5725 0.7262 0.3806
vn 0.1872 0.5082 0.8406
vn 0.0507 0.2134 0.9757
vn 0.4105 0.2796 0.8679
vn 0.0933 0.0516 0.9943
vn 0.1932 0.8077 0.5570
vn 0.1425 0.8186 0.5564
vn 0.2106 -0.0621 0.9756
vn 0.1559 0.8578 0.4899
vn 0.1418 0.8686 0.4748
vn 0.4474 0.7276 0.5200
vn 0.0402 0.2274 -0.9730
vn 0.0498 0.2534 -0.9661
vn -0.0629 -0.5224 -0.8504
vn 0.2823 -0.1146 0.9525
vn -0.1167 -0.5366 -0.8357
vn -0.1226 -0.8105 -0.5727
vn -0.1800 -0.7844 -0.5936
vn -0.5406 -0.6649 -0.5155
vn 0.0739 0.2417 -0.9675
vn -0.2720 -0.3977 -0.8763
vn 0.3109 0.8113 0.4951
vn 0.1945 0.1172 -0.9739
vn -0.4948 -0.3431 -0.7984
vn -0.7854 -0.4470 -0.4281
vn 0.1945 0.1841 -0.9635
vn -0.6605 -0.1052 -0.7435
vn -0.9292 -0.1676 -0.3295
vn -0.6042 0.1892 -0.7740
vn 0.2056 0.6245 -0.7534
vn 0.1426 0.3133 -0.9389
vn 0.7482 0.5699 0.3396
vn 0.8755 0.4189 0.2410
vn 0.6649 0.6529 0.3628
vn 0.6525 0.6000 0.4629
vn 0.7520 0.5021 0.4270
vn 0.2702 -0.1426 0.9522
vn 0.8612 0.3585 0.3602
vn 0.2675 -0.2491 0.9308
vn 0.9635 0.2224 0.1487
vn 0.9564 0.1281 0.2624
vn 0.1677 0.4440 -0.8802
vn 0.9976 0.0178 0.0670
vn 0.9793 -0.0692 0.1902
vn 0.0975 -0.6231 0.7760
vn 0.9604 -0.2619 0.0952
vn -0.0265 -0.7263 0.6868
vn 0.9824 -0.1867 -0.0009
vn -0.0628 -0.6798 0.7307
vn 0.8940 -0.4479 0.0089
vn 0.0138 -0.6504 0.7595
vn 0.8427 -0.5382 -0.0147
vn 0.9334 -0.3509 -0.0749
vn 0.2148 0.5741 -0.7901
vn 0.3565 0.6266 -0.6930
vn -0.5800 0.4661 -0.6681
vn -0.3618 0.7147 -0.5986
vn 0.1384 0.7857 -0.6030
vn 0.3669 0.6026 -0.7087
vn -0.8905 0.4428 -0.1042
vn -0.3052 0.7716 -0.5581
vn -0.8255 0.5642 -0.0166
vn -0.2671 0.6697 -0.6930
vn -0.7545 0.6556 -0.0305
vn 0.8650 -0.4844 -0.1307
vn 0.2822 0.3927 -0.8753
vn -0.3606 0.6045 -0.7103
vn -0.6866 0.7269 0.0162
vn 0.1438 0.3125 -0.9390
vn -0.3000 0.7315 -0.6123
vn -0.5809 0.8138 0.0175
vn 0.1843 0.4026 -0.8966
vn 0.7800 -0.5878 -0.2147
vn 0.7720 -0.6304 -0.0813
vn 0.6309 -0.7610 -0.1515
vn 0.7279 -0.6571 -0.1960
vn 0.3406 0.5437 -0.7670
vn -0.2015 0.8750 -0.4402
vn -0.3655 0.9306 0.0203
vn 0.6706 -0.7258 -0.1533
vn 0.0098 0.9330 -0.3598
vn 0.5433 0.5410 -0.6420
vn 0.1004 0.9239 -0.3693
vn -0.0304 0.8932 -0.4486
vn -0.1618 0.9845 0.0671
vn 0.5161 0.4556 -0.7253
vn -0.0675 0.9157 -0.3961
vn -0.1080 0.9907 0.0826
vn -0.0415 0.9083 -0.4162
vn 0.0623 0.2169 -0.9742
vn 0.0860 0.2268 -0.9701
vn 0.2239 0.2677 -0.9371
vn 0.1557 -0.9736 -0.1669
vn 0.0885 -0.9812 -0.1716
vn 0.1129 -0.9907 -0.0765
vn 0.4761 -0.8675 -0.1444
vn 0.2749 -0.9485 -0.1572
vn 0.1838 -0.9806 -0.0679
vn 0.6310 -0.7618 -0.1470
vn 0.3277 -0.9435 -0.0483
vn 0.4644 -0.8836 -0.0602
vn 0.5507 -0.8269 -0.1138
vn -0.0386 -0.5418 0.8396
vn -0.0014 -0.6212 0.7837
vn 0.0040 -0.6010 0.7993
vn 0.3759 -0.7306 0.5700
vn 0.3417 -0.8455 0.4104
vn 0.5854 -0.7878 0.1913
vn 0.4712 -0.6935 0.5451
vn 0.3929 -0.8857 0.2473
vn 0.3207 -0.9468 -0.0273
vn 0.2489 -0.8708 0.4239
vn 0.2957 -0.9308 0.2151
vn 0.1379 -0.9867 -0.0862
vn 0.0578 -0.8961 0.4401
vn 0.1462 -0.9751 0.1669
vn 0.1137 -0.9585 0.2614
vn -0.0121 -0.5662 0.8242
vn 0.0184 -0.5690 0.8221
vn 0.0397 -0.5706 0.8202
vn -0.1200 0.7389 -0.6631
vn -0.1250 0.7371 -0.6642
vn -0.2744 0.5941 -0.7561
vn -0.3755 0.5929 -0.7123
vn -0.4408 0.5545 -0.7059
vn -0.4141 0.5726 -0.7075
vn -0.3276 0.7413 -0.5859
vn -0.3045 0.5448 -0.7814
vn -0.2366 0.2955 -0.9256
vn -0.2255 0.2816 -0.9327
vn -0.2746 0.3162 -0.9081
vn -0.2314 0.3204 -0.9186
vn -0.0967 0.2584 -0.9612
vn -0.1024 0.2598 -0.9602
vn 0.1200 0.7388 -0.6631
vn 0.2744 0.5941 -0.7561
vn 0.1250 0.7371 -0.6642
vn 0.3755 0.5929 -0.7124
vn 0.4408 0.5545 -0.7059
vn 0.4141 0.5727 -0.7075
vn 0.3276 0.7413 -0.5859
vn 0.3045 0.5448 -0.7814
vn 0.2366 0.2955 -0.9256
vn 0.2255 0.2816 -0.9327
vn 0.2746 0.3162 -0.9081
vn 0.2314 0.3204 -0.9186
vn 0.0968 0.2584 -0.9612
vn 0.1024 0.2598 -0.9602
s 1
f 165/1/1 1/2/2 2/3/3
f 3/4/4 1/2/2 165/1/1
f 3/4/4 4/5/5 1/2/2
f 3/4/4 5/6/6 4/5/5
f 5/6/6 3/4/4 6/7/7
f 3/4/4 7/8/8 6/7/7
f 3/4/4 8/9/9 7/8/8
f 166/10/10 3/4/4 165/1/1
f 3/4/4 9/11/11 8/9/9
f 166/10/10 9/11/11 3/4/4
f 8/9/9 9/11/11 10/12/12
f 9/11/11 11/13/13 10/12/12
f 166/10/10 12/14/14 9/11/11
f 9/11/11 13/15/15 11/13/13
f 166/10/10 14/16/16 12/14/14
f 166/10/10 15/17/17 14/16/16
f 16/18/18 15/17/17 17/19/19
f 16/18/18 14/16/16 15/17/17
f 18/20/20 14/16/16 16/18/18
f 14/16/16 18/20/20 19/21/21
f 14/16/16 19/21/21 20/22/22
f 14/16/16 20/22/22 12/14/14
f 12/14/14 20/22/22 21/23/23
f 12/14/14 21/23/23 22/24/24
f 23/25/25 12/14/14 22/24/24
f 23/25/25 24/26/26 12/14/14
f 24/26/26 9/11/11 12/14/14
f 9/11/11 24/26/26 25/27/27
f 25/27/27 13/15/15 9/11/11
f 25/27/27 26/28/28 13/15/15
f 26/28/28 25/27/27 27/29/29
f 27/29/29 25/27/27 24/30/30
f 28/31/31 13/15/15 26/28/28
f 13/15/15 28/31/31 11/13/13
f 27/29/29 167/32/32 26/28/28
f 29/33/33 11/13/13 28/31/31
f 11/13/13 29/33/33 10/34/34
f 168/35/35 28/31/31 26/28/28
f 168/35/35 26/28/28 167/32/32
f 28/31/31 169/36/36 29/33/33
f 28/31/31 168/35/35 169/36/36
f 30/37/37 10/34/34 29/33/33
f 10/34/34 30/37/37 8/38/38
f 29/33/33 170/39/39 30/37/37
f 170/39/39 29/33/33 169/36/36
f 31/40/40 8/38/38 30/37/37
f 8/38/38 31/40/40 7/41/41
f 30/37/37 170/39/39 171/42/42
f 171/42/42 31/40/40 30/37/37
f 32/43/43 7/41/41 31/40/40
f 7/41/41 32/43/43 6/44/44
f 32/43/43 5/45/45 6/44/44
f 31/40/40 171/42/42 33/46/46
f 31/40/40 33/46/46 32/43/43
f 5/45/45 32/43/43 34/47/47
f 32/43/43 33/46/46 35/48/48
f 35/48/48 34/47/47 32/43/43
f 36/49/49 5/45/45 34/47/47
f 5/45/45 36/49/49 4/50/50
f 34/47/47 35/48/48 172/51/51
f 172/51/51 36/49/49 34/47/47
f 33/46/46 37/52/52 35/48/48
f 37/52/52 172/51/51 35/48/48
f 38/53/53 4/50/50 36/49/49
f 4/50/50 38/53/53 1/54/54
f 36/49/49 172/51/51 173/55/55
f 173/55/55 38/53/53 36/49/49
f 1/54/54 39/56/56 2/57/57
f 39/56/56 1/54/54 38/53/53
f 38/53/53 174/58/58 39/56/56
f 38/53/53 173/55/55 174/58/58
f 39/56/56 174/58/58 175/59/59
f 40/60/60 173/55/55 172/51/51
f 37/52/52 40/60/60 172/51/51
f 41/61/61 174/58/58 173/55/55
f 173/55/55 40/60/60 41/61/61
f 42/62/62 175/59/59 174/58/58
f 174/58/58 41/61/61 42/62/62
f 175/59/59 42/62/62 43/63/63
f 44/64/64 41/61/61 40/60/60
f 45/65/65 43/63/63 42/62/62
f 43/63/63 45/65/65 46/66/66
f 45/65/65 176/67/67 46/66/66
f 47/68/68 42/62/62 41/61/61
f 42/62/62 47/68/68 45/65/65
f 41/61/61 44/64/64 47/68/68
f 176/67/67 45/65/65 177/69/69
f 47/68/68 177/69/69 45/65/65
f 47/68/68 44/64/64 177/69/69
f 176/67/67 177/69/69 178/70/70
f 40/60/60 48/71/71 44/64/64
f 177/69/69 44/64/64 48/71/71
f 48/71/71 40/60/60 37/52/52
f 48/71/71 49/72/72 177/69/69
f 178/70/70 177/69/69 49/72/72
f 37/52/52 50/73/73 48/71/71
f 48/71/71 50/73/73 49/72/72
f 50/73/73 37/52/52 51/74/74
f 37/52/52 33/46/46 51/74/74
f 171/42/42 51/74/74 33/46/46
f 51/74/74 52/75/75 50/73/73
f 49/72/72 50/73/73 52/75/75
f 51/74/74 171/42/42 53/76/76
f 52/75/75 51/74/74 53/76/76
f 170/39/39 53/76/76 171/42/42
f 53/76/76 54/77/77 52/75/75
f 54/77/77 49/72/72 52/75/75
f 53/76/76 170/39/39 55/78/78
f 54/77/77 53/76/76 55/78/78
f 169/36/36 55/78/78 170/39/39
f 54/77/77 55/78/78 56/79/79
f 49/72/72 54/77/77 56/79/79
f 55/78/78 169/36/36 57/80/80
f 56/79/79 55/78/78 57/80/80
f 169/36/36 179/81/81 57/80/80
f 56/79/79 57/80/80 179/81/81
f 179/81/81 169/36/36 168/35/35
f 49/72/72 56/79/79 58/82/82
f 58/82/82 56/79/79 179/81/81
f 49/72/72 58/82/82 59/83/83
f 59/83/83 58/82/82 179/81/81
f 180/84/84 179/81/81 168/35/35
f 180/84/84 59/83/83 179/81/81
f 168/35/35 167/32/32 180/84/84
f 59/83/83 60/85/85 49/72/72
f 178/70/70 49/72/72 60/85/85
f 180/84/84 61/86/86 59/83/83
f 61/86/86 60/85/85 59/83/83
f 181/87/87 180/84/84 167/32/32
f 61/86/86 180/84/84 181/87/87
f 167/32/32 182/88/88 181/87/87
f 27/29/29 182/88/88 167/32/32
f 61/86/86 181/87/87 183/89/89
f 182/88/88 183/89/89 181/87/87
f 182/88/88 27/29/29 62/90/90
f 24/30/30 62/90/90 27/29/29
f 183/89/89 182/88/88 184/91/91
f 62/90/90 184/91/91 182/88/88
f 24/30/30 63/92/92 62/90/90
f 184/91/91 62/90/90 63/92/92
f 63/92/92 24/30/30 23/93/93
f 183/89/89 64/94/94 61/86/86
f 61/86/86 64/94/94 60/85/85
f 184/91/91 185/95/95 183/89/89
f 185/95/95 64/94/94 183/89/89
f 184/91/91 63/92/92 186/96/96
f 185/95/95 184/91/91 186/96/96
f 23/93/93 65/97/97 63/92/92
f 63/92/92 65/97/97 186/96/96
f 65/97/97 23/93/93 22/98/98
f 22/98/98 21/99/99 65/97/97
f 21/99/99 66/100/100 65/97/97
f 186/96/96 65/97/97 66/100/100
f 20/101/101 66/100/100 21/99/99
f 186/96/96 187/102/102 185/95/95
f 66/100/100 20/101/101 67/103/103
f 66/100/100 188/104/104 186/96/96
f 188/104/104 66/100/100 67/103/103
f 187/102/102 186/96/96 188/104/104
f 20/101/101 68/105/105 67/103/103
f 19/106/106 68/105/105 20/101/101
f 67/103/103 189/107/107 188/104/104
f 189/107/107 67/103/103 68/105/105
f 188/104/104 190/108/108 187/102/102
f 190/108/108 188/104/104 189/107/107
f 187/102/102 69/109/109 185/95/95
f 64/94/94 185/95/95 69/109/109
f 60/85/85 64/94/94 69/109/109
f 69/109/109 187/102/102 70/110/110
f 190/108/108 70/110/110 187/102/102
f 60/85/85 69/109/109 71/111/111
f 71/111/111 69/109/109 70/110/110
f 178/70/70 60/85/85 71/111/111
f 178/70/70 71/111/111 72/112/112
f 70/110/110 190/108/108 73/113/113
f 71/111/111 70/110/110 73/113/113
f 191/114/114 73/113/113 190/108/108
f 189/107/107 191/114/114 190/108/108
f 71/111/111 73/113/113 74/115/115
f 73/113/113 191/114/114 74/115/115
f 191/114/114 189/107/107 192/116/116
f 68/105/105 192/116/116 189/107/107
f 192/116/116 193/117/117 191/114/114
f 68/105/105 193/117/117 192/116/116
f 75/118/118 74/115/115 191/114/114
f 75/118/118 191/114/114 193/117/117
f 74/115/115 76/119/119 71/111/111
f 74/115/115 75/118/118 76/119/119
f 76/119/119 77/120/120 71/111/111
f 71/111/111 77/120/120 72/112/112
f 78/121/121 76/119/119 75/118/118
f 76/119/119 78/121/121 77/120/120
f 77/120/120 79/122/122 72/112/112
f 79/122/122 80/123/123 72/112/112
f 79/122/122 77/120/120 81/124/124
f 80/123/123 79/122/122 81/124/124
f 77/120/120 78/121/121 81/124/124
f 80/123/123 81/124/124 82/125/125
f 81/124/124 194/126/126 82/125/125
f 78/121/121 195/127/127 81/124/124
f 194/126/126 81/124/124 195/127/127
f 78/121/121 75/118/118 196/128/128
f 195/127/127 78/121/121 196/128/128
f 193/117/117 196/128/128 75/118/118
f 83/129/129 194/126/126 195/127/127
f 194/126/126 83/129/129 84/130/130
f 83/129/129 17/131/131 84/130/130
f 17/131/131 83/129/129 16/132/132
f 195/127/127 85/133/133 83/129/129
f 85/133/133 16/132/132 83/129/129
f 85/133/133 195/127/127 196/128/128
f 16/132/132 85/133/133 18/134/134
f 196/128/128 86/135/135 85/133/133
f 86/135/135 18/134/134 85/133/133
f 86/135/135 196/128/128 193/117/117
f 18/134/134 86/135/135 19/106/106
f 86/135/135 193/117/117 68/105/105
f 19/106/106 86/135/135 68/105/105
f 87/136/136 165/1/137 2/3/138
f 165/1/137 87/136/136 197/137/139
f 197/137/139 87/136/136 88/138/140
f 197/137/139 88/138/140 89/139/141
f 89/139/141 90/140/142 197/137/139
f 197/137/139 90/140/142 91/141/143
f 197/137/139 91/141/143 92/142/144
f 166/10/145 165/1/137 197/137/139
f 92/142/144 93/143/146 197/137/139
f 166/10/145 197/137/139 93/143/146
f 93/143/146 92/142/144 94/144/147
f 93/143/146 94/144/147 95/145/148
f 166/10/145 93/143/146 96/146/149
f 93/143/146 95/145/148 97/147/150
f 166/10/145 96/146/149 98/148/151
f 166/10/145 98/148/151 15/17/152
f 99/149/153 17/19/154 15/17/152
f 99/149/153 15/17/152 98/148/151
f 100/150/155 99/149/153 98/148/151
f 98/148/151 101/151/156 100/150/155
f 98/148/151 102/152/157 101/151/156
f 98/148/151 96/146/149 102/152/157
f 96/146/149 103/153/158 102/152/157
f 96/146/149 104/154/159 103/153/158
f 105/155/160 104/154/159 96/146/149
f 105/155/160 96/146/149 106/156/161
f 93/143/146 106/156/161 96/146/149
f 106/156/161 93/143/146 107/157/162
f 107/157/162 93/143/146 97/147/150
f 107/157/162 97/147/150 108/158/163
f 198/159/164 107/157/162 108/158/163
f 198/159/164 106/160/165 107/157/162
f 108/158/163 97/147/150 109/161/166
f 97/147/150 95/145/148 109/161/166
f 108/158/163 110/162/167 198/159/164
f 111/163/168 109/161/166 95/145/148
f 111/163/168 95/145/148 94/164/169
f 199/165/170 108/158/163 109/161/166
f 108/158/163 199/165/170 110/162/167
f 200/166/171 109/161/166 111/163/168
f 109/161/166 200/166/171 199/165/170
f 94/164/169 112/167/172 111/163/168
f 112/167/172 94/164/169 92/168/173
f 111/163/168 201/169/174 200/166/171
f 112/167/172 201/169/174 111/163/168
f 92/168/173 113/170/175 112/167/172
f 113/170/175 92/168/173 91/171/176
f 112/167/172 114/172/177 201/169/174
f 113/170/175 114/172/177 112/167/172
f 91/171/176 115/173/178 113/170/175
f 115/173/178 91/171/176 90/174/179
f 90/174/179 89/175/180 115/173/178
f 113/170/175 116/176/181 114/172/177
f 116/176/181 113/170/175 115/173/178
f 117/177/182 201/169/174 114/172/177
f 118/178/183 114/172/177 116/176/181
f 114/172/177 118/178/183 117/177/182
f 115/173/178 119/179/184 116/176/181
f 201/169/174 117/177/182 120/180/185
f 120/180/185 200/166/171 201/169/174
f 119/179/184 115/173/178 121/181/186
f 121/181/186 115/173/178 89/175/180
f 122/182/187 116/176/181 119/179/184
f 116/176/181 122/182/187 118/178/183
f 121/181/186 202/183/188 119/179/184
f 202/183/188 122/182/187 119/179/184
f 121/181/186 89/175/180 123/184/189
f 123/184/189 202/183/188 121/181/186
f 88/185/190 123/184/189 89/175/180
f 124/186/191 123/184/189 88/185/190
f 88/185/190 87/187/192 124/186/191
f 202/183/188 123/184/189 203/188/193
f 124/186/191 203/188/193 123/184/189
f 39/56/194 87/187/192 2/57/195
f 87/187/192 39/56/194 124/186/191
f 124/186/191 39/56/194 125/189/196
f 203/188/193 124/186/191 125/189/196
f 39/56/194 175/59/197 125/189/196
f 203/188/193 126/190/198 202/183/188
f 122/182/187 202/183/188 126/190/198
f 125/189/196 127/191/199 203/188/193
f 126/190/198 203/188/193 127/191/199
f 125/189/196 175/59/197 128/192/200
f 127/191/199 125/189/196 128/192/200
f 43/63/201 128/192/200 175/59/197
f 127/191/199 129/193/202 126/190/198
f 43/63/201 130/194/203 128/192/200
f 130/194/203 43/63/201 46/66/204
f 128/192/200 131/195/205 127/191/199
f 131/195/205 128/192/200 130/194/203
f 129/193/202 127/191/199 131/195/205
f 176/67/206 130/194/203 46/66/204
f 131/195/205 130/194/203 204/196/207
f 130/194/203 176/67/206 204/196/207
f 131/195/205 204/196/207 129/193/202
f 176/67/206 178/70/208 204/196/207
f 132/197/209 126/190/198 129/193/202
f 129/193/202 204/196/207 132/197/209
f 126/190/198 132/197/209 122/182/187
f 133/198/210 122/182/187 132/197/209
f 122/182/187 133/198/210 118/178/183
f 204/196/207 134/199/211 132/197/209
f 132/197/209 134/199/211 133/198/210
f 178/70/208 134/199/211 204/196/207
f 135/200/212 118/178/183 133/198/210
f 134/199/211 135/200/212 133/198/210
f 118/178/183 135/200/212 117/177/182
f 136/201/213 117/177/182 135/200/212
f 136/201/213 135/200/212 134/199/211
f 117/177/182 136/201/213 120/180/185
f 136/201/213 137/202/214 120/180/185
f 134/199/211 137/202/214 136/201/213
f 137/202/214 138/203/215 120/180/185
f 200/166/171 120/180/185 138/203/215
f 134/199/211 139/204/216 137/202/214
f 138/203/215 205/205/217 200/166/171
f 137/202/214 205/205/217 138/203/215
f 139/204/216 205/205/217 137/202/214
f 199/165/170 200/166/171 205/205/217
f 134/199/211 140/206/218 139/204/216
f 140/206/218 205/205/217 139/204/216
f 205/205/217 206/207/219 199/165/170
f 206/207/219 205/205/217 140/206/218
f 199/165/170 206/207/219 110/162/167
f 134/199/211 207/208/220 140/206/218
f 178/70/208 207/208/220 134/199/211
f 141/209/221 206/207/219 140/206/218
f 141/209/221 140/206/218 207/208/220
f 206/207/219 208/210/222 110/162/167
f 206/207/219 141/209/221 208/210/222
f 110/162/167 208/210/222 209/211/223
f 198/159/164 110/162/167 209/211/223
f 141/209/221 210/212/224 208/210/222
f 210/212/224 209/211/223 208/210/222
f 209/211/223 211/213/225 198/159/164
f 106/160/165 198/159/164 211/213/225
f 209/211/223 210/212/224 142/214/226
f 142/214/226 211/213/225 209/211/223
f 143/215/227 106/160/165 211/213/225
f 211/213/225 142/214/226 143/215/227
f 106/160/165 143/215/227 105/216/228
f 210/212/224 141/209/221 144/217/229
f 141/209/221 207/208/220 144/217/229
f 145/218/230 142/214/226 210/212/224
f 144/217/229 145/218/230 210/212/224
f 142/214/226 212/219/231 143/215/227
f 142/214/226 145/218/230 212/219/231
f 146/220/232 105/216/228 143/215/227
f 143/215/227 212/219/231 146/220/232
f 105/216/228 146/220/232 104/221/233
f 104/221/233 146/220/232 103/222/234
f 103/222/234 146/220/232 147/223/235
f 212/219/231 147/223/235 146/220/232
f 147/223/235 102/224/236 103/222/234
f 147/223/235 212/219/231 213/225/237
f 102/224/236 147/223/235 214/226/238
f 147/223/235 213/225/237 214/226/238
f 102/224/236 214/226/238 148/227/239
f 101/228/240 102/224/236 148/227/239
f 214/226/238 213/225/237 215/229/241
f 214/226/238 215/229/241 148/227/239
f 212/219/231 149/230/242 213/225/237
f 149/230/242 212/219/231 145/218/230
f 213/225/237 216/231/243 215/229/241
f 216/231/243 213/225/237 149/230/242
f 149/230/242 145/218/230 150/232/244
f 145/218/230 144/217/229 150/232/244
f 207/208/220 150/232/244 144/217/229
f 149/230/242 150/232/244 151/233/245
f 216/231/243 149/230/242 151/233/245
f 207/208/220 217/234/246 150/232/244
f 217/234/246 151/233/245 150/232/244
f 178/70/208 217/234/246 207/208/220
f 216/231/243 151/233/245 152/235/247
f 217/234/246 152/235/247 151/233/245
f 178/70/208 72/112/248 217/234/246
f 153/236/249 216/231/243 152/235/247
f 153/236/249 215/229/241 216/231/243
f 217/234/246 154/237/250 152/235/247
f 153/236/249 152/235/247 154/237/250
f 215/229/241 153/236/249 218/238/251
f 148/227/239 215/229/241 218/238/251
f 155/239/252 218/238/251 153/236/249
f 148/227/239 218/238/251 155/239/252
f 154/237/250 156/240/253 153/236/249
f 155/239/252 153/236/249 156/240/253
f 154/237/250 217/234/246 157/241/254
f 156/240/253 154/237/250 157/241/254
f 155/239/252 158/242/255 148/227/239
f 101/228/240 148/227/239 158/242/255
f 158/242/255 100/243/256 101/228/240
f 156/240/253 219/244/257 155/239/252
f 219/244/257 158/242/255 155/239/252
f 100/243/256 158/242/255 159/245/258
f 158/242/255 219/244/257 159/245/258
f 159/245/258 99/246/259 100/243/256
f 219/244/257 156/240/253 160/247/260
f 160/247/260 156/240/253 157/241/254
f 161/248/261 159/245/258 219/244/257
f 160/247/260 161/248/261 219/244/257
f 159/245/258 220/249/262 99/246/259
f 159/245/258 161/248/261 220/249/262
f 220/249/262 17/131/263 99/246/259
f 220/249/262 84/130/264 17/131/263
f 220/249/262 194/126/265 84/130/264
f 194/126/265 220/249/262 161/248/261
f 162/250/266 194/126/265 161/248/261
f 161/248/261 160/247/260 162/250/266
f 194/126/265 162/250/266 82/125/267
f 82/125/267 162/250/266 80/123/268
f 157/241/254 163/251/269 160/247/260
f 163/251/269 162/250/266 160/247/260
f 157/241/254 217/234/246 163/251/269
f 217/234/246 72/112/248 163/251/269
f 164/252/270 80/123/268 162/250/266
f 164/252/270 72/112/248 80/123/268
f 162/250/266 163/251/269 164/252/270
f 163/251/269 72/112/248 164/252/270
f 221/253/271 222/254/272 223/255/273
f 222/254/272 221/253/271 224/256/274
f 225/257/275 224/256/274 221/253/271
f 298/258/276 222/254/272 224/256/274
f 222/254/272 298/258/276 299/259/277
f 299/259/277 298/258/276 300/260/278
f 224/256/274 225/257/275 226/261/279
f 227/262/280 226/261/279 225/257/275
f 224/256/274 301/263/281 298/258/276
f 226/261/279 301/263/281 224/256/274
f 302/264/282 300/260/278 298/258/276
f 298/258/276 301/263/281 302/264/282
f 226/261/279 227/262/280 228/265/283
f 229/266/284 228/265/283 227/262/280
f 301/263/281 226/261/279 303/267/285
f 228/265/283 229/266/284 230/268/286
f 231/269/287 230/268/286 229/266/284
f 228/265/283 304/270/288 226/261/279
f 303/267/285 226/261/279 304/270/288
f 230/268/286 305/271/289 228/265/283
f 304/270/288 228/265/283 305/271/289
f 230/268/286 231/269/287 232/272/290
f 305/271/289 230/268/286 306/273/291
f 232/272/290 306/273/291 230/268/286
f 304/270/288 305/271/289 307/274/292
f 306/273/291 307/274/292 305/271/289
f 231/269/287 233/275/293 232/272/290
f 233/275/293 231/269/287 234/276/294
f 306/273/291 232/272/290 308/277/295
f 233/275/293 308/277/295 232/272/290
f 234/276/294 235/278/296 233/275/293
f 235/278/296 234/276/294 236/279/297
f 235/278/296 236/279/297 237/280/298
f 308/277/295 233/275/293 309/281/299
f 235/278/296 309/281/299 233/275/293
f 308/277/295 310/282/300 306/273/291
f 307/274/292 306/273/291 310/282/300
f 309/281/299 311/283/301 308/277/295
f 310/282/300 308/277/295 311/283/301
f 235/278/296 312/284/302 309/281/299
f 311/283/301 309/281/299 313/285/303
f 309/281/299 312/284/302 313/285/303
f 238/286/304 235/278/296 237/280/298
f 312/284/302 235/278/296 238/286/304
f 238/286/304 237/280/298 239/287/305
f 239/287/305 237/280/298 240/288/306
f 239/287/305 240/288/306 241/289/307
f 312/284/302 238/286/304 314/290/308
f 239/287/305 314/290/308 238/286/304
f 241/289/307 242/291/309 239/287/305
f 243/292/310 242/291/309 241/289/307
f 314/290/308 239/287/305 315/293/311
f 242/291/309 315/293/311 239/287/305
f 242/291/309 243/292/310 244/294/312
f 314/290/308 315/293/311 316/295/313
f 243/292/310 245/296/314 244/294/312
f 245/296/314 243/292/310 246/297/315
f 244/294/312 317/298/316 242/291/309
f 245/296/314 317/298/316 244/294/312
f 315/293/311 242/291/309 317/298/316
f 246/297/315 247/299/317 245/296/314
f 247/299/317 246/297/315 248/300/318
f 249/301/319 247/299/317 248/300/318
f 317/298/316 245/296/314 318/302/320
f 318/302/320 245/296/314 247/299/317
f 315/293/311 317/298/316 319/303/321
f 319/303/321 316/295/313 315/293/311
f 320/304/322 317/298/316 318/302/320
f 317/298/316 320/304/322 319/303/321
f 247/299/317 249/301/319 250/305/323
f 251/306/324 250/305/323 249/301/319
f 247/299/317 321/307/325 318/302/320
f 321/307/325 247/299/317 250/305/323
f 250/305/323 251/306/324 252/308/326
f 253/309/327 252/308/326 251/306/324
f 250/305/323 322/310/328 321/307/325
f 322/310/328 250/305/323 252/308/326
f 318/302/320 321/307/325 323/311/329
f 323/311/329 320/304/322 318/302/320
f 324/312/330 321/307/325 322/310/328
f 321/307/325 324/312/330 323/311/329
f 252/308/326 325/313/331 322/310/328
f 322/310/328 326/314/332 324/312/330
f 326/314/332 322/310/328 325/313/331
f 252/308/326 327/315/333 325/313/331
f 325/313/331 327/315/333 326/314/332
f 252/308/326 253/309/327 254/316/334
f 327/315/333 252/308/326 254/316/334
f 253/309/327 255/317/335 254/316/334
f 255/317/335 253/309/327 256/318/336
f 257/319/337 255/317/335 256/318/336
f 254/316/334 328/320/338 327/315/333
f 328/320/338 254/316/334 255/317/335
f 255/317/335 257/319/337 258/321/339
f 258/321/339 257/319/337 259/322/340
f 260/323/341 258/321/339 259/322/340
f 329/324/342 258/321/339 260/323/341
f 258/321/339 330/325/343 255/317/335
f 258/321/339 329/324/342 330/325/343
f 255/317/335 330/325/343 328/320/338
f 330/325/343 329/324/342 331/326/344
f 332/327/345 331/326/344 329/324/342
f 261/328/346 331/326/344 332/327/345
f 328/320/338 330/325/343 333/329/347
f 331/326/344 333/329/347 330/325/343
f 257/330/348 261/328/346 259/331/349
f 334/332/350 331/326/344 261/328/346
f 261/328/346 257/330/348 334/332/350
f 334/332/350 333/329/347 331/326/344
f 334/332/350 257/330/348 256/333/351
f 256/333/351 335/334/352 334/332/350
f 333/329/347 334/332/350 335/334/352
f 335/334/352 256/333/351 253/335/353
f 333/329/347 336/336/354 328/320/338
f 327/315/333 328/320/338 336/336/354
f 326/314/332 327/315/333 336/336/354
f 333/329/347 335/334/352 337/337/355
f 337/337/355 336/336/354 333/329/347
f 253/335/353 337/337/355 335/334/352
f 336/336/354 337/337/355 326/314/332
f 251/338/356 337/337/355 253/335/353
f 337/337/355 338/339/357 326/314/332
f 337/337/355 251/338/356 338/339/357
f 326/314/332 338/339/357 324/312/330
f 338/339/357 251/338/356 339/340/358
f 338/339/357 339/340/358 324/312/330
f 249/341/359 339/340/358 251/338/356
f 324/312/330 339/340/358 323/311/329
f 339/340/358 249/341/359 340/342/360
f 339/340/358 340/342/360 323/311/329
f 248/343/361 340/342/360 249/341/359
f 320/304/322 323/311/329 340/342/360
f 248/343/361 341/344/362 340/342/360
f 320/304/322 340/342/360 341/344/362
f 341/344/362 248/343/361 246/345/363
f 243/346/364 341/344/362 246/345/363
f 342/347/365 320/304/322 341/344/362
f 341/344/362 243/346/364 342/347/365
f 319/303/321 320/304/322 342/347/365
f 241/348/366 342/347/365 243/346/364
f 343/349/367 319/303/321 342/347/365
f 241/348/366 343/349/367 342/347/365
f 319/303/321 343/349/367 316/295/313
f 343/349/367 241/348/366 240/350/368
f 316/295/313 343/349/367 344/351/369
f 316/295/313 344/351/369 314/290/308
f 312/284/302 314/290/308 344/351/369
f 240/350/368 345/352/370 343/349/367
f 343/349/367 345/352/370 344/351/369
f 345/352/370 240/350/368 237/353/371
f 344/351/369 346/354/372 312/284/302
f 345/352/370 346/354/372 344/351/369
f 346/354/372 313/285/303 312/284/302
f 237/353/371 347/355/373 345/352/370
f 346/354/372 345/352/370 347/355/373
f 313/285/303 346/354/372 347/355/373
f 236/356/374 347/355/373 237/353/371
f 347/355/373 348/357/375 313/285/303
f 347/355/373 236/356/374 348/357/375
f 348/357/375 311/283/301 313/285/303
f 234/358/376 348/357/375 236/356/374
f 349/359/377 311/283/301 348/357/375
f 234/358/376 349/359/377 348/357/375
f 349/359/377 310/282/300 311/283/301
f 231/360/378 349/359/377 234/358/376
f 231/360/378 350/361/379 349/359/377
f 310/282/300 349/359/377 350/361/379
f 229/362/380 350/361/379 231/360/378
f 310/282/300 350/361/379 351/363/381
f 229/362/380 351/363/381 350/361/379
f 351/363/381 307/274/292 310/282/300
f 351/363/381 229/362/380 227/364/382
f 227/364/382 352/365/383 351/363/381
f 307/274/292 351/363/381 352/365/383
f 225/366/384 352/365/383 227/364/382
f 307/274/292 352/365/383 353/367/385
f 307/274/292 353/367/385 304/270/288
f 353/367/385 303/267/285 304/270/288
f 352/365/383 354/368/386 353/367/385
f 353/367/385 354/368/386 303/267/285
f 225/366/384 355/369/387 352/365/383
f 354/368/386 352/365/383 355/369/387
f 356/370/388 303/267/285 354/368/386
f 354/368/386 355/369/387 356/370/388
f 303/267/285 356/370/388 301/263/281
f 356/370/388 302/264/282 301/263/281
f 355/369/387 225/366/384 357/371/389
f 357/371/389 356/370/388 355/369/387
f 357/371/389 302/264/282 356/370/388
f 221/372/390 357/371/389 225/366/384
f 302/264/282 357/371/389 358/373/391
f 357/371/389 221/372/390 358/373/391
f 358/373/391 300/260/278 302/264/282
f 223/374/392 358/373/391 221/372/390
f 300/260/278 358/373/391 359/375/393
f 358/373/391 223/374/392 359/375/393
f 262/376/394 223/255/395 222/254/396
f 222/254/396 263/377/397 262/376/394
f 262/376/394 263/377/397 264/378/398
f 222/254/396 360/379/399 263/377/397
f 360/379/399 222/254/396 299/259/400
f 360/379/399 299/259/400 300/260/401
f 263/377/397 265/380/402 264/378/398
f 265/380/402 266/381/403 264/378/398
f 263/377/397 360/379/399 361/382/404
f 263/377/397 361/382/404 265/380/402
f 360/379/399 300/260/401 362/383/405
f 361/382/404 360/379/399 362/383/405
f 300/260/401 363/384/406 362/383/405
f 363/384/406 300/260/401 359/375/407
f 223/374/408 363/384/406 359/375/407
f 262/385/409 363/384/406 223/374/408
f 262/385/409 364/386/410 363/384/406
f 364/386/410 362/383/405 363/384/406
f 264/387/411 364/386/410 262/385/409
f 361/382/404 362/383/405 365/388/412
f 362/383/405 364/386/410 365/388/412
f 366/389/413 364/386/410 264/387/411
f 366/389/413 365/388/412 364/386/410
f 366/389/413 264/387/411 367/390/414
f 266/391/415 367/390/414 264/387/411
f 366/389/413 368/392/416 365/388/412
f 367/390/414 368/392/416 366/389/413
f 365/388/412 369/393/417 361/382/404
f 369/393/417 365/388/412 368/392/416
f 361/382/404 369/393/417 265/380/402
f 370/394/418 369/393/417 368/392/416
f 368/392/416 367/390/414 370/394/418
f 265/380/402 369/393/417 371/395/419
f 369/393/417 370/394/418 371/395/419
f 367/390/414 266/391/415 372/396/420
f 267/397/421 372/396/420 266/391/415
f 367/390/414 373/398/422 370/394/418
f 373/398/422 367/390/414 372/396/420
f 373/398/422 371/395/419 370/394/418
f 267/397/421 374/399/423 372/396/420
f 268/400/424 374/399/423 267/397/421
f 372/396/420 375/401/425 373/398/422
f 375/401/425 372/396/420 374/399/423
f 268/400/424 376/402/426 374/399/423
f 376/402/426 375/401/425 374/399/423
f 269/403/427 376/402/426 268/400/424
f 269/403/427 377/404/428 376/402/426
f 270/405/429 377/404/428 269/403/427
f 375/401/425 376/402/426 378/406/430
f 376/402/426 377/404/428 378/406/430
f 270/405/429 379/407/431 377/404/428
f 379/407/431 270/405/429 271/408/432
f 377/404/428 380/409/433 378/406/430
f 379/407/431 380/409/433 377/404/428
f 271/408/432 381/410/434 379/407/431
f 272/411/435 381/410/434 271/408/432
f 380/409/433 379/407/431 382/412/436
f 382/412/436 379/407/431 381/410/434
f 381/410/434 272/411/435 383/413/437
f 383/413/437 272/411/435 273/414/438
f 381/410/434 384/415/439 382/412/436
f 383/413/437 384/415/439 381/410/434
f 385/416/440 380/409/433 382/412/436
f 384/415/439 385/416/440 382/412/436
f 386/417/441 378/406/430 380/409/433
f 380/409/433 385/416/440 386/417/441
f 378/406/430 386/417/441 387/418/442
f 387/418/442 375/401/425 378/406/430
f 385/416/440 274/419/443 386/417/441
f 375/401/425 387/418/442 388/420/444
f 388/420/444 373/398/422 375/401/425
f 275/421/445 387/418/442 386/417/441
f 386/417/441 274/419/443 275/421/445
f 276/422/446 388/420/444 387/418/442
f 276/422/446 387/418/442 275/421/445
f 373/398/422 388/420/444 389/423/447
f 371/395/419 373/398/422 389/423/447
f 277/424/448 388/420/444 276/422/446
f 277/424/448 389/423/447 388/420/444
f 268/425/449 276/422/446 275/421/445
f 268/425/449 277/424/448 276/422/446
f 275/421/445 269/426/450 268/425/449
f 269/426/450 275/421/445 274/419/443
f 277/424/448 268/425/449 267/427/451
f 274/419/443 270/428/452 269/426/450
f 274/419/443 271/429/453 270/428/452
f 267/427/451 278/430/454 277/424/448
f 278/430/454 389/423/447 277/424/448
f 278/430/454 371/395/419 389/423/447
f 278/430/454 267/427/451 266/381/403
f 265/380/402 371/395/419 278/430/454
f 266/381/403 265/380/402 278/430/454
f 279/431/455 271/429/453 274/419/443
f 274/419/443 385/416/440 279/431/455
f 279/431/455 280/432/456 271/429/453
f 280/432/456 272/433/457 271/429/453
f 280/432/456 273/434/458 272/433/457
f 279/431/455 385/416/440 390/435/459
f 279/431/455 390/435/459 280/432/456
f 385/416/440 384/415/439 390/435/459
f 273/434/458 280/432/456 281/436/460
f 281/436/460 282/437/461 273/434/458
f 280/432/456 390/435/459 391/438/462
f 280/432/456 391/438/462 281/436/460
f 392/439/463 390/435/459 384/415/439
f 390/435/459 392/439/463 391/438/462
f 392/439/463 384/415/439 383/413/437
f 393/440/464 391/438/462 392/439/463
f 383/413/437 393/440/464 392/439/463
f 281/436/460 391/438/462 394/441/465
f 391/438/462 393/440/464 394/441/465
f 282/437/461 281/436/460 283/442/466
f 281/436/460 394/441/465 283/442/466
f 284/443/467 282/437/461 283/442/466
f 394/441/465 284/443/467 283/442/466
f 282/437/461 284/443/467 285/444/468
f 393/440/464 383/413/437 395/445/469
f 383/413/437 273/414/438 395/445/469
f 282/446/470 395/445/469 273/414/438
f 396/447/471 394/441/465 393/440/464
f 396/447/471 393/440/464 395/445/469
f 282/446/470 397/448/472 395/445/469
f 396/447/471 395/445/469 397/448/472
f 397/448/472 282/446/470 285/449/473
f 397/448/472 285/449/473 286/450/474
f 286/450/474 398/451/475 397/448/472
f 398/451/475 396/447/471 397/448/472
f 287/452/476 398/451/475 286/450/474
f 394/441/465 396/447/471 399/453/477
f 284/443/467 394/441/465 399/453/477
f 396/447/471 398/451/475 400/454/478
f 396/447/471 400/454/478 399/453/477
f 398/451/475 287/452/476 401/455/479
f 401/455/479 400/454/478 398/451/475
f 401/455/479 287/452/476 288/456/480
f 402/457/481 399/453/477 400/454/478
f 400/454/478 401/455/479 403/458/482
f 403/458/482 402/457/481 400/454/478
f 401/455/479 288/456/480 404/459/483
f 404/459/483 403/458/482 401/455/479
f 399/453/477 289/460/484 284/443/467
f 289/460/484 399/453/477 402/457/481
f 289/460/484 285/444/468 284/443/467
f 285/444/468 289/460/484 286/461/485
f 286/461/485 289/460/484 287/462/486
f 289/460/484 290/463/487 287/462/486
f 289/460/484 402/457/481 290/463/487
f 287/462/486 290/463/487 288/464/488
f 290/463/487 402/457/481 405/465/489
f 402/457/481 403/458/482 405/465/489
f 290/463/487 291/466/490 288/464/488
f 290/463/487 405/465/489 291/466/490
f 291/466/490 292/467/491 288/464/488
f 406/468/492 405/465/489 403/458/482
f 403/458/482 404/459/483 406/468/492
f 291/466/490 405/465/489 407/469/493
f 405/465/489 406/468/492 407/469/493
f 408/470/494 291/466/490 407/469/493
f 408/470/494 407/469/493 406/468/492
f 292/467/491 291/466/490 293/471/495
f 291/466/490 408/470/494 293/471/495
f 292/467/491 293/471/495 294/472/496
f 294/472/496 295/473/497 292/467/491
f 294/472/496 296/474/498 295/473/497
f 409/475/499 293/471/495 408/470/494
f 293/471/495 409/475/499 294/472/496
f 406/468/492 410/476/500 408/470/494
f 410/476/500 409/475/499 408/470/494
f 296/474/498 294/472/496 297/477/501
f 297/477/501 259/322/502 296/474/498
f 260/323/503 259/322/502 297/477/501
f 297/477/501 329/324/504 260/323/503
f 411/478/505 297/477/501 294/472/496
f 329/324/504 297/477/501 411/478/505
f 294/472/496 409/475/499 411/478/505
f 412/479/506 329/324/504 411/478/505
f 329/324/504 412/479/506 332/327/507
f 261/328/508 332/327/507 412/479/506
f 413/480/509 411/478/505 409/475/499
f 411/478/505 413/480/509 412/479/506
f 409/475/499 410/476/500 413/480/509
f 414/481/510 261/328/508 412/479/506
f 413/480/509 414/481/510 412/479/506
f 261/328/508 296/482/511 259/331/512
f 296/482/511 261/328/508 414/481/510
f 296/482/511 414/481/510 295/483/513
f 295/483/513 414/481/510 415/484/514
f 414/481/510 413/480/509 415/484/514
f 295/483/513 415/484/514 292/485/515
f 413/480/509 416/486/516 415/484/514
f 292/485/515 415/484/514 416/486/516
f 416/486/516 413/480/509 410/476/500
f 416/486/516 288/456/480 292/485/515
f 410/476/500 406/468/492 416/486/516
f 288/456/480 416/486/516 404/459/483
f 416/486/516 406/468/492 404/459/483
f 511/487/517 512/488/518 513/489/519
f 512/488/518 511/487/517 514/490/520
f 515/491/521 512/488/518 514/490/520
f 511/487/517 516/492/522 514/490/520
f 514/490/520 517/493/523 515/491/521
f 516/492/522 518/494/524 514/490/520
f 514/490/520 518/494/524 517/493/523
f 516/492/522 519/495/525 518/494/524
f 517/493/523 518/494/524 520/496/526
f 516/492/522 521/497/527 519/495/525
f 522/498/528 520/496/526 518/494/524
f 516/492/522 523/499/529 521/497/527
f 516/492/522 524/500/530 523/499/529
f 525/501/531 524/500/530 526/502/532
f 524/500/530 525/501/531 523/499/529
f 525/501/531 527/503/533 523/499/529
f 528/504/534 523/499/529 527/503/533
f 523/499/529 528/504/534 521/497/527
f 521/497/527 528/504/534 529/505/535
f 521/497/527 529/505/535 530/506/536
f 519/495/525 521/497/527 530/506/536
f 518/494/524 519/495/525 531/507/537
f 530/506/536 531/507/537 519/495/525
f 522/498/528 518/494/524 531/507/537
f 530/506/536 532/508/538 531/507/537
f 531/507/537 533/509/539 522/498/528
f 533/509/539 531/507/537 532/508/538
f 532/508/538 530/506/536 534/510/540
f 535/511/541 522/498/528 533/509/539
f 522/498/528 535/511/541 520/496/526
f 536/512/542 533/509/539 532/508/538
f 534/510/540 536/512/542 532/508/538
f 535/511/541 537/513/543 520/496/526
f 517/493/523 520/496/526 537/513/543
f 538/514/544 534/510/540 530/506/536
f 530/506/536 529/515/545 538/514/544
f 528/516/546 538/514/544 529/515/545
f 538/514/544 539/517/547 534/510/540
f 536/512/542 534/510/540 539/517/547
f 538/514/544 528/516/546 540/518/548
f 539/517/547 538/514/544 541/519/549
f 538/514/544 540/518/548 541/519/549
f 539/517/547 542/520/550 536/512/542
f 528/516/546 543/521/551 540/518/548
f 543/521/551 528/516/546 527/522/552
f 541/519/549 544/523/553 539/517/547
f 542/520/550 539/517/547 544/523/553
f 527/522/552 545/524/554 543/521/551
f 545/524/554 527/522/552 525/525/555
f 546/526/556 525/525/555 526/527/557
f 525/525/555 546/526/556 545/524/554
f 545/524/554 546/526/556 547/528/558
f 545/524/554 547/528/558 548/529/559
f 543/521/551 545/524/554 548/529/559
f 548/529/559 547/528/558 549/530/560
f 543/521/551 548/529/559 550/531/561
f 550/531/561 540/518/548 543/521/551
f 548/529/559 549/530/560 551/532/562
f 550/531/561 548/529/559 551/532/562
f 552/533/563 551/532/562 549/530/560
f 540/518/548 550/531/561 553/534/564
f 541/519/549 540/518/548 553/534/564
f 550/531/561 551/532/562 554/535/565
f 550/531/561 554/535/565 553/534/564
f 551/532/562 552/533/563 555/536/566
f 554/535/565 551/532/562 555/536/566
f 555/536/566 552/533/563 556/537/567
f 557/538/568 556/537/567 552/533/563
f 554/535/565 555/536/566 558/539/569
f 556/537/567 557/538/568 417/540/570
f 557/538/568 418/541/571 417/540/570
f 556/537/567 559/542/572 555/536/566
f 558/539/569 555/536/566 559/542/572
f 417/540/570 559/542/572 556/537/567
f 560/543/573 554/535/565 558/539/569
f 553/534/564 554/535/565 560/543/573
f 561/544/574 558/539/569 559/542/572
f 558/539/569 561/544/574 560/543/573
f 559/542/572 417/540/570 419/545/575
f 419/545/575 561/544/574 559/542/572
f 417/540/570 418/541/571 420/546/576
f 421/547/577 420/546/576 418/541/571
f 562/548/578 420/546/576 421/547/577
f 420/546/576 422/549/579 417/540/570
f 419/545/575 417/540/570 422/549/579
f 420/546/576 562/548/578 563/550/580
f 563/550/580 422/549/579 420/546/576
f 564/551/581 563/550/580 562/548/578
f 564/551/581 565/552/582 563/550/580
f 566/553/583 563/550/580 565/552/582
f 422/549/579 563/550/580 423/554/584
f 563/550/580 566/553/583 423/554/584
f 424/555/585 419/545/575 422/549/579
f 423/554/584 424/555/585 422/549/579
f 425/556/586 419/545/575 424/555/585
f 561/544/574 419/545/575 425/556/586
f 566/553/583 426/557/587 423/554/584
f 567/558/588 426/557/587 566/553/583
f 561/544/574 425/556/586 427/559/589
f 424/555/585 427/559/589 425/556/586
f 428/560/590 426/557/587 567/558/588
f 568/561/591 428/560/590 567/558/588
f 429/562/592 423/554/584 426/557/587
f 423/554/584 429/562/592 424/555/585
f 428/560/590 429/562/592 426/557/587
f 427/559/589 424/555/585 429/562/592
f 568/561/591 430/563/593 428/560/590
f 569/564/594 430/563/593 568/561/591
f 429/562/592 428/560/590 431/565/595
f 430/563/593 431/565/595 428/560/590
f 432/566/596 427/559/589 429/562/592
f 432/566/596 429/562/592 431/565/595
f 427/559/589 570/567/597 561/544/574
f 570/567/597 427/559/589 432/566/596
f 570/567/597 560/543/573 561/544/574
f 560/543/573 570/567/597 571/568/598
f 553/534/564 560/543/573 571/568/598
f 432/566/596 572/569/599 570/567/597
f 572/569/599 571/568/598 570/567/597
f 573/570/600 553/534/564 571/568/598
f 571/568/598 572/569/599 573/570/600
f 553/534/564 573/570/600 541/519/549
f 544/523/553 541/519/549 573/570/600
f 573/570/600 574/571/601 544/523/553
f 574/571/601 573/570/600 572/569/599
f 574/571/601 542/520/550 544/523/553
f 572/569/599 432/566/596 433/572/602
f 433/572/602 574/571/601 572/569/599
f 433/572/602 432/566/596 431/565/595
f 542/520/550 574/571/601 575/573/603
f 431/565/595 434/574/604 433/572/602
f 431/565/595 430/563/593 434/574/604
f 435/575/605 574/571/601 433/572/602
f 435/575/605 433/572/602 434/574/604
f 574/571/601 435/575/605 575/573/603
f 434/574/604 430/563/593 576/576/606
f 430/563/593 569/564/594 576/576/606
f 435/575/605 434/574/604 436/577/607
f 436/577/607 434/574/604 576/576/606
f 435/575/605 577/578/608 575/573/603
f 437/579/609 435/575/605 436/577/607
f 577/578/608 435/575/605 437/579/609
f 578/580/610 575/573/603 577/578/608
f 575/573/603 578/580/610 542/520/550
f 542/520/550 578/580/610 579/581/611
f 536/512/542 542/520/550 579/581/611
f 533/509/539 536/512/542 579/581/611
f 577/578/608 580/582/612 578/580/610
f 579/581/611 578/580/610 580/582/612
f 581/583/613 533/509/539 579/581/611
f 580/582/612 581/583/613 579/581/611
f 533/509/539 581/583/613 535/511/541
f 577/578/608 582/584/614 580/582/612
f 577/578/608 437/579/609 582/584/614
f 580/582/612 583/585/615 581/583/613
f 582/584/614 583/585/615 580/582/612
f 584/586/616 535/511/541 581/583/613
f 583/585/615 584/586/616 581/583/613
f 584/586/616 537/513/543 535/511/541
f 583/585/615 582/584/614 585/587/617
f 586/588/618 584/586/616 583/585/615
f 585/587/617 586/588/618 583/585/615
f 537/513/543 584/586/616 587/589/619
f 584/586/616 586/588/618 587/589/619
f 438/590/620 585/587/617 582/584/614
f 438/590/620 582/584/614 437/579/609
f 586/588/618 585/587/617 588/591/621
f 438/590/620 437/579/609 439/592/622
f 436/577/607 439/592/622 437/579/609
f 585/587/617 438/590/620 440/593/623
f 585/587/617 440/593/623 588/591/621
f 439/592/622 441/594/624 438/590/620
f 441/594/624 440/593/623 438/590/620
f 442/595/625 439/592/622 436/577/607
f 439/592/622 442/595/625 441/594/624
f 442/595/625 436/577/607 576/576/606
f 440/593/623 441/594/624 443/596/626
f 442/595/625 576/576/606 589/597/627
f 576/576/606 569/564/594 589/597/627
f 442/595/625 589/597/627 590/598/628
f 590/598/628 591/599/629 442/595/625
f 442/595/625 591/599/629 441/594/624
f 592/600/630 591/599/629 590/598/628
f 441/594/624 591/599/629 593/601/631
f 593/601/631 591/599/629 592/600/630
f 593/601/631 443/596/626 441/594/624
f 594/602/632 593/601/631 592/600/630
f 593/601/631 444/603/633 443/596/626
f 444/603/633 440/593/623 443/596/626
f 593/601/631 594/602/632 445/604/634
f 444/603/633 593/601/631 445/604/634
f 595/605/635 445/604/634 594/602/632
f 440/593/623 444/603/633 446/606/636
f 446/606/636 588/591/621 440/593/623
f 445/604/634 447/607/637 444/603/633
f 447/607/637 446/606/636 444/603/633
f 445/604/634 595/605/635 448/608/638
f 447/607/637 445/604/634 448/608/638
f 448/608/638 595/605/635 596/609/639
f 446/606/636 597/610/640 588/591/621
f 597/610/640 586/588/618 588/591/621
f 446/606/636 447/607/637 449/611/641
f 597/610/640 446/606/636 449/611/641
f 448/608/638 450/612/642 447/607/637
f 447/607/637 450/612/642 449/611/641
f 448/608/638 596/609/639 598/613/643
f 450/612/642 448/608/638 598/613/643
f 599/614/644 598/613/643 596/609/639
f 451/615/645 449/611/641 450/612/642
f 452/616/646 598/613/643 599/614/644
f 598/613/643 453/617/647 450/612/642
f 453/617/647 598/613/643 452/616/646
f 453/617/647 451/615/645 450/612/642
f 452/616/646 599/614/644 454/618/648
f 453/617/647 452/616/646 454/618/648
f 454/618/648 599/614/644 455/619/649
f 455/619/649 599/614/644 600/620/650
f 456/621/651 453/617/647 454/618/648
f 600/620/650 457/622/652 455/619/649
f 600/620/650 601/623/653 457/622/652
f 601/623/653 602/624/654 457/622/652
f 458/625/655 457/622/652 602/624/654
f 459/626/656 455/619/649 457/622/652
f 457/622/652 458/625/655 459/626/656
f 460/627/657 454/618/648 455/619/649
f 455/619/649 459/626/656 460/627/657
f 454/618/648 460/627/657 456/621/651
f 459/626/656 458/625/655 461/628/658
f 461/628/658 460/627/657 459/626/656
f 462/629/659 461/628/658 458/625/655
f 603/630/660 461/628/658 462/629/659
f 460/627/657 463/631/661 456/621/651
f 453/617/647 456/621/651 463/631/661
f 460/627/657 461/628/658 464/632/662
f 463/631/661 460/627/657 464/632/662
f 461/628/658 603/630/660 604/633/663
f 604/633/663 464/632/662 461/628/658
f 453/617/647 463/631/661 465/634/664
f 451/615/645 453/617/647 465/634/664
f 605/635/665 463/631/661 464/632/662
f 605/635/665 464/632/662 604/633/663
f 606/636/666 465/634/664 463/631/661
f 465/634/664 606/636/666 451/615/645
f 606/636/666 463/631/661 605/635/665
f 607/637/667 451/615/645 606/636/666
f 607/637/667 449/611/641 451/615/645
f 597/610/640 449/611/641 607/637/667
f 605/635/665 608/638/668 606/636/666
f 607/637/667 609/639/669 597/610/640
f 586/588/618 597/610/640 609/639/669
f 609/639/669 587/589/619 586/588/618
f 606/636/666 610/640/670 607/637/667
f 609/639/669 607/637/667 610/640/670
f 610/640/670 606/636/666 608/638/668
f 609/639/669 611/641/671 587/589/619
f 610/640/670 611/641/671 609/639/669
f 611/641/671 612/642/672 587/589/619
f 537/513/543 587/589/619 612/642/672
f 612/642/672 517/493/523 537/513/543
f 517/493/523 612/642/672 515/643/673
f 611/641/671 610/640/670 613/644/674
f 612/642/672 611/641/671 613/644/674
f 613/644/674 610/640/670 608/638/668
f 614/645/675 515/643/673 612/642/672
f 613/644/674 614/645/675 612/642/672
f 515/643/673 614/645/675 512/646/676
f 613/644/674 608/638/668 615/647/677
f 614/645/675 613/644/674 615/647/677
f 512/646/676 616/648/678 513/649/679
f 616/648/678 512/646/676 614/645/675
f 617/650/680 616/648/678 614/645/675
f 614/645/675 615/647/677 617/650/680
f 616/648/678 617/650/680 618/651/681
f 615/647/677 608/638/668 619/652/682
f 608/638/668 605/635/665 619/652/682
f 604/633/663 619/652/682 605/635/665
f 615/647/677 620/653/683 617/650/680
f 620/653/683 615/647/677 619/652/682
f 620/653/683 618/651/681 617/650/680
f 619/652/682 604/633/663 620/653/683
f 618/651/681 620/653/683 621/654/684
f 603/630/660 620/653/683 604/633/663
f 620/653/683 603/630/660 621/654/684
f 622/655/685 511/487/686 513/489/687
f 511/487/686 622/655/685 623/656/688
f 624/657/689 623/656/688 622/655/685
f 511/487/686 623/656/688 516/492/690
f 623/656/688 624/657/689 625/658/691
f 516/492/690 623/656/688 626/659/692
f 623/656/688 625/658/691 626/659/692
f 516/492/690 626/659/692 627/660/693
f 625/658/691 628/661/694 626/659/692
f 516/492/690 627/660/693 629/662/695
f 630/663/696 628/661/694 625/658/691
f 516/492/690 629/662/695 631/664/697
f 516/492/690 631/664/697 524/500/698
f 524/500/698 632/665/699 526/502/700
f 632/665/699 524/500/698 631/664/697
f 632/665/699 631/664/697 633/666/701
f 631/664/697 634/667/702 633/666/701
f 634/667/702 631/664/697 629/662/695
f 629/662/695 635/668/703 634/667/702
f 629/662/695 636/669/704 635/668/703
f 629/662/695 627/660/693 636/669/704
f 636/669/704 627/660/693 637/670/705
f 627/660/693 626/659/692 637/670/705
f 637/670/705 626/659/692 638/671/706
f 638/671/706 626/659/692 628/661/694
f 639/672/707 636/669/704 637/670/705
f 640/673/708 638/671/706 628/661/694
f 628/661/694 630/663/696 640/673/708
f 641/674/709 637/670/705 638/671/706
f 638/671/706 640/673/708 641/674/709
f 637/670/705 641/674/709 639/672/707
f 642/675/710 640/673/708 630/663/696
f 643/676/711 641/674/709 640/673/708
f 642/675/710 643/676/711 640/673/708
f 641/674/709 644/677/712 639/672/707
f 641/674/709 643/676/711 645/678/713
f 644/677/712 641/674/709 645/678/713
f 636/669/704 639/672/707 646/679/714
f 644/677/712 646/679/714 639/672/707
f 647/680/715 636/669/704 646/679/714
f 636/669/704 647/680/715 635/681/716
f 634/682/717 635/681/716 647/680/715
f 646/679/714 644/677/712 648/683/718
f 648/683/718 647/680/715 646/679/714
f 649/684/719 648/683/718 644/677/712
f 644/677/712 645/678/713 649/684/719
f 647/680/715 648/683/718 650/685/720
f 647/680/715 651/686/721 634/682/717
f 650/685/720 651/686/721 647/680/715
f 650/685/720 648/683/718 652/687/722
f 648/683/718 649/684/719 652/687/722
f 653/688/723 634/682/717 651/686/721
f 634/682/717 653/688/723 633/689/724
f 650/685/720 654/690/725 651/686/721
f 653/688/723 655/691/726 633/689/724
f 655/691/726 632/692/727 633/689/724
f 632/692/727 546/526/728 526/527/729
f 546/526/728 632/692/727 655/691/726
f 655/691/726 547/528/730 546/526/728
f 547/528/730 655/691/726 656/693/731
f 653/688/723 656/693/731 655/691/726
f 656/693/731 549/530/732 547/528/730
f 657/694/733 653/688/723 651/686/721
f 657/694/733 656/693/731 653/688/723
f 654/690/725 657/694/733 651/686/721
f 549/530/732 656/693/731 658/695/734
f 657/694/733 658/695/734 656/693/731
f 549/530/732 658/695/734 552/533/735
f 658/695/734 657/694/733 659/696/736
f 657/694/733 654/690/725 659/696/736
f 660/697/737 552/533/735 658/695/734
f 660/697/737 658/695/734 659/696/736
f 552/533/735 660/697/737 661/698/738
f 661/698/738 557/538/739 552/533/735
f 659/696/736 662/699/740 660/697/737
f 466/700/741 557/538/739 661/698/738
f 557/538/739 466/700/741 418/541/742
f 663/701/743 661/698/738 660/697/737
f 663/701/743 466/700/741 661/698/738
f 660/697/737 662/699/740 663/701/743
f 418/541/742 466/700/741 467/702/744
f 418/541/742 467/702/744 421/547/745
f 467/702/744 562/548/746 421/547/745
f 664/703/747 662/699/740 659/696/736
f 654/690/725 664/703/747 659/696/736
f 562/548/746 467/702/744 665/704/748
f 665/704/748 564/551/749 562/548/746
f 564/551/749 665/704/748 666/705/750
f 665/704/748 667/706/751 666/705/750
f 468/707/752 665/704/748 467/702/744
f 466/700/741 468/707/752 467/702/744
f 667/706/751 665/704/748 668/708/753
f 665/704/748 468/707/752 668/708/753
f 468/707/752 466/700/741 469/709/754
f 466/700/741 663/701/743 469/709/754
f 668/708/753 468/707/752 470/710/755
f 470/710/755 468/707/752 469/709/754
f 667/706/751 668/708/753 471/711/756
f 471/711/756 669/712/757 667/706/751
f 472/713/758 668/708/753 470/710/755
f 668/708/753 472/713/758 471/711/756
f 670/714/759 669/712/757 471/711/756
f 472/713/758 670/714/759 471/711/756
f 671/715/760 669/712/757 670/714/759
f 671/715/760 670/714/759 672/716/761
f 672/716/761 673/717/762 671/715/760
f 670/714/759 472/713/758 473/718/763
f 473/718/763 672/716/761 670/714/759
f 470/710/755 474/719/764 472/713/758
f 473/718/763 472/713/758 475/720/765
f 474/719/764 475/720/765 472/713/758
f 474/719/764 470/710/755 476/721/766
f 469/709/754 476/721/766 470/710/755
f 469/709/754 674/722/767 476/721/766
f 674/722/767 474/719/764 476/721/766
f 674/722/767 469/709/754 663/701/743
f 662/699/740 674/722/767 663/701/743
f 674/722/767 662/699/740 664/703/747
f 474/719/764 674/722/767 675/723/768
f 675/723/768 674/722/767 664/703/747
f 675/723/768 475/720/765 474/719/764
f 664/703/747 676/724/769 675/723/768
f 664/703/747 654/690/725 676/724/769
f 475/720/765 675/723/768 677/725/770
f 676/724/769 677/725/770 675/723/768
f 654/690/725 678/726/771 676/724/769
f 677/725/770 676/724/769 678/726/771
f 654/690/725 650/685/720 678/726/771
f 650/685/720 652/687/722 678/726/771
f 677/725/770 477/727/772 475/720/765
f 475/720/765 477/727/772 473/718/763
f 678/726/771 679/728/773 677/725/770
f 679/728/773 678/726/771 652/687/722
f 477/727/772 677/725/770 679/728/773
f 649/684/719 679/728/773 652/687/722
f 478/729/774 473/718/763 477/727/772
f 473/718/763 478/729/774 672/716/761
f 479/730/775 477/727/772 679/728/773
f 479/730/775 478/729/774 477/727/772
f 679/728/773 649/684/719 680/731/776
f 680/731/776 479/730/775 679/728/773
f 681/732/777 680/731/776 649/684/719
f 649/684/719 645/678/713 681/732/777
f 682/733/778 479/730/775 680/731/776
f 680/731/776 681/732/777 682/733/778
f 645/678/713 683/734/779 681/732/777
f 681/732/777 683/734/779 682/733/778
f 683/734/779 645/678/713 643/676/711
f 479/730/775 682/733/778 480/735/780
f 683/734/779 643/676/711 684/736/781
f 684/736/781 643/676/711 642/675/710
f 685/737/782 682/733/778 683/734/779
f 683/734/779 684/736/781 685/737/782
f 685/737/782 480/735/780 682/733/778
f 686/738/783 684/736/781 642/675/710
f 687/739/784 685/737/782 684/736/781
f 684/736/781 686/738/783 687/739/784
f 685/737/782 481/740/785 480/735/780
f 687/739/784 481/740/785 685/737/782
f 480/735/780 482/741/786 479/730/775
f 482/741/786 478/729/774 479/730/775
f 481/740/785 483/742/787 480/735/780
f 483/742/787 482/741/786 480/735/780
f 688/743/788 478/729/774 482/741/786
f 478/729/774 688/743/788 672/716/761
f 673/717/762 672/716/761 688/743/788
f 484/744/789 482/741/786 483/742/787
f 482/741/786 484/744/789 688/743/788
f 688/743/788 689/745/790 673/717/762
f 689/745/790 688/743/788 484/744/789
f 485/746/791 483/742/787 481/740/785
f 483/742/787 485/746/791 484/744/789
f 484/744/789 690/747/792 689/745/790
f 690/747/792 484/744/789 486/748/793
f 484/744/789 485/746/791 486/748/793
f 691/749/794 690/747/792 486/748/793
f 487/750/795 691/749/794 486/748/793
f 486/748/793 485/746/791 487/750/795
f 487/750/795 692/751/796 691/749/794
f 488/752/797 485/746/791 481/740/785
f 481/740/785 687/739/784 488/752/797
f 487/750/795 485/746/791 489/753/798
f 485/746/791 488/752/797 489/753/798
f 692/751/796 487/750/795 490/754/799
f 490/754/799 693/755/800 692/751/796
f 491/756/801 487/750/795 489/753/798
f 487/750/795 491/756/801 490/754/799
f 488/752/797 491/756/801 489/753/798
f 693/755/800 490/754/799 492/757/802
f 492/757/802 694/758/803 693/755/800
f 493/759/804 490/754/799 491/756/801
f 490/754/799 493/759/804 492/757/802
f 491/756/801 488/752/797 494/760/805
f 494/760/805 493/759/804 491/756/801
f 695/761/806 488/752/797 687/739/784
f 695/761/806 494/760/805 488/752/797
f 695/761/806 687/739/784 686/738/783
f 696/762/807 494/760/805 695/761/806
f 686/738/783 696/762/807 695/761/806
f 493/759/804 494/760/805 495/763/808
f 494/760/805 696/762/807 495/763/808
f 496/764/809 492/757/802 493/759/804
f 496/764/809 493/759/804 495/763/808
f 492/757/802 497/765/810 694/758/803
f 492/757/802 496/764/809 497/765/810
f 697/766/811 694/758/803 497/765/810
f 495/763/808 498/767/812 496/764/809
f 499/768/813 697/766/811 497/765/810
f 500/769/814 497/765/810 496/764/809
f 497/765/810 500/769/814 499/768/813
f 498/767/812 500/769/814 496/764/809
f 499/768/813 501/770/815 697/766/811
f 500/769/814 501/770/815 499/768/813
f 501/770/815 502/771/816 697/766/811
f 697/766/811 502/771/816 698/772/817
f 501/770/815 500/769/814 503/773/818
f 698/772/817 502/771/816 504/774/819
f 698/772/817 504/774/819 601/623/820
f 601/623/820 504/774/819 602/624/821
f 504/774/819 458/625/822 602/624/821
f 502/771/816 505/775/823 504/774/819
f 458/625/822 504/774/819 505/775/823
f 501/770/815 506/776/824 502/771/816
f 505/775/823 502/771/816 506/776/824
f 506/776/824 501/770/815 503/773/818
f 507/777/825 458/625/822 505/775/823
f 506/776/824 507/777/825 505/775/823
f 507/777/825 462/629/826 458/625/822
f 507/777/825 603/630/827 462/629/826
f 508/778/828 506/776/824 503/773/818
f 500/769/814 508/778/828 503/773/818
f 507/777/825 506/776/824 509/779/829
f 506/776/824 508/778/828 509/779/829
f 603/630/827 507/777/825 699/780/830
f 699/780/830 507/777/825 509/779/829
f 508/778/828 500/769/814 510/781/831
f 500/769/814 498/767/812 510/781/831
f 700/782/832 509/779/829 508/778/828
f 509/779/829 700/782/832 699/780/830
f 701/783/833 508/778/828 510/781/831
f 701/783/833 510/781/831 498/767/812
f 700/782/832 508/778/828 701/783/833
f 498/767/812 702/784/834 701/783/833
f 702/784/834 498/767/812 495/763/808
f 702/784/834 495/763/808 696/762/807
f 703/785/835 700/782/832 701/783/833
f 704/786/836 702/784/834 696/762/807
f 696/762/807 686/738/783 704/786/836
f 705/787/837 701/783/833 702/784/834
f 702/784/834 704/786/836 705/787/837
f 701/783/833 705/787/837 703/785/835
f 686/738/783 706/788/838 704/786/836
f 686/738/783 642/675/710 706/788/838
f 630/663/696 706/788/838 642/675/710
f 707/789/839 705/787/837 704/786/836
f 707/789/839 704/786/836 706/788/838
f 630/663/696 708/790/840 706/788/838
f 708/790/840 707/789/839 706/788/838
f 625/658/691 708/790/840 630/663/696
f 708/790/840 625/658/691 624/791/841
f 705/787/837 707/789/839 709/792/842
f 708/790/840 709/792/842 707/789/839
f 709/792/842 703/785/835 705/787/837
f 624/791/841 710/793/843 708/790/840
f 710/793/843 709/792/842 708/790/840
f 710/793/843 624/791/841 622/794/844
f 709/792/842 711/795/845 703/785/835
f 709/792/842 710/793/843 711/795/845
f 616/648/846 622/794/844 513/649/847
f 622/794/844 616/648/846 710/793/843
f 616/648/846 712/796/848 710/793/843
f 710/793/843 712/796/848 711/795/845
f 712/796/848 616/648/846 618/651/849
f 711/795/845 713/797/850 703/785/835
f 700/782/832 703/785/835 713/797/850
f 699/780/830 700/782/832 713/797/850
f 711/795/845 712/796/848 714/798/851
f 714/798/851 713/797/850 711/795/845
f 618/651/849 714/798/851 712/796/848
f 713/797/850 714/798/851 699/780/830
f 714/798/851 618/651/849 621/654/852
f 714/798/851 603/630/827 699/780/830
f 714/798/851 621/654/852 603/630/827
f 565/799/853 564/800/854 715/801/855
f 565/799/853 715/801/855 566/802/856
f 566/802/856 715/801/855 567/803/857
f 567/803/857 715/801/855 568/804/858
f 568/804/858 715/801/855 569/564/594
f 569/564/594 715/801/855 589/597/627
f 715/801/855 590/805/859 589/597/627
f 590/805/859 715/801/855 592/806/860
f 592/806/860 715/801/855 594/807/861
f 594/807/861 715/801/855 595/808/862
f 715/801/855 596/809/863 595/808/862
f 596/809/863 715/801/855 599/810/864
f 599/810/864 715/801/855 600/811/865
f 715/801/855 601/812/866 600/811/865
f 666/813/867 715/801/868 564/800/869
f 666/813/867 667/814/870 715/801/868
f 667/814/870 669/815/871 715/801/868
f 669/815/871 671/816/872 715/801/868
f 671/816/872 673/717/762 715/801/868
f 673/717/762 689/745/790 715/801/868
f 715/801/868 689/745/790 690/817/873
f 690/817/873 691/818/874 715/801/868
f 691/818/874 692/819/875 715/801/868
f 692/819/875 693/820/876 715/801/868
f 715/801/868 693/820/876 694/821/877
f 694/821/877 697/822/878 715/801/868
f 697/822/878 698/823/879 715/801/868
f 715/801/868 698/823/879 601/812/880
